ISO-10303-21;
HEADER;
FILE_DESCRIPTION(('Open CASCADE Model'),'2;1');
FILE_NAME('Open CASCADE Shape Model','2026-09-29T16:59:43',('Author'),(
    'Open CASCADE'),'Open CASCADE STEP processor 7.8','Open CASCADE 7.8'
  ,'Unknown');
FILE_SCHEMA(('AUTOMOTIVE_DESIGN { 1 0 10303 214 1 1 1 1 }'));
ENDSEC;
DATA;
#1 = APPLICATION_PROTOCOL_DEFINITION('international standard',
  'automotive_design',2000,#2);
#2 = APPLICATION_CONTEXT(
  'core data for automotive mechanical design processes');
#3 = SHAPE_DEFINITION_REPRESENTATION(#4,#10);
#4 = PRODUCT_DEFINITION_SHAPE('','',#5);
#5 = PRODUCT_DEFINITION('design','',#6,#9);
#6 = PRODUCT_DEFINITION_FORMATION('','',#7);
#7 = PRODUCT('Open CASCADE STEP translator 7.8 1',
  'Open CASCADE STEP translator 7.8 1','',(#8));
#8 = PRODUCT_CONTEXT('',#2,'mechanical');
#9 = PRODUCT_DEFINITION_CONTEXT('part definition',#2,'design');
#10 = ADVANCED_BREP_SHAPE_REPRESENTATION('',(#11,#15),#7635);
#11 = AXIS2_PLACEMENT_3D('',#12,#13,#14);
#12 = CARTESIAN_POINT('',(0.,0.,0.));
#13 = DIRECTION('',(0.,0.,1.));
#14 = DIRECTION('',(1.,0.,-0.));
#15 = MANIFOLD_SOLID_BREP('',#16);
#16 = CLOSED_SHELL('',(#17,#137,#225,#304,#383,#461,#515,#569,#867,#1637
    ,#1663,#2293,#2319,#3109,#3135,#3161,#3237,#3309,#3356,#3406,#3453,
    #3503,#3550,#3600,#3625,#3697,#3745,#3799,#3852,#3878,#3978,#4073,
    #4172,#4225,#4279,#4333,#4365,#4420,#4475,#4530,#4607,#4656,#5299,
    #5353,#5403,#5462,#5511,#5539,#5594,#5678,#5726,#5775,#5823,#5849,
    #5944,#6051,#6145,#6193,#6242,#6291,#6318,#6390,#6437,#6487,#6534,
    #6584,#6631,#6681,#6706,#6731,#6778,#6805,#6832,#6859,#6886,#6913,
    #6940,#6947,#6994,#7021,#7048,#7075,#7102,#7129,#7156,#7163,#7210,
    #7237,#7264,#7291,#7318,#7345,#7372,#7379,#7406,#7433,#7460,#7485,
    #7510,#7537,#7564,#7591,#7598,#7602,#7606,#7610,#7631));
#17 = ADVANCED_FACE('',(#18),#32,.F.);
#18 = FACE_BOUND('',#19,.F.);
#19 = EDGE_LOOP('',(#20,#55,#83,#111));
#20 = ORIENTED_EDGE('',*,*,#21,.T.);
#21 = EDGE_CURVE('',#22,#24,#26,.T.);
#22 = VERTEX_POINT('',#23);
#23 = CARTESIAN_POINT('',(-13.2,-25.2,-12.35));
#24 = VERTEX_POINT('',#25);
#25 = CARTESIAN_POINT('',(-13.2,-25.2,-0.65));
#26 = SURFACE_CURVE('',#27,(#31,#43),.PCURVE_S1.);
#27 = LINE('',#28,#29);
#28 = CARTESIAN_POINT('',(-13.2,-25.2,-13.));
#29 = VECTOR('',#30,1.);
#30 = DIRECTION('',(0.,0.,1.));
#31 = PCURVE('',#32,#37);
#32 = PLANE('',#33);
#33 = AXIS2_PLACEMENT_3D('',#34,#35,#36);
#34 = CARTESIAN_POINT('',(-21.2,-25.2,-13.));
#35 = DIRECTION('',(0.,1.,0.));
#36 = DIRECTION('',(1.,0.,0.));
#37 = DEFINITIONAL_REPRESENTATION('',(#38),#42);
#38 = LINE('',#39,#40);
#39 = CARTESIAN_POINT('',(8.,0.));
#40 = VECTOR('',#41,1.);
#41 = DIRECTION('',(0.,-1.));
#42 = ( GEOMETRIC_REPRESENTATION_CONTEXT(2) 
PARAMETRIC_REPRESENTATION_CONTEXT() REPRESENTATION_CONTEXT('2D SPACE',''
  ) );
#43 = PCURVE('',#44,#49);
#44 = CYLINDRICAL_SURFACE('',#45,8.);
#45 = AXIS2_PLACEMENT_3D('',#46,#47,#48);
#46 = CARTESIAN_POINT('',(-13.2,-17.2,-13.));
#47 = DIRECTION('',(0.,0.,1.));
#48 = DIRECTION('',(0.,-1.,0.));
#49 = DEFINITIONAL_REPRESENTATION('',(#50),#54);
#50 = LINE('',#51,#52);
#51 = CARTESIAN_POINT('',(-0.,0.));
#52 = VECTOR('',#53,1.);
#53 = DIRECTION('',(-0.,1.));
#54 = ( GEOMETRIC_REPRESENTATION_CONTEXT(2) 
PARAMETRIC_REPRESENTATION_CONTEXT() REPRESENTATION_CONTEXT('2D SPACE',''
  ) );
#55 = ORIENTED_EDGE('',*,*,#56,.T.);
#56 = EDGE_CURVE('',#24,#57,#59,.T.);
#57 = VERTEX_POINT('',#58);
#58 = CARTESIAN_POINT('',(13.2,-25.2,-0.65));
#59 = SURFACE_CURVE('',#60,(#64,#71),.PCURVE_S1.);
#60 = LINE('',#61,#62);
#61 = CARTESIAN_POINT('',(-13.2,-25.2,-0.65));
#62 = VECTOR('',#63,1.);
#63 = DIRECTION('',(1.,0.,0.));
#64 = PCURVE('',#32,#65);
#65 = DEFINITIONAL_REPRESENTATION('',(#66),#70);
#66 = LINE('',#67,#68);
#67 = CARTESIAN_POINT('',(8.,-12.35));
#68 = VECTOR('',#69,1.);
#69 = DIRECTION('',(1.,0.));
#70 = ( GEOMETRIC_REPRESENTATION_CONTEXT(2) 
PARAMETRIC_REPRESENTATION_CONTEXT() REPRESENTATION_CONTEXT('2D SPACE',''
  ) );
#71 = PCURVE('',#72,#77);
#72 = CYLINDRICAL_SURFACE('',#73,0.65);
#73 = AXIS2_PLACEMENT_3D('',#74,#75,#76);
#74 = CARTESIAN_POINT('',(-13.2,-24.55,-0.65));
#75 = DIRECTION('',(1.,0.,0.));
#76 = DIRECTION('',(0.,-1.,-0.));
#77 = DEFINITIONAL_REPRESENTATION('',(#78),#82);
#78 = LINE('',#79,#80);
#79 = CARTESIAN_POINT('',(-0.,0.));
#80 = VECTOR('',#81,1.);
#81 = DIRECTION('',(-0.,1.));
#82 = ( GEOMETRIC_REPRESENTATION_CONTEXT(2) 
PARAMETRIC_REPRESENTATION_CONTEXT() REPRESENTATION_CONTEXT('2D SPACE',''
  ) );
#83 = ORIENTED_EDGE('',*,*,#84,.F.);
#84 = EDGE_CURVE('',#85,#57,#87,.T.);
#85 = VERTEX_POINT('',#86);
#86 = CARTESIAN_POINT('',(13.2,-25.2,-12.35));
#87 = SURFACE_CURVE('',#88,(#92,#99),.PCURVE_S1.);
#88 = LINE('',#89,#90);
#89 = CARTESIAN_POINT('',(13.2,-25.2,-13.));
#90 = VECTOR('',#91,1.);
#91 = DIRECTION('',(0.,0.,1.));
#92 = PCURVE('',#32,#93);
#93 = DEFINITIONAL_REPRESENTATION('',(#94),#98);
#94 = LINE('',#95,#96);
#95 = CARTESIAN_POINT('',(34.4,0.));
#96 = VECTOR('',#97,1.);
#97 = DIRECTION('',(0.,-1.));
#98 = ( GEOMETRIC_REPRESENTATION_CONTEXT(2) 
PARAMETRIC_REPRESENTATION_CONTEXT() REPRESENTATION_CONTEXT('2D SPACE',''
  ) );
#99 = PCURVE('',#100,#105);
#100 = CYLINDRICAL_SURFACE('',#101,8.);
#101 = AXIS2_PLACEMENT_3D('',#102,#103,#104);
#102 = CARTESIAN_POINT('',(13.2,-17.2,-13.));
#103 = DIRECTION('',(0.,0.,1.));
#104 = DIRECTION('',(0.,-1.,0.));
#105 = DEFINITIONAL_REPRESENTATION('',(#106),#110);
#106 = LINE('',#107,#108);
#107 = CARTESIAN_POINT('',(0.,0.));
#108 = VECTOR('',#109,1.);
#109 = DIRECTION('',(0.,1.));
#110 = ( GEOMETRIC_REPRESENTATION_CONTEXT(2) 
PARAMETRIC_REPRESENTATION_CONTEXT() REPRESENTATION_CONTEXT('2D SPACE',''
  ) );
#111 = ORIENTED_EDGE('',*,*,#112,.F.);
#112 = EDGE_CURVE('',#22,#85,#113,.T.);
#113 = SURFACE_CURVE('',#114,(#118,#125),.PCURVE_S1.);
#114 = LINE('',#115,#116);
#115 = CARTESIAN_POINT('',(-13.2,-25.2,-12.35));
#116 = VECTOR('',#117,1.);
#117 = DIRECTION('',(1.,0.,0.));
#118 = PCURVE('',#32,#119);
#119 = DEFINITIONAL_REPRESENTATION('',(#120),#124);
#120 = LINE('',#121,#122);
#121 = CARTESIAN_POINT('',(8.,-0.65));
#122 = VECTOR('',#123,1.);
#123 = DIRECTION('',(1.,0.));
#124 = ( GEOMETRIC_REPRESENTATION_CONTEXT(2) 
PARAMETRIC_REPRESENTATION_CONTEXT() REPRESENTATION_CONTEXT('2D SPACE',''
  ) );
#125 = PCURVE('',#126,#131);
#126 = CYLINDRICAL_SURFACE('',#127,0.65);
#127 = AXIS2_PLACEMENT_3D('',#128,#129,#130);
#128 = CARTESIAN_POINT('',(-13.2,-24.55,-12.35));
#129 = DIRECTION('',(1.,0.,0.));
#130 = DIRECTION('',(0.,-1.,-0.));
#131 = DEFINITIONAL_REPRESENTATION('',(#132),#136);
#132 = LINE('',#133,#134);
#133 = CARTESIAN_POINT('',(0.,0.));
#134 = VECTOR('',#135,1.);
#135 = DIRECTION('',(0.,1.));
#136 = ( GEOMETRIC_REPRESENTATION_CONTEXT(2) 
PARAMETRIC_REPRESENTATION_CONTEXT() REPRESENTATION_CONTEXT('2D SPACE',''
  ) );
#137 = ADVANCED_FACE('',(#138),#44,.T.);
#138 = FACE_BOUND('',#139,.F.);
#139 = EDGE_LOOP('',(#140,#141,#170,#198));
#140 = ORIENTED_EDGE('',*,*,#21,.F.);
#141 = ORIENTED_EDGE('',*,*,#142,.F.);
#142 = EDGE_CURVE('',#143,#22,#145,.T.);
#143 = VERTEX_POINT('',#144);
#144 = CARTESIAN_POINT('',(-21.2,-17.2,-12.35));
#145 = SURFACE_CURVE('',#146,(#151,#158),.PCURVE_S1.);
#146 = CIRCLE('',#147,8.);
#147 = AXIS2_PLACEMENT_3D('',#148,#149,#150);
#148 = CARTESIAN_POINT('',(-13.2,-17.2,-12.35));
#149 = DIRECTION('',(0.,0.,1.));
#150 = DIRECTION('',(-1.,0.,0.));
#151 = PCURVE('',#44,#152);
#152 = DEFINITIONAL_REPRESENTATION('',(#153),#157);
#153 = LINE('',#154,#155);
#154 = CARTESIAN_POINT('',(-1.570796326795,0.65));
#155 = VECTOR('',#156,1.);
#156 = DIRECTION('',(1.,-0.));
#157 = ( GEOMETRIC_REPRESENTATION_CONTEXT(2) 
PARAMETRIC_REPRESENTATION_CONTEXT() REPRESENTATION_CONTEXT('2D SPACE',''
  ) );
#158 = PCURVE('',#159,#164);
#159 = TOROIDAL_SURFACE('',#160,7.35,0.65);
#160 = AXIS2_PLACEMENT_3D('',#161,#162,#163);
#161 = CARTESIAN_POINT('',(-13.2,-17.2,-12.35));
#162 = DIRECTION('',(-0.,-0.,-1.));
#163 = DIRECTION('',(-1.,0.,0.));
#164 = DEFINITIONAL_REPRESENTATION('',(#165),#169);
#165 = LINE('',#166,#167);
#166 = CARTESIAN_POINT('',(-0.,0.));
#167 = VECTOR('',#168,1.);
#168 = DIRECTION('',(-1.,0.));
#169 = ( GEOMETRIC_REPRESENTATION_CONTEXT(2) 
PARAMETRIC_REPRESENTATION_CONTEXT() REPRESENTATION_CONTEXT('2D SPACE',''
  ) );
#170 = ORIENTED_EDGE('',*,*,#171,.T.);
#171 = EDGE_CURVE('',#143,#172,#174,.T.);
#172 = VERTEX_POINT('',#173);
#173 = CARTESIAN_POINT('',(-21.2,-17.2,-0.65));
#174 = SURFACE_CURVE('',#175,(#179,#186),.PCURVE_S1.);
#175 = LINE('',#176,#177);
#176 = CARTESIAN_POINT('',(-21.2,-17.2,-13.));
#177 = VECTOR('',#178,1.);
#178 = DIRECTION('',(0.,0.,1.));
#179 = PCURVE('',#44,#180);
#180 = DEFINITIONAL_REPRESENTATION('',(#181),#185);
#181 = LINE('',#182,#183);
#182 = CARTESIAN_POINT('',(-1.570796326795,0.));
#183 = VECTOR('',#184,1.);
#184 = DIRECTION('',(-0.,1.));
#185 = ( GEOMETRIC_REPRESENTATION_CONTEXT(2) 
PARAMETRIC_REPRESENTATION_CONTEXT() REPRESENTATION_CONTEXT('2D SPACE',''
  ) );
#186 = PCURVE('',#187,#192);
#187 = PLANE('',#188);
#188 = AXIS2_PLACEMENT_3D('',#189,#190,#191);
#189 = CARTESIAN_POINT('',(-21.2,25.2,-13.));
#190 = DIRECTION('',(1.,0.,-0.));
#191 = DIRECTION('',(0.,-1.,0.));
#192 = DEFINITIONAL_REPRESENTATION('',(#193),#197);
#193 = LINE('',#194,#195);
#194 = CARTESIAN_POINT('',(42.4,0.));
#195 = VECTOR('',#196,1.);
#196 = DIRECTION('',(0.,-1.));
#197 = ( GEOMETRIC_REPRESENTATION_CONTEXT(2) 
PARAMETRIC_REPRESENTATION_CONTEXT() REPRESENTATION_CONTEXT('2D SPACE',''
  ) );
#198 = ORIENTED_EDGE('',*,*,#199,.T.);
#199 = EDGE_CURVE('',#172,#24,#200,.T.);
#200 = SURFACE_CURVE('',#201,(#206,#213),.PCURVE_S1.);
#201 = CIRCLE('',#202,8.);
#202 = AXIS2_PLACEMENT_3D('',#203,#204,#205);
#203 = CARTESIAN_POINT('',(-13.2,-17.2,-0.65));
#204 = DIRECTION('',(0.,0.,1.));
#205 = DIRECTION('',(-1.,0.,0.));
#206 = PCURVE('',#44,#207);
#207 = DEFINITIONAL_REPRESENTATION('',(#208),#212);
#208 = LINE('',#209,#210);
#209 = CARTESIAN_POINT('',(-1.570796326795,12.35));
#210 = VECTOR('',#211,1.);
#211 = DIRECTION('',(1.,-0.));
#212 = ( GEOMETRIC_REPRESENTATION_CONTEXT(2) 
PARAMETRIC_REPRESENTATION_CONTEXT() REPRESENTATION_CONTEXT('2D SPACE',''
  ) );
#213 = PCURVE('',#214,#219);
#214 = TOROIDAL_SURFACE('',#215,7.35,0.65);
#215 = AXIS2_PLACEMENT_3D('',#216,#217,#218);
#216 = CARTESIAN_POINT('',(-13.2,-17.2,-0.65));
#217 = DIRECTION('',(0.,0.,1.));
#218 = DIRECTION('',(-1.,0.,0.));
#219 = DEFINITIONAL_REPRESENTATION('',(#220),#224);
#220 = LINE('',#221,#222);
#221 = CARTESIAN_POINT('',(0.,0.));
#222 = VECTOR('',#223,1.);
#223 = DIRECTION('',(1.,0.));
#224 = ( GEOMETRIC_REPRESENTATION_CONTEXT(2) 
PARAMETRIC_REPRESENTATION_CONTEXT() REPRESENTATION_CONTEXT('2D SPACE',''
  ) );
#225 = ADVANCED_FACE('',(#226),#126,.T.);
#226 = FACE_BOUND('',#227,.T.);
#227 = EDGE_LOOP('',(#228,#250,#278,#303));
#228 = ORIENTED_EDGE('',*,*,#229,.T.);
#229 = EDGE_CURVE('',#22,#230,#232,.T.);
#230 = VERTEX_POINT('',#231);
#231 = CARTESIAN_POINT('',(-13.2,-24.55,-13.));
#232 = SURFACE_CURVE('',#233,(#238,#244),.PCURVE_S1.);
#233 = CIRCLE('',#234,0.65);
#234 = AXIS2_PLACEMENT_3D('',#235,#236,#237);
#235 = CARTESIAN_POINT('',(-13.2,-24.55,-12.35));
#236 = DIRECTION('',(1.,0.,0.));
#237 = DIRECTION('',(0.,-1.,-0.));
#238 = PCURVE('',#126,#239);
#239 = DEFINITIONAL_REPRESENTATION('',(#240),#243);
#240 = B_SPLINE_CURVE_WITH_KNOTS('',1,(#241,#242),.UNSPECIFIED.,.F.,.F.,
  (2,2),(0.,1.570796326795),.PIECEWISE_BEZIER_KNOTS.);
#241 = CARTESIAN_POINT('',(0.,0.));
#242 = CARTESIAN_POINT('',(1.570796326795,0.));
#243 = ( GEOMETRIC_REPRESENTATION_CONTEXT(2) 
PARAMETRIC_REPRESENTATION_CONTEXT() REPRESENTATION_CONTEXT('2D SPACE',''
  ) );
#244 = PCURVE('',#159,#245);
#245 = DEFINITIONAL_REPRESENTATION('',(#246),#249);
#246 = B_SPLINE_CURVE_WITH_KNOTS('',1,(#247,#248),.UNSPECIFIED.,.F.,.F.,
  (2,2),(0.,1.570796326795),.PIECEWISE_BEZIER_KNOTS.);
#247 = CARTESIAN_POINT('',(-1.570796326795,0.));
#248 = CARTESIAN_POINT('',(-1.570796326795,1.570796326795));
#249 = ( GEOMETRIC_REPRESENTATION_CONTEXT(2) 
PARAMETRIC_REPRESENTATION_CONTEXT() REPRESENTATION_CONTEXT('2D SPACE',''
  ) );
#250 = ORIENTED_EDGE('',*,*,#251,.T.);
#251 = EDGE_CURVE('',#230,#252,#254,.T.);
#252 = VERTEX_POINT('',#253);
#253 = CARTESIAN_POINT('',(13.2,-24.55,-13.));
#254 = SURFACE_CURVE('',#255,(#259,#266),.PCURVE_S1.);
#255 = LINE('',#256,#257);
#256 = CARTESIAN_POINT('',(-13.2,-24.55,-13.));
#257 = VECTOR('',#258,1.);
#258 = DIRECTION('',(1.,0.,0.));
#259 = PCURVE('',#126,#260);
#260 = DEFINITIONAL_REPRESENTATION('',(#261),#265);
#261 = LINE('',#262,#263);
#262 = CARTESIAN_POINT('',(1.570796326795,0.));
#263 = VECTOR('',#264,1.);
#264 = DIRECTION('',(0.,1.));
#265 = ( GEOMETRIC_REPRESENTATION_CONTEXT(2) 
PARAMETRIC_REPRESENTATION_CONTEXT() REPRESENTATION_CONTEXT('2D SPACE',''
  ) );
#266 = PCURVE('',#267,#272);
#267 = PLANE('',#268);
#268 = AXIS2_PLACEMENT_3D('',#269,#270,#271);
#269 = CARTESIAN_POINT('',(0.,0.,-13.));
#270 = DIRECTION('',(0.,0.,1.));
#271 = DIRECTION('',(1.,0.,-0.));
#272 = DEFINITIONAL_REPRESENTATION('',(#273),#277);
#273 = LINE('',#274,#275);
#274 = CARTESIAN_POINT('',(-13.2,-24.55));
#275 = VECTOR('',#276,1.);
#276 = DIRECTION('',(1.,0.));
#277 = ( GEOMETRIC_REPRESENTATION_CONTEXT(2) 
PARAMETRIC_REPRESENTATION_CONTEXT() REPRESENTATION_CONTEXT('2D SPACE',''
  ) );
#278 = ORIENTED_EDGE('',*,*,#279,.F.);
#279 = EDGE_CURVE('',#85,#252,#280,.T.);
#280 = SURFACE_CURVE('',#281,(#286,#292),.PCURVE_S1.);
#281 = CIRCLE('',#282,0.65);
#282 = AXIS2_PLACEMENT_3D('',#283,#284,#285);
#283 = CARTESIAN_POINT('',(13.2,-24.55,-12.35));
#284 = DIRECTION('',(1.,0.,0.));
#285 = DIRECTION('',(0.,-1.,-0.));
#286 = PCURVE('',#126,#287);
#287 = DEFINITIONAL_REPRESENTATION('',(#288),#291);
#288 = B_SPLINE_CURVE_WITH_KNOTS('',1,(#289,#290),.UNSPECIFIED.,.F.,.F.,
  (2,2),(0.,1.570796326795),.PIECEWISE_BEZIER_KNOTS.);
#289 = CARTESIAN_POINT('',(0.,26.4));
#290 = CARTESIAN_POINT('',(1.570796326795,26.4));
#291 = ( GEOMETRIC_REPRESENTATION_CONTEXT(2) 
PARAMETRIC_REPRESENTATION_CONTEXT() REPRESENTATION_CONTEXT('2D SPACE',''
  ) );
#292 = PCURVE('',#293,#298);
#293 = TOROIDAL_SURFACE('',#294,7.35,0.65);
#294 = AXIS2_PLACEMENT_3D('',#295,#296,#297);
#295 = CARTESIAN_POINT('',(13.2,-17.2,-12.35));
#296 = DIRECTION('',(-0.,-0.,-1.));
#297 = DIRECTION('',(0.,-1.,0.));
#298 = DEFINITIONAL_REPRESENTATION('',(#299),#302);
#299 = B_SPLINE_CURVE_WITH_KNOTS('',1,(#300,#301),.UNSPECIFIED.,.F.,.F.,
  (2,2),(0.,1.570796326795),.PIECEWISE_BEZIER_KNOTS.);
#300 = CARTESIAN_POINT('',(0.,0.));
#301 = CARTESIAN_POINT('',(0.,1.570796326795));
#302 = ( GEOMETRIC_REPRESENTATION_CONTEXT(2) 
PARAMETRIC_REPRESENTATION_CONTEXT() REPRESENTATION_CONTEXT('2D SPACE',''
  ) );
#303 = ORIENTED_EDGE('',*,*,#112,.F.);
#304 = ADVANCED_FACE('',(#305),#72,.T.);
#305 = FACE_BOUND('',#306,.F.);
#306 = EDGE_LOOP('',(#307,#329,#357,#382));
#307 = ORIENTED_EDGE('',*,*,#308,.T.);
#308 = EDGE_CURVE('',#24,#309,#311,.T.);
#309 = VERTEX_POINT('',#310);
#310 = CARTESIAN_POINT('',(-13.2,-24.55,-1.665334536938E-15));
#311 = SURFACE_CURVE('',#312,(#317,#323),.PCURVE_S1.);
#312 = CIRCLE('',#313,0.65);
#313 = AXIS2_PLACEMENT_3D('',#314,#315,#316);
#314 = CARTESIAN_POINT('',(-13.2,-24.55,-0.65));
#315 = DIRECTION('',(-1.,-0.,0.));
#316 = DIRECTION('',(0.,-1.,0.));
#317 = PCURVE('',#72,#318);
#318 = DEFINITIONAL_REPRESENTATION('',(#319),#322);
#319 = B_SPLINE_CURVE_WITH_KNOTS('',1,(#320,#321),.UNSPECIFIED.,.F.,.F.,
  (2,2),(0.,1.570796326795),.PIECEWISE_BEZIER_KNOTS.);
#320 = CARTESIAN_POINT('',(0.,0.));
#321 = CARTESIAN_POINT('',(-1.570796326795,0.));
#322 = ( GEOMETRIC_REPRESENTATION_CONTEXT(2) 
PARAMETRIC_REPRESENTATION_CONTEXT() REPRESENTATION_CONTEXT('2D SPACE',''
  ) );
#323 = PCURVE('',#214,#324);
#324 = DEFINITIONAL_REPRESENTATION('',(#325),#328);
#325 = B_SPLINE_CURVE_WITH_KNOTS('',1,(#326,#327),.UNSPECIFIED.,.F.,.F.,
  (2,2),(0.,1.570796326795),.PIECEWISE_BEZIER_KNOTS.);
#326 = CARTESIAN_POINT('',(1.570796326795,0.));
#327 = CARTESIAN_POINT('',(1.570796326795,1.570796326795));
#328 = ( GEOMETRIC_REPRESENTATION_CONTEXT(2) 
PARAMETRIC_REPRESENTATION_CONTEXT() REPRESENTATION_CONTEXT('2D SPACE',''
  ) );
#329 = ORIENTED_EDGE('',*,*,#330,.T.);
#330 = EDGE_CURVE('',#309,#331,#333,.T.);
#331 = VERTEX_POINT('',#332);
#332 = CARTESIAN_POINT('',(13.2,-24.55,-1.665334536938E-15));
#333 = SURFACE_CURVE('',#334,(#338,#345),.PCURVE_S1.);
#334 = LINE('',#335,#336);
#335 = CARTESIAN_POINT('',(-13.2,-24.55,-1.665334536938E-15));
#336 = VECTOR('',#337,1.);
#337 = DIRECTION('',(1.,0.,0.));
#338 = PCURVE('',#72,#339);
#339 = DEFINITIONAL_REPRESENTATION('',(#340),#344);
#340 = LINE('',#341,#342);
#341 = CARTESIAN_POINT('',(-1.570796326795,0.));
#342 = VECTOR('',#343,1.);
#343 = DIRECTION('',(-0.,1.));
#344 = ( GEOMETRIC_REPRESENTATION_CONTEXT(2) 
PARAMETRIC_REPRESENTATION_CONTEXT() REPRESENTATION_CONTEXT('2D SPACE',''
  ) );
#345 = PCURVE('',#346,#351);
#346 = PLANE('',#347);
#347 = AXIS2_PLACEMENT_3D('',#348,#349,#350);
#348 = CARTESIAN_POINT('',(0.,0.,-1.7763568394E-15));
#349 = DIRECTION('',(0.,0.,1.));
#350 = DIRECTION('',(1.,0.,-0.));
#351 = DEFINITIONAL_REPRESENTATION('',(#352),#356);
#352 = LINE('',#353,#354);
#353 = CARTESIAN_POINT('',(-13.2,-24.55));
#354 = VECTOR('',#355,1.);
#355 = DIRECTION('',(1.,0.));
#356 = ( GEOMETRIC_REPRESENTATION_CONTEXT(2) 
PARAMETRIC_REPRESENTATION_CONTEXT() REPRESENTATION_CONTEXT('2D SPACE',''
  ) );
#357 = ORIENTED_EDGE('',*,*,#358,.F.);
#358 = EDGE_CURVE('',#57,#331,#359,.T.);
#359 = SURFACE_CURVE('',#360,(#365,#371),.PCURVE_S1.);
#360 = CIRCLE('',#361,0.65);
#361 = AXIS2_PLACEMENT_3D('',#362,#363,#364);
#362 = CARTESIAN_POINT('',(13.2,-24.55,-0.65));
#363 = DIRECTION('',(-1.,-0.,0.));
#364 = DIRECTION('',(0.,-1.,0.));
#365 = PCURVE('',#72,#366);
#366 = DEFINITIONAL_REPRESENTATION('',(#367),#370);
#367 = B_SPLINE_CURVE_WITH_KNOTS('',1,(#368,#369),.UNSPECIFIED.,.F.,.F.,
  (2,2),(0.,1.570796326795),.PIECEWISE_BEZIER_KNOTS.);
#368 = CARTESIAN_POINT('',(0.,26.4));
#369 = CARTESIAN_POINT('',(-1.570796326795,26.4));
#370 = ( GEOMETRIC_REPRESENTATION_CONTEXT(2) 
PARAMETRIC_REPRESENTATION_CONTEXT() REPRESENTATION_CONTEXT('2D SPACE',''
  ) );
#371 = PCURVE('',#372,#377);
#372 = TOROIDAL_SURFACE('',#373,7.35,0.65);
#373 = AXIS2_PLACEMENT_3D('',#374,#375,#376);
#374 = CARTESIAN_POINT('',(13.2,-17.2,-0.65));
#375 = DIRECTION('',(0.,0.,1.));
#376 = DIRECTION('',(0.,-1.,0.));
#377 = DEFINITIONAL_REPRESENTATION('',(#378),#381);
#378 = B_SPLINE_CURVE_WITH_KNOTS('',1,(#379,#380),.UNSPECIFIED.,.F.,.F.,
  (2,2),(0.,1.570796326795),.PIECEWISE_BEZIER_KNOTS.);
#379 = CARTESIAN_POINT('',(0.,0.));
#380 = CARTESIAN_POINT('',(0.,1.570796326795));
#381 = ( GEOMETRIC_REPRESENTATION_CONTEXT(2) 
PARAMETRIC_REPRESENTATION_CONTEXT() REPRESENTATION_CONTEXT('2D SPACE',''
  ) );
#382 = ORIENTED_EDGE('',*,*,#56,.F.);
#383 = ADVANCED_FACE('',(#384),#100,.T.);
#384 = FACE_BOUND('',#385,.T.);
#385 = EDGE_LOOP('',(#386,#387,#411,#439));
#386 = ORIENTED_EDGE('',*,*,#84,.F.);
#387 = ORIENTED_EDGE('',*,*,#388,.T.);
#388 = EDGE_CURVE('',#85,#389,#391,.T.);
#389 = VERTEX_POINT('',#390);
#390 = CARTESIAN_POINT('',(21.2,-17.2,-12.35));
#391 = SURFACE_CURVE('',#392,(#397,#404),.PCURVE_S1.);
#392 = CIRCLE('',#393,8.);
#393 = AXIS2_PLACEMENT_3D('',#394,#395,#396);
#394 = CARTESIAN_POINT('',(13.2,-17.2,-12.35));
#395 = DIRECTION('',(0.,0.,1.));
#396 = DIRECTION('',(0.,-1.,0.));
#397 = PCURVE('',#100,#398);
#398 = DEFINITIONAL_REPRESENTATION('',(#399),#403);
#399 = LINE('',#400,#401);
#400 = CARTESIAN_POINT('',(0.,0.65));
#401 = VECTOR('',#402,1.);
#402 = DIRECTION('',(1.,0.));
#403 = ( GEOMETRIC_REPRESENTATION_CONTEXT(2) 
PARAMETRIC_REPRESENTATION_CONTEXT() REPRESENTATION_CONTEXT('2D SPACE',''
  ) );
#404 = PCURVE('',#293,#405);
#405 = DEFINITIONAL_REPRESENTATION('',(#406),#410);
#406 = LINE('',#407,#408);
#407 = CARTESIAN_POINT('',(-0.,0.));
#408 = VECTOR('',#409,1.);
#409 = DIRECTION('',(-1.,0.));
#410 = ( GEOMETRIC_REPRESENTATION_CONTEXT(2) 
PARAMETRIC_REPRESENTATION_CONTEXT() REPRESENTATION_CONTEXT('2D SPACE',''
  ) );
#411 = ORIENTED_EDGE('',*,*,#412,.T.);
#412 = EDGE_CURVE('',#389,#413,#415,.T.);
#413 = VERTEX_POINT('',#414);
#414 = CARTESIAN_POINT('',(21.2,-17.2,-0.65));
#415 = SURFACE_CURVE('',#416,(#420,#427),.PCURVE_S1.);
#416 = LINE('',#417,#418);
#417 = CARTESIAN_POINT('',(21.2,-17.2,-13.));
#418 = VECTOR('',#419,1.);
#419 = DIRECTION('',(0.,0.,1.));
#420 = PCURVE('',#100,#421);
#421 = DEFINITIONAL_REPRESENTATION('',(#422),#426);
#422 = LINE('',#423,#424);
#423 = CARTESIAN_POINT('',(1.570796326795,0.));
#424 = VECTOR('',#425,1.);
#425 = DIRECTION('',(0.,1.));
#426 = ( GEOMETRIC_REPRESENTATION_CONTEXT(2) 
PARAMETRIC_REPRESENTATION_CONTEXT() REPRESENTATION_CONTEXT('2D SPACE',''
  ) );
#427 = PCURVE('',#428,#433);
#428 = PLANE('',#429);
#429 = AXIS2_PLACEMENT_3D('',#430,#431,#432);
#430 = CARTESIAN_POINT('',(21.2,-25.2,-13.));
#431 = DIRECTION('',(-1.,0.,0.));
#432 = DIRECTION('',(0.,1.,0.));
#433 = DEFINITIONAL_REPRESENTATION('',(#434),#438);
#434 = LINE('',#435,#436);
#435 = CARTESIAN_POINT('',(8.,0.));
#436 = VECTOR('',#437,1.);
#437 = DIRECTION('',(0.,-1.));
#438 = ( GEOMETRIC_REPRESENTATION_CONTEXT(2) 
PARAMETRIC_REPRESENTATION_CONTEXT() REPRESENTATION_CONTEXT('2D SPACE',''
  ) );
#439 = ORIENTED_EDGE('',*,*,#440,.F.);
#440 = EDGE_CURVE('',#57,#413,#441,.T.);
#441 = SURFACE_CURVE('',#442,(#447,#454),.PCURVE_S1.);
#442 = CIRCLE('',#443,8.);
#443 = AXIS2_PLACEMENT_3D('',#444,#445,#446);
#444 = CARTESIAN_POINT('',(13.2,-17.2,-0.65));
#445 = DIRECTION('',(0.,0.,1.));
#446 = DIRECTION('',(0.,-1.,0.));
#447 = PCURVE('',#100,#448);
#448 = DEFINITIONAL_REPRESENTATION('',(#449),#453);
#449 = LINE('',#450,#451);
#450 = CARTESIAN_POINT('',(0.,12.35));
#451 = VECTOR('',#452,1.);
#452 = DIRECTION('',(1.,0.));
#453 = ( GEOMETRIC_REPRESENTATION_CONTEXT(2) 
PARAMETRIC_REPRESENTATION_CONTEXT() REPRESENTATION_CONTEXT('2D SPACE',''
  ) );
#454 = PCURVE('',#372,#455);
#455 = DEFINITIONAL_REPRESENTATION('',(#456),#460);
#456 = LINE('',#457,#458);
#457 = CARTESIAN_POINT('',(0.,0.));
#458 = VECTOR('',#459,1.);
#459 = DIRECTION('',(1.,0.));
#460 = ( GEOMETRIC_REPRESENTATION_CONTEXT(2) 
PARAMETRIC_REPRESENTATION_CONTEXT() REPRESENTATION_CONTEXT('2D SPACE',''
  ) );
#461 = ADVANCED_FACE('',(#462),#159,.T.);
#462 = FACE_BOUND('',#463,.F.);
#463 = EDGE_LOOP('',(#464,#491,#492,#493));
#464 = ORIENTED_EDGE('',*,*,#465,.F.);
#465 = EDGE_CURVE('',#143,#466,#468,.T.);
#466 = VERTEX_POINT('',#467);
#467 = CARTESIAN_POINT('',(-20.55,-17.2,-13.));
#468 = SURFACE_CURVE('',#469,(#474,#480),.PCURVE_S1.);
#469 = CIRCLE('',#470,0.65);
#470 = AXIS2_PLACEMENT_3D('',#471,#472,#473);
#471 = CARTESIAN_POINT('',(-20.55,-17.2,-12.35));
#472 = DIRECTION('',(0.,-1.,0.));
#473 = DIRECTION('',(-1.,0.,0.));
#474 = PCURVE('',#159,#475);
#475 = DEFINITIONAL_REPRESENTATION('',(#476),#479);
#476 = B_SPLINE_CURVE_WITH_KNOTS('',1,(#477,#478),.UNSPECIFIED.,.F.,.F.,
  (2,2),(0.,1.570796326795),.PIECEWISE_BEZIER_KNOTS.);
#477 = CARTESIAN_POINT('',(0.,0.));
#478 = CARTESIAN_POINT('',(0.,1.570796326795));
#479 = ( GEOMETRIC_REPRESENTATION_CONTEXT(2) 
PARAMETRIC_REPRESENTATION_CONTEXT() REPRESENTATION_CONTEXT('2D SPACE',''
  ) );
#480 = PCURVE('',#481,#486);
#481 = CYLINDRICAL_SURFACE('',#482,0.65);
#482 = AXIS2_PLACEMENT_3D('',#483,#484,#485);
#483 = CARTESIAN_POINT('',(-20.55,17.2,-12.35));
#484 = DIRECTION('',(0.,-1.,0.));
#485 = DIRECTION('',(-1.,-0.,0.));
#486 = DEFINITIONAL_REPRESENTATION('',(#487),#490);
#487 = B_SPLINE_CURVE_WITH_KNOTS('',1,(#488,#489),.UNSPECIFIED.,.F.,.F.,
  (2,2),(0.,1.570796326795),.PIECEWISE_BEZIER_KNOTS.);
#488 = CARTESIAN_POINT('',(0.,34.4));
#489 = CARTESIAN_POINT('',(1.570796326795,34.4));
#490 = ( GEOMETRIC_REPRESENTATION_CONTEXT(2) 
PARAMETRIC_REPRESENTATION_CONTEXT() REPRESENTATION_CONTEXT('2D SPACE',''
  ) );
#491 = ORIENTED_EDGE('',*,*,#142,.T.);
#492 = ORIENTED_EDGE('',*,*,#229,.T.);
#493 = ORIENTED_EDGE('',*,*,#494,.F.);
#494 = EDGE_CURVE('',#466,#230,#495,.T.);
#495 = SURFACE_CURVE('',#496,(#501,#508),.PCURVE_S1.);
#496 = CIRCLE('',#497,7.35);
#497 = AXIS2_PLACEMENT_3D('',#498,#499,#500);
#498 = CARTESIAN_POINT('',(-13.2,-17.2,-13.));
#499 = DIRECTION('',(0.,0.,1.));
#500 = DIRECTION('',(-1.,0.,0.));
#501 = PCURVE('',#159,#502);
#502 = DEFINITIONAL_REPRESENTATION('',(#503),#507);
#503 = LINE('',#504,#505);
#504 = CARTESIAN_POINT('',(-0.,1.570796326795));
#505 = VECTOR('',#506,1.);
#506 = DIRECTION('',(-1.,0.));
#507 = ( GEOMETRIC_REPRESENTATION_CONTEXT(2) 
PARAMETRIC_REPRESENTATION_CONTEXT() REPRESENTATION_CONTEXT('2D SPACE',''
  ) );
#508 = PCURVE('',#267,#509);
#509 = DEFINITIONAL_REPRESENTATION('',(#510),#514);
#510 = CIRCLE('',#511,7.35);
#511 = AXIS2_PLACEMENT_2D('',#512,#513);
#512 = CARTESIAN_POINT('',(-13.2,-17.2));
#513 = DIRECTION('',(-1.,0.));
#514 = ( GEOMETRIC_REPRESENTATION_CONTEXT(2) 
PARAMETRIC_REPRESENTATION_CONTEXT() REPRESENTATION_CONTEXT('2D SPACE',''
  ) );
#515 = ADVANCED_FACE('',(#516),#214,.T.);
#516 = FACE_BOUND('',#517,.T.);
#517 = EDGE_LOOP('',(#518,#545,#546,#547));
#518 = ORIENTED_EDGE('',*,*,#519,.F.);
#519 = EDGE_CURVE('',#172,#520,#522,.T.);
#520 = VERTEX_POINT('',#521);
#521 = CARTESIAN_POINT('',(-20.55,-17.2,-1.665334536938E-15));
#522 = SURFACE_CURVE('',#523,(#528,#534),.PCURVE_S1.);
#523 = CIRCLE('',#524,0.65);
#524 = AXIS2_PLACEMENT_3D('',#525,#526,#527);
#525 = CARTESIAN_POINT('',(-20.55,-17.2,-0.65));
#526 = DIRECTION('',(-0.,1.,0.));
#527 = DIRECTION('',(-1.,-0.,0.));
#528 = PCURVE('',#214,#529);
#529 = DEFINITIONAL_REPRESENTATION('',(#530),#533);
#530 = B_SPLINE_CURVE_WITH_KNOTS('',1,(#531,#532),.UNSPECIFIED.,.F.,.F.,
  (2,2),(0.,1.570796326795),.PIECEWISE_BEZIER_KNOTS.);
#531 = CARTESIAN_POINT('',(0.,0.));
#532 = CARTESIAN_POINT('',(0.,1.570796326795));
#533 = ( GEOMETRIC_REPRESENTATION_CONTEXT(2) 
PARAMETRIC_REPRESENTATION_CONTEXT() REPRESENTATION_CONTEXT('2D SPACE',''
  ) );
#534 = PCURVE('',#535,#540);
#535 = CYLINDRICAL_SURFACE('',#536,0.65);
#536 = AXIS2_PLACEMENT_3D('',#537,#538,#539);
#537 = CARTESIAN_POINT('',(-20.55,17.2,-0.65));
#538 = DIRECTION('',(0.,-1.,0.));
#539 = DIRECTION('',(-1.,-0.,0.));
#540 = DEFINITIONAL_REPRESENTATION('',(#541),#544);
#541 = B_SPLINE_CURVE_WITH_KNOTS('',1,(#542,#543),.UNSPECIFIED.,.F.,.F.,
  (2,2),(0.,1.570796326795),.PIECEWISE_BEZIER_KNOTS.);
#542 = CARTESIAN_POINT('',(0.,34.4));
#543 = CARTESIAN_POINT('',(-1.570796326795,34.4));
#544 = ( GEOMETRIC_REPRESENTATION_CONTEXT(2) 
PARAMETRIC_REPRESENTATION_CONTEXT() REPRESENTATION_CONTEXT('2D SPACE',''
  ) );
#545 = ORIENTED_EDGE('',*,*,#199,.T.);
#546 = ORIENTED_EDGE('',*,*,#308,.T.);
#547 = ORIENTED_EDGE('',*,*,#548,.F.);
#548 = EDGE_CURVE('',#520,#309,#549,.T.);
#549 = SURFACE_CURVE('',#550,(#555,#562),.PCURVE_S1.);
#550 = CIRCLE('',#551,7.35);
#551 = AXIS2_PLACEMENT_3D('',#552,#553,#554);
#552 = CARTESIAN_POINT('',(-13.2,-17.2,-1.7763568394E-15));
#553 = DIRECTION('',(0.,0.,1.));
#554 = DIRECTION('',(-1.,0.,0.));
#555 = PCURVE('',#214,#556);
#556 = DEFINITIONAL_REPRESENTATION('',(#557),#561);
#557 = LINE('',#558,#559);
#558 = CARTESIAN_POINT('',(0.,1.570796326795));
#559 = VECTOR('',#560,1.);
#560 = DIRECTION('',(1.,0.));
#561 = ( GEOMETRIC_REPRESENTATION_CONTEXT(2) 
PARAMETRIC_REPRESENTATION_CONTEXT() REPRESENTATION_CONTEXT('2D SPACE',''
  ) );
#562 = PCURVE('',#346,#563);
#563 = DEFINITIONAL_REPRESENTATION('',(#564),#568);
#564 = CIRCLE('',#565,7.35);
#565 = AXIS2_PLACEMENT_2D('',#566,#567);
#566 = CARTESIAN_POINT('',(-13.2,-17.2));
#567 = DIRECTION('',(-1.,0.));
#568 = ( GEOMETRIC_REPRESENTATION_CONTEXT(2) 
PARAMETRIC_REPRESENTATION_CONTEXT() REPRESENTATION_CONTEXT('2D SPACE',''
  ) );
#569 = ADVANCED_FACE('',(#570,#645),#187,.F.);
#570 = FACE_BOUND('',#571,.F.);
#571 = EDGE_LOOP('',(#572,#602,#623,#624));
#572 = ORIENTED_EDGE('',*,*,#573,.T.);
#573 = EDGE_CURVE('',#574,#576,#578,.T.);
#574 = VERTEX_POINT('',#575);
#575 = CARTESIAN_POINT('',(-21.2,17.2,-12.35));
#576 = VERTEX_POINT('',#577);
#577 = CARTESIAN_POINT('',(-21.2,17.2,-0.65));
#578 = SURFACE_CURVE('',#579,(#583,#590),.PCURVE_S1.);
#579 = LINE('',#580,#581);
#580 = CARTESIAN_POINT('',(-21.2,17.2,-13.));
#581 = VECTOR('',#582,1.);
#582 = DIRECTION('',(0.,0.,1.));
#583 = PCURVE('',#187,#584);
#584 = DEFINITIONAL_REPRESENTATION('',(#585),#589);
#585 = LINE('',#586,#587);
#586 = CARTESIAN_POINT('',(8.,0.));
#587 = VECTOR('',#588,1.);
#588 = DIRECTION('',(0.,-1.));
#589 = ( GEOMETRIC_REPRESENTATION_CONTEXT(2) 
PARAMETRIC_REPRESENTATION_CONTEXT() REPRESENTATION_CONTEXT('2D SPACE',''
  ) );
#590 = PCURVE('',#591,#596);
#591 = CYLINDRICAL_SURFACE('',#592,8.);
#592 = AXIS2_PLACEMENT_3D('',#593,#594,#595);
#593 = CARTESIAN_POINT('',(-13.2,17.2,-13.));
#594 = DIRECTION('',(0.,0.,1.));
#595 = DIRECTION('',(-0.,1.,0.));
#596 = DEFINITIONAL_REPRESENTATION('',(#597),#601);
#597 = LINE('',#598,#599);
#598 = CARTESIAN_POINT('',(1.570796326795,0.));
#599 = VECTOR('',#600,1.);
#600 = DIRECTION('',(0.,1.));
#601 = ( GEOMETRIC_REPRESENTATION_CONTEXT(2) 
PARAMETRIC_REPRESENTATION_CONTEXT() REPRESENTATION_CONTEXT('2D SPACE',''
  ) );
#602 = ORIENTED_EDGE('',*,*,#603,.T.);
#603 = EDGE_CURVE('',#576,#172,#604,.T.);
#604 = SURFACE_CURVE('',#605,(#609,#616),.PCURVE_S1.);
#605 = LINE('',#606,#607);
#606 = CARTESIAN_POINT('',(-21.2,17.2,-0.65));
#607 = VECTOR('',#608,1.);
#608 = DIRECTION('',(0.,-1.,0.));
#609 = PCURVE('',#187,#610);
#610 = DEFINITIONAL_REPRESENTATION('',(#611),#615);
#611 = LINE('',#612,#613);
#612 = CARTESIAN_POINT('',(8.,-12.35));
#613 = VECTOR('',#614,1.);
#614 = DIRECTION('',(1.,0.));
#615 = ( GEOMETRIC_REPRESENTATION_CONTEXT(2) 
PARAMETRIC_REPRESENTATION_CONTEXT() REPRESENTATION_CONTEXT('2D SPACE',''
  ) );
#616 = PCURVE('',#535,#617);
#617 = DEFINITIONAL_REPRESENTATION('',(#618),#622);
#618 = LINE('',#619,#620);
#619 = CARTESIAN_POINT('',(-0.,0.));
#620 = VECTOR('',#621,1.);
#621 = DIRECTION('',(-0.,1.));
#622 = ( GEOMETRIC_REPRESENTATION_CONTEXT(2) 
PARAMETRIC_REPRESENTATION_CONTEXT() REPRESENTATION_CONTEXT('2D SPACE',''
  ) );
#623 = ORIENTED_EDGE('',*,*,#171,.F.);
#624 = ORIENTED_EDGE('',*,*,#625,.F.);
#625 = EDGE_CURVE('',#574,#143,#626,.T.);
#626 = SURFACE_CURVE('',#627,(#631,#638),.PCURVE_S1.);
#627 = LINE('',#628,#629);
#628 = CARTESIAN_POINT('',(-21.2,17.2,-12.35));
#629 = VECTOR('',#630,1.);
#630 = DIRECTION('',(0.,-1.,0.));
#631 = PCURVE('',#187,#632);
#632 = DEFINITIONAL_REPRESENTATION('',(#633),#637);
#633 = LINE('',#634,#635);
#634 = CARTESIAN_POINT('',(8.,-0.65));
#635 = VECTOR('',#636,1.);
#636 = DIRECTION('',(1.,0.));
#637 = ( GEOMETRIC_REPRESENTATION_CONTEXT(2) 
PARAMETRIC_REPRESENTATION_CONTEXT() REPRESENTATION_CONTEXT('2D SPACE',''
  ) );
#638 = PCURVE('',#481,#639);
#639 = DEFINITIONAL_REPRESENTATION('',(#640),#644);
#640 = LINE('',#641,#642);
#641 = CARTESIAN_POINT('',(0.,0.));
#642 = VECTOR('',#643,1.);
#643 = DIRECTION('',(0.,1.));
#644 = ( GEOMETRIC_REPRESENTATION_CONTEXT(2) 
PARAMETRIC_REPRESENTATION_CONTEXT() REPRESENTATION_CONTEXT('2D SPACE',''
  ) );
#645 = FACE_BOUND('',#646,.F.);
#646 = EDGE_LOOP('',(#647,#678,#704,#733,#759,#788,#814,#843));
#647 = ORIENTED_EDGE('',*,*,#648,.F.);
#648 = EDGE_CURVE('',#649,#651,#653,.T.);
#649 = VERTEX_POINT('',#650);
#650 = CARTESIAN_POINT('',(-21.2,5.958,-11.87));
#651 = VERTEX_POINT('',#652);
#652 = CARTESIAN_POINT('',(-21.2,6.758,-11.07));
#653 = SURFACE_CURVE('',#654,(#659,#666),.PCURVE_S1.);
#654 = CIRCLE('',#655,0.8);
#655 = AXIS2_PLACEMENT_3D('',#656,#657,#658);
#656 = CARTESIAN_POINT('',(-21.2,5.958,-11.07));
#657 = DIRECTION('',(1.,0.,0.));
#658 = DIRECTION('',(0.,0.,-1.));
#659 = PCURVE('',#187,#660);
#660 = DEFINITIONAL_REPRESENTATION('',(#661),#665);
#661 = CIRCLE('',#662,0.8);
#662 = AXIS2_PLACEMENT_2D('',#663,#664);
#663 = CARTESIAN_POINT('',(19.242,-1.93));
#664 = DIRECTION('',(0.,1.));
#665 = ( GEOMETRIC_REPRESENTATION_CONTEXT(2) 
PARAMETRIC_REPRESENTATION_CONTEXT() REPRESENTATION_CONTEXT('2D SPACE',''
  ) );
#666 = PCURVE('',#667,#672);
#667 = CYLINDRICAL_SURFACE('',#668,0.8);
#668 = AXIS2_PLACEMENT_3D('',#669,#670,#671);
#669 = CARTESIAN_POINT('',(-26.,5.958,-11.07));
#670 = DIRECTION('',(1.,0.,0.));
#671 = DIRECTION('',(0.,0.,-1.));
#672 = DEFINITIONAL_REPRESENTATION('',(#673),#677);
#673 = LINE('',#674,#675);
#674 = CARTESIAN_POINT('',(0.,4.8));
#675 = VECTOR('',#676,1.);
#676 = DIRECTION('',(1.,0.));
#677 = ( GEOMETRIC_REPRESENTATION_CONTEXT(2) 
PARAMETRIC_REPRESENTATION_CONTEXT() REPRESENTATION_CONTEXT('2D SPACE',''
  ) );
#678 = ORIENTED_EDGE('',*,*,#679,.T.);
#679 = EDGE_CURVE('',#649,#680,#682,.T.);
#680 = VERTEX_POINT('',#681);
#681 = CARTESIAN_POINT('',(-21.2,-5.442,-11.87));
#682 = SURFACE_CURVE('',#683,(#687,#693),.PCURVE_S1.);
#683 = LINE('',#684,#685);
#684 = CARTESIAN_POINT('',(-21.2,9.479,-11.87));
#685 = VECTOR('',#686,1.);
#686 = DIRECTION('',(0.,-1.,0.));
#687 = PCURVE('',#187,#688);
#688 = DEFINITIONAL_REPRESENTATION('',(#689),#692);
#689 = B_SPLINE_CURVE_WITH_KNOTS('',1,(#690,#691),.UNSPECIFIED.,.F.,.F.,
  (2,2),(3.521,14.921),.PIECEWISE_BEZIER_KNOTS.);
#690 = CARTESIAN_POINT('',(19.242,-1.13));
#691 = CARTESIAN_POINT('',(30.642,-1.13));
#692 = ( GEOMETRIC_REPRESENTATION_CONTEXT(2) 
PARAMETRIC_REPRESENTATION_CONTEXT() REPRESENTATION_CONTEXT('2D SPACE',''
  ) );
#693 = PCURVE('',#694,#699);
#694 = PLANE('',#695);
#695 = AXIS2_PLACEMENT_3D('',#696,#697,#698);
#696 = CARTESIAN_POINT('',(-26.,-6.242,-11.87));
#697 = DIRECTION('',(0.,0.,1.));
#698 = DIRECTION('',(0.,1.,0.));
#699 = DEFINITIONAL_REPRESENTATION('',(#700),#703);
#700 = B_SPLINE_CURVE_WITH_KNOTS('',1,(#701,#702),.UNSPECIFIED.,.F.,.F.,
  (2,2),(3.521,14.921),.PIECEWISE_BEZIER_KNOTS.);
#701 = CARTESIAN_POINT('',(12.2,-4.8));
#702 = CARTESIAN_POINT('',(0.8,-4.8));
#703 = ( GEOMETRIC_REPRESENTATION_CONTEXT(2) 
PARAMETRIC_REPRESENTATION_CONTEXT() REPRESENTATION_CONTEXT('2D SPACE',''
  ) );
#704 = ORIENTED_EDGE('',*,*,#705,.F.);
#705 = EDGE_CURVE('',#706,#680,#708,.T.);
#706 = VERTEX_POINT('',#707);
#707 = CARTESIAN_POINT('',(-21.2,-6.242,-11.07));
#708 = SURFACE_CURVE('',#709,(#714,#721),.PCURVE_S1.);
#709 = CIRCLE('',#710,0.8);
#710 = AXIS2_PLACEMENT_3D('',#711,#712,#713);
#711 = CARTESIAN_POINT('',(-21.2,-5.442,-11.07));
#712 = DIRECTION('',(1.,0.,0.));
#713 = DIRECTION('',(0.,0.,-1.));
#714 = PCURVE('',#187,#715);
#715 = DEFINITIONAL_REPRESENTATION('',(#716),#720);
#716 = CIRCLE('',#717,0.8);
#717 = AXIS2_PLACEMENT_2D('',#718,#719);
#718 = CARTESIAN_POINT('',(30.642,-1.93));
#719 = DIRECTION('',(0.,1.));
#720 = ( GEOMETRIC_REPRESENTATION_CONTEXT(2) 
PARAMETRIC_REPRESENTATION_CONTEXT() REPRESENTATION_CONTEXT('2D SPACE',''
  ) );
#721 = PCURVE('',#722,#727);
#722 = CYLINDRICAL_SURFACE('',#723,0.8);
#723 = AXIS2_PLACEMENT_3D('',#724,#725,#726);
#724 = CARTESIAN_POINT('',(-26.,-5.442,-11.07));
#725 = DIRECTION('',(1.,0.,0.));
#726 = DIRECTION('',(0.,0.,-1.));
#727 = DEFINITIONAL_REPRESENTATION('',(#728),#732);
#728 = LINE('',#729,#730);
#729 = CARTESIAN_POINT('',(-6.28318530718,4.8));
#730 = VECTOR('',#731,1.);
#731 = DIRECTION('',(1.,-0.));
#732 = ( GEOMETRIC_REPRESENTATION_CONTEXT(2) 
PARAMETRIC_REPRESENTATION_CONTEXT() REPRESENTATION_CONTEXT('2D SPACE',''
  ) );
#733 = ORIENTED_EDGE('',*,*,#734,.T.);
#734 = EDGE_CURVE('',#706,#735,#737,.T.);
#735 = VERTEX_POINT('',#736);
#736 = CARTESIAN_POINT('',(-21.2,-6.242,-5.67));
#737 = SURFACE_CURVE('',#738,(#742,#748),.PCURVE_S1.);
#738 = LINE('',#739,#740);
#739 = CARTESIAN_POINT('',(-21.2,-6.242,-8.935));
#740 = VECTOR('',#741,1.);
#741 = DIRECTION('',(0.,0.,1.));
#742 = PCURVE('',#187,#743);
#743 = DEFINITIONAL_REPRESENTATION('',(#744),#747);
#744 = B_SPLINE_CURVE_WITH_KNOTS('',1,(#745,#746),.UNSPECIFIED.,.F.,.F.,
  (2,2),(-2.135,3.265),.PIECEWISE_BEZIER_KNOTS.);
#745 = CARTESIAN_POINT('',(31.442,-1.93));
#746 = CARTESIAN_POINT('',(31.442,-7.33));
#747 = ( GEOMETRIC_REPRESENTATION_CONTEXT(2) 
PARAMETRIC_REPRESENTATION_CONTEXT() REPRESENTATION_CONTEXT('2D SPACE',''
  ) );
#748 = PCURVE('',#749,#754);
#749 = PLANE('',#750);
#750 = AXIS2_PLACEMENT_3D('',#751,#752,#753);
#751 = CARTESIAN_POINT('',(-26.,-6.242,-4.87));
#752 = DIRECTION('',(-0.,1.,0.));
#753 = DIRECTION('',(0.,0.,-1.));
#754 = DEFINITIONAL_REPRESENTATION('',(#755),#758);
#755 = B_SPLINE_CURVE_WITH_KNOTS('',1,(#756,#757),.UNSPECIFIED.,.F.,.F.,
  (2,2),(-2.135,3.265),.PIECEWISE_BEZIER_KNOTS.);
#756 = CARTESIAN_POINT('',(6.2,-4.8));
#757 = CARTESIAN_POINT('',(0.8,-4.8));
#758 = ( GEOMETRIC_REPRESENTATION_CONTEXT(2) 
PARAMETRIC_REPRESENTATION_CONTEXT() REPRESENTATION_CONTEXT('2D SPACE',''
  ) );
#759 = ORIENTED_EDGE('',*,*,#760,.F.);
#760 = EDGE_CURVE('',#761,#735,#763,.T.);
#761 = VERTEX_POINT('',#762);
#762 = CARTESIAN_POINT('',(-21.2,-5.442,-4.87));
#763 = SURFACE_CURVE('',#764,(#769,#776),.PCURVE_S1.);
#764 = CIRCLE('',#765,0.8);
#765 = AXIS2_PLACEMENT_3D('',#766,#767,#768);
#766 = CARTESIAN_POINT('',(-21.2,-5.442,-5.67));
#767 = DIRECTION('',(1.,0.,0.));
#768 = DIRECTION('',(0.,-0.,1.));
#769 = PCURVE('',#187,#770);
#770 = DEFINITIONAL_REPRESENTATION('',(#771),#775);
#771 = CIRCLE('',#772,0.8);
#772 = AXIS2_PLACEMENT_2D('',#773,#774);
#773 = CARTESIAN_POINT('',(30.642,-7.33));
#774 = DIRECTION('',(0.,-1.));
#775 = ( GEOMETRIC_REPRESENTATION_CONTEXT(2) 
PARAMETRIC_REPRESENTATION_CONTEXT() REPRESENTATION_CONTEXT('2D SPACE',''
  ) );
#776 = PCURVE('',#777,#782);
#777 = CYLINDRICAL_SURFACE('',#778,0.8);
#778 = AXIS2_PLACEMENT_3D('',#779,#780,#781);
#779 = CARTESIAN_POINT('',(-26.,-5.442,-5.67));
#780 = DIRECTION('',(1.,0.,0.));
#781 = DIRECTION('',(0.,-0.,1.));
#782 = DEFINITIONAL_REPRESENTATION('',(#783),#787);
#783 = LINE('',#784,#785);
#784 = CARTESIAN_POINT('',(0.,4.8));
#785 = VECTOR('',#786,1.);
#786 = DIRECTION('',(1.,0.));
#787 = ( GEOMETRIC_REPRESENTATION_CONTEXT(2) 
PARAMETRIC_REPRESENTATION_CONTEXT() REPRESENTATION_CONTEXT('2D SPACE',''
  ) );
#788 = ORIENTED_EDGE('',*,*,#789,.T.);
#789 = EDGE_CURVE('',#761,#790,#792,.T.);
#790 = VERTEX_POINT('',#791);
#791 = CARTESIAN_POINT('',(-21.2,5.958,-4.87));
#792 = SURFACE_CURVE('',#793,(#797,#803),.PCURVE_S1.);
#793 = LINE('',#794,#795);
#794 = CARTESIAN_POINT('',(-21.2,15.979,-4.87));
#795 = VECTOR('',#796,1.);
#796 = DIRECTION('',(0.,1.,0.));
#797 = PCURVE('',#187,#798);
#798 = DEFINITIONAL_REPRESENTATION('',(#799),#802);
#799 = B_SPLINE_CURVE_WITH_KNOTS('',1,(#800,#801),.UNSPECIFIED.,.F.,.F.,
  (2,2),(-21.421,-10.021),.PIECEWISE_BEZIER_KNOTS.);
#800 = CARTESIAN_POINT('',(30.642,-8.13));
#801 = CARTESIAN_POINT('',(19.242,-8.13));
#802 = ( GEOMETRIC_REPRESENTATION_CONTEXT(2) 
PARAMETRIC_REPRESENTATION_CONTEXT() REPRESENTATION_CONTEXT('2D SPACE',''
  ) );
#803 = PCURVE('',#804,#809);
#804 = PLANE('',#805);
#805 = AXIS2_PLACEMENT_3D('',#806,#807,#808);
#806 = CARTESIAN_POINT('',(-26.,6.758,-4.87));
#807 = DIRECTION('',(0.,0.,-1.));
#808 = DIRECTION('',(0.,-1.,0.));
#809 = DEFINITIONAL_REPRESENTATION('',(#810),#813);
#810 = B_SPLINE_CURVE_WITH_KNOTS('',1,(#811,#812),.UNSPECIFIED.,.F.,.F.,
  (2,2),(-21.421,-10.021),.PIECEWISE_BEZIER_KNOTS.);
#811 = CARTESIAN_POINT('',(12.2,-4.8));
#812 = CARTESIAN_POINT('',(0.8,-4.8));
#813 = ( GEOMETRIC_REPRESENTATION_CONTEXT(2) 
PARAMETRIC_REPRESENTATION_CONTEXT() REPRESENTATION_CONTEXT('2D SPACE',''
  ) );
#814 = ORIENTED_EDGE('',*,*,#815,.F.);
#815 = EDGE_CURVE('',#816,#790,#818,.T.);
#816 = VERTEX_POINT('',#817);
#817 = CARTESIAN_POINT('',(-21.2,6.758,-5.67));
#818 = SURFACE_CURVE('',#819,(#824,#831),.PCURVE_S1.);
#819 = CIRCLE('',#820,0.8);
#820 = AXIS2_PLACEMENT_3D('',#821,#822,#823);
#821 = CARTESIAN_POINT('',(-21.2,5.958,-5.67));
#822 = DIRECTION('',(1.,0.,0.));
#823 = DIRECTION('',(-0.,1.,0.));
#824 = PCURVE('',#187,#825);
#825 = DEFINITIONAL_REPRESENTATION('',(#826),#830);
#826 = CIRCLE('',#827,0.8);
#827 = AXIS2_PLACEMENT_2D('',#828,#829);
#828 = CARTESIAN_POINT('',(19.242,-7.33));
#829 = DIRECTION('',(-1.,-0.));
#830 = ( GEOMETRIC_REPRESENTATION_CONTEXT(2) 
PARAMETRIC_REPRESENTATION_CONTEXT() REPRESENTATION_CONTEXT('2D SPACE',''
  ) );
#831 = PCURVE('',#832,#837);
#832 = CYLINDRICAL_SURFACE('',#833,0.8);
#833 = AXIS2_PLACEMENT_3D('',#834,#835,#836);
#834 = CARTESIAN_POINT('',(-26.,5.958,-5.67));
#835 = DIRECTION('',(1.,0.,0.));
#836 = DIRECTION('',(-0.,1.,0.));
#837 = DEFINITIONAL_REPRESENTATION('',(#838),#842);
#838 = LINE('',#839,#840);
#839 = CARTESIAN_POINT('',(0.,4.8));
#840 = VECTOR('',#841,1.);
#841 = DIRECTION('',(1.,0.));
#842 = ( GEOMETRIC_REPRESENTATION_CONTEXT(2) 
PARAMETRIC_REPRESENTATION_CONTEXT() REPRESENTATION_CONTEXT('2D SPACE',''
  ) );
#843 = ORIENTED_EDGE('',*,*,#844,.T.);
#844 = EDGE_CURVE('',#816,#651,#845,.T.);
#845 = SURFACE_CURVE('',#846,(#850,#856),.PCURVE_S1.);
#846 = LINE('',#847,#848);
#847 = CARTESIAN_POINT('',(-21.2,6.758,-12.435));
#848 = VECTOR('',#849,1.);
#849 = DIRECTION('',(0.,-0.,-1.));
#850 = PCURVE('',#187,#851);
#851 = DEFINITIONAL_REPRESENTATION('',(#852),#855);
#852 = B_SPLINE_CURVE_WITH_KNOTS('',1,(#853,#854),.UNSPECIFIED.,.F.,.F.,
  (2,2),(-6.765,-1.365),.PIECEWISE_BEZIER_KNOTS.);
#853 = CARTESIAN_POINT('',(18.442,-7.33));
#854 = CARTESIAN_POINT('',(18.442,-1.93));
#855 = ( GEOMETRIC_REPRESENTATION_CONTEXT(2) 
PARAMETRIC_REPRESENTATION_CONTEXT() REPRESENTATION_CONTEXT('2D SPACE',''
  ) );
#856 = PCURVE('',#857,#862);
#857 = PLANE('',#858);
#858 = AXIS2_PLACEMENT_3D('',#859,#860,#861);
#859 = CARTESIAN_POINT('',(-26.,6.758,-11.87));
#860 = DIRECTION('',(0.,-1.,0.));
#861 = DIRECTION('',(0.,0.,1.));
#862 = DEFINITIONAL_REPRESENTATION('',(#863),#866);
#863 = B_SPLINE_CURVE_WITH_KNOTS('',1,(#864,#865),.UNSPECIFIED.,.F.,.F.,
  (2,2),(-6.765,-1.365),.PIECEWISE_BEZIER_KNOTS.);
#864 = CARTESIAN_POINT('',(6.2,-4.8));
#865 = CARTESIAN_POINT('',(0.8,-4.8));
#866 = ( GEOMETRIC_REPRESENTATION_CONTEXT(2) 
PARAMETRIC_REPRESENTATION_CONTEXT() REPRESENTATION_CONTEXT('2D SPACE',''
  ) );
#867 = ADVANCED_FACE('',(#868,#1275,#1310,#1345,#1380,#1602),#267,.F.);
#868 = FACE_BOUND('',#869,.F.);
#869 = EDGE_LOOP('',(#870,#893,#894,#895,#919,#947,#976,#1004,#1037,
    #1065,#1098,#1126,#1159,#1187,#1220,#1248));
#870 = ORIENTED_EDGE('',*,*,#871,.T.);
#871 = EDGE_CURVE('',#872,#466,#874,.T.);
#872 = VERTEX_POINT('',#873);
#873 = CARTESIAN_POINT('',(-20.55,17.2,-13.));
#874 = SURFACE_CURVE('',#875,(#879,#886),.PCURVE_S1.);
#875 = LINE('',#876,#877);
#876 = CARTESIAN_POINT('',(-20.55,17.2,-13.));
#877 = VECTOR('',#878,1.);
#878 = DIRECTION('',(0.,-1.,0.));
#879 = PCURVE('',#267,#880);
#880 = DEFINITIONAL_REPRESENTATION('',(#881),#885);
#881 = LINE('',#882,#883);
#882 = CARTESIAN_POINT('',(-20.55,17.2));
#883 = VECTOR('',#884,1.);
#884 = DIRECTION('',(0.,-1.));
#885 = ( GEOMETRIC_REPRESENTATION_CONTEXT(2) 
PARAMETRIC_REPRESENTATION_CONTEXT() REPRESENTATION_CONTEXT('2D SPACE',''
  ) );
#886 = PCURVE('',#481,#887);
#887 = DEFINITIONAL_REPRESENTATION('',(#888),#892);
#888 = LINE('',#889,#890);
#889 = CARTESIAN_POINT('',(1.570796326795,0.));
#890 = VECTOR('',#891,1.);
#891 = DIRECTION('',(0.,1.));
#892 = ( GEOMETRIC_REPRESENTATION_CONTEXT(2) 
PARAMETRIC_REPRESENTATION_CONTEXT() REPRESENTATION_CONTEXT('2D SPACE',''
  ) );
#893 = ORIENTED_EDGE('',*,*,#494,.T.);
#894 = ORIENTED_EDGE('',*,*,#251,.T.);
#895 = ORIENTED_EDGE('',*,*,#896,.T.);
#896 = EDGE_CURVE('',#252,#897,#899,.T.);
#897 = VERTEX_POINT('',#898);
#898 = CARTESIAN_POINT('',(20.55,-17.2,-13.));
#899 = SURFACE_CURVE('',#900,(#905,#912),.PCURVE_S1.);
#900 = CIRCLE('',#901,7.35);
#901 = AXIS2_PLACEMENT_3D('',#902,#903,#904);
#902 = CARTESIAN_POINT('',(13.2,-17.2,-13.));
#903 = DIRECTION('',(0.,0.,1.));
#904 = DIRECTION('',(0.,-1.,0.));
#905 = PCURVE('',#267,#906);
#906 = DEFINITIONAL_REPRESENTATION('',(#907),#911);
#907 = CIRCLE('',#908,7.35);
#908 = AXIS2_PLACEMENT_2D('',#909,#910);
#909 = CARTESIAN_POINT('',(13.2,-17.2));
#910 = DIRECTION('',(0.,-1.));
#911 = ( GEOMETRIC_REPRESENTATION_CONTEXT(2) 
PARAMETRIC_REPRESENTATION_CONTEXT() REPRESENTATION_CONTEXT('2D SPACE',''
  ) );
#912 = PCURVE('',#293,#913);
#913 = DEFINITIONAL_REPRESENTATION('',(#914),#918);
#914 = LINE('',#915,#916);
#915 = CARTESIAN_POINT('',(-0.,1.570796326795));
#916 = VECTOR('',#917,1.);
#917 = DIRECTION('',(-1.,0.));
#918 = ( GEOMETRIC_REPRESENTATION_CONTEXT(2) 
PARAMETRIC_REPRESENTATION_CONTEXT() REPRESENTATION_CONTEXT('2D SPACE',''
  ) );
#919 = ORIENTED_EDGE('',*,*,#920,.T.);
#920 = EDGE_CURVE('',#897,#921,#923,.T.);
#921 = VERTEX_POINT('',#922);
#922 = CARTESIAN_POINT('',(20.55,17.2,-13.));
#923 = SURFACE_CURVE('',#924,(#928,#935),.PCURVE_S1.);
#924 = LINE('',#925,#926);
#925 = CARTESIAN_POINT('',(20.55,-17.2,-13.));
#926 = VECTOR('',#927,1.);
#927 = DIRECTION('',(0.,1.,0.));
#928 = PCURVE('',#267,#929);
#929 = DEFINITIONAL_REPRESENTATION('',(#930),#934);
#930 = LINE('',#931,#932);
#931 = CARTESIAN_POINT('',(20.55,-17.2));
#932 = VECTOR('',#933,1.);
#933 = DIRECTION('',(0.,1.));
#934 = ( GEOMETRIC_REPRESENTATION_CONTEXT(2) 
PARAMETRIC_REPRESENTATION_CONTEXT() REPRESENTATION_CONTEXT('2D SPACE',''
  ) );
#935 = PCURVE('',#936,#941);
#936 = CYLINDRICAL_SURFACE('',#937,0.65);
#937 = AXIS2_PLACEMENT_3D('',#938,#939,#940);
#938 = CARTESIAN_POINT('',(20.55,-17.2,-12.35));
#939 = DIRECTION('',(0.,1.,0.));
#940 = DIRECTION('',(1.,0.,-0.));
#941 = DEFINITIONAL_REPRESENTATION('',(#942),#946);
#942 = LINE('',#943,#944);
#943 = CARTESIAN_POINT('',(1.570796326795,0.));
#944 = VECTOR('',#945,1.);
#945 = DIRECTION('',(0.,1.));
#946 = ( GEOMETRIC_REPRESENTATION_CONTEXT(2) 
PARAMETRIC_REPRESENTATION_CONTEXT() REPRESENTATION_CONTEXT('2D SPACE',''
  ) );
#947 = ORIENTED_EDGE('',*,*,#948,.T.);
#948 = EDGE_CURVE('',#921,#949,#951,.T.);
#949 = VERTEX_POINT('',#950);
#950 = CARTESIAN_POINT('',(18.545963777017,22.244122450419,-13.));
#951 = SURFACE_CURVE('',#952,(#957,#964),.PCURVE_S1.);
#952 = CIRCLE('',#953,7.35);
#953 = AXIS2_PLACEMENT_3D('',#954,#955,#956);
#954 = CARTESIAN_POINT('',(13.2,17.2,-13.));
#955 = DIRECTION('',(0.,0.,1.));
#956 = DIRECTION('',(1.,0.,-0.));
#957 = PCURVE('',#267,#958);
#958 = DEFINITIONAL_REPRESENTATION('',(#959),#963);
#959 = CIRCLE('',#960,7.35);
#960 = AXIS2_PLACEMENT_2D('',#961,#962);
#961 = CARTESIAN_POINT('',(13.2,17.2));
#962 = DIRECTION('',(1.,0.));
#963 = ( GEOMETRIC_REPRESENTATION_CONTEXT(2) 
PARAMETRIC_REPRESENTATION_CONTEXT() REPRESENTATION_CONTEXT('2D SPACE',''
  ) );
#964 = PCURVE('',#965,#970);
#965 = TOROIDAL_SURFACE('',#966,7.35,0.65);
#966 = AXIS2_PLACEMENT_3D('',#967,#968,#969);
#967 = CARTESIAN_POINT('',(13.2,17.2,-12.35));
#968 = DIRECTION('',(-0.,-0.,-1.));
#969 = DIRECTION('',(1.,0.,-0.));
#970 = DEFINITIONAL_REPRESENTATION('',(#971),#975);
#971 = LINE('',#972,#973);
#972 = CARTESIAN_POINT('',(-0.,1.570796326795));
#973 = VECTOR('',#974,1.);
#974 = DIRECTION('',(-1.,0.));
#975 = ( GEOMETRIC_REPRESENTATION_CONTEXT(2) 
PARAMETRIC_REPRESENTATION_CONTEXT() REPRESENTATION_CONTEXT('2D SPACE',''
  ) );
#976 = ORIENTED_EDGE('',*,*,#977,.F.);
#977 = EDGE_CURVE('',#978,#949,#980,.T.);
#978 = VERTEX_POINT('',#979);
#979 = CARTESIAN_POINT('',(17.801499636269,30.261428581557,-13.));
#980 = SURFACE_CURVE('',#981,(#985,#992),.PCURVE_S1.);
#981 = LINE('',#982,#983);
#982 = CARTESIAN_POINT('',(17.801499636269,30.261428581557,-13.));
#983 = VECTOR('',#984,1.);
#984 = DIRECTION('',(9.245938526191E-02,-0.995716456667,0.));
#985 = PCURVE('',#267,#986);
#986 = DEFINITIONAL_REPRESENTATION('',(#987),#991);
#987 = LINE('',#988,#989);
#988 = CARTESIAN_POINT('',(17.801499636269,30.261428581557));
#989 = VECTOR('',#990,1.);
#990 = DIRECTION('',(9.245938526191E-02,-0.995716456667));
#991 = ( GEOMETRIC_REPRESENTATION_CONTEXT(2) 
PARAMETRIC_REPRESENTATION_CONTEXT() REPRESENTATION_CONTEXT('2D SPACE',''
  ) );
#992 = PCURVE('',#993,#998);
#993 = CYLINDRICAL_SURFACE('',#994,0.65);
#994 = AXIS2_PLACEMENT_3D('',#995,#996,#997);
#995 = CARTESIAN_POINT('',(17.801499636269,30.261428581557,-12.35));
#996 = DIRECTION('',(9.245938526191E-02,-0.995716456667,0.));
#997 = DIRECTION('',(0.995716456667,9.245938526191E-02,0.));
#998 = DEFINITIONAL_REPRESENTATION('',(#999),#1003);
#999 = LINE('',#1000,#1001);
#1000 = CARTESIAN_POINT('',(-1.570796326795,0.));
#1001 = VECTOR('',#1002,1.);
#1002 = DIRECTION('',(-0.,1.));
#1003 = ( GEOMETRIC_REPRESENTATION_CONTEXT(2) 
PARAMETRIC_REPRESENTATION_CONTEXT() REPRESENTATION_CONTEXT('2D SPACE',''
  ) );
#1004 = ORIENTED_EDGE('',*,*,#1005,.F.);
#1005 = EDGE_CURVE('',#1006,#978,#1008,.T.);
#1006 = VERTEX_POINT('',#1007);
#1007 = CARTESIAN_POINT('',(16.443418591244,30.861543147918,-13.));
#1008 = SURFACE_CURVE('',#1009,(#1014,#1025),.PCURVE_S1.);
#1009 = CIRCLE('',#1010,0.85);
#1010 = AXIS2_PLACEMENT_3D('',#1011,#1012,#1013);
#1011 = CARTESIAN_POINT('',(16.955140648102,30.182838104084,-13.));
#1012 = DIRECTION('',(0.,0.,-1.));
#1013 = DIRECTION('',(-0.602025949245,0.798476522157,0.));
#1014 = PCURVE('',#267,#1015);
#1015 = DEFINITIONAL_REPRESENTATION('',(#1016),#1024);
#1016 = ( BOUNDED_CURVE() B_SPLINE_CURVE(2,(#1017,#1018,#1019,#1020,
#1021,#1022,#1023),.UNSPECIFIED.,.T.,.F.) B_SPLINE_CURVE_WITH_KNOTS((1,2
    ,2,2,2,1),(-2.094395102393,0.,2.094395102393,4.188790204786,
6.28318530718,8.377580409573),.UNSPECIFIED.) CURVE() 
GEOMETRIC_REPRESENTATION_ITEM() RATIONAL_B_SPLINE_CURVE((1.,0.5,1.,0.5,
1.,0.5,1.)) REPRESENTATION_ITEM('') );
#1017 = CARTESIAN_POINT('',(16.443418591244,30.861543147918));
#1018 = CARTESIAN_POINT('',(17.618970210516,31.74787174975));
#1019 = CARTESIAN_POINT('',(17.798777486167,30.286649883084));
#1020 = CARTESIAN_POINT('',(17.978584761819,28.825428016418));
#1021 = CARTESIAN_POINT('',(16.623225866895,29.400321281252));
#1022 = CARTESIAN_POINT('',(15.267866971971,29.975214546085));
#1023 = CARTESIAN_POINT('',(16.443418591244,30.861543147918));
#1024 = ( GEOMETRIC_REPRESENTATION_CONTEXT(2) 
PARAMETRIC_REPRESENTATION_CONTEXT() REPRESENTATION_CONTEXT('2D SPACE',''
  ) );
#1025 = PCURVE('',#1026,#1031);
#1026 = TOROIDAL_SURFACE('',#1027,0.85,0.65);
#1027 = AXIS2_PLACEMENT_3D('',#1028,#1029,#1030);
#1028 = CARTESIAN_POINT('',(16.955140648102,30.182838104084,-12.35));
#1029 = DIRECTION('',(0.,0.,-1.));
#1030 = DIRECTION('',(-0.602025949245,0.798476522157,0.));
#1031 = DEFINITIONAL_REPRESENTATION('',(#1032),#1036);
#1032 = LINE('',#1033,#1034);
#1033 = CARTESIAN_POINT('',(0.,1.570796326795));
#1034 = VECTOR('',#1035,1.);
#1035 = DIRECTION('',(1.,0.));
#1036 = ( GEOMETRIC_REPRESENTATION_CONTEXT(2) 
PARAMETRIC_REPRESENTATION_CONTEXT() REPRESENTATION_CONTEXT('2D SPACE',''
  ) );
#1037 = ORIENTED_EDGE('',*,*,#1038,.F.);
#1038 = EDGE_CURVE('',#1039,#1006,#1041,.T.);
#1039 = VERTEX_POINT('',#1040);
#1040 = CARTESIAN_POINT('',(8.294360946275,24.717412383854,-13.));
#1041 = SURFACE_CURVE('',#1042,(#1046,#1053),.PCURVE_S1.);
#1042 = LINE('',#1043,#1044);
#1043 = CARTESIAN_POINT('',(8.294360946275,24.717412383854,-13.));
#1044 = VECTOR('',#1045,1.);
#1045 = DIRECTION('',(0.798476522157,0.602025949245,0.));
#1046 = PCURVE('',#267,#1047);
#1047 = DEFINITIONAL_REPRESENTATION('',(#1048),#1052);
#1048 = LINE('',#1049,#1050);
#1049 = CARTESIAN_POINT('',(8.294360946275,24.717412383854));
#1050 = VECTOR('',#1051,1.);
#1051 = DIRECTION('',(0.798476522157,0.602025949245));
#1052 = ( GEOMETRIC_REPRESENTATION_CONTEXT(2) 
PARAMETRIC_REPRESENTATION_CONTEXT() REPRESENTATION_CONTEXT('2D SPACE',''
  ) );
#1053 = PCURVE('',#1054,#1059);
#1054 = CYLINDRICAL_SURFACE('',#1055,0.65);
#1055 = AXIS2_PLACEMENT_3D('',#1056,#1057,#1058);
#1056 = CARTESIAN_POINT('',(8.294360946275,24.717412383854,-12.35));
#1057 = DIRECTION('',(0.798476522157,0.602025949245,0.));
#1058 = DIRECTION('',(-0.602025949245,0.798476522157,0.));
#1059 = DEFINITIONAL_REPRESENTATION('',(#1060),#1064);
#1060 = LINE('',#1061,#1062);
#1061 = CARTESIAN_POINT('',(-1.570796326795,0.));
#1062 = VECTOR('',#1063,1.);
#1063 = DIRECTION('',(-0.,1.));
#1064 = ( GEOMETRIC_REPRESENTATION_CONTEXT(2) 
PARAMETRIC_REPRESENTATION_CONTEXT() REPRESENTATION_CONTEXT('2D SPACE',''
  ) );
#1065 = ORIENTED_EDGE('',*,*,#1066,.F.);
#1066 = EDGE_CURVE('',#1067,#1039,#1069,.T.);
#1067 = VERTEX_POINT('',#1068);
#1068 = CARTESIAN_POINT('',(8.127054420634,24.55,-13.));
#1069 = SURFACE_CURVE('',#1070,(#1075,#1086),.PCURVE_S1.);
#1070 = CIRCLE('',#1071,0.85);
#1071 = AXIS2_PLACEMENT_3D('',#1072,#1073,#1074);
#1072 = CARTESIAN_POINT('',(8.806083003134,24.038707340021,-13.));
#1073 = DIRECTION('',(0.,0.,-1.));
#1074 = DIRECTION('',(-0.308002513919,-0.951385542995,-0.));
#1075 = PCURVE('',#267,#1076);
#1076 = DEFINITIONAL_REPRESENTATION('',(#1077),#1085);
#1077 = ( BOUNDED_CURVE() B_SPLINE_CURVE(2,(#1078,#1079,#1080,#1081,
#1082,#1083,#1084),.UNSPECIFIED.,.T.,.F.) B_SPLINE_CURVE_WITH_KNOTS((1,2
    ,2,2,2,1),(-2.094395102393,0.,2.094395102393,4.188790204786,
6.28318530718,8.377580409573),.UNSPECIFIED.) CURVE() 
GEOMETRIC_REPRESENTATION_ITEM() RATIONAL_B_SPLINE_CURVE((1.,0.5,1.,0.5,
1.,0.5,1.)) REPRESENTATION_ITEM('') );
#1078 = CARTESIAN_POINT('',(8.544280866303,23.230029628476));
#1079 = CARTESIAN_POINT('',(7.143609982957,23.683484230997));
#1080 = CARTESIAN_POINT('',(8.236648629877,24.669773497055));
#1081 = CARTESIAN_POINT('',(9.329687276796,25.656062763112));
#1082 = CARTESIAN_POINT('',(9.637319513222,24.216318894533));
#1083 = CARTESIAN_POINT('',(9.944951749648,22.776575025954));
#1084 = CARTESIAN_POINT('',(8.544280866303,23.230029628476));
#1085 = ( GEOMETRIC_REPRESENTATION_CONTEXT(2) 
PARAMETRIC_REPRESENTATION_CONTEXT() REPRESENTATION_CONTEXT('2D SPACE',''
  ) );
#1086 = PCURVE('',#1087,#1092);
#1087 = TOROIDAL_SURFACE('',#1088,0.85,0.65);
#1088 = AXIS2_PLACEMENT_3D('',#1089,#1090,#1091);
#1089 = CARTESIAN_POINT('',(8.806083003134,24.038707340021,-12.35));
#1090 = DIRECTION('',(0.,0.,-1.));
#1091 = DIRECTION('',(-0.308002513919,-0.951385542995,-0.));
#1092 = DEFINITIONAL_REPRESENTATION('',(#1093),#1097);
#1093 = LINE('',#1094,#1095);
#1094 = CARTESIAN_POINT('',(0.,1.570796326795));
#1095 = VECTOR('',#1096,1.);
#1096 = DIRECTION('',(1.,0.));
#1097 = ( GEOMETRIC_REPRESENTATION_CONTEXT(2) 
PARAMETRIC_REPRESENTATION_CONTEXT() REPRESENTATION_CONTEXT('2D SPACE',''
  ) );
#1098 = ORIENTED_EDGE('',*,*,#1099,.T.);
#1099 = EDGE_CURVE('',#1067,#1100,#1102,.T.);
#1100 = VERTEX_POINT('',#1101);
#1101 = CARTESIAN_POINT('',(-8.127054420634,24.55,-13.));
#1102 = SURFACE_CURVE('',#1103,(#1107,#1114),.PCURVE_S1.);
#1103 = LINE('',#1104,#1105);
#1104 = CARTESIAN_POINT('',(13.2,24.55,-13.));
#1105 = VECTOR('',#1106,1.);
#1106 = DIRECTION('',(-1.,0.,0.));
#1107 = PCURVE('',#267,#1108);
#1108 = DEFINITIONAL_REPRESENTATION('',(#1109),#1113);
#1109 = LINE('',#1110,#1111);
#1110 = CARTESIAN_POINT('',(13.2,24.55));
#1111 = VECTOR('',#1112,1.);
#1112 = DIRECTION('',(-1.,0.));
#1113 = ( GEOMETRIC_REPRESENTATION_CONTEXT(2) 
PARAMETRIC_REPRESENTATION_CONTEXT() REPRESENTATION_CONTEXT('2D SPACE',''
  ) );
#1114 = PCURVE('',#1115,#1120);
#1115 = CYLINDRICAL_SURFACE('',#1116,0.65);
#1116 = AXIS2_PLACEMENT_3D('',#1117,#1118,#1119);
#1117 = CARTESIAN_POINT('',(13.2,24.55,-12.35));
#1118 = DIRECTION('',(-1.,0.,0.));
#1119 = DIRECTION('',(0.,1.,-0.));
#1120 = DEFINITIONAL_REPRESENTATION('',(#1121),#1125);
#1121 = LINE('',#1122,#1123);
#1122 = CARTESIAN_POINT('',(1.570796326795,0.));
#1123 = VECTOR('',#1124,1.);
#1124 = DIRECTION('',(0.,1.));
#1125 = ( GEOMETRIC_REPRESENTATION_CONTEXT(2) 
PARAMETRIC_REPRESENTATION_CONTEXT() REPRESENTATION_CONTEXT('2D SPACE',''
  ) );
#1126 = ORIENTED_EDGE('',*,*,#1127,.F.);
#1127 = EDGE_CURVE('',#1128,#1100,#1130,.T.);
#1128 = VERTEX_POINT('',#1129);
#1129 = CARTESIAN_POINT('',(-8.294360946275,24.717412383854,-13.));
#1130 = SURFACE_CURVE('',#1131,(#1136,#1147),.PCURVE_S1.);
#1131 = CIRCLE('',#1132,0.85);
#1132 = AXIS2_PLACEMENT_3D('',#1133,#1134,#1135);
#1133 = CARTESIAN_POINT('',(-8.806083003134,24.038707340021,-13.));
#1134 = DIRECTION('',(0.,0.,-1.));
#1135 = DIRECTION('',(0.602025949245,0.798476522157,0.));
#1136 = PCURVE('',#267,#1137);
#1137 = DEFINITIONAL_REPRESENTATION('',(#1138),#1146);
#1138 = ( BOUNDED_CURVE() B_SPLINE_CURVE(2,(#1139,#1140,#1141,#1142,
#1143,#1144,#1145),.UNSPECIFIED.,.T.,.F.) B_SPLINE_CURVE_WITH_KNOTS((1,2
    ,2,2,2,1),(-2.094395102393,0.,2.094395102393,4.188790204786,
6.28318530718,8.377580409573),.UNSPECIFIED.) CURVE() 
GEOMETRIC_REPRESENTATION_ITEM() RATIONAL_B_SPLINE_CURVE((1.,0.5,1.,0.5,
1.,0.5,1.)) REPRESENTATION_ITEM('') );
#1139 = CARTESIAN_POINT('',(-8.294360946275,24.717412383854));
#1140 = CARTESIAN_POINT('',(-7.118809327003,23.831083782022));
#1141 = CARTESIAN_POINT('',(-8.474168221927,23.256190517188));
#1142 = CARTESIAN_POINT('',(-9.829527116851,22.681297252355));
#1143 = CARTESIAN_POINT('',(-9.649719841199,24.142519119021));
#1144 = CARTESIAN_POINT('',(-9.469912565548,25.603740985687));
#1145 = CARTESIAN_POINT('',(-8.294360946275,24.717412383854));
#1146 = ( GEOMETRIC_REPRESENTATION_CONTEXT(2) 
PARAMETRIC_REPRESENTATION_CONTEXT() REPRESENTATION_CONTEXT('2D SPACE',''
  ) );
#1147 = PCURVE('',#1148,#1153);
#1148 = TOROIDAL_SURFACE('',#1149,0.85,0.65);
#1149 = AXIS2_PLACEMENT_3D('',#1150,#1151,#1152);
#1150 = CARTESIAN_POINT('',(-8.806083003134,24.038707340021,-12.35));
#1151 = DIRECTION('',(0.,0.,-1.));
#1152 = DIRECTION('',(0.602025949245,0.798476522157,0.));
#1153 = DEFINITIONAL_REPRESENTATION('',(#1154),#1158);
#1154 = LINE('',#1155,#1156);
#1155 = CARTESIAN_POINT('',(0.,1.570796326795));
#1156 = VECTOR('',#1157,1.);
#1157 = DIRECTION('',(1.,0.));
#1158 = ( GEOMETRIC_REPRESENTATION_CONTEXT(2) 
PARAMETRIC_REPRESENTATION_CONTEXT() REPRESENTATION_CONTEXT('2D SPACE',''
  ) );
#1159 = ORIENTED_EDGE('',*,*,#1160,.F.);
#1160 = EDGE_CURVE('',#1161,#1128,#1163,.T.);
#1161 = VERTEX_POINT('',#1162);
#1162 = CARTESIAN_POINT('',(-16.44341859124,30.861543147918,-13.));
#1163 = SURFACE_CURVE('',#1164,(#1168,#1175),.PCURVE_S1.);
#1164 = LINE('',#1165,#1166);
#1165 = CARTESIAN_POINT('',(-16.44341859124,30.861543147918,-13.));
#1166 = VECTOR('',#1167,1.);
#1167 = DIRECTION('',(0.798476522157,-0.602025949245,0.));
#1168 = PCURVE('',#267,#1169);
#1169 = DEFINITIONAL_REPRESENTATION('',(#1170),#1174);
#1170 = LINE('',#1171,#1172);
#1171 = CARTESIAN_POINT('',(-16.44341859124,30.861543147918));
#1172 = VECTOR('',#1173,1.);
#1173 = DIRECTION('',(0.798476522157,-0.602025949245));
#1174 = ( GEOMETRIC_REPRESENTATION_CONTEXT(2) 
PARAMETRIC_REPRESENTATION_CONTEXT() REPRESENTATION_CONTEXT('2D SPACE',''
  ) );
#1175 = PCURVE('',#1176,#1181);
#1176 = CYLINDRICAL_SURFACE('',#1177,0.65);
#1177 = AXIS2_PLACEMENT_3D('',#1178,#1179,#1180);
#1178 = CARTESIAN_POINT('',(-16.44341859124,30.861543147918,-12.35));
#1179 = DIRECTION('',(0.798476522157,-0.602025949245,0.));
#1180 = DIRECTION('',(0.602025949245,0.798476522157,0.));
#1181 = DEFINITIONAL_REPRESENTATION('',(#1182),#1186);
#1182 = LINE('',#1183,#1184);
#1183 = CARTESIAN_POINT('',(-1.570796326795,0.));
#1184 = VECTOR('',#1185,1.);
#1185 = DIRECTION('',(-0.,1.));
#1186 = ( GEOMETRIC_REPRESENTATION_CONTEXT(2) 
PARAMETRIC_REPRESENTATION_CONTEXT() REPRESENTATION_CONTEXT('2D SPACE',''
  ) );
#1187 = ORIENTED_EDGE('',*,*,#1188,.F.);
#1188 = EDGE_CURVE('',#1189,#1161,#1191,.T.);
#1189 = VERTEX_POINT('',#1190);
#1190 = CARTESIAN_POINT('',(-17.80149963626,30.261428581557,-13.));
#1191 = SURFACE_CURVE('',#1192,(#1197,#1208),.PCURVE_S1.);
#1192 = CIRCLE('',#1193,0.85);
#1193 = AXIS2_PLACEMENT_3D('',#1194,#1195,#1196);
#1194 = CARTESIAN_POINT('',(-16.9551406481,30.182838104084,-13.));
#1195 = DIRECTION('',(0.,0.,-1.));
#1196 = DIRECTION('',(-0.995716456667,9.245938526191E-02,0.));
#1197 = PCURVE('',#267,#1198);
#1198 = DEFINITIONAL_REPRESENTATION('',(#1199),#1207);
#1199 = ( BOUNDED_CURVE() B_SPLINE_CURVE(2,(#1200,#1201,#1202,#1203,
#1204,#1205,#1206),.UNSPECIFIED.,.T.,.F.) B_SPLINE_CURVE_WITH_KNOTS((1,2
    ,2,2,2,1),(-2.094395102393,0.,2.094395102393,4.188790204786,
6.28318530718,8.377580409573),.UNSPECIFIED.) CURVE() 
GEOMETRIC_REPRESENTATION_ITEM() RATIONAL_B_SPLINE_CURVE((1.,0.5,1.,0.5,
1.,0.5,1.)) REPRESENTATION_ITEM('') );
#1200 = CARTESIAN_POINT('',(-17.80149963626,30.261428581557));
#1201 = CARTESIAN_POINT('',(-17.66537693629,31.727365350504));
#1202 = CARTESIAN_POINT('',(-16.46389980403,30.876511249822));
#1203 = CARTESIAN_POINT('',(-15.26242267176,30.025657149139));
#1204 = CARTESIAN_POINT('',(-16.600022504,29.410574480874));
#1205 = CARTESIAN_POINT('',(-17.93762233624,28.79549181261));
#1206 = CARTESIAN_POINT('',(-17.80149963626,30.261428581557));
#1207 = ( GEOMETRIC_REPRESENTATION_CONTEXT(2) 
PARAMETRIC_REPRESENTATION_CONTEXT() REPRESENTATION_CONTEXT('2D SPACE',''
  ) );
#1208 = PCURVE('',#1209,#1214);
#1209 = TOROIDAL_SURFACE('',#1210,0.85,0.65);
#1210 = AXIS2_PLACEMENT_3D('',#1211,#1212,#1213);
#1211 = CARTESIAN_POINT('',(-16.9551406481,30.182838104084,-12.35));
#1212 = DIRECTION('',(0.,0.,-1.));
#1213 = DIRECTION('',(-0.995716456667,9.245938526191E-02,0.));
#1214 = DEFINITIONAL_REPRESENTATION('',(#1215),#1219);
#1215 = LINE('',#1216,#1217);
#1216 = CARTESIAN_POINT('',(0.,1.570796326795));
#1217 = VECTOR('',#1218,1.);
#1218 = DIRECTION('',(1.,0.));
#1219 = ( GEOMETRIC_REPRESENTATION_CONTEXT(2) 
PARAMETRIC_REPRESENTATION_CONTEXT() REPRESENTATION_CONTEXT('2D SPACE',''
  ) );
#1220 = ORIENTED_EDGE('',*,*,#1221,.F.);
#1221 = EDGE_CURVE('',#1222,#1189,#1224,.T.);
#1222 = VERTEX_POINT('',#1223);
#1223 = CARTESIAN_POINT('',(-18.54596377701,22.244122450419,-13.));
#1224 = SURFACE_CURVE('',#1225,(#1229,#1236),.PCURVE_S1.);
#1225 = LINE('',#1226,#1227);
#1226 = CARTESIAN_POINT('',(-18.64227542503,21.206920087148,-13.));
#1227 = VECTOR('',#1228,1.);
#1228 = DIRECTION('',(9.245938526191E-02,0.995716456667,0.));
#1229 = PCURVE('',#267,#1230);
#1230 = DEFINITIONAL_REPRESENTATION('',(#1231),#1235);
#1231 = LINE('',#1232,#1233);
#1232 = CARTESIAN_POINT('',(-18.64227542503,21.206920087148));
#1233 = VECTOR('',#1234,1.);
#1234 = DIRECTION('',(9.245938526191E-02,0.995716456667));
#1235 = ( GEOMETRIC_REPRESENTATION_CONTEXT(2) 
PARAMETRIC_REPRESENTATION_CONTEXT() REPRESENTATION_CONTEXT('2D SPACE',''
  ) );
#1236 = PCURVE('',#1237,#1242);
#1237 = CYLINDRICAL_SURFACE('',#1238,0.65);
#1238 = AXIS2_PLACEMENT_3D('',#1239,#1240,#1241);
#1239 = CARTESIAN_POINT('',(-18.64227542503,21.206920087148,-12.35));
#1240 = DIRECTION('',(9.245938526191E-02,0.995716456667,0.));
#1241 = DIRECTION('',(-0.995716456667,9.245938526191E-02,0.));
#1242 = DEFINITIONAL_REPRESENTATION('',(#1243),#1247);
#1243 = LINE('',#1244,#1245);
#1244 = CARTESIAN_POINT('',(-1.570796326795,0.));
#1245 = VECTOR('',#1246,1.);
#1246 = DIRECTION('',(-0.,1.));
#1247 = ( GEOMETRIC_REPRESENTATION_CONTEXT(2) 
PARAMETRIC_REPRESENTATION_CONTEXT() REPRESENTATION_CONTEXT('2D SPACE',''
  ) );
#1248 = ORIENTED_EDGE('',*,*,#1249,.T.);
#1249 = EDGE_CURVE('',#1222,#872,#1250,.T.);
#1250 = SURFACE_CURVE('',#1251,(#1256,#1263),.PCURVE_S1.);
#1251 = CIRCLE('',#1252,7.35);
#1252 = AXIS2_PLACEMENT_3D('',#1253,#1254,#1255);
#1253 = CARTESIAN_POINT('',(-13.2,17.2,-13.));
#1254 = DIRECTION('',(0.,0.,1.));
#1255 = DIRECTION('',(0.,1.,-0.));
#1256 = PCURVE('',#267,#1257);
#1257 = DEFINITIONAL_REPRESENTATION('',(#1258),#1262);
#1258 = CIRCLE('',#1259,7.35);
#1259 = AXIS2_PLACEMENT_2D('',#1260,#1261);
#1260 = CARTESIAN_POINT('',(-13.2,17.2));
#1261 = DIRECTION('',(0.,1.));
#1262 = ( GEOMETRIC_REPRESENTATION_CONTEXT(2) 
PARAMETRIC_REPRESENTATION_CONTEXT() REPRESENTATION_CONTEXT('2D SPACE',''
  ) );
#1263 = PCURVE('',#1264,#1269);
#1264 = TOROIDAL_SURFACE('',#1265,7.35,0.65);
#1265 = AXIS2_PLACEMENT_3D('',#1266,#1267,#1268);
#1266 = CARTESIAN_POINT('',(-13.2,17.2,-12.35));
#1267 = DIRECTION('',(-0.,-0.,-1.));
#1268 = DIRECTION('',(0.,1.,-0.));
#1269 = DEFINITIONAL_REPRESENTATION('',(#1270),#1274);
#1270 = LINE('',#1271,#1272);
#1271 = CARTESIAN_POINT('',(-0.,1.570796326795));
#1272 = VECTOR('',#1273,1.);
#1273 = DIRECTION('',(-1.,0.));
#1274 = ( GEOMETRIC_REPRESENTATION_CONTEXT(2) 
PARAMETRIC_REPRESENTATION_CONTEXT() REPRESENTATION_CONTEXT('2D SPACE',''
  ) );
#1275 = FACE_BOUND('',#1276,.F.);
#1276 = EDGE_LOOP('',(#1277));
#1277 = ORIENTED_EDGE('',*,*,#1278,.T.);
#1278 = EDGE_CURVE('',#1279,#1279,#1281,.T.);
#1279 = VERTEX_POINT('',#1280);
#1280 = CARTESIAN_POINT('',(-18.05,-16.,-13.));
#1281 = SURFACE_CURVE('',#1282,(#1287,#1298),.PCURVE_S1.);
#1282 = CIRCLE('',#1283,0.85);
#1283 = AXIS2_PLACEMENT_3D('',#1284,#1285,#1286);
#1284 = CARTESIAN_POINT('',(-18.9,-16.,-13.));
#1285 = DIRECTION('',(0.,0.,-1.));
#1286 = DIRECTION('',(1.,0.,0.));
#1287 = PCURVE('',#267,#1288);
#1288 = DEFINITIONAL_REPRESENTATION('',(#1289),#1297);
#1289 = ( BOUNDED_CURVE() B_SPLINE_CURVE(2,(#1290,#1291,#1292,#1293,
#1294,#1295,#1296),.UNSPECIFIED.,.T.,.F.) B_SPLINE_CURVE_WITH_KNOTS((1,2
    ,2,2,2,1),(-2.094395102393,0.,2.094395102393,4.188790204786,
6.28318530718,8.377580409573),.UNSPECIFIED.) CURVE() 
GEOMETRIC_REPRESENTATION_ITEM() RATIONAL_B_SPLINE_CURVE((1.,0.5,1.,0.5,
1.,0.5,1.)) REPRESENTATION_ITEM('') );
#1290 = CARTESIAN_POINT('',(-18.05,-16.));
#1291 = CARTESIAN_POINT('',(-18.05,-17.47224318643));
#1292 = CARTESIAN_POINT('',(-19.325,-16.73612159321));
#1293 = CARTESIAN_POINT('',(-20.6,-16.));
#1294 = CARTESIAN_POINT('',(-19.325,-15.26387840678));
#1295 = CARTESIAN_POINT('',(-18.05,-14.52775681356));
#1296 = CARTESIAN_POINT('',(-18.05,-16.));
#1297 = ( GEOMETRIC_REPRESENTATION_CONTEXT(2) 
PARAMETRIC_REPRESENTATION_CONTEXT() REPRESENTATION_CONTEXT('2D SPACE',''
  ) );
#1298 = PCURVE('',#1299,#1304);
#1299 = CYLINDRICAL_SURFACE('',#1300,0.85);
#1300 = AXIS2_PLACEMENT_3D('',#1301,#1302,#1303);
#1301 = CARTESIAN_POINT('',(-18.9,-16.,-13.2));
#1302 = DIRECTION('',(-0.,-0.,-1.));
#1303 = DIRECTION('',(1.,0.,0.));
#1304 = DEFINITIONAL_REPRESENTATION('',(#1305),#1309);
#1305 = LINE('',#1306,#1307);
#1306 = CARTESIAN_POINT('',(-6.28318530718,-0.2));
#1307 = VECTOR('',#1308,1.);
#1308 = DIRECTION('',(1.,-0.));
#1309 = ( GEOMETRIC_REPRESENTATION_CONTEXT(2) 
PARAMETRIC_REPRESENTATION_CONTEXT() REPRESENTATION_CONTEXT('2D SPACE',''
  ) );
#1310 = FACE_BOUND('',#1311,.F.);
#1311 = EDGE_LOOP('',(#1312));
#1312 = ORIENTED_EDGE('',*,*,#1313,.T.);
#1313 = EDGE_CURVE('',#1314,#1314,#1316,.T.);
#1314 = VERTEX_POINT('',#1315);
#1315 = CARTESIAN_POINT('',(19.75,-16.,-13.));
#1316 = SURFACE_CURVE('',#1317,(#1322,#1333),.PCURVE_S1.);
#1317 = CIRCLE('',#1318,0.85);
#1318 = AXIS2_PLACEMENT_3D('',#1319,#1320,#1321);
#1319 = CARTESIAN_POINT('',(18.9,-16.,-13.));
#1320 = DIRECTION('',(0.,0.,-1.));
#1321 = DIRECTION('',(1.,0.,0.));
#1322 = PCURVE('',#267,#1323);
#1323 = DEFINITIONAL_REPRESENTATION('',(#1324),#1332);
#1324 = ( BOUNDED_CURVE() B_SPLINE_CURVE(2,(#1325,#1326,#1327,#1328,
#1329,#1330,#1331),.UNSPECIFIED.,.T.,.F.) B_SPLINE_CURVE_WITH_KNOTS((1,2
    ,2,2,2,1),(-2.094395102393,0.,2.094395102393,4.188790204786,
6.28318530718,8.377580409573),.UNSPECIFIED.) CURVE() 
GEOMETRIC_REPRESENTATION_ITEM() RATIONAL_B_SPLINE_CURVE((1.,0.5,1.,0.5,
1.,0.5,1.)) REPRESENTATION_ITEM('') );
#1325 = CARTESIAN_POINT('',(19.75,-16.));
#1326 = CARTESIAN_POINT('',(19.75,-17.47224318643));
#1327 = CARTESIAN_POINT('',(18.475,-16.73612159321));
#1328 = CARTESIAN_POINT('',(17.2,-16.));
#1329 = CARTESIAN_POINT('',(18.475,-15.26387840678));
#1330 = CARTESIAN_POINT('',(19.75,-14.52775681356));
#1331 = CARTESIAN_POINT('',(19.75,-16.));
#1332 = ( GEOMETRIC_REPRESENTATION_CONTEXT(2) 
PARAMETRIC_REPRESENTATION_CONTEXT() REPRESENTATION_CONTEXT('2D SPACE',''
  ) );
#1333 = PCURVE('',#1334,#1339);
#1334 = CYLINDRICAL_SURFACE('',#1335,0.85);
#1335 = AXIS2_PLACEMENT_3D('',#1336,#1337,#1338);
#1336 = CARTESIAN_POINT('',(18.9,-16.,-13.2));
#1337 = DIRECTION('',(-0.,-0.,-1.));
#1338 = DIRECTION('',(1.,0.,0.));
#1339 = DEFINITIONAL_REPRESENTATION('',(#1340),#1344);
#1340 = LINE('',#1341,#1342);
#1341 = CARTESIAN_POINT('',(-6.28318530718,-0.2));
#1342 = VECTOR('',#1343,1.);
#1343 = DIRECTION('',(1.,-0.));
#1344 = ( GEOMETRIC_REPRESENTATION_CONTEXT(2) 
PARAMETRIC_REPRESENTATION_CONTEXT() REPRESENTATION_CONTEXT('2D SPACE',''
  ) );
#1345 = FACE_BOUND('',#1346,.F.);
#1346 = EDGE_LOOP('',(#1347));
#1347 = ORIENTED_EDGE('',*,*,#1348,.T.);
#1348 = EDGE_CURVE('',#1349,#1349,#1351,.T.);
#1349 = VERTEX_POINT('',#1350);
#1350 = CARTESIAN_POINT('',(-18.05,16.,-13.));
#1351 = SURFACE_CURVE('',#1352,(#1357,#1368),.PCURVE_S1.);
#1352 = CIRCLE('',#1353,0.85);
#1353 = AXIS2_PLACEMENT_3D('',#1354,#1355,#1356);
#1354 = CARTESIAN_POINT('',(-18.9,16.,-13.));
#1355 = DIRECTION('',(0.,0.,-1.));
#1356 = DIRECTION('',(1.,0.,0.));
#1357 = PCURVE('',#267,#1358);
#1358 = DEFINITIONAL_REPRESENTATION('',(#1359),#1367);
#1359 = ( BOUNDED_CURVE() B_SPLINE_CURVE(2,(#1360,#1361,#1362,#1363,
#1364,#1365,#1366),.UNSPECIFIED.,.T.,.F.) B_SPLINE_CURVE_WITH_KNOTS((1,2
    ,2,2,2,1),(-2.094395102393,0.,2.094395102393,4.188790204786,
6.28318530718,8.377580409573),.UNSPECIFIED.) CURVE() 
GEOMETRIC_REPRESENTATION_ITEM() RATIONAL_B_SPLINE_CURVE((1.,0.5,1.,0.5,
1.,0.5,1.)) REPRESENTATION_ITEM('') );
#1360 = CARTESIAN_POINT('',(-18.05,16.));
#1361 = CARTESIAN_POINT('',(-18.05,14.527756813566));
#1362 = CARTESIAN_POINT('',(-19.325,15.263878406783));
#1363 = CARTESIAN_POINT('',(-20.6,16.));
#1364 = CARTESIAN_POINT('',(-19.325,16.736121593217));
#1365 = CARTESIAN_POINT('',(-18.05,17.472243186434));
#1366 = CARTESIAN_POINT('',(-18.05,16.));
#1367 = ( GEOMETRIC_REPRESENTATION_CONTEXT(2) 
PARAMETRIC_REPRESENTATION_CONTEXT() REPRESENTATION_CONTEXT('2D SPACE',''
  ) );
#1368 = PCURVE('',#1369,#1374);
#1369 = CYLINDRICAL_SURFACE('',#1370,0.85);
#1370 = AXIS2_PLACEMENT_3D('',#1371,#1372,#1373);
#1371 = CARTESIAN_POINT('',(-18.9,16.,-13.2));
#1372 = DIRECTION('',(-0.,-0.,-1.));
#1373 = DIRECTION('',(1.,0.,0.));
#1374 = DEFINITIONAL_REPRESENTATION('',(#1375),#1379);
#1375 = LINE('',#1376,#1377);
#1376 = CARTESIAN_POINT('',(-6.28318530718,-0.2));
#1377 = VECTOR('',#1378,1.);
#1378 = DIRECTION('',(1.,-0.));
#1379 = ( GEOMETRIC_REPRESENTATION_CONTEXT(2) 
PARAMETRIC_REPRESENTATION_CONTEXT() REPRESENTATION_CONTEXT('2D SPACE',''
  ) );
#1380 = FACE_BOUND('',#1381,.F.);
#1381 = EDGE_LOOP('',(#1382,#1413,#1439,#1468,#1494,#1523,#1549,#1578));
#1382 = ORIENTED_EDGE('',*,*,#1383,.F.);
#1383 = EDGE_CURVE('',#1384,#1386,#1388,.T.);
#1384 = VERTEX_POINT('',#1385);
#1385 = CARTESIAN_POINT('',(11.915,-20.915,-13.));
#1386 = VERTEX_POINT('',#1387);
#1387 = CARTESIAN_POINT('',(16.915,-15.915,-13.));
#1388 = SURFACE_CURVE('',#1389,(#1394,#1401),.PCURVE_S1.);
#1389 = CIRCLE('',#1390,5.);
#1390 = AXIS2_PLACEMENT_3D('',#1391,#1392,#1393);
#1391 = CARTESIAN_POINT('',(11.915,-15.915,-13.));
#1392 = DIRECTION('',(0.,0.,1.));
#1393 = DIRECTION('',(0.,-1.,0.));
#1394 = PCURVE('',#267,#1395);
#1395 = DEFINITIONAL_REPRESENTATION('',(#1396),#1400);
#1396 = CIRCLE('',#1397,5.);
#1397 = AXIS2_PLACEMENT_2D('',#1398,#1399);
#1398 = CARTESIAN_POINT('',(11.915,-15.915));
#1399 = DIRECTION('',(0.,-1.));
#1400 = ( GEOMETRIC_REPRESENTATION_CONTEXT(2) 
PARAMETRIC_REPRESENTATION_CONTEXT() REPRESENTATION_CONTEXT('2D SPACE',''
  ) );
#1401 = PCURVE('',#1402,#1407);
#1402 = CYLINDRICAL_SURFACE('',#1403,5.);
#1403 = AXIS2_PLACEMENT_3D('',#1404,#1405,#1406);
#1404 = CARTESIAN_POINT('',(11.915,-15.915,-13.2));
#1405 = DIRECTION('',(0.,0.,1.));
#1406 = DIRECTION('',(0.,-1.,0.));
#1407 = DEFINITIONAL_REPRESENTATION('',(#1408),#1412);
#1408 = LINE('',#1409,#1410);
#1409 = CARTESIAN_POINT('',(0.,0.2));
#1410 = VECTOR('',#1411,1.);
#1411 = DIRECTION('',(1.,0.));
#1412 = ( GEOMETRIC_REPRESENTATION_CONTEXT(2) 
PARAMETRIC_REPRESENTATION_CONTEXT() REPRESENTATION_CONTEXT('2D SPACE',''
  ) );
#1413 = ORIENTED_EDGE('',*,*,#1414,.T.);
#1414 = EDGE_CURVE('',#1384,#1415,#1417,.T.);
#1415 = VERTEX_POINT('',#1416);
#1416 = CARTESIAN_POINT('',(-11.915,-20.915,-13.));
#1417 = SURFACE_CURVE('',#1418,(#1422,#1428),.PCURVE_S1.);
#1418 = LINE('',#1419,#1420);
#1419 = CARTESIAN_POINT('',(-8.4575,-20.915,-13.));
#1420 = VECTOR('',#1421,1.);
#1421 = DIRECTION('',(-1.,0.,0.));
#1422 = PCURVE('',#267,#1423);
#1423 = DEFINITIONAL_REPRESENTATION('',(#1424),#1427);
#1424 = B_SPLINE_CURVE_WITH_KNOTS('',1,(#1425,#1426),.UNSPECIFIED.,.F.,
  .F.,(2,2),(-20.3725,3.4575),.PIECEWISE_BEZIER_KNOTS.);
#1425 = CARTESIAN_POINT('',(11.915,-20.915));
#1426 = CARTESIAN_POINT('',(-11.915,-20.915));
#1427 = ( GEOMETRIC_REPRESENTATION_CONTEXT(2) 
PARAMETRIC_REPRESENTATION_CONTEXT() REPRESENTATION_CONTEXT('2D SPACE',''
  ) );
#1428 = PCURVE('',#1429,#1434);
#1429 = PLANE('',#1430);
#1430 = AXIS2_PLACEMENT_3D('',#1431,#1432,#1433);
#1431 = CARTESIAN_POINT('',(-16.915,-20.915,-13.2));
#1432 = DIRECTION('',(0.,1.,0.));
#1433 = DIRECTION('',(1.,0.,0.));
#1434 = DEFINITIONAL_REPRESENTATION('',(#1435),#1438);
#1435 = B_SPLINE_CURVE_WITH_KNOTS('',1,(#1436,#1437),.UNSPECIFIED.,.F.,
  .F.,(2,2),(-20.3725,3.4575),.PIECEWISE_BEZIER_KNOTS.);
#1436 = CARTESIAN_POINT('',(28.83,-0.2));
#1437 = CARTESIAN_POINT('',(5.,-0.2));
#1438 = ( GEOMETRIC_REPRESENTATION_CONTEXT(2) 
PARAMETRIC_REPRESENTATION_CONTEXT() REPRESENTATION_CONTEXT('2D SPACE',''
  ) );
#1439 = ORIENTED_EDGE('',*,*,#1440,.F.);
#1440 = EDGE_CURVE('',#1441,#1415,#1443,.T.);
#1441 = VERTEX_POINT('',#1442);
#1442 = CARTESIAN_POINT('',(-16.915,-15.915,-13.));
#1443 = SURFACE_CURVE('',#1444,(#1449,#1456),.PCURVE_S1.);
#1444 = CIRCLE('',#1445,5.);
#1445 = AXIS2_PLACEMENT_3D('',#1446,#1447,#1448);
#1446 = CARTESIAN_POINT('',(-11.915,-15.915,-13.));
#1447 = DIRECTION('',(0.,0.,1.));
#1448 = DIRECTION('',(0.,-1.,0.));
#1449 = PCURVE('',#267,#1450);
#1450 = DEFINITIONAL_REPRESENTATION('',(#1451),#1455);
#1451 = CIRCLE('',#1452,5.);
#1452 = AXIS2_PLACEMENT_2D('',#1453,#1454);
#1453 = CARTESIAN_POINT('',(-11.915,-15.915));
#1454 = DIRECTION('',(0.,-1.));
#1455 = ( GEOMETRIC_REPRESENTATION_CONTEXT(2) 
PARAMETRIC_REPRESENTATION_CONTEXT() REPRESENTATION_CONTEXT('2D SPACE',''
  ) );
#1456 = PCURVE('',#1457,#1462);
#1457 = CYLINDRICAL_SURFACE('',#1458,5.);
#1458 = AXIS2_PLACEMENT_3D('',#1459,#1460,#1461);
#1459 = CARTESIAN_POINT('',(-11.915,-15.915,-13.2));
#1460 = DIRECTION('',(0.,0.,1.));
#1461 = DIRECTION('',(0.,-1.,0.));
#1462 = DEFINITIONAL_REPRESENTATION('',(#1463),#1467);
#1463 = LINE('',#1464,#1465);
#1464 = CARTESIAN_POINT('',(-6.28318530718,0.2));
#1465 = VECTOR('',#1466,1.);
#1466 = DIRECTION('',(1.,-0.));
#1467 = ( GEOMETRIC_REPRESENTATION_CONTEXT(2) 
PARAMETRIC_REPRESENTATION_CONTEXT() REPRESENTATION_CONTEXT('2D SPACE',''
  ) );
#1468 = ORIENTED_EDGE('',*,*,#1469,.T.);
#1469 = EDGE_CURVE('',#1441,#1470,#1472,.T.);
#1470 = VERTEX_POINT('',#1471);
#1471 = CARTESIAN_POINT('',(-16.915,15.915,-13.));
#1472 = SURFACE_CURVE('',#1473,(#1477,#1483),.PCURVE_S1.);
#1473 = LINE('',#1474,#1475);
#1474 = CARTESIAN_POINT('',(-16.915,10.4575,-13.));
#1475 = VECTOR('',#1476,1.);
#1476 = DIRECTION('',(-0.,1.,0.));
#1477 = PCURVE('',#267,#1478);
#1478 = DEFINITIONAL_REPRESENTATION('',(#1479),#1482);
#1479 = B_SPLINE_CURVE_WITH_KNOTS('',1,(#1480,#1481),.UNSPECIFIED.,.F.,
  .F.,(2,2),(-26.3725,5.4575),.PIECEWISE_BEZIER_KNOTS.);
#1480 = CARTESIAN_POINT('',(-16.915,-15.915));
#1481 = CARTESIAN_POINT('',(-16.915,15.915));
#1482 = ( GEOMETRIC_REPRESENTATION_CONTEXT(2) 
PARAMETRIC_REPRESENTATION_CONTEXT() REPRESENTATION_CONTEXT('2D SPACE',''
  ) );
#1483 = PCURVE('',#1484,#1489);
#1484 = PLANE('',#1485);
#1485 = AXIS2_PLACEMENT_3D('',#1486,#1487,#1488);
#1486 = CARTESIAN_POINT('',(-16.915,20.915,-13.2));
#1487 = DIRECTION('',(1.,0.,-0.));
#1488 = DIRECTION('',(0.,-1.,0.));
#1489 = DEFINITIONAL_REPRESENTATION('',(#1490),#1493);
#1490 = B_SPLINE_CURVE_WITH_KNOTS('',1,(#1491,#1492),.UNSPECIFIED.,.F.,
  .F.,(2,2),(-26.3725,5.4575),.PIECEWISE_BEZIER_KNOTS.);
#1491 = CARTESIAN_POINT('',(36.83,-0.2));
#1492 = CARTESIAN_POINT('',(5.,-0.2));
#1493 = ( GEOMETRIC_REPRESENTATION_CONTEXT(2) 
PARAMETRIC_REPRESENTATION_CONTEXT() REPRESENTATION_CONTEXT('2D SPACE',''
  ) );
#1494 = ORIENTED_EDGE('',*,*,#1495,.F.);
#1495 = EDGE_CURVE('',#1496,#1470,#1498,.T.);
#1496 = VERTEX_POINT('',#1497);
#1497 = CARTESIAN_POINT('',(-11.915,20.915,-13.));
#1498 = SURFACE_CURVE('',#1499,(#1504,#1511),.PCURVE_S1.);
#1499 = CIRCLE('',#1500,5.);
#1500 = AXIS2_PLACEMENT_3D('',#1501,#1502,#1503);
#1501 = CARTESIAN_POINT('',(-11.915,15.915,-13.));
#1502 = DIRECTION('',(0.,0.,1.));
#1503 = DIRECTION('',(-0.,1.,0.));
#1504 = PCURVE('',#267,#1505);
#1505 = DEFINITIONAL_REPRESENTATION('',(#1506),#1510);
#1506 = CIRCLE('',#1507,5.);
#1507 = AXIS2_PLACEMENT_2D('',#1508,#1509);
#1508 = CARTESIAN_POINT('',(-11.915,15.915));
#1509 = DIRECTION('',(0.,1.));
#1510 = ( GEOMETRIC_REPRESENTATION_CONTEXT(2) 
PARAMETRIC_REPRESENTATION_CONTEXT() REPRESENTATION_CONTEXT('2D SPACE',''
  ) );
#1511 = PCURVE('',#1512,#1517);
#1512 = CYLINDRICAL_SURFACE('',#1513,5.);
#1513 = AXIS2_PLACEMENT_3D('',#1514,#1515,#1516);
#1514 = CARTESIAN_POINT('',(-11.915,15.915,-13.2));
#1515 = DIRECTION('',(0.,0.,1.));
#1516 = DIRECTION('',(-0.,1.,0.));
#1517 = DEFINITIONAL_REPRESENTATION('',(#1518),#1522);
#1518 = LINE('',#1519,#1520);
#1519 = CARTESIAN_POINT('',(0.,0.2));
#1520 = VECTOR('',#1521,1.);
#1521 = DIRECTION('',(1.,0.));
#1522 = ( GEOMETRIC_REPRESENTATION_CONTEXT(2) 
PARAMETRIC_REPRESENTATION_CONTEXT() REPRESENTATION_CONTEXT('2D SPACE',''
  ) );
#1523 = ORIENTED_EDGE('',*,*,#1524,.T.);
#1524 = EDGE_CURVE('',#1496,#1525,#1527,.T.);
#1525 = VERTEX_POINT('',#1526);
#1526 = CARTESIAN_POINT('',(11.915,20.915,-13.));
#1527 = SURFACE_CURVE('',#1528,(#1532,#1538),.PCURVE_S1.);
#1528 = LINE('',#1529,#1530);
#1529 = CARTESIAN_POINT('',(8.4575,20.915,-13.));
#1530 = VECTOR('',#1531,1.);
#1531 = DIRECTION('',(1.,0.,-0.));
#1532 = PCURVE('',#267,#1533);
#1533 = DEFINITIONAL_REPRESENTATION('',(#1534),#1537);
#1534 = B_SPLINE_CURVE_WITH_KNOTS('',1,(#1535,#1536),.UNSPECIFIED.,.F.,
  .F.,(2,2),(-20.3725,3.4575),.PIECEWISE_BEZIER_KNOTS.);
#1535 = CARTESIAN_POINT('',(-11.915,20.915));
#1536 = CARTESIAN_POINT('',(11.915,20.915));
#1537 = ( GEOMETRIC_REPRESENTATION_CONTEXT(2) 
PARAMETRIC_REPRESENTATION_CONTEXT() REPRESENTATION_CONTEXT('2D SPACE',''
  ) );
#1538 = PCURVE('',#1539,#1544);
#1539 = PLANE('',#1540);
#1540 = AXIS2_PLACEMENT_3D('',#1541,#1542,#1543);
#1541 = CARTESIAN_POINT('',(16.915,20.915,-13.2));
#1542 = DIRECTION('',(0.,-1.,0.));
#1543 = DIRECTION('',(-1.,0.,0.));
#1544 = DEFINITIONAL_REPRESENTATION('',(#1545),#1548);
#1545 = B_SPLINE_CURVE_WITH_KNOTS('',1,(#1546,#1547),.UNSPECIFIED.,.F.,
  .F.,(2,2),(-20.3725,3.4575),.PIECEWISE_BEZIER_KNOTS.);
#1546 = CARTESIAN_POINT('',(28.83,-0.2));
#1547 = CARTESIAN_POINT('',(5.,-0.2));
#1548 = ( GEOMETRIC_REPRESENTATION_CONTEXT(2) 
PARAMETRIC_REPRESENTATION_CONTEXT() REPRESENTATION_CONTEXT('2D SPACE',''
  ) );
#1549 = ORIENTED_EDGE('',*,*,#1550,.F.);
#1550 = EDGE_CURVE('',#1551,#1525,#1553,.T.);
#1551 = VERTEX_POINT('',#1552);
#1552 = CARTESIAN_POINT('',(16.915,15.915,-13.));
#1553 = SURFACE_CURVE('',#1554,(#1559,#1566),.PCURVE_S1.);
#1554 = CIRCLE('',#1555,5.);
#1555 = AXIS2_PLACEMENT_3D('',#1556,#1557,#1558);
#1556 = CARTESIAN_POINT('',(11.915,15.915,-13.));
#1557 = DIRECTION('',(0.,0.,1.));
#1558 = DIRECTION('',(1.,0.,-0.));
#1559 = PCURVE('',#267,#1560);
#1560 = DEFINITIONAL_REPRESENTATION('',(#1561),#1565);
#1561 = CIRCLE('',#1562,5.);
#1562 = AXIS2_PLACEMENT_2D('',#1563,#1564);
#1563 = CARTESIAN_POINT('',(11.915,15.915));
#1564 = DIRECTION('',(1.,0.));
#1565 = ( GEOMETRIC_REPRESENTATION_CONTEXT(2) 
PARAMETRIC_REPRESENTATION_CONTEXT() REPRESENTATION_CONTEXT('2D SPACE',''
  ) );
#1566 = PCURVE('',#1567,#1572);
#1567 = CYLINDRICAL_SURFACE('',#1568,5.);
#1568 = AXIS2_PLACEMENT_3D('',#1569,#1570,#1571);
#1569 = CARTESIAN_POINT('',(11.915,15.915,-13.2));
#1570 = DIRECTION('',(0.,0.,1.));
#1571 = DIRECTION('',(1.,0.,-0.));
#1572 = DEFINITIONAL_REPRESENTATION('',(#1573),#1577);
#1573 = LINE('',#1574,#1575);
#1574 = CARTESIAN_POINT('',(0.,0.2));
#1575 = VECTOR('',#1576,1.);
#1576 = DIRECTION('',(1.,0.));
#1577 = ( GEOMETRIC_REPRESENTATION_CONTEXT(2) 
PARAMETRIC_REPRESENTATION_CONTEXT() REPRESENTATION_CONTEXT('2D SPACE',''
  ) );
#1578 = ORIENTED_EDGE('',*,*,#1579,.T.);
#1579 = EDGE_CURVE('',#1551,#1386,#1580,.T.);
#1580 = SURFACE_CURVE('',#1581,(#1585,#1591),.PCURVE_S1.);
#1581 = LINE('',#1582,#1583);
#1582 = CARTESIAN_POINT('',(16.915,-10.4575,-13.));
#1583 = VECTOR('',#1584,1.);
#1584 = DIRECTION('',(0.,-1.,0.));
#1585 = PCURVE('',#267,#1586);
#1586 = DEFINITIONAL_REPRESENTATION('',(#1587),#1590);
#1587 = B_SPLINE_CURVE_WITH_KNOTS('',1,(#1588,#1589),.UNSPECIFIED.,.F.,
  .F.,(2,2),(-26.3725,5.4575),.PIECEWISE_BEZIER_KNOTS.);
#1588 = CARTESIAN_POINT('',(16.915,15.915));
#1589 = CARTESIAN_POINT('',(16.915,-15.915));
#1590 = ( GEOMETRIC_REPRESENTATION_CONTEXT(2) 
PARAMETRIC_REPRESENTATION_CONTEXT() REPRESENTATION_CONTEXT('2D SPACE',''
  ) );
#1591 = PCURVE('',#1592,#1597);
#1592 = PLANE('',#1593);
#1593 = AXIS2_PLACEMENT_3D('',#1594,#1595,#1596);
#1594 = CARTESIAN_POINT('',(16.915,-20.915,-13.2));
#1595 = DIRECTION('',(-1.,0.,0.));
#1596 = DIRECTION('',(0.,1.,0.));
#1597 = DEFINITIONAL_REPRESENTATION('',(#1598),#1601);
#1598 = B_SPLINE_CURVE_WITH_KNOTS('',1,(#1599,#1600),.UNSPECIFIED.,.F.,
  .F.,(2,2),(-26.3725,5.4575),.PIECEWISE_BEZIER_KNOTS.);
#1599 = CARTESIAN_POINT('',(36.83,-0.2));
#1600 = CARTESIAN_POINT('',(5.,-0.2));
#1601 = ( GEOMETRIC_REPRESENTATION_CONTEXT(2) 
PARAMETRIC_REPRESENTATION_CONTEXT() REPRESENTATION_CONTEXT('2D SPACE',''
  ) );
#1602 = FACE_BOUND('',#1603,.F.);
#1603 = EDGE_LOOP('',(#1604));
#1604 = ORIENTED_EDGE('',*,*,#1605,.T.);
#1605 = EDGE_CURVE('',#1606,#1606,#1608,.T.);
#1606 = VERTEX_POINT('',#1607);
#1607 = CARTESIAN_POINT('',(19.75,16.,-13.));
#1608 = SURFACE_CURVE('',#1609,(#1614,#1625),.PCURVE_S1.);
#1609 = CIRCLE('',#1610,0.85);
#1610 = AXIS2_PLACEMENT_3D('',#1611,#1612,#1613);
#1611 = CARTESIAN_POINT('',(18.9,16.,-13.));
#1612 = DIRECTION('',(0.,0.,-1.));
#1613 = DIRECTION('',(1.,0.,0.));
#1614 = PCURVE('',#267,#1615);
#1615 = DEFINITIONAL_REPRESENTATION('',(#1616),#1624);
#1616 = ( BOUNDED_CURVE() B_SPLINE_CURVE(2,(#1617,#1618,#1619,#1620,
#1621,#1622,#1623),.UNSPECIFIED.,.T.,.F.) B_SPLINE_CURVE_WITH_KNOTS((1,2
    ,2,2,2,1),(-2.094395102393,0.,2.094395102393,4.188790204786,
6.28318530718,8.377580409573),.UNSPECIFIED.) CURVE() 
GEOMETRIC_REPRESENTATION_ITEM() RATIONAL_B_SPLINE_CURVE((1.,0.5,1.,0.5,
1.,0.5,1.)) REPRESENTATION_ITEM('') );
#1617 = CARTESIAN_POINT('',(19.75,16.));
#1618 = CARTESIAN_POINT('',(19.75,14.527756813566));
#1619 = CARTESIAN_POINT('',(18.475,15.263878406783));
#1620 = CARTESIAN_POINT('',(17.2,16.));
#1621 = CARTESIAN_POINT('',(18.475,16.736121593217));
#1622 = CARTESIAN_POINT('',(19.75,17.472243186434));
#1623 = CARTESIAN_POINT('',(19.75,16.));
#1624 = ( GEOMETRIC_REPRESENTATION_CONTEXT(2) 
PARAMETRIC_REPRESENTATION_CONTEXT() REPRESENTATION_CONTEXT('2D SPACE',''
  ) );
#1625 = PCURVE('',#1626,#1631);
#1626 = CYLINDRICAL_SURFACE('',#1627,0.85);
#1627 = AXIS2_PLACEMENT_3D('',#1628,#1629,#1630);
#1628 = CARTESIAN_POINT('',(18.9,16.,-13.2));
#1629 = DIRECTION('',(-0.,-0.,-1.));
#1630 = DIRECTION('',(1.,0.,0.));
#1631 = DEFINITIONAL_REPRESENTATION('',(#1632),#1636);
#1632 = LINE('',#1633,#1634);
#1633 = CARTESIAN_POINT('',(-6.28318530718,-0.2));
#1634 = VECTOR('',#1635,1.);
#1635 = DIRECTION('',(1.,-0.));
#1636 = ( GEOMETRIC_REPRESENTATION_CONTEXT(2) 
PARAMETRIC_REPRESENTATION_CONTEXT() REPRESENTATION_CONTEXT('2D SPACE',''
  ) );
#1637 = ADVANCED_FACE('',(#1638),#293,.T.);
#1638 = FACE_BOUND('',#1639,.F.);
#1639 = EDGE_LOOP('',(#1640,#1641,#1642,#1662));
#1640 = ORIENTED_EDGE('',*,*,#279,.F.);
#1641 = ORIENTED_EDGE('',*,*,#388,.T.);
#1642 = ORIENTED_EDGE('',*,*,#1643,.T.);
#1643 = EDGE_CURVE('',#389,#897,#1644,.T.);
#1644 = SURFACE_CURVE('',#1645,(#1650,#1656),.PCURVE_S1.);
#1645 = CIRCLE('',#1646,0.65);
#1646 = AXIS2_PLACEMENT_3D('',#1647,#1648,#1649);
#1647 = CARTESIAN_POINT('',(20.55,-17.2,-12.35));
#1648 = DIRECTION('',(6.123233995737E-17,1.,0.));
#1649 = DIRECTION('',(1.,-6.123233995737E-17,0.));
#1650 = PCURVE('',#293,#1651);
#1651 = DEFINITIONAL_REPRESENTATION('',(#1652),#1655);
#1652 = B_SPLINE_CURVE_WITH_KNOTS('',1,(#1653,#1654),.UNSPECIFIED.,.F.,
  .F.,(2,2),(0.,1.570796326795),.PIECEWISE_BEZIER_KNOTS.);
#1653 = CARTESIAN_POINT('',(-1.570796326795,0.));
#1654 = CARTESIAN_POINT('',(-1.570796326795,1.570796326795));
#1655 = ( GEOMETRIC_REPRESENTATION_CONTEXT(2) 
PARAMETRIC_REPRESENTATION_CONTEXT() REPRESENTATION_CONTEXT('2D SPACE',''
  ) );
#1656 = PCURVE('',#936,#1657);
#1657 = DEFINITIONAL_REPRESENTATION('',(#1658),#1661);
#1658 = B_SPLINE_CURVE_WITH_KNOTS('',1,(#1659,#1660),.UNSPECIFIED.,.F.,
  .F.,(2,2),(0.,1.570796326795),.PIECEWISE_BEZIER_KNOTS.);
#1659 = CARTESIAN_POINT('',(0.,0.));
#1660 = CARTESIAN_POINT('',(1.570796326795,0.));
#1661 = ( GEOMETRIC_REPRESENTATION_CONTEXT(2) 
PARAMETRIC_REPRESENTATION_CONTEXT() REPRESENTATION_CONTEXT('2D SPACE',''
  ) );
#1662 = ORIENTED_EDGE('',*,*,#896,.F.);
#1663 = ADVANCED_FACE('',(#1664,#2071),#346,.T.);
#1664 = FACE_BOUND('',#1665,.T.);
#1665 = EDGE_LOOP('',(#1666,#1689,#1690,#1691,#1715,#1743,#1772,#1800,
    #1833,#1861,#1894,#1922,#1955,#1983,#2016,#2044));
#1666 = ORIENTED_EDGE('',*,*,#1667,.T.);
#1667 = EDGE_CURVE('',#1668,#520,#1670,.T.);
#1668 = VERTEX_POINT('',#1669);
#1669 = CARTESIAN_POINT('',(-20.55,17.2,-1.7763568394E-15));
#1670 = SURFACE_CURVE('',#1671,(#1675,#1682),.PCURVE_S1.);
#1671 = LINE('',#1672,#1673);
#1672 = CARTESIAN_POINT('',(-20.55,17.2,-1.665334536938E-15));
#1673 = VECTOR('',#1674,1.);
#1674 = DIRECTION('',(0.,-1.,0.));
#1675 = PCURVE('',#346,#1676);
#1676 = DEFINITIONAL_REPRESENTATION('',(#1677),#1681);
#1677 = LINE('',#1678,#1679);
#1678 = CARTESIAN_POINT('',(-20.55,17.2));
#1679 = VECTOR('',#1680,1.);
#1680 = DIRECTION('',(0.,-1.));
#1681 = ( GEOMETRIC_REPRESENTATION_CONTEXT(2) 
PARAMETRIC_REPRESENTATION_CONTEXT() REPRESENTATION_CONTEXT('2D SPACE',''
  ) );
#1682 = PCURVE('',#535,#1683);
#1683 = DEFINITIONAL_REPRESENTATION('',(#1684),#1688);
#1684 = LINE('',#1685,#1686);
#1685 = CARTESIAN_POINT('',(-1.570796326795,0.));
#1686 = VECTOR('',#1687,1.);
#1687 = DIRECTION('',(-0.,1.));
#1688 = ( GEOMETRIC_REPRESENTATION_CONTEXT(2) 
PARAMETRIC_REPRESENTATION_CONTEXT() REPRESENTATION_CONTEXT('2D SPACE',''
  ) );
#1689 = ORIENTED_EDGE('',*,*,#548,.T.);
#1690 = ORIENTED_EDGE('',*,*,#330,.T.);
#1691 = ORIENTED_EDGE('',*,*,#1692,.T.);
#1692 = EDGE_CURVE('',#331,#1693,#1695,.T.);
#1693 = VERTEX_POINT('',#1694);
#1694 = CARTESIAN_POINT('',(20.55,-17.2,-1.7763568394E-15));
#1695 = SURFACE_CURVE('',#1696,(#1701,#1708),.PCURVE_S1.);
#1696 = CIRCLE('',#1697,7.35);
#1697 = AXIS2_PLACEMENT_3D('',#1698,#1699,#1700);
#1698 = CARTESIAN_POINT('',(13.2,-17.2,-1.7763568394E-15));
#1699 = DIRECTION('',(0.,0.,1.));
#1700 = DIRECTION('',(0.,-1.,0.));
#1701 = PCURVE('',#346,#1702);
#1702 = DEFINITIONAL_REPRESENTATION('',(#1703),#1707);
#1703 = CIRCLE('',#1704,7.35);
#1704 = AXIS2_PLACEMENT_2D('',#1705,#1706);
#1705 = CARTESIAN_POINT('',(13.2,-17.2));
#1706 = DIRECTION('',(0.,-1.));
#1707 = ( GEOMETRIC_REPRESENTATION_CONTEXT(2) 
PARAMETRIC_REPRESENTATION_CONTEXT() REPRESENTATION_CONTEXT('2D SPACE',''
  ) );
#1708 = PCURVE('',#372,#1709);
#1709 = DEFINITIONAL_REPRESENTATION('',(#1710),#1714);
#1710 = LINE('',#1711,#1712);
#1711 = CARTESIAN_POINT('',(0.,1.570796326795));
#1712 = VECTOR('',#1713,1.);
#1713 = DIRECTION('',(1.,0.));
#1714 = ( GEOMETRIC_REPRESENTATION_CONTEXT(2) 
PARAMETRIC_REPRESENTATION_CONTEXT() REPRESENTATION_CONTEXT('2D SPACE',''
  ) );
#1715 = ORIENTED_EDGE('',*,*,#1716,.T.);
#1716 = EDGE_CURVE('',#1693,#1717,#1719,.T.);
#1717 = VERTEX_POINT('',#1718);
#1718 = CARTESIAN_POINT('',(20.55,17.2,-1.665334536938E-15));
#1719 = SURFACE_CURVE('',#1720,(#1724,#1731),.PCURVE_S1.);
#1720 = LINE('',#1721,#1722);
#1721 = CARTESIAN_POINT('',(20.55,-17.2,-1.665334536938E-15));
#1722 = VECTOR('',#1723,1.);
#1723 = DIRECTION('',(0.,1.,0.));
#1724 = PCURVE('',#346,#1725);
#1725 = DEFINITIONAL_REPRESENTATION('',(#1726),#1730);
#1726 = LINE('',#1727,#1728);
#1727 = CARTESIAN_POINT('',(20.55,-17.2));
#1728 = VECTOR('',#1729,1.);
#1729 = DIRECTION('',(0.,1.));
#1730 = ( GEOMETRIC_REPRESENTATION_CONTEXT(2) 
PARAMETRIC_REPRESENTATION_CONTEXT() REPRESENTATION_CONTEXT('2D SPACE',''
  ) );
#1731 = PCURVE('',#1732,#1737);
#1732 = CYLINDRICAL_SURFACE('',#1733,0.65);
#1733 = AXIS2_PLACEMENT_3D('',#1734,#1735,#1736);
#1734 = CARTESIAN_POINT('',(20.55,-17.2,-0.65));
#1735 = DIRECTION('',(0.,1.,0.));
#1736 = DIRECTION('',(1.,0.,-0.));
#1737 = DEFINITIONAL_REPRESENTATION('',(#1738),#1742);
#1738 = LINE('',#1739,#1740);
#1739 = CARTESIAN_POINT('',(-1.570796326795,0.));
#1740 = VECTOR('',#1741,1.);
#1741 = DIRECTION('',(-0.,1.));
#1742 = ( GEOMETRIC_REPRESENTATION_CONTEXT(2) 
PARAMETRIC_REPRESENTATION_CONTEXT() REPRESENTATION_CONTEXT('2D SPACE',''
  ) );
#1743 = ORIENTED_EDGE('',*,*,#1744,.T.);
#1744 = EDGE_CURVE('',#1717,#1745,#1747,.T.);
#1745 = VERTEX_POINT('',#1746);
#1746 = CARTESIAN_POINT('',(18.545963777017,22.244122450419,
    -8.326672684689E-16));
#1747 = SURFACE_CURVE('',#1748,(#1753,#1760),.PCURVE_S1.);
#1748 = CIRCLE('',#1749,7.35);
#1749 = AXIS2_PLACEMENT_3D('',#1750,#1751,#1752);
#1750 = CARTESIAN_POINT('',(13.2,17.2,-1.7763568394E-15));
#1751 = DIRECTION('',(0.,0.,1.));
#1752 = DIRECTION('',(1.,0.,-0.));
#1753 = PCURVE('',#346,#1754);
#1754 = DEFINITIONAL_REPRESENTATION('',(#1755),#1759);
#1755 = CIRCLE('',#1756,7.35);
#1756 = AXIS2_PLACEMENT_2D('',#1757,#1758);
#1757 = CARTESIAN_POINT('',(13.2,17.2));
#1758 = DIRECTION('',(1.,0.));
#1759 = ( GEOMETRIC_REPRESENTATION_CONTEXT(2) 
PARAMETRIC_REPRESENTATION_CONTEXT() REPRESENTATION_CONTEXT('2D SPACE',''
  ) );
#1760 = PCURVE('',#1761,#1766);
#1761 = TOROIDAL_SURFACE('',#1762,7.35,0.65);
#1762 = AXIS2_PLACEMENT_3D('',#1763,#1764,#1765);
#1763 = CARTESIAN_POINT('',(13.2,17.2,-0.65));
#1764 = DIRECTION('',(0.,0.,1.));
#1765 = DIRECTION('',(1.,0.,-0.));
#1766 = DEFINITIONAL_REPRESENTATION('',(#1767),#1771);
#1767 = LINE('',#1768,#1769);
#1768 = CARTESIAN_POINT('',(0.,1.570796326795));
#1769 = VECTOR('',#1770,1.);
#1770 = DIRECTION('',(1.,0.));
#1771 = ( GEOMETRIC_REPRESENTATION_CONTEXT(2) 
PARAMETRIC_REPRESENTATION_CONTEXT() REPRESENTATION_CONTEXT('2D SPACE',''
  ) );
#1772 = ORIENTED_EDGE('',*,*,#1773,.F.);
#1773 = EDGE_CURVE('',#1774,#1745,#1776,.T.);
#1774 = VERTEX_POINT('',#1775);
#1775 = CARTESIAN_POINT('',(17.801499636269,30.261428581557,0.));
#1776 = SURFACE_CURVE('',#1777,(#1781,#1788),.PCURVE_S1.);
#1777 = LINE('',#1778,#1779);
#1778 = CARTESIAN_POINT('',(17.801499636269,30.261428581557,
    1.110223024625E-16));
#1779 = VECTOR('',#1780,1.);
#1780 = DIRECTION('',(9.245938526191E-02,-0.995716456667,0.));
#1781 = PCURVE('',#346,#1782);
#1782 = DEFINITIONAL_REPRESENTATION('',(#1783),#1787);
#1783 = LINE('',#1784,#1785);
#1784 = CARTESIAN_POINT('',(17.801499636269,30.261428581557));
#1785 = VECTOR('',#1786,1.);
#1786 = DIRECTION('',(9.245938526191E-02,-0.995716456667));
#1787 = ( GEOMETRIC_REPRESENTATION_CONTEXT(2) 
PARAMETRIC_REPRESENTATION_CONTEXT() REPRESENTATION_CONTEXT('2D SPACE',''
  ) );
#1788 = PCURVE('',#1789,#1794);
#1789 = CYLINDRICAL_SURFACE('',#1790,0.65);
#1790 = AXIS2_PLACEMENT_3D('',#1791,#1792,#1793);
#1791 = CARTESIAN_POINT('',(17.801499636269,30.261428581557,-0.65));
#1792 = DIRECTION('',(9.245938526191E-02,-0.995716456667,0.));
#1793 = DIRECTION('',(0.995716456667,9.245938526191E-02,0.));
#1794 = DEFINITIONAL_REPRESENTATION('',(#1795),#1799);
#1795 = LINE('',#1796,#1797);
#1796 = CARTESIAN_POINT('',(1.570796326795,0.));
#1797 = VECTOR('',#1798,1.);
#1798 = DIRECTION('',(0.,1.));
#1799 = ( GEOMETRIC_REPRESENTATION_CONTEXT(2) 
PARAMETRIC_REPRESENTATION_CONTEXT() REPRESENTATION_CONTEXT('2D SPACE',''
  ) );
#1800 = ORIENTED_EDGE('',*,*,#1801,.F.);
#1801 = EDGE_CURVE('',#1802,#1774,#1804,.T.);
#1802 = VERTEX_POINT('',#1803);
#1803 = CARTESIAN_POINT('',(16.443418591244,30.861543147918,
    1.110223024625E-16));
#1804 = SURFACE_CURVE('',#1805,(#1810,#1821),.PCURVE_S1.);
#1805 = CIRCLE('',#1806,0.85);
#1806 = AXIS2_PLACEMENT_3D('',#1807,#1808,#1809);
#1807 = CARTESIAN_POINT('',(16.955140648102,30.182838104084,0.));
#1808 = DIRECTION('',(0.,0.,-1.));
#1809 = DIRECTION('',(-0.602025949245,0.798476522157,0.));
#1810 = PCURVE('',#346,#1811);
#1811 = DEFINITIONAL_REPRESENTATION('',(#1812),#1820);
#1812 = ( BOUNDED_CURVE() B_SPLINE_CURVE(2,(#1813,#1814,#1815,#1816,
#1817,#1818,#1819),.UNSPECIFIED.,.T.,.F.) B_SPLINE_CURVE_WITH_KNOTS((1,2
    ,2,2,2,1),(-2.094395102393,0.,2.094395102393,4.188790204786,
6.28318530718,8.377580409573),.UNSPECIFIED.) CURVE() 
GEOMETRIC_REPRESENTATION_ITEM() RATIONAL_B_SPLINE_CURVE((1.,0.5,1.,0.5,
1.,0.5,1.)) REPRESENTATION_ITEM('') );
#1813 = CARTESIAN_POINT('',(16.443418591244,30.861543147918));
#1814 = CARTESIAN_POINT('',(17.618970210516,31.74787174975));
#1815 = CARTESIAN_POINT('',(17.798777486167,30.286649883084));
#1816 = CARTESIAN_POINT('',(17.978584761819,28.825428016418));
#1817 = CARTESIAN_POINT('',(16.623225866895,29.400321281252));
#1818 = CARTESIAN_POINT('',(15.267866971971,29.975214546085));
#1819 = CARTESIAN_POINT('',(16.443418591244,30.861543147918));
#1820 = ( GEOMETRIC_REPRESENTATION_CONTEXT(2) 
PARAMETRIC_REPRESENTATION_CONTEXT() REPRESENTATION_CONTEXT('2D SPACE',''
  ) );
#1821 = PCURVE('',#1822,#1827);
#1822 = TOROIDAL_SURFACE('',#1823,0.85,0.65);
#1823 = AXIS2_PLACEMENT_3D('',#1824,#1825,#1826);
#1824 = CARTESIAN_POINT('',(16.955140648102,30.182838104084,-0.65));
#1825 = DIRECTION('',(-0.,-0.,1.));
#1826 = DIRECTION('',(-0.602025949245,0.798476522157,0.));
#1827 = DEFINITIONAL_REPRESENTATION('',(#1828),#1832);
#1828 = LINE('',#1829,#1830);
#1829 = CARTESIAN_POINT('',(-0.,1.570796326795));
#1830 = VECTOR('',#1831,1.);
#1831 = DIRECTION('',(-1.,0.));
#1832 = ( GEOMETRIC_REPRESENTATION_CONTEXT(2) 
PARAMETRIC_REPRESENTATION_CONTEXT() REPRESENTATION_CONTEXT('2D SPACE',''
  ) );
#1833 = ORIENTED_EDGE('',*,*,#1834,.F.);
#1834 = EDGE_CURVE('',#1835,#1802,#1837,.T.);
#1835 = VERTEX_POINT('',#1836);
#1836 = CARTESIAN_POINT('',(8.294360946275,24.717412383854,
    1.110223024625E-16));
#1837 = SURFACE_CURVE('',#1838,(#1842,#1849),.PCURVE_S1.);
#1838 = LINE('',#1839,#1840);
#1839 = CARTESIAN_POINT('',(8.294360946275,24.717412383854,
    1.110223024625E-16));
#1840 = VECTOR('',#1841,1.);
#1841 = DIRECTION('',(0.798476522157,0.602025949245,0.));
#1842 = PCURVE('',#346,#1843);
#1843 = DEFINITIONAL_REPRESENTATION('',(#1844),#1848);
#1844 = LINE('',#1845,#1846);
#1845 = CARTESIAN_POINT('',(8.294360946275,24.717412383854));
#1846 = VECTOR('',#1847,1.);
#1847 = DIRECTION('',(0.798476522157,0.602025949245));
#1848 = ( GEOMETRIC_REPRESENTATION_CONTEXT(2) 
PARAMETRIC_REPRESENTATION_CONTEXT() REPRESENTATION_CONTEXT('2D SPACE',''
  ) );
#1849 = PCURVE('',#1850,#1855);
#1850 = CYLINDRICAL_SURFACE('',#1851,0.65);
#1851 = AXIS2_PLACEMENT_3D('',#1852,#1853,#1854);
#1852 = CARTESIAN_POINT('',(8.294360946275,24.717412383854,-0.65));
#1853 = DIRECTION('',(0.798476522157,0.602025949245,0.));
#1854 = DIRECTION('',(-0.602025949245,0.798476522157,0.));
#1855 = DEFINITIONAL_REPRESENTATION('',(#1856),#1860);
#1856 = LINE('',#1857,#1858);
#1857 = CARTESIAN_POINT('',(1.570796326795,0.));
#1858 = VECTOR('',#1859,1.);
#1859 = DIRECTION('',(0.,1.));
#1860 = ( GEOMETRIC_REPRESENTATION_CONTEXT(2) 
PARAMETRIC_REPRESENTATION_CONTEXT() REPRESENTATION_CONTEXT('2D SPACE',''
  ) );
#1861 = ORIENTED_EDGE('',*,*,#1862,.F.);
#1862 = EDGE_CURVE('',#1863,#1835,#1865,.T.);
#1863 = VERTEX_POINT('',#1864);
#1864 = CARTESIAN_POINT('',(8.127054420634,24.55,-8.326672684689E-16));
#1865 = SURFACE_CURVE('',#1866,(#1871,#1882),.PCURVE_S1.);
#1866 = CIRCLE('',#1867,0.85);
#1867 = AXIS2_PLACEMENT_3D('',#1868,#1869,#1870);
#1868 = CARTESIAN_POINT('',(8.806083003134,24.038707340021,0.));
#1869 = DIRECTION('',(0.,0.,-1.));
#1870 = DIRECTION('',(-0.308002513919,-0.951385542995,-0.));
#1871 = PCURVE('',#346,#1872);
#1872 = DEFINITIONAL_REPRESENTATION('',(#1873),#1881);
#1873 = ( BOUNDED_CURVE() B_SPLINE_CURVE(2,(#1874,#1875,#1876,#1877,
#1878,#1879,#1880),.UNSPECIFIED.,.T.,.F.) B_SPLINE_CURVE_WITH_KNOTS((1,2
    ,2,2,2,1),(-2.094395102393,0.,2.094395102393,4.188790204786,
6.28318530718,8.377580409573),.UNSPECIFIED.) CURVE() 
GEOMETRIC_REPRESENTATION_ITEM() RATIONAL_B_SPLINE_CURVE((1.,0.5,1.,0.5,
1.,0.5,1.)) REPRESENTATION_ITEM('') );
#1874 = CARTESIAN_POINT('',(8.544280866303,23.230029628476));
#1875 = CARTESIAN_POINT('',(7.143609982957,23.683484230997));
#1876 = CARTESIAN_POINT('',(8.236648629877,24.669773497055));
#1877 = CARTESIAN_POINT('',(9.329687276796,25.656062763112));
#1878 = CARTESIAN_POINT('',(9.637319513222,24.216318894533));
#1879 = CARTESIAN_POINT('',(9.944951749648,22.776575025954));
#1880 = CARTESIAN_POINT('',(8.544280866303,23.230029628476));
#1881 = ( GEOMETRIC_REPRESENTATION_CONTEXT(2) 
PARAMETRIC_REPRESENTATION_CONTEXT() REPRESENTATION_CONTEXT('2D SPACE',''
  ) );
#1882 = PCURVE('',#1883,#1888);
#1883 = TOROIDAL_SURFACE('',#1884,0.85,0.65);
#1884 = AXIS2_PLACEMENT_3D('',#1885,#1886,#1887);
#1885 = CARTESIAN_POINT('',(8.806083003134,24.038707340021,-0.65));
#1886 = DIRECTION('',(-0.,-0.,1.));
#1887 = DIRECTION('',(-0.308002513919,-0.951385542995,-0.));
#1888 = DEFINITIONAL_REPRESENTATION('',(#1889),#1893);
#1889 = LINE('',#1890,#1891);
#1890 = CARTESIAN_POINT('',(-0.,1.570796326795));
#1891 = VECTOR('',#1892,1.);
#1892 = DIRECTION('',(-1.,0.));
#1893 = ( GEOMETRIC_REPRESENTATION_CONTEXT(2) 
PARAMETRIC_REPRESENTATION_CONTEXT() REPRESENTATION_CONTEXT('2D SPACE',''
  ) );
#1894 = ORIENTED_EDGE('',*,*,#1895,.T.);
#1895 = EDGE_CURVE('',#1863,#1896,#1898,.T.);
#1896 = VERTEX_POINT('',#1897);
#1897 = CARTESIAN_POINT('',(-8.127054420634,24.55,-8.326672684689E-16));
#1898 = SURFACE_CURVE('',#1899,(#1903,#1910),.PCURVE_S1.);
#1899 = LINE('',#1900,#1901);
#1900 = CARTESIAN_POINT('',(13.2,24.55,-1.665334536938E-15));
#1901 = VECTOR('',#1902,1.);
#1902 = DIRECTION('',(-1.,0.,0.));
#1903 = PCURVE('',#346,#1904);
#1904 = DEFINITIONAL_REPRESENTATION('',(#1905),#1909);
#1905 = LINE('',#1906,#1907);
#1906 = CARTESIAN_POINT('',(13.2,24.55));
#1907 = VECTOR('',#1908,1.);
#1908 = DIRECTION('',(-1.,0.));
#1909 = ( GEOMETRIC_REPRESENTATION_CONTEXT(2) 
PARAMETRIC_REPRESENTATION_CONTEXT() REPRESENTATION_CONTEXT('2D SPACE',''
  ) );
#1910 = PCURVE('',#1911,#1916);
#1911 = CYLINDRICAL_SURFACE('',#1912,0.65);
#1912 = AXIS2_PLACEMENT_3D('',#1913,#1914,#1915);
#1913 = CARTESIAN_POINT('',(13.2,24.55,-0.65));
#1914 = DIRECTION('',(-1.,0.,0.));
#1915 = DIRECTION('',(0.,1.,-0.));
#1916 = DEFINITIONAL_REPRESENTATION('',(#1917),#1921);
#1917 = LINE('',#1918,#1919);
#1918 = CARTESIAN_POINT('',(-1.570796326795,0.));
#1919 = VECTOR('',#1920,1.);
#1920 = DIRECTION('',(-0.,1.));
#1921 = ( GEOMETRIC_REPRESENTATION_CONTEXT(2) 
PARAMETRIC_REPRESENTATION_CONTEXT() REPRESENTATION_CONTEXT('2D SPACE',''
  ) );
#1922 = ORIENTED_EDGE('',*,*,#1923,.F.);
#1923 = EDGE_CURVE('',#1924,#1896,#1926,.T.);
#1924 = VERTEX_POINT('',#1925);
#1925 = CARTESIAN_POINT('',(-8.294360946275,24.717412383854,
    1.110223024625E-16));
#1926 = SURFACE_CURVE('',#1927,(#1932,#1943),.PCURVE_S1.);
#1927 = CIRCLE('',#1928,0.85);
#1928 = AXIS2_PLACEMENT_3D('',#1929,#1930,#1931);
#1929 = CARTESIAN_POINT('',(-8.806083003134,24.038707340021,0.));
#1930 = DIRECTION('',(0.,0.,-1.));
#1931 = DIRECTION('',(0.602025949245,0.798476522157,0.));
#1932 = PCURVE('',#346,#1933);
#1933 = DEFINITIONAL_REPRESENTATION('',(#1934),#1942);
#1934 = ( BOUNDED_CURVE() B_SPLINE_CURVE(2,(#1935,#1936,#1937,#1938,
#1939,#1940,#1941),.UNSPECIFIED.,.T.,.F.) B_SPLINE_CURVE_WITH_KNOTS((1,2
    ,2,2,2,1),(-2.094395102393,0.,2.094395102393,4.188790204786,
6.28318530718,8.377580409573),.UNSPECIFIED.) CURVE() 
GEOMETRIC_REPRESENTATION_ITEM() RATIONAL_B_SPLINE_CURVE((1.,0.5,1.,0.5,
1.,0.5,1.)) REPRESENTATION_ITEM('') );
#1935 = CARTESIAN_POINT('',(-8.294360946275,24.717412383854));
#1936 = CARTESIAN_POINT('',(-7.118809327003,23.831083782022));
#1937 = CARTESIAN_POINT('',(-8.474168221927,23.256190517188));
#1938 = CARTESIAN_POINT('',(-9.829527116851,22.681297252355));
#1939 = CARTESIAN_POINT('',(-9.649719841199,24.142519119021));
#1940 = CARTESIAN_POINT('',(-9.469912565548,25.603740985687));
#1941 = CARTESIAN_POINT('',(-8.294360946275,24.717412383854));
#1942 = ( GEOMETRIC_REPRESENTATION_CONTEXT(2) 
PARAMETRIC_REPRESENTATION_CONTEXT() REPRESENTATION_CONTEXT('2D SPACE',''
  ) );
#1943 = PCURVE('',#1944,#1949);
#1944 = TOROIDAL_SURFACE('',#1945,0.85,0.65);
#1945 = AXIS2_PLACEMENT_3D('',#1946,#1947,#1948);
#1946 = CARTESIAN_POINT('',(-8.806083003134,24.038707340021,-0.65));
#1947 = DIRECTION('',(-0.,-0.,1.));
#1948 = DIRECTION('',(0.602025949245,0.798476522157,0.));
#1949 = DEFINITIONAL_REPRESENTATION('',(#1950),#1954);
#1950 = LINE('',#1951,#1952);
#1951 = CARTESIAN_POINT('',(-0.,1.570796326795));
#1952 = VECTOR('',#1953,1.);
#1953 = DIRECTION('',(-1.,0.));
#1954 = ( GEOMETRIC_REPRESENTATION_CONTEXT(2) 
PARAMETRIC_REPRESENTATION_CONTEXT() REPRESENTATION_CONTEXT('2D SPACE',''
  ) );
#1955 = ORIENTED_EDGE('',*,*,#1956,.F.);
#1956 = EDGE_CURVE('',#1957,#1924,#1959,.T.);
#1957 = VERTEX_POINT('',#1958);
#1958 = CARTESIAN_POINT('',(-16.44341859124,30.861543147918,0.));
#1959 = SURFACE_CURVE('',#1960,(#1964,#1971),.PCURVE_S1.);
#1960 = LINE('',#1961,#1962);
#1961 = CARTESIAN_POINT('',(-16.44341859124,30.861543147918,
    1.110223024625E-16));
#1962 = VECTOR('',#1963,1.);
#1963 = DIRECTION('',(0.798476522157,-0.602025949245,0.));
#1964 = PCURVE('',#346,#1965);
#1965 = DEFINITIONAL_REPRESENTATION('',(#1966),#1970);
#1966 = LINE('',#1967,#1968);
#1967 = CARTESIAN_POINT('',(-16.44341859124,30.861543147918));
#1968 = VECTOR('',#1969,1.);
#1969 = DIRECTION('',(0.798476522157,-0.602025949245));
#1970 = ( GEOMETRIC_REPRESENTATION_CONTEXT(2) 
PARAMETRIC_REPRESENTATION_CONTEXT() REPRESENTATION_CONTEXT('2D SPACE',''
  ) );
#1971 = PCURVE('',#1972,#1977);
#1972 = CYLINDRICAL_SURFACE('',#1973,0.65);
#1973 = AXIS2_PLACEMENT_3D('',#1974,#1975,#1976);
#1974 = CARTESIAN_POINT('',(-16.44341859124,30.861543147918,-0.65));
#1975 = DIRECTION('',(0.798476522157,-0.602025949245,0.));
#1976 = DIRECTION('',(0.602025949245,0.798476522157,0.));
#1977 = DEFINITIONAL_REPRESENTATION('',(#1978),#1982);
#1978 = LINE('',#1979,#1980);
#1979 = CARTESIAN_POINT('',(1.570796326795,0.));
#1980 = VECTOR('',#1981,1.);
#1981 = DIRECTION('',(0.,1.));
#1982 = ( GEOMETRIC_REPRESENTATION_CONTEXT(2) 
PARAMETRIC_REPRESENTATION_CONTEXT() REPRESENTATION_CONTEXT('2D SPACE',''
  ) );
#1983 = ORIENTED_EDGE('',*,*,#1984,.F.);
#1984 = EDGE_CURVE('',#1985,#1957,#1987,.T.);
#1985 = VERTEX_POINT('',#1986);
#1986 = CARTESIAN_POINT('',(-17.80149963626,30.261428581557,
    1.110223024625E-16));
#1987 = SURFACE_CURVE('',#1988,(#1993,#2004),.PCURVE_S1.);
#1988 = CIRCLE('',#1989,0.85);
#1989 = AXIS2_PLACEMENT_3D('',#1990,#1991,#1992);
#1990 = CARTESIAN_POINT('',(-16.9551406481,30.182838104084,0.));
#1991 = DIRECTION('',(0.,0.,-1.));
#1992 = DIRECTION('',(-0.995716456667,9.245938526191E-02,0.));
#1993 = PCURVE('',#346,#1994);
#1994 = DEFINITIONAL_REPRESENTATION('',(#1995),#2003);
#1995 = ( BOUNDED_CURVE() B_SPLINE_CURVE(2,(#1996,#1997,#1998,#1999,
#2000,#2001,#2002),.UNSPECIFIED.,.T.,.F.) B_SPLINE_CURVE_WITH_KNOTS((1,2
    ,2,2,2,1),(-2.094395102393,0.,2.094395102393,4.188790204786,
6.28318530718,8.377580409573),.UNSPECIFIED.) CURVE() 
GEOMETRIC_REPRESENTATION_ITEM() RATIONAL_B_SPLINE_CURVE((1.,0.5,1.,0.5,
1.,0.5,1.)) REPRESENTATION_ITEM('') );
#1996 = CARTESIAN_POINT('',(-17.80149963626,30.261428581557));
#1997 = CARTESIAN_POINT('',(-17.66537693629,31.727365350504));
#1998 = CARTESIAN_POINT('',(-16.46389980403,30.876511249822));
#1999 = CARTESIAN_POINT('',(-15.26242267176,30.025657149139));
#2000 = CARTESIAN_POINT('',(-16.600022504,29.410574480874));
#2001 = CARTESIAN_POINT('',(-17.93762233624,28.79549181261));
#2002 = CARTESIAN_POINT('',(-17.80149963626,30.261428581557));
#2003 = ( GEOMETRIC_REPRESENTATION_CONTEXT(2) 
PARAMETRIC_REPRESENTATION_CONTEXT() REPRESENTATION_CONTEXT('2D SPACE',''
  ) );
#2004 = PCURVE('',#2005,#2010);
#2005 = TOROIDAL_SURFACE('',#2006,0.85,0.65);
#2006 = AXIS2_PLACEMENT_3D('',#2007,#2008,#2009);
#2007 = CARTESIAN_POINT('',(-16.9551406481,30.182838104084,-0.65));
#2008 = DIRECTION('',(-0.,-0.,1.));
#2009 = DIRECTION('',(-0.995716456667,9.245938526191E-02,0.));
#2010 = DEFINITIONAL_REPRESENTATION('',(#2011),#2015);
#2011 = LINE('',#2012,#2013);
#2012 = CARTESIAN_POINT('',(-0.,1.570796326795));
#2013 = VECTOR('',#2014,1.);
#2014 = DIRECTION('',(-1.,0.));
#2015 = ( GEOMETRIC_REPRESENTATION_CONTEXT(2) 
PARAMETRIC_REPRESENTATION_CONTEXT() REPRESENTATION_CONTEXT('2D SPACE',''
  ) );
#2016 = ORIENTED_EDGE('',*,*,#2017,.F.);
#2017 = EDGE_CURVE('',#2018,#1985,#2020,.T.);
#2018 = VERTEX_POINT('',#2019);
#2019 = CARTESIAN_POINT('',(-18.54596377701,22.244122450419,
    -8.326672684689E-16));
#2020 = SURFACE_CURVE('',#2021,(#2025,#2032),.PCURVE_S1.);
#2021 = LINE('',#2022,#2023);
#2022 = CARTESIAN_POINT('',(-18.64227542503,21.206920087148,
    1.110223024625E-16));
#2023 = VECTOR('',#2024,1.);
#2024 = DIRECTION('',(9.245938526191E-02,0.995716456667,0.));
#2025 = PCURVE('',#346,#2026);
#2026 = DEFINITIONAL_REPRESENTATION('',(#2027),#2031);
#2027 = LINE('',#2028,#2029);
#2028 = CARTESIAN_POINT('',(-18.64227542503,21.206920087148));
#2029 = VECTOR('',#2030,1.);
#2030 = DIRECTION('',(9.245938526191E-02,0.995716456667));
#2031 = ( GEOMETRIC_REPRESENTATION_CONTEXT(2) 
PARAMETRIC_REPRESENTATION_CONTEXT() REPRESENTATION_CONTEXT('2D SPACE',''
  ) );
#2032 = PCURVE('',#2033,#2038);
#2033 = CYLINDRICAL_SURFACE('',#2034,0.65);
#2034 = AXIS2_PLACEMENT_3D('',#2035,#2036,#2037);
#2035 = CARTESIAN_POINT('',(-18.64227542503,21.206920087148,-0.65));
#2036 = DIRECTION('',(9.245938526191E-02,0.995716456667,0.));
#2037 = DIRECTION('',(-0.995716456667,9.245938526191E-02,0.));
#2038 = DEFINITIONAL_REPRESENTATION('',(#2039),#2043);
#2039 = LINE('',#2040,#2041);
#2040 = CARTESIAN_POINT('',(1.570796326795,0.));
#2041 = VECTOR('',#2042,1.);
#2042 = DIRECTION('',(0.,1.));
#2043 = ( GEOMETRIC_REPRESENTATION_CONTEXT(2) 
PARAMETRIC_REPRESENTATION_CONTEXT() REPRESENTATION_CONTEXT('2D SPACE',''
  ) );
#2044 = ORIENTED_EDGE('',*,*,#2045,.T.);
#2045 = EDGE_CURVE('',#2018,#1668,#2046,.T.);
#2046 = SURFACE_CURVE('',#2047,(#2052,#2059),.PCURVE_S1.);
#2047 = CIRCLE('',#2048,7.35);
#2048 = AXIS2_PLACEMENT_3D('',#2049,#2050,#2051);
#2049 = CARTESIAN_POINT('',(-13.2,17.2,-1.7763568394E-15));
#2050 = DIRECTION('',(0.,0.,1.));
#2051 = DIRECTION('',(0.,1.,-0.));
#2052 = PCURVE('',#346,#2053);
#2053 = DEFINITIONAL_REPRESENTATION('',(#2054),#2058);
#2054 = CIRCLE('',#2055,7.35);
#2055 = AXIS2_PLACEMENT_2D('',#2056,#2057);
#2056 = CARTESIAN_POINT('',(-13.2,17.2));
#2057 = DIRECTION('',(0.,1.));
#2058 = ( GEOMETRIC_REPRESENTATION_CONTEXT(2) 
PARAMETRIC_REPRESENTATION_CONTEXT() REPRESENTATION_CONTEXT('2D SPACE',''
  ) );
#2059 = PCURVE('',#2060,#2065);
#2060 = TOROIDAL_SURFACE('',#2061,7.35,0.65);
#2061 = AXIS2_PLACEMENT_3D('',#2062,#2063,#2064);
#2062 = CARTESIAN_POINT('',(-13.2,17.2,-0.65));
#2063 = DIRECTION('',(0.,0.,1.));
#2064 = DIRECTION('',(0.,1.,-0.));
#2065 = DEFINITIONAL_REPRESENTATION('',(#2066),#2070);
#2066 = LINE('',#2067,#2068);
#2067 = CARTESIAN_POINT('',(0.,1.570796326795));
#2068 = VECTOR('',#2069,1.);
#2069 = DIRECTION('',(1.,0.));
#2070 = ( GEOMETRIC_REPRESENTATION_CONTEXT(2) 
PARAMETRIC_REPRESENTATION_CONTEXT() REPRESENTATION_CONTEXT('2D SPACE',''
  ) );
#2071 = FACE_BOUND('',#2072,.T.);
#2072 = EDGE_LOOP('',(#2073,#2104,#2130,#2159,#2185,#2214,#2240,#2269));
#2073 = ORIENTED_EDGE('',*,*,#2074,.F.);
#2074 = EDGE_CURVE('',#2075,#2077,#2079,.T.);
#2075 = VERTEX_POINT('',#2076);
#2076 = CARTESIAN_POINT('',(11.565,-19.865,-1.7763568394E-15));
#2077 = VERTEX_POINT('',#2078);
#2078 = CARTESIAN_POINT('',(15.865,-15.565,-1.7763568394E-15));
#2079 = SURFACE_CURVE('',#2080,(#2085,#2092),.PCURVE_S1.);
#2080 = CIRCLE('',#2081,4.3);
#2081 = AXIS2_PLACEMENT_3D('',#2082,#2083,#2084);
#2082 = CARTESIAN_POINT('',(11.565,-15.565,-1.7763568394E-15));
#2083 = DIRECTION('',(0.,0.,1.));
#2084 = DIRECTION('',(0.,-1.,0.));
#2085 = PCURVE('',#346,#2086);
#2086 = DEFINITIONAL_REPRESENTATION('',(#2087),#2091);
#2087 = CIRCLE('',#2088,4.3);
#2088 = AXIS2_PLACEMENT_2D('',#2089,#2090);
#2089 = CARTESIAN_POINT('',(11.565,-15.565));
#2090 = DIRECTION('',(0.,-1.));
#2091 = ( GEOMETRIC_REPRESENTATION_CONTEXT(2) 
PARAMETRIC_REPRESENTATION_CONTEXT() REPRESENTATION_CONTEXT('2D SPACE',''
  ) );
#2092 = PCURVE('',#2093,#2098);
#2093 = CYLINDRICAL_SURFACE('',#2094,4.3);
#2094 = AXIS2_PLACEMENT_3D('',#2095,#2096,#2097);
#2095 = CARTESIAN_POINT('',(11.565,-15.565,-1.));
#2096 = DIRECTION('',(0.,0.,1.));
#2097 = DIRECTION('',(0.,-1.,0.));
#2098 = DEFINITIONAL_REPRESENTATION('',(#2099),#2103);
#2099 = LINE('',#2100,#2101);
#2100 = CARTESIAN_POINT('',(0.,1.));
#2101 = VECTOR('',#2102,1.);
#2102 = DIRECTION('',(1.,0.));
#2103 = ( GEOMETRIC_REPRESENTATION_CONTEXT(2) 
PARAMETRIC_REPRESENTATION_CONTEXT() REPRESENTATION_CONTEXT('2D SPACE',''
  ) );
#2104 = ORIENTED_EDGE('',*,*,#2105,.T.);
#2105 = EDGE_CURVE('',#2075,#2106,#2108,.T.);
#2106 = VERTEX_POINT('',#2107);
#2107 = CARTESIAN_POINT('',(-11.565,-19.865,-1.7763568394E-15));
#2108 = SURFACE_CURVE('',#2109,(#2113,#2119),.PCURVE_S1.);
#2109 = LINE('',#2110,#2111);
#2110 = CARTESIAN_POINT('',(-7.9325,-19.865,-1.7763568394E-15));
#2111 = VECTOR('',#2112,1.);
#2112 = DIRECTION('',(-1.,0.,0.));
#2113 = PCURVE('',#346,#2114);
#2114 = DEFINITIONAL_REPRESENTATION('',(#2115),#2118);
#2115 = B_SPLINE_CURVE_WITH_KNOTS('',1,(#2116,#2117),.UNSPECIFIED.,.F.,
  .F.,(2,2),(-19.4975,3.6325),.PIECEWISE_BEZIER_KNOTS.);
#2116 = CARTESIAN_POINT('',(11.565,-19.865));
#2117 = CARTESIAN_POINT('',(-11.565,-19.865));
#2118 = ( GEOMETRIC_REPRESENTATION_CONTEXT(2) 
PARAMETRIC_REPRESENTATION_CONTEXT() REPRESENTATION_CONTEXT('2D SPACE',''
  ) );
#2119 = PCURVE('',#2120,#2125);
#2120 = PLANE('',#2121);
#2121 = AXIS2_PLACEMENT_3D('',#2122,#2123,#2124);
#2122 = CARTESIAN_POINT('',(-15.865,-19.865,-1.));
#2123 = DIRECTION('',(0.,1.,0.));
#2124 = DIRECTION('',(1.,0.,0.));
#2125 = DEFINITIONAL_REPRESENTATION('',(#2126),#2129);
#2126 = B_SPLINE_CURVE_WITH_KNOTS('',1,(#2127,#2128),.UNSPECIFIED.,.F.,
  .F.,(2,2),(-19.4975,3.6325),.PIECEWISE_BEZIER_KNOTS.);
#2127 = CARTESIAN_POINT('',(27.43,-1.));
#2128 = CARTESIAN_POINT('',(4.3,-1.));
#2129 = ( GEOMETRIC_REPRESENTATION_CONTEXT(2) 
PARAMETRIC_REPRESENTATION_CONTEXT() REPRESENTATION_CONTEXT('2D SPACE',''
  ) );
#2130 = ORIENTED_EDGE('',*,*,#2131,.F.);
#2131 = EDGE_CURVE('',#2132,#2106,#2134,.T.);
#2132 = VERTEX_POINT('',#2133);
#2133 = CARTESIAN_POINT('',(-15.865,-15.565,-1.7763568394E-15));
#2134 = SURFACE_CURVE('',#2135,(#2140,#2147),.PCURVE_S1.);
#2135 = CIRCLE('',#2136,4.3);
#2136 = AXIS2_PLACEMENT_3D('',#2137,#2138,#2139);
#2137 = CARTESIAN_POINT('',(-11.565,-15.565,-1.7763568394E-15));
#2138 = DIRECTION('',(0.,0.,1.));
#2139 = DIRECTION('',(0.,-1.,0.));
#2140 = PCURVE('',#346,#2141);
#2141 = DEFINITIONAL_REPRESENTATION('',(#2142),#2146);
#2142 = CIRCLE('',#2143,4.3);
#2143 = AXIS2_PLACEMENT_2D('',#2144,#2145);
#2144 = CARTESIAN_POINT('',(-11.565,-15.565));
#2145 = DIRECTION('',(0.,-1.));
#2146 = ( GEOMETRIC_REPRESENTATION_CONTEXT(2) 
PARAMETRIC_REPRESENTATION_CONTEXT() REPRESENTATION_CONTEXT('2D SPACE',''
  ) );
#2147 = PCURVE('',#2148,#2153);
#2148 = CYLINDRICAL_SURFACE('',#2149,4.3);
#2149 = AXIS2_PLACEMENT_3D('',#2150,#2151,#2152);
#2150 = CARTESIAN_POINT('',(-11.565,-15.565,-1.));
#2151 = DIRECTION('',(0.,0.,1.));
#2152 = DIRECTION('',(0.,-1.,0.));
#2153 = DEFINITIONAL_REPRESENTATION('',(#2154),#2158);
#2154 = LINE('',#2155,#2156);
#2155 = CARTESIAN_POINT('',(-6.28318530718,1.));
#2156 = VECTOR('',#2157,1.);
#2157 = DIRECTION('',(1.,-0.));
#2158 = ( GEOMETRIC_REPRESENTATION_CONTEXT(2) 
PARAMETRIC_REPRESENTATION_CONTEXT() REPRESENTATION_CONTEXT('2D SPACE',''
  ) );
#2159 = ORIENTED_EDGE('',*,*,#2160,.T.);
#2160 = EDGE_CURVE('',#2132,#2161,#2163,.T.);
#2161 = VERTEX_POINT('',#2162);
#2162 = CARTESIAN_POINT('',(-15.865,15.565,-1.7763568394E-15));
#2163 = SURFACE_CURVE('',#2164,(#2168,#2174),.PCURVE_S1.);
#2164 = LINE('',#2165,#2166);
#2165 = CARTESIAN_POINT('',(-15.865,9.9325,-1.7763568394E-15));
#2166 = VECTOR('',#2167,1.);
#2167 = DIRECTION('',(-0.,1.,0.));
#2168 = PCURVE('',#346,#2169);
#2169 = DEFINITIONAL_REPRESENTATION('',(#2170),#2173);
#2170 = B_SPLINE_CURVE_WITH_KNOTS('',1,(#2171,#2172),.UNSPECIFIED.,.F.,
  .F.,(2,2),(-25.4975,5.6325),.PIECEWISE_BEZIER_KNOTS.);
#2171 = CARTESIAN_POINT('',(-15.865,-15.565));
#2172 = CARTESIAN_POINT('',(-15.865,15.565));
#2173 = ( GEOMETRIC_REPRESENTATION_CONTEXT(2) 
PARAMETRIC_REPRESENTATION_CONTEXT() REPRESENTATION_CONTEXT('2D SPACE',''
  ) );
#2174 = PCURVE('',#2175,#2180);
#2175 = PLANE('',#2176);
#2176 = AXIS2_PLACEMENT_3D('',#2177,#2178,#2179);
#2177 = CARTESIAN_POINT('',(-15.865,19.865,-1.));
#2178 = DIRECTION('',(1.,0.,-0.));
#2179 = DIRECTION('',(0.,-1.,0.));
#2180 = DEFINITIONAL_REPRESENTATION('',(#2181),#2184);
#2181 = B_SPLINE_CURVE_WITH_KNOTS('',1,(#2182,#2183),.UNSPECIFIED.,.F.,
  .F.,(2,2),(-25.4975,5.6325),.PIECEWISE_BEZIER_KNOTS.);
#2182 = CARTESIAN_POINT('',(35.43,-1.));
#2183 = CARTESIAN_POINT('',(4.3,-1.));
#2184 = ( GEOMETRIC_REPRESENTATION_CONTEXT(2) 
PARAMETRIC_REPRESENTATION_CONTEXT() REPRESENTATION_CONTEXT('2D SPACE',''
  ) );
#2185 = ORIENTED_EDGE('',*,*,#2186,.F.);
#2186 = EDGE_CURVE('',#2187,#2161,#2189,.T.);
#2187 = VERTEX_POINT('',#2188);
#2188 = CARTESIAN_POINT('',(-11.565,19.865,-1.7763568394E-15));
#2189 = SURFACE_CURVE('',#2190,(#2195,#2202),.PCURVE_S1.);
#2190 = CIRCLE('',#2191,4.3);
#2191 = AXIS2_PLACEMENT_3D('',#2192,#2193,#2194);
#2192 = CARTESIAN_POINT('',(-11.565,15.565,-1.7763568394E-15));
#2193 = DIRECTION('',(0.,0.,1.));
#2194 = DIRECTION('',(-0.,1.,0.));
#2195 = PCURVE('',#346,#2196);
#2196 = DEFINITIONAL_REPRESENTATION('',(#2197),#2201);
#2197 = CIRCLE('',#2198,4.3);
#2198 = AXIS2_PLACEMENT_2D('',#2199,#2200);
#2199 = CARTESIAN_POINT('',(-11.565,15.565));
#2200 = DIRECTION('',(0.,1.));
#2201 = ( GEOMETRIC_REPRESENTATION_CONTEXT(2) 
PARAMETRIC_REPRESENTATION_CONTEXT() REPRESENTATION_CONTEXT('2D SPACE',''
  ) );
#2202 = PCURVE('',#2203,#2208);
#2203 = CYLINDRICAL_SURFACE('',#2204,4.3);
#2204 = AXIS2_PLACEMENT_3D('',#2205,#2206,#2207);
#2205 = CARTESIAN_POINT('',(-11.565,15.565,-1.));
#2206 = DIRECTION('',(0.,0.,1.));
#2207 = DIRECTION('',(-0.,1.,0.));
#2208 = DEFINITIONAL_REPRESENTATION('',(#2209),#2213);
#2209 = LINE('',#2210,#2211);
#2210 = CARTESIAN_POINT('',(0.,1.));
#2211 = VECTOR('',#2212,1.);
#2212 = DIRECTION('',(1.,0.));
#2213 = ( GEOMETRIC_REPRESENTATION_CONTEXT(2) 
PARAMETRIC_REPRESENTATION_CONTEXT() REPRESENTATION_CONTEXT('2D SPACE',''
  ) );
#2214 = ORIENTED_EDGE('',*,*,#2215,.T.);
#2215 = EDGE_CURVE('',#2187,#2216,#2218,.T.);
#2216 = VERTEX_POINT('',#2217);
#2217 = CARTESIAN_POINT('',(11.565,19.865,-1.7763568394E-15));
#2218 = SURFACE_CURVE('',#2219,(#2223,#2229),.PCURVE_S1.);
#2219 = LINE('',#2220,#2221);
#2220 = CARTESIAN_POINT('',(7.9325,19.865,-1.7763568394E-15));
#2221 = VECTOR('',#2222,1.);
#2222 = DIRECTION('',(1.,0.,-0.));
#2223 = PCURVE('',#346,#2224);
#2224 = DEFINITIONAL_REPRESENTATION('',(#2225),#2228);
#2225 = B_SPLINE_CURVE_WITH_KNOTS('',1,(#2226,#2227),.UNSPECIFIED.,.F.,
  .F.,(2,2),(-19.4975,3.6325),.PIECEWISE_BEZIER_KNOTS.);
#2226 = CARTESIAN_POINT('',(-11.565,19.865));
#2227 = CARTESIAN_POINT('',(11.565,19.865));
#2228 = ( GEOMETRIC_REPRESENTATION_CONTEXT(2) 
PARAMETRIC_REPRESENTATION_CONTEXT() REPRESENTATION_CONTEXT('2D SPACE',''
  ) );
#2229 = PCURVE('',#2230,#2235);
#2230 = PLANE('',#2231);
#2231 = AXIS2_PLACEMENT_3D('',#2232,#2233,#2234);
#2232 = CARTESIAN_POINT('',(15.865,19.865,-1.));
#2233 = DIRECTION('',(0.,-1.,0.));
#2234 = DIRECTION('',(-1.,0.,0.));
#2235 = DEFINITIONAL_REPRESENTATION('',(#2236),#2239);
#2236 = B_SPLINE_CURVE_WITH_KNOTS('',1,(#2237,#2238),.UNSPECIFIED.,.F.,
  .F.,(2,2),(-19.4975,3.6325),.PIECEWISE_BEZIER_KNOTS.);
#2237 = CARTESIAN_POINT('',(27.43,-1.));
#2238 = CARTESIAN_POINT('',(4.3,-1.));
#2239 = ( GEOMETRIC_REPRESENTATION_CONTEXT(2) 
PARAMETRIC_REPRESENTATION_CONTEXT() REPRESENTATION_CONTEXT('2D SPACE',''
  ) );
#2240 = ORIENTED_EDGE('',*,*,#2241,.F.);
#2241 = EDGE_CURVE('',#2242,#2216,#2244,.T.);
#2242 = VERTEX_POINT('',#2243);
#2243 = CARTESIAN_POINT('',(15.865,15.565,-1.7763568394E-15));
#2244 = SURFACE_CURVE('',#2245,(#2250,#2257),.PCURVE_S1.);
#2245 = CIRCLE('',#2246,4.3);
#2246 = AXIS2_PLACEMENT_3D('',#2247,#2248,#2249);
#2247 = CARTESIAN_POINT('',(11.565,15.565,-1.7763568394E-15));
#2248 = DIRECTION('',(0.,0.,1.));
#2249 = DIRECTION('',(1.,0.,-0.));
#2250 = PCURVE('',#346,#2251);
#2251 = DEFINITIONAL_REPRESENTATION('',(#2252),#2256);
#2252 = CIRCLE('',#2253,4.3);
#2253 = AXIS2_PLACEMENT_2D('',#2254,#2255);
#2254 = CARTESIAN_POINT('',(11.565,15.565));
#2255 = DIRECTION('',(1.,0.));
#2256 = ( GEOMETRIC_REPRESENTATION_CONTEXT(2) 
PARAMETRIC_REPRESENTATION_CONTEXT() REPRESENTATION_CONTEXT('2D SPACE',''
  ) );
#2257 = PCURVE('',#2258,#2263);
#2258 = CYLINDRICAL_SURFACE('',#2259,4.3);
#2259 = AXIS2_PLACEMENT_3D('',#2260,#2261,#2262);
#2260 = CARTESIAN_POINT('',(11.565,15.565,-1.));
#2261 = DIRECTION('',(0.,0.,1.));
#2262 = DIRECTION('',(1.,0.,-0.));
#2263 = DEFINITIONAL_REPRESENTATION('',(#2264),#2268);
#2264 = LINE('',#2265,#2266);
#2265 = CARTESIAN_POINT('',(0.,1.));
#2266 = VECTOR('',#2267,1.);
#2267 = DIRECTION('',(1.,0.));
#2268 = ( GEOMETRIC_REPRESENTATION_CONTEXT(2) 
PARAMETRIC_REPRESENTATION_CONTEXT() REPRESENTATION_CONTEXT('2D SPACE',''
  ) );
#2269 = ORIENTED_EDGE('',*,*,#2270,.T.);
#2270 = EDGE_CURVE('',#2242,#2077,#2271,.T.);
#2271 = SURFACE_CURVE('',#2272,(#2276,#2282),.PCURVE_S1.);
#2272 = LINE('',#2273,#2274);
#2273 = CARTESIAN_POINT('',(15.865,-9.9325,-1.7763568394E-15));
#2274 = VECTOR('',#2275,1.);
#2275 = DIRECTION('',(0.,-1.,0.));
#2276 = PCURVE('',#346,#2277);
#2277 = DEFINITIONAL_REPRESENTATION('',(#2278),#2281);
#2278 = B_SPLINE_CURVE_WITH_KNOTS('',1,(#2279,#2280),.UNSPECIFIED.,.F.,
  .F.,(2,2),(-25.4975,5.6325),.PIECEWISE_BEZIER_KNOTS.);
#2279 = CARTESIAN_POINT('',(15.865,15.565));
#2280 = CARTESIAN_POINT('',(15.865,-15.565));
#2281 = ( GEOMETRIC_REPRESENTATION_CONTEXT(2) 
PARAMETRIC_REPRESENTATION_CONTEXT() REPRESENTATION_CONTEXT('2D SPACE',''
  ) );
#2282 = PCURVE('',#2283,#2288);
#2283 = PLANE('',#2284);
#2284 = AXIS2_PLACEMENT_3D('',#2285,#2286,#2287);
#2285 = CARTESIAN_POINT('',(15.865,-19.865,-1.));
#2286 = DIRECTION('',(-1.,0.,0.));
#2287 = DIRECTION('',(0.,1.,0.));
#2288 = DEFINITIONAL_REPRESENTATION('',(#2289),#2292);
#2289 = B_SPLINE_CURVE_WITH_KNOTS('',1,(#2290,#2291),.UNSPECIFIED.,.F.,
  .F.,(2,2),(-25.4975,5.6325),.PIECEWISE_BEZIER_KNOTS.);
#2290 = CARTESIAN_POINT('',(35.43,-1.));
#2291 = CARTESIAN_POINT('',(4.3,-1.));
#2292 = ( GEOMETRIC_REPRESENTATION_CONTEXT(2) 
PARAMETRIC_REPRESENTATION_CONTEXT() REPRESENTATION_CONTEXT('2D SPACE',''
  ) );
#2293 = ADVANCED_FACE('',(#2294),#372,.T.);
#2294 = FACE_BOUND('',#2295,.T.);
#2295 = EDGE_LOOP('',(#2296,#2297,#2298,#2318));
#2296 = ORIENTED_EDGE('',*,*,#358,.F.);
#2297 = ORIENTED_EDGE('',*,*,#440,.T.);
#2298 = ORIENTED_EDGE('',*,*,#2299,.T.);
#2299 = EDGE_CURVE('',#413,#1693,#2300,.T.);
#2300 = SURFACE_CURVE('',#2301,(#2306,#2312),.PCURVE_S1.);
#2301 = CIRCLE('',#2302,0.65);
#2302 = AXIS2_PLACEMENT_3D('',#2303,#2304,#2305);
#2303 = CARTESIAN_POINT('',(20.55,-17.2,-0.65));
#2304 = DIRECTION('',(-6.123233995737E-17,-1.,0.));
#2305 = DIRECTION('',(1.,-6.123233995737E-17,0.));
#2306 = PCURVE('',#372,#2307);
#2307 = DEFINITIONAL_REPRESENTATION('',(#2308),#2311);
#2308 = B_SPLINE_CURVE_WITH_KNOTS('',1,(#2309,#2310),.UNSPECIFIED.,.F.,
  .F.,(2,2),(0.,1.570796326795),.PIECEWISE_BEZIER_KNOTS.);
#2309 = CARTESIAN_POINT('',(1.570796326795,0.));
#2310 = CARTESIAN_POINT('',(1.570796326795,1.570796326795));
#2311 = ( GEOMETRIC_REPRESENTATION_CONTEXT(2) 
PARAMETRIC_REPRESENTATION_CONTEXT() REPRESENTATION_CONTEXT('2D SPACE',''
  ) );
#2312 = PCURVE('',#1732,#2313);
#2313 = DEFINITIONAL_REPRESENTATION('',(#2314),#2317);
#2314 = B_SPLINE_CURVE_WITH_KNOTS('',1,(#2315,#2316),.UNSPECIFIED.,.F.,
  .F.,(2,2),(0.,1.570796326795),.PIECEWISE_BEZIER_KNOTS.);
#2315 = CARTESIAN_POINT('',(0.,0.));
#2316 = CARTESIAN_POINT('',(-1.570796326795,0.));
#2317 = ( GEOMETRIC_REPRESENTATION_CONTEXT(2) 
PARAMETRIC_REPRESENTATION_CONTEXT() REPRESENTATION_CONTEXT('2D SPACE',''
  ) );
#2318 = ORIENTED_EDGE('',*,*,#1692,.F.);
#2319 = ADVANCED_FACE('',(#2320,#2395,#2633,#2871),#428,.F.);
#2320 = FACE_BOUND('',#2321,.F.);
#2321 = EDGE_LOOP('',(#2322,#2323,#2346,#2374));
#2322 = ORIENTED_EDGE('',*,*,#412,.T.);
#2323 = ORIENTED_EDGE('',*,*,#2324,.T.);
#2324 = EDGE_CURVE('',#413,#2325,#2327,.T.);
#2325 = VERTEX_POINT('',#2326);
#2326 = CARTESIAN_POINT('',(21.2,17.2,-0.65));
#2327 = SURFACE_CURVE('',#2328,(#2332,#2339),.PCURVE_S1.);
#2328 = LINE('',#2329,#2330);
#2329 = CARTESIAN_POINT('',(21.2,-17.2,-0.65));
#2330 = VECTOR('',#2331,1.);
#2331 = DIRECTION('',(0.,1.,0.));
#2332 = PCURVE('',#428,#2333);
#2333 = DEFINITIONAL_REPRESENTATION('',(#2334),#2338);
#2334 = LINE('',#2335,#2336);
#2335 = CARTESIAN_POINT('',(8.,-12.35));
#2336 = VECTOR('',#2337,1.);
#2337 = DIRECTION('',(1.,0.));
#2338 = ( GEOMETRIC_REPRESENTATION_CONTEXT(2) 
PARAMETRIC_REPRESENTATION_CONTEXT() REPRESENTATION_CONTEXT('2D SPACE',''
  ) );
#2339 = PCURVE('',#1732,#2340);
#2340 = DEFINITIONAL_REPRESENTATION('',(#2341),#2345);
#2341 = LINE('',#2342,#2343);
#2342 = CARTESIAN_POINT('',(-0.,0.));
#2343 = VECTOR('',#2344,1.);
#2344 = DIRECTION('',(-0.,1.));
#2345 = ( GEOMETRIC_REPRESENTATION_CONTEXT(2) 
PARAMETRIC_REPRESENTATION_CONTEXT() REPRESENTATION_CONTEXT('2D SPACE',''
  ) );
#2346 = ORIENTED_EDGE('',*,*,#2347,.F.);
#2347 = EDGE_CURVE('',#2348,#2325,#2350,.T.);
#2348 = VERTEX_POINT('',#2349);
#2349 = CARTESIAN_POINT('',(21.2,17.2,-12.35));
#2350 = SURFACE_CURVE('',#2351,(#2355,#2362),.PCURVE_S1.);
#2351 = LINE('',#2352,#2353);
#2352 = CARTESIAN_POINT('',(21.2,17.2,-13.));
#2353 = VECTOR('',#2354,1.);
#2354 = DIRECTION('',(0.,0.,1.));
#2355 = PCURVE('',#428,#2356);
#2356 = DEFINITIONAL_REPRESENTATION('',(#2357),#2361);
#2357 = LINE('',#2358,#2359);
#2358 = CARTESIAN_POINT('',(42.4,0.));
#2359 = VECTOR('',#2360,1.);
#2360 = DIRECTION('',(0.,-1.));
#2361 = ( GEOMETRIC_REPRESENTATION_CONTEXT(2) 
PARAMETRIC_REPRESENTATION_CONTEXT() REPRESENTATION_CONTEXT('2D SPACE',''
  ) );
#2362 = PCURVE('',#2363,#2368);
#2363 = CYLINDRICAL_SURFACE('',#2364,8.);
#2364 = AXIS2_PLACEMENT_3D('',#2365,#2366,#2367);
#2365 = CARTESIAN_POINT('',(13.2,17.2,-13.));
#2366 = DIRECTION('',(0.,0.,1.));
#2367 = DIRECTION('',(1.,0.,-0.));
#2368 = DEFINITIONAL_REPRESENTATION('',(#2369),#2373);
#2369 = LINE('',#2370,#2371);
#2370 = CARTESIAN_POINT('',(0.,0.));
#2371 = VECTOR('',#2372,1.);
#2372 = DIRECTION('',(0.,1.));
#2373 = ( GEOMETRIC_REPRESENTATION_CONTEXT(2) 
PARAMETRIC_REPRESENTATION_CONTEXT() REPRESENTATION_CONTEXT('2D SPACE',''
  ) );
#2374 = ORIENTED_EDGE('',*,*,#2375,.F.);
#2375 = EDGE_CURVE('',#389,#2348,#2376,.T.);
#2376 = SURFACE_CURVE('',#2377,(#2381,#2388),.PCURVE_S1.);
#2377 = LINE('',#2378,#2379);
#2378 = CARTESIAN_POINT('',(21.2,-17.2,-12.35));
#2379 = VECTOR('',#2380,1.);
#2380 = DIRECTION('',(0.,1.,0.));
#2381 = PCURVE('',#428,#2382);
#2382 = DEFINITIONAL_REPRESENTATION('',(#2383),#2387);
#2383 = LINE('',#2384,#2385);
#2384 = CARTESIAN_POINT('',(8.,-0.65));
#2385 = VECTOR('',#2386,1.);
#2386 = DIRECTION('',(1.,0.));
#2387 = ( GEOMETRIC_REPRESENTATION_CONTEXT(2) 
PARAMETRIC_REPRESENTATION_CONTEXT() REPRESENTATION_CONTEXT('2D SPACE',''
  ) );
#2388 = PCURVE('',#936,#2389);
#2389 = DEFINITIONAL_REPRESENTATION('',(#2390),#2394);
#2390 = LINE('',#2391,#2392);
#2391 = CARTESIAN_POINT('',(0.,0.));
#2392 = VECTOR('',#2393,1.);
#2393 = DIRECTION('',(0.,1.));
#2394 = ( GEOMETRIC_REPRESENTATION_CONTEXT(2) 
PARAMETRIC_REPRESENTATION_CONTEXT() REPRESENTATION_CONTEXT('2D SPACE',''
  ) );
#2395 = FACE_BOUND('',#2396,.F.);
#2396 = EDGE_LOOP('',(#2397,#2432,#2458,#2491,#2517,#2550,#2576,#2609));
#2397 = ORIENTED_EDGE('',*,*,#2398,.T.);
#2398 = EDGE_CURVE('',#2399,#2401,#2403,.T.);
#2399 = VERTEX_POINT('',#2400);
#2400 = CARTESIAN_POINT('',(21.2,-11.7844,-9.4));
#2401 = VERTEX_POINT('',#2402);
#2402 = CARTESIAN_POINT('',(21.2,-10.9844,-10.2));
#2403 = SURFACE_CURVE('',#2404,(#2409,#2420),.PCURVE_S1.);
#2404 = CIRCLE('',#2405,0.8);
#2405 = AXIS2_PLACEMENT_3D('',#2406,#2407,#2408);
#2406 = CARTESIAN_POINT('',(21.2,-10.9844,-9.4));
#2407 = DIRECTION('',(1.,0.,0.));
#2408 = DIRECTION('',(0.,0.,-1.));
#2409 = PCURVE('',#428,#2410);
#2410 = DEFINITIONAL_REPRESENTATION('',(#2411),#2419);
#2411 = ( BOUNDED_CURVE() B_SPLINE_CURVE(2,(#2412,#2413,#2414,#2415,
#2416,#2417,#2418),.UNSPECIFIED.,.T.,.F.) B_SPLINE_CURVE_WITH_KNOTS((1,2
    ,2,2,2,1),(-2.094395102393,0.,2.094395102393,4.188790204786,
6.28318530718,8.377580409573),.UNSPECIFIED.) CURVE() 
GEOMETRIC_REPRESENTATION_ITEM() RATIONAL_B_SPLINE_CURVE((1.,0.5,1.,0.5,
1.,0.5,1.)) REPRESENTATION_ITEM('') );
#2412 = CARTESIAN_POINT('',(14.2156,-2.8));
#2413 = CARTESIAN_POINT('',(15.601240646055,-2.8));
#2414 = CARTESIAN_POINT('',(14.908420323028,-4.));
#2415 = CARTESIAN_POINT('',(14.2156,-5.2));
#2416 = CARTESIAN_POINT('',(13.522779676972,-4.));
#2417 = CARTESIAN_POINT('',(12.829959353945,-2.8));
#2418 = CARTESIAN_POINT('',(14.2156,-2.8));
#2419 = ( GEOMETRIC_REPRESENTATION_CONTEXT(2) 
PARAMETRIC_REPRESENTATION_CONTEXT() REPRESENTATION_CONTEXT('2D SPACE',''
  ) );
#2420 = PCURVE('',#2421,#2426);
#2421 = CYLINDRICAL_SURFACE('',#2422,0.8);
#2422 = AXIS2_PLACEMENT_3D('',#2423,#2424,#2425);
#2423 = CARTESIAN_POINT('',(14.5,-10.9844,-9.4));
#2424 = DIRECTION('',(1.,0.,0.));
#2425 = DIRECTION('',(0.,0.,-1.));
#2426 = DEFINITIONAL_REPRESENTATION('',(#2427),#2431);
#2427 = LINE('',#2428,#2429);
#2428 = CARTESIAN_POINT('',(-6.28318530718,6.7));
#2429 = VECTOR('',#2430,1.);
#2430 = DIRECTION('',(1.,-0.));
#2431 = ( GEOMETRIC_REPRESENTATION_CONTEXT(2) 
PARAMETRIC_REPRESENTATION_CONTEXT() REPRESENTATION_CONTEXT('2D SPACE',''
  ) );
#2432 = ORIENTED_EDGE('',*,*,#2433,.T.);
#2433 = EDGE_CURVE('',#2401,#2434,#2436,.T.);
#2434 = VERTEX_POINT('',#2435);
#2435 = CARTESIAN_POINT('',(21.2,-5.9844,-10.2));
#2436 = SURFACE_CURVE('',#2437,(#2441,#2447),.PCURVE_S1.);
#2437 = LINE('',#2438,#2439);
#2438 = CARTESIAN_POINT('',(21.2,-18.4922,-10.2));
#2439 = VECTOR('',#2440,1.);
#2440 = DIRECTION('',(0.,1.,-0.));
#2441 = PCURVE('',#428,#2442);
#2442 = DEFINITIONAL_REPRESENTATION('',(#2443),#2446);
#2443 = B_SPLINE_CURVE_WITH_KNOTS('',1,(#2444,#2445),.UNSPECIFIED.,.F.,
  .F.,(2,2),(7.5078,12.5078),.PIECEWISE_BEZIER_KNOTS.);
#2444 = CARTESIAN_POINT('',(14.2156,-2.8));
#2445 = CARTESIAN_POINT('',(19.2156,-2.8));
#2446 = ( GEOMETRIC_REPRESENTATION_CONTEXT(2) 
PARAMETRIC_REPRESENTATION_CONTEXT() REPRESENTATION_CONTEXT('2D SPACE',''
  ) );
#2447 = PCURVE('',#2448,#2453);
#2448 = PLANE('',#2449);
#2449 = AXIS2_PLACEMENT_3D('',#2450,#2451,#2452);
#2450 = CARTESIAN_POINT('',(14.5,-11.7844,-10.2));
#2451 = DIRECTION('',(0.,0.,1.));
#2452 = DIRECTION('',(0.,1.,0.));
#2453 = DEFINITIONAL_REPRESENTATION('',(#2454),#2457);
#2454 = B_SPLINE_CURVE_WITH_KNOTS('',1,(#2455,#2456),.UNSPECIFIED.,.F.,
  .F.,(2,2),(7.5078,12.5078),.PIECEWISE_BEZIER_KNOTS.);
#2455 = CARTESIAN_POINT('',(0.8,-6.7));
#2456 = CARTESIAN_POINT('',(5.8,-6.7));
#2457 = ( GEOMETRIC_REPRESENTATION_CONTEXT(2) 
PARAMETRIC_REPRESENTATION_CONTEXT() REPRESENTATION_CONTEXT('2D SPACE',''
  ) );
#2458 = ORIENTED_EDGE('',*,*,#2459,.T.);
#2459 = EDGE_CURVE('',#2434,#2460,#2462,.T.);
#2460 = VERTEX_POINT('',#2461);
#2461 = CARTESIAN_POINT('',(21.2,-5.1844,-9.4));
#2462 = SURFACE_CURVE('',#2463,(#2468,#2479),.PCURVE_S1.);
#2463 = CIRCLE('',#2464,0.8);
#2464 = AXIS2_PLACEMENT_3D('',#2465,#2466,#2467);
#2465 = CARTESIAN_POINT('',(21.2,-5.9844,-9.4));
#2466 = DIRECTION('',(1.,0.,0.));
#2467 = DIRECTION('',(0.,0.,-1.));
#2468 = PCURVE('',#428,#2469);
#2469 = DEFINITIONAL_REPRESENTATION('',(#2470),#2478);
#2470 = ( BOUNDED_CURVE() B_SPLINE_CURVE(2,(#2471,#2472,#2473,#2474,
#2475,#2476,#2477),.UNSPECIFIED.,.T.,.F.) B_SPLINE_CURVE_WITH_KNOTS((1,2
    ,2,2,2,1),(-2.094395102393,0.,2.094395102393,4.188790204786,
6.28318530718,8.377580409573),.UNSPECIFIED.) CURVE() 
GEOMETRIC_REPRESENTATION_ITEM() RATIONAL_B_SPLINE_CURVE((1.,0.5,1.,0.5,
1.,0.5,1.)) REPRESENTATION_ITEM('') );
#2471 = CARTESIAN_POINT('',(19.2156,-2.8));
#2472 = CARTESIAN_POINT('',(20.601240646055,-2.8));
#2473 = CARTESIAN_POINT('',(19.908420323028,-4.));
#2474 = CARTESIAN_POINT('',(19.2156,-5.2));
#2475 = CARTESIAN_POINT('',(18.522779676972,-4.));
#2476 = CARTESIAN_POINT('',(17.829959353945,-2.8));
#2477 = CARTESIAN_POINT('',(19.2156,-2.8));
#2478 = ( GEOMETRIC_REPRESENTATION_CONTEXT(2) 
PARAMETRIC_REPRESENTATION_CONTEXT() REPRESENTATION_CONTEXT('2D SPACE',''
  ) );
#2479 = PCURVE('',#2480,#2485);
#2480 = CYLINDRICAL_SURFACE('',#2481,0.8);
#2481 = AXIS2_PLACEMENT_3D('',#2482,#2483,#2484);
#2482 = CARTESIAN_POINT('',(14.5,-5.9844,-9.4));
#2483 = DIRECTION('',(1.,0.,0.));
#2484 = DIRECTION('',(0.,0.,-1.));
#2485 = DEFINITIONAL_REPRESENTATION('',(#2486),#2490);
#2486 = LINE('',#2487,#2488);
#2487 = CARTESIAN_POINT('',(0.,6.7));
#2488 = VECTOR('',#2489,1.);
#2489 = DIRECTION('',(1.,0.));
#2490 = ( GEOMETRIC_REPRESENTATION_CONTEXT(2) 
PARAMETRIC_REPRESENTATION_CONTEXT() REPRESENTATION_CONTEXT('2D SPACE',''
  ) );
#2491 = ORIENTED_EDGE('',*,*,#2492,.T.);
#2492 = EDGE_CURVE('',#2460,#2493,#2495,.T.);
#2493 = VERTEX_POINT('',#2494);
#2494 = CARTESIAN_POINT('',(21.2,-5.1844,-6.2));
#2495 = SURFACE_CURVE('',#2496,(#2500,#2506),.PCURVE_S1.);
#2496 = LINE('',#2497,#2498);
#2497 = CARTESIAN_POINT('',(21.2,-5.1844,-11.6));
#2498 = VECTOR('',#2499,1.);
#2499 = DIRECTION('',(0.,0.,1.));
#2500 = PCURVE('',#428,#2501);
#2501 = DEFINITIONAL_REPRESENTATION('',(#2502),#2505);
#2502 = B_SPLINE_CURVE_WITH_KNOTS('',1,(#2503,#2504),.UNSPECIFIED.,.F.,
  .F.,(2,2),(2.2,5.4),.PIECEWISE_BEZIER_KNOTS.);
#2503 = CARTESIAN_POINT('',(20.0156,-3.6));
#2504 = CARTESIAN_POINT('',(20.0156,-6.8));
#2505 = ( GEOMETRIC_REPRESENTATION_CONTEXT(2) 
PARAMETRIC_REPRESENTATION_CONTEXT() REPRESENTATION_CONTEXT('2D SPACE',''
  ) );
#2506 = PCURVE('',#2507,#2512);
#2507 = PLANE('',#2508);
#2508 = AXIS2_PLACEMENT_3D('',#2509,#2510,#2511);
#2509 = CARTESIAN_POINT('',(14.5,-5.1844,-10.2));
#2510 = DIRECTION('',(0.,-1.,0.));
#2511 = DIRECTION('',(0.,0.,1.));
#2512 = DEFINITIONAL_REPRESENTATION('',(#2513),#2516);
#2513 = B_SPLINE_CURVE_WITH_KNOTS('',1,(#2514,#2515),.UNSPECIFIED.,.F.,
  .F.,(2,2),(2.2,5.4),.PIECEWISE_BEZIER_KNOTS.);
#2514 = CARTESIAN_POINT('',(0.8,-6.7));
#2515 = CARTESIAN_POINT('',(4.,-6.7));
#2516 = ( GEOMETRIC_REPRESENTATION_CONTEXT(2) 
PARAMETRIC_REPRESENTATION_CONTEXT() REPRESENTATION_CONTEXT('2D SPACE',''
  ) );
#2517 = ORIENTED_EDGE('',*,*,#2518,.T.);
#2518 = EDGE_CURVE('',#2493,#2519,#2521,.T.);
#2519 = VERTEX_POINT('',#2520);
#2520 = CARTESIAN_POINT('',(21.2,-5.9844,-5.4));
#2521 = SURFACE_CURVE('',#2522,(#2527,#2538),.PCURVE_S1.);
#2522 = CIRCLE('',#2523,0.8);
#2523 = AXIS2_PLACEMENT_3D('',#2524,#2525,#2526);
#2524 = CARTESIAN_POINT('',(21.2,-5.9844,-6.2));
#2525 = DIRECTION('',(1.,0.,0.));
#2526 = DIRECTION('',(-0.,1.,0.));
#2527 = PCURVE('',#428,#2528);
#2528 = DEFINITIONAL_REPRESENTATION('',(#2529),#2537);
#2529 = ( BOUNDED_CURVE() B_SPLINE_CURVE(2,(#2530,#2531,#2532,#2533,
#2534,#2535,#2536),.UNSPECIFIED.,.T.,.F.) B_SPLINE_CURVE_WITH_KNOTS((1,2
    ,2,2,2,1),(-2.094395102393,0.,2.094395102393,4.188790204786,
6.28318530718,8.377580409573),.UNSPECIFIED.) CURVE() 
GEOMETRIC_REPRESENTATION_ITEM() RATIONAL_B_SPLINE_CURVE((1.,0.5,1.,0.5,
1.,0.5,1.)) REPRESENTATION_ITEM('') );
#2530 = CARTESIAN_POINT('',(20.0156,-6.8));
#2531 = CARTESIAN_POINT('',(20.0156,-8.185640646055));
#2532 = CARTESIAN_POINT('',(18.8156,-7.492820323028));
#2533 = CARTESIAN_POINT('',(17.6156,-6.8));
#2534 = CARTESIAN_POINT('',(18.8156,-6.107179676972));
#2535 = CARTESIAN_POINT('',(20.0156,-5.414359353945));
#2536 = CARTESIAN_POINT('',(20.0156,-6.8));
#2537 = ( GEOMETRIC_REPRESENTATION_CONTEXT(2) 
PARAMETRIC_REPRESENTATION_CONTEXT() REPRESENTATION_CONTEXT('2D SPACE',''
  ) );
#2538 = PCURVE('',#2539,#2544);
#2539 = CYLINDRICAL_SURFACE('',#2540,0.8);
#2540 = AXIS2_PLACEMENT_3D('',#2541,#2542,#2543);
#2541 = CARTESIAN_POINT('',(14.5,-5.9844,-6.2));
#2542 = DIRECTION('',(1.,0.,0.));
#2543 = DIRECTION('',(-0.,1.,0.));
#2544 = DEFINITIONAL_REPRESENTATION('',(#2545),#2549);
#2545 = LINE('',#2546,#2547);
#2546 = CARTESIAN_POINT('',(0.,6.7));
#2547 = VECTOR('',#2548,1.);
#2548 = DIRECTION('',(1.,0.));
#2549 = ( GEOMETRIC_REPRESENTATION_CONTEXT(2) 
PARAMETRIC_REPRESENTATION_CONTEXT() REPRESENTATION_CONTEXT('2D SPACE',''
  ) );
#2550 = ORIENTED_EDGE('',*,*,#2551,.T.);
#2551 = EDGE_CURVE('',#2519,#2552,#2554,.T.);
#2552 = VERTEX_POINT('',#2553);
#2553 = CARTESIAN_POINT('',(21.2,-10.9844,-5.4));
#2554 = SURFACE_CURVE('',#2555,(#2559,#2565),.PCURVE_S1.);
#2555 = LINE('',#2556,#2557);
#2556 = CARTESIAN_POINT('',(21.2,-15.1922,-5.4));
#2557 = VECTOR('',#2558,1.);
#2558 = DIRECTION('',(-0.,-1.,-0.));
#2559 = PCURVE('',#428,#2560);
#2560 = DEFINITIONAL_REPRESENTATION('',(#2561),#2564);
#2561 = B_SPLINE_CURVE_WITH_KNOTS('',1,(#2562,#2563),.UNSPECIFIED.,.F.,
  .F.,(2,2),(-9.2078,-4.2078),.PIECEWISE_BEZIER_KNOTS.);
#2562 = CARTESIAN_POINT('',(19.2156,-7.6));
#2563 = CARTESIAN_POINT('',(14.2156,-7.6));
#2564 = ( GEOMETRIC_REPRESENTATION_CONTEXT(2) 
PARAMETRIC_REPRESENTATION_CONTEXT() REPRESENTATION_CONTEXT('2D SPACE',''
  ) );
#2565 = PCURVE('',#2566,#2571);
#2566 = PLANE('',#2567);
#2567 = AXIS2_PLACEMENT_3D('',#2568,#2569,#2570);
#2568 = CARTESIAN_POINT('',(14.5,-5.1844,-5.4));
#2569 = DIRECTION('',(0.,0.,-1.));
#2570 = DIRECTION('',(0.,-1.,0.));
#2571 = DEFINITIONAL_REPRESENTATION('',(#2572),#2575);
#2572 = B_SPLINE_CURVE_WITH_KNOTS('',1,(#2573,#2574),.UNSPECIFIED.,.F.,
  .F.,(2,2),(-9.2078,-4.2078),.PIECEWISE_BEZIER_KNOTS.);
#2573 = CARTESIAN_POINT('',(0.8,-6.7));
#2574 = CARTESIAN_POINT('',(5.8,-6.7));
#2575 = ( GEOMETRIC_REPRESENTATION_CONTEXT(2) 
PARAMETRIC_REPRESENTATION_CONTEXT() REPRESENTATION_CONTEXT('2D SPACE',''
  ) );
#2576 = ORIENTED_EDGE('',*,*,#2577,.T.);
#2577 = EDGE_CURVE('',#2552,#2578,#2580,.T.);
#2578 = VERTEX_POINT('',#2579);
#2579 = CARTESIAN_POINT('',(21.2,-11.7844,-6.2));
#2580 = SURFACE_CURVE('',#2581,(#2586,#2597),.PCURVE_S1.);
#2581 = CIRCLE('',#2582,0.8);
#2582 = AXIS2_PLACEMENT_3D('',#2583,#2584,#2585);
#2583 = CARTESIAN_POINT('',(21.2,-10.9844,-6.2));
#2584 = DIRECTION('',(1.,0.,0.));
#2585 = DIRECTION('',(0.,-0.,1.));
#2586 = PCURVE('',#428,#2587);
#2587 = DEFINITIONAL_REPRESENTATION('',(#2588),#2596);
#2588 = ( BOUNDED_CURVE() B_SPLINE_CURVE(2,(#2589,#2590,#2591,#2592,
#2593,#2594,#2595),.UNSPECIFIED.,.T.,.F.) B_SPLINE_CURVE_WITH_KNOTS((1,2
    ,2,2,2,1),(-2.094395102393,0.,2.094395102393,4.188790204786,
6.28318530718,8.377580409573),.UNSPECIFIED.) CURVE() 
GEOMETRIC_REPRESENTATION_ITEM() RATIONAL_B_SPLINE_CURVE((1.,0.5,1.,0.5,
1.,0.5,1.)) REPRESENTATION_ITEM('') );
#2589 = CARTESIAN_POINT('',(14.2156,-7.6));
#2590 = CARTESIAN_POINT('',(12.829959353945,-7.6));
#2591 = CARTESIAN_POINT('',(13.522779676972,-6.4));
#2592 = CARTESIAN_POINT('',(14.2156,-5.2));
#2593 = CARTESIAN_POINT('',(14.908420323028,-6.4));
#2594 = CARTESIAN_POINT('',(15.601240646055,-7.6));
#2595 = CARTESIAN_POINT('',(14.2156,-7.6));
#2596 = ( GEOMETRIC_REPRESENTATION_CONTEXT(2) 
PARAMETRIC_REPRESENTATION_CONTEXT() REPRESENTATION_CONTEXT('2D SPACE',''
  ) );
#2597 = PCURVE('',#2598,#2603);
#2598 = CYLINDRICAL_SURFACE('',#2599,0.8);
#2599 = AXIS2_PLACEMENT_3D('',#2600,#2601,#2602);
#2600 = CARTESIAN_POINT('',(14.5,-10.9844,-6.2));
#2601 = DIRECTION('',(1.,0.,0.));
#2602 = DIRECTION('',(0.,-0.,1.));
#2603 = DEFINITIONAL_REPRESENTATION('',(#2604),#2608);
#2604 = LINE('',#2605,#2606);
#2605 = CARTESIAN_POINT('',(0.,6.7));
#2606 = VECTOR('',#2607,1.);
#2607 = DIRECTION('',(1.,0.));
#2608 = ( GEOMETRIC_REPRESENTATION_CONTEXT(2) 
PARAMETRIC_REPRESENTATION_CONTEXT() REPRESENTATION_CONTEXT('2D SPACE',''
  ) );
#2609 = ORIENTED_EDGE('',*,*,#2610,.T.);
#2610 = EDGE_CURVE('',#2578,#2399,#2611,.T.);
#2611 = SURFACE_CURVE('',#2612,(#2616,#2622),.PCURVE_S1.);
#2612 = LINE('',#2613,#2614);
#2613 = CARTESIAN_POINT('',(21.2,-11.7844,-9.2));
#2614 = VECTOR('',#2615,1.);
#2615 = DIRECTION('',(0.,0.,-1.));
#2616 = PCURVE('',#428,#2617);
#2617 = DEFINITIONAL_REPRESENTATION('',(#2618),#2621);
#2618 = B_SPLINE_CURVE_WITH_KNOTS('',1,(#2619,#2620),.UNSPECIFIED.,.F.,
  .F.,(2,2),(-3.,0.2),.PIECEWISE_BEZIER_KNOTS.);
#2619 = CARTESIAN_POINT('',(13.4156,-6.8));
#2620 = CARTESIAN_POINT('',(13.4156,-3.6));
#2621 = ( GEOMETRIC_REPRESENTATION_CONTEXT(2) 
PARAMETRIC_REPRESENTATION_CONTEXT() REPRESENTATION_CONTEXT('2D SPACE',''
  ) );
#2622 = PCURVE('',#2623,#2628);
#2623 = PLANE('',#2624);
#2624 = AXIS2_PLACEMENT_3D('',#2625,#2626,#2627);
#2625 = CARTESIAN_POINT('',(14.5,-11.7844,-5.4));
#2626 = DIRECTION('',(-0.,1.,0.));
#2627 = DIRECTION('',(0.,0.,-1.));
#2628 = DEFINITIONAL_REPRESENTATION('',(#2629),#2632);
#2629 = B_SPLINE_CURVE_WITH_KNOTS('',1,(#2630,#2631),.UNSPECIFIED.,.F.,
  .F.,(2,2),(-3.,0.2),.PIECEWISE_BEZIER_KNOTS.);
#2630 = CARTESIAN_POINT('',(0.8,-6.7));
#2631 = CARTESIAN_POINT('',(4.,-6.7));
#2632 = ( GEOMETRIC_REPRESENTATION_CONTEXT(2) 
PARAMETRIC_REPRESENTATION_CONTEXT() REPRESENTATION_CONTEXT('2D SPACE',''
  ) );
#2633 = FACE_BOUND('',#2634,.F.);
#2634 = EDGE_LOOP('',(#2635,#2670,#2696,#2729,#2755,#2788,#2814,#2847));
#2635 = ORIENTED_EDGE('',*,*,#2636,.T.);
#2636 = EDGE_CURVE('',#2637,#2639,#2641,.T.);
#2637 = VERTEX_POINT('',#2638);
#2638 = CARTESIAN_POINT('',(21.2,-2.8734,-9.4));
#2639 = VERTEX_POINT('',#2640);
#2640 = CARTESIAN_POINT('',(21.2,-2.0734,-10.2));
#2641 = SURFACE_CURVE('',#2642,(#2647,#2658),.PCURVE_S1.);
#2642 = CIRCLE('',#2643,0.8);
#2643 = AXIS2_PLACEMENT_3D('',#2644,#2645,#2646);
#2644 = CARTESIAN_POINT('',(21.2,-2.0734,-9.4));
#2645 = DIRECTION('',(1.,0.,0.));
#2646 = DIRECTION('',(0.,0.,-1.));
#2647 = PCURVE('',#428,#2648);
#2648 = DEFINITIONAL_REPRESENTATION('',(#2649),#2657);
#2649 = ( BOUNDED_CURVE() B_SPLINE_CURVE(2,(#2650,#2651,#2652,#2653,
#2654,#2655,#2656),.UNSPECIFIED.,.T.,.F.) B_SPLINE_CURVE_WITH_KNOTS((1,2
    ,2,2,2,1),(-2.094395102393,0.,2.094395102393,4.188790204786,
6.28318530718,8.377580409573),.UNSPECIFIED.) CURVE() 
GEOMETRIC_REPRESENTATION_ITEM() RATIONAL_B_SPLINE_CURVE((1.,0.5,1.,0.5,
1.,0.5,1.)) REPRESENTATION_ITEM('') );
#2650 = CARTESIAN_POINT('',(23.1266,-2.8));
#2651 = CARTESIAN_POINT('',(24.512240646055,-2.8));
#2652 = CARTESIAN_POINT('',(23.819420323028,-4.));
#2653 = CARTESIAN_POINT('',(23.1266,-5.2));
#2654 = CARTESIAN_POINT('',(22.433779676972,-4.));
#2655 = CARTESIAN_POINT('',(21.740959353945,-2.8));
#2656 = CARTESIAN_POINT('',(23.1266,-2.8));
#2657 = ( GEOMETRIC_REPRESENTATION_CONTEXT(2) 
PARAMETRIC_REPRESENTATION_CONTEXT() REPRESENTATION_CONTEXT('2D SPACE',''
  ) );
#2658 = PCURVE('',#2659,#2664);
#2659 = CYLINDRICAL_SURFACE('',#2660,0.8);
#2660 = AXIS2_PLACEMENT_3D('',#2661,#2662,#2663);
#2661 = CARTESIAN_POINT('',(14.5,-2.0734,-9.4));
#2662 = DIRECTION('',(1.,0.,0.));
#2663 = DIRECTION('',(0.,0.,-1.));
#2664 = DEFINITIONAL_REPRESENTATION('',(#2665),#2669);
#2665 = LINE('',#2666,#2667);
#2666 = CARTESIAN_POINT('',(-6.28318530718,6.7));
#2667 = VECTOR('',#2668,1.);
#2668 = DIRECTION('',(1.,-0.));
#2669 = ( GEOMETRIC_REPRESENTATION_CONTEXT(2) 
PARAMETRIC_REPRESENTATION_CONTEXT() REPRESENTATION_CONTEXT('2D SPACE',''
  ) );
#2670 = ORIENTED_EDGE('',*,*,#2671,.T.);
#2671 = EDGE_CURVE('',#2639,#2672,#2674,.T.);
#2672 = VERTEX_POINT('',#2673);
#2673 = CARTESIAN_POINT('',(21.2,2.9266,-10.2));
#2674 = SURFACE_CURVE('',#2675,(#2679,#2685),.PCURVE_S1.);
#2675 = LINE('',#2676,#2677);
#2676 = CARTESIAN_POINT('',(21.2,-14.0367,-10.2));
#2677 = VECTOR('',#2678,1.);
#2678 = DIRECTION('',(0.,1.,-0.));
#2679 = PCURVE('',#428,#2680);
#2680 = DEFINITIONAL_REPRESENTATION('',(#2681),#2684);
#2681 = B_SPLINE_CURVE_WITH_KNOTS('',1,(#2682,#2683),.UNSPECIFIED.,.F.,
  .F.,(2,2),(11.9633,16.9633),.PIECEWISE_BEZIER_KNOTS.);
#2682 = CARTESIAN_POINT('',(23.1266,-2.8));
#2683 = CARTESIAN_POINT('',(28.1266,-2.8));
#2684 = ( GEOMETRIC_REPRESENTATION_CONTEXT(2) 
PARAMETRIC_REPRESENTATION_CONTEXT() REPRESENTATION_CONTEXT('2D SPACE',''
  ) );
#2685 = PCURVE('',#2686,#2691);
#2686 = PLANE('',#2687);
#2687 = AXIS2_PLACEMENT_3D('',#2688,#2689,#2690);
#2688 = CARTESIAN_POINT('',(14.5,-2.8734,-10.2));
#2689 = DIRECTION('',(0.,0.,1.));
#2690 = DIRECTION('',(0.,1.,0.));
#2691 = DEFINITIONAL_REPRESENTATION('',(#2692),#2695);
#2692 = B_SPLINE_CURVE_WITH_KNOTS('',1,(#2693,#2694),.UNSPECIFIED.,.F.,
  .F.,(2,2),(11.9633,16.9633),.PIECEWISE_BEZIER_KNOTS.);
#2693 = CARTESIAN_POINT('',(0.8,-6.7));
#2694 = CARTESIAN_POINT('',(5.8,-6.7));
#2695 = ( GEOMETRIC_REPRESENTATION_CONTEXT(2) 
PARAMETRIC_REPRESENTATION_CONTEXT() REPRESENTATION_CONTEXT('2D SPACE',''
  ) );
#2696 = ORIENTED_EDGE('',*,*,#2697,.T.);
#2697 = EDGE_CURVE('',#2672,#2698,#2700,.T.);
#2698 = VERTEX_POINT('',#2699);
#2699 = CARTESIAN_POINT('',(21.2,3.7266,-9.4));
#2700 = SURFACE_CURVE('',#2701,(#2706,#2717),.PCURVE_S1.);
#2701 = CIRCLE('',#2702,0.8);
#2702 = AXIS2_PLACEMENT_3D('',#2703,#2704,#2705);
#2703 = CARTESIAN_POINT('',(21.2,2.9266,-9.4));
#2704 = DIRECTION('',(1.,0.,0.));
#2705 = DIRECTION('',(0.,0.,-1.));
#2706 = PCURVE('',#428,#2707);
#2707 = DEFINITIONAL_REPRESENTATION('',(#2708),#2716);
#2708 = ( BOUNDED_CURVE() B_SPLINE_CURVE(2,(#2709,#2710,#2711,#2712,
#2713,#2714,#2715),.UNSPECIFIED.,.T.,.F.) B_SPLINE_CURVE_WITH_KNOTS((1,2
    ,2,2,2,1),(-2.094395102393,0.,2.094395102393,4.188790204786,
6.28318530718,8.377580409573),.UNSPECIFIED.) CURVE() 
GEOMETRIC_REPRESENTATION_ITEM() RATIONAL_B_SPLINE_CURVE((1.,0.5,1.,0.5,
1.,0.5,1.)) REPRESENTATION_ITEM('') );
#2709 = CARTESIAN_POINT('',(28.1266,-2.8));
#2710 = CARTESIAN_POINT('',(29.512240646055,-2.8));
#2711 = CARTESIAN_POINT('',(28.819420323028,-4.));
#2712 = CARTESIAN_POINT('',(28.1266,-5.2));
#2713 = CARTESIAN_POINT('',(27.433779676972,-4.));
#2714 = CARTESIAN_POINT('',(26.740959353945,-2.8));
#2715 = CARTESIAN_POINT('',(28.1266,-2.8));
#2716 = ( GEOMETRIC_REPRESENTATION_CONTEXT(2) 
PARAMETRIC_REPRESENTATION_CONTEXT() REPRESENTATION_CONTEXT('2D SPACE',''
  ) );
#2717 = PCURVE('',#2718,#2723);
#2718 = CYLINDRICAL_SURFACE('',#2719,0.8);
#2719 = AXIS2_PLACEMENT_3D('',#2720,#2721,#2722);
#2720 = CARTESIAN_POINT('',(14.5,2.9266,-9.4));
#2721 = DIRECTION('',(1.,0.,0.));
#2722 = DIRECTION('',(0.,0.,-1.));
#2723 = DEFINITIONAL_REPRESENTATION('',(#2724),#2728);
#2724 = LINE('',#2725,#2726);
#2725 = CARTESIAN_POINT('',(0.,6.7));
#2726 = VECTOR('',#2727,1.);
#2727 = DIRECTION('',(1.,0.));
#2728 = ( GEOMETRIC_REPRESENTATION_CONTEXT(2) 
PARAMETRIC_REPRESENTATION_CONTEXT() REPRESENTATION_CONTEXT('2D SPACE',''
  ) );
#2729 = ORIENTED_EDGE('',*,*,#2730,.T.);
#2730 = EDGE_CURVE('',#2698,#2731,#2733,.T.);
#2731 = VERTEX_POINT('',#2732);
#2732 = CARTESIAN_POINT('',(21.2,3.7266,-6.2));
#2733 = SURFACE_CURVE('',#2734,(#2738,#2744),.PCURVE_S1.);
#2734 = LINE('',#2735,#2736);
#2735 = CARTESIAN_POINT('',(21.2,3.7266,-11.6));
#2736 = VECTOR('',#2737,1.);
#2737 = DIRECTION('',(0.,0.,1.));
#2738 = PCURVE('',#428,#2739);
#2739 = DEFINITIONAL_REPRESENTATION('',(#2740),#2743);
#2740 = B_SPLINE_CURVE_WITH_KNOTS('',1,(#2741,#2742),.UNSPECIFIED.,.F.,
  .F.,(2,2),(2.2,5.4),.PIECEWISE_BEZIER_KNOTS.);
#2741 = CARTESIAN_POINT('',(28.9266,-3.6));
#2742 = CARTESIAN_POINT('',(28.9266,-6.8));
#2743 = ( GEOMETRIC_REPRESENTATION_CONTEXT(2) 
PARAMETRIC_REPRESENTATION_CONTEXT() REPRESENTATION_CONTEXT('2D SPACE',''
  ) );
#2744 = PCURVE('',#2745,#2750);
#2745 = PLANE('',#2746);
#2746 = AXIS2_PLACEMENT_3D('',#2747,#2748,#2749);
#2747 = CARTESIAN_POINT('',(14.5,3.7266,-10.2));
#2748 = DIRECTION('',(0.,-1.,0.));
#2749 = DIRECTION('',(0.,0.,1.));
#2750 = DEFINITIONAL_REPRESENTATION('',(#2751),#2754);
#2751 = B_SPLINE_CURVE_WITH_KNOTS('',1,(#2752,#2753),.UNSPECIFIED.,.F.,
  .F.,(2,2),(2.2,5.4),.PIECEWISE_BEZIER_KNOTS.);
#2752 = CARTESIAN_POINT('',(0.8,-6.7));
#2753 = CARTESIAN_POINT('',(4.,-6.7));
#2754 = ( GEOMETRIC_REPRESENTATION_CONTEXT(2) 
PARAMETRIC_REPRESENTATION_CONTEXT() REPRESENTATION_CONTEXT('2D SPACE',''
  ) );
#2755 = ORIENTED_EDGE('',*,*,#2756,.T.);
#2756 = EDGE_CURVE('',#2731,#2757,#2759,.T.);
#2757 = VERTEX_POINT('',#2758);
#2758 = CARTESIAN_POINT('',(21.2,2.9266,-5.4));
#2759 = SURFACE_CURVE('',#2760,(#2765,#2776),.PCURVE_S1.);
#2760 = CIRCLE('',#2761,0.8);
#2761 = AXIS2_PLACEMENT_3D('',#2762,#2763,#2764);
#2762 = CARTESIAN_POINT('',(21.2,2.9266,-6.2));
#2763 = DIRECTION('',(1.,0.,0.));
#2764 = DIRECTION('',(-0.,1.,0.));
#2765 = PCURVE('',#428,#2766);
#2766 = DEFINITIONAL_REPRESENTATION('',(#2767),#2775);
#2767 = ( BOUNDED_CURVE() B_SPLINE_CURVE(2,(#2768,#2769,#2770,#2771,
#2772,#2773,#2774),.UNSPECIFIED.,.T.,.F.) B_SPLINE_CURVE_WITH_KNOTS((1,2
    ,2,2,2,1),(-2.094395102393,0.,2.094395102393,4.188790204786,
6.28318530718,8.377580409573),.UNSPECIFIED.) CURVE() 
GEOMETRIC_REPRESENTATION_ITEM() RATIONAL_B_SPLINE_CURVE((1.,0.5,1.,0.5,
1.,0.5,1.)) REPRESENTATION_ITEM('') );
#2768 = CARTESIAN_POINT('',(28.9266,-6.8));
#2769 = CARTESIAN_POINT('',(28.9266,-8.185640646055));
#2770 = CARTESIAN_POINT('',(27.7266,-7.492820323028));
#2771 = CARTESIAN_POINT('',(26.5266,-6.8));
#2772 = CARTESIAN_POINT('',(27.7266,-6.107179676972));
#2773 = CARTESIAN_POINT('',(28.9266,-5.414359353945));
#2774 = CARTESIAN_POINT('',(28.9266,-6.8));
#2775 = ( GEOMETRIC_REPRESENTATION_CONTEXT(2) 
PARAMETRIC_REPRESENTATION_CONTEXT() REPRESENTATION_CONTEXT('2D SPACE',''
  ) );
#2776 = PCURVE('',#2777,#2782);
#2777 = CYLINDRICAL_SURFACE('',#2778,0.8);
#2778 = AXIS2_PLACEMENT_3D('',#2779,#2780,#2781);
#2779 = CARTESIAN_POINT('',(14.5,2.9266,-6.2));
#2780 = DIRECTION('',(1.,0.,0.));
#2781 = DIRECTION('',(-0.,1.,0.));
#2782 = DEFINITIONAL_REPRESENTATION('',(#2783),#2787);
#2783 = LINE('',#2784,#2785);
#2784 = CARTESIAN_POINT('',(0.,6.7));
#2785 = VECTOR('',#2786,1.);
#2786 = DIRECTION('',(1.,0.));
#2787 = ( GEOMETRIC_REPRESENTATION_CONTEXT(2) 
PARAMETRIC_REPRESENTATION_CONTEXT() REPRESENTATION_CONTEXT('2D SPACE',''
  ) );
#2788 = ORIENTED_EDGE('',*,*,#2789,.T.);
#2789 = EDGE_CURVE('',#2757,#2790,#2792,.T.);
#2790 = VERTEX_POINT('',#2791);
#2791 = CARTESIAN_POINT('',(21.2,-2.0734,-5.4));
#2792 = SURFACE_CURVE('',#2793,(#2797,#2803),.PCURVE_S1.);
#2793 = LINE('',#2794,#2795);
#2794 = CARTESIAN_POINT('',(21.2,-10.7367,-5.4));
#2795 = VECTOR('',#2796,1.);
#2796 = DIRECTION('',(-0.,-1.,-0.));
#2797 = PCURVE('',#428,#2798);
#2798 = DEFINITIONAL_REPRESENTATION('',(#2799),#2802);
#2799 = B_SPLINE_CURVE_WITH_KNOTS('',1,(#2800,#2801),.UNSPECIFIED.,.F.,
  .F.,(2,2),(-13.6633,-8.6633),.PIECEWISE_BEZIER_KNOTS.);
#2800 = CARTESIAN_POINT('',(28.1266,-7.6));
#2801 = CARTESIAN_POINT('',(23.1266,-7.6));
#2802 = ( GEOMETRIC_REPRESENTATION_CONTEXT(2) 
PARAMETRIC_REPRESENTATION_CONTEXT() REPRESENTATION_CONTEXT('2D SPACE',''
  ) );
#2803 = PCURVE('',#2804,#2809);
#2804 = PLANE('',#2805);
#2805 = AXIS2_PLACEMENT_3D('',#2806,#2807,#2808);
#2806 = CARTESIAN_POINT('',(14.5,3.7266,-5.4));
#2807 = DIRECTION('',(0.,0.,-1.));
#2808 = DIRECTION('',(0.,-1.,0.));
#2809 = DEFINITIONAL_REPRESENTATION('',(#2810),#2813);
#2810 = B_SPLINE_CURVE_WITH_KNOTS('',1,(#2811,#2812),.UNSPECIFIED.,.F.,
  .F.,(2,2),(-13.6633,-8.6633),.PIECEWISE_BEZIER_KNOTS.);
#2811 = CARTESIAN_POINT('',(0.8,-6.7));
#2812 = CARTESIAN_POINT('',(5.8,-6.7));
#2813 = ( GEOMETRIC_REPRESENTATION_CONTEXT(2) 
PARAMETRIC_REPRESENTATION_CONTEXT() REPRESENTATION_CONTEXT('2D SPACE',''
  ) );
#2814 = ORIENTED_EDGE('',*,*,#2815,.T.);
#2815 = EDGE_CURVE('',#2790,#2816,#2818,.T.);
#2816 = VERTEX_POINT('',#2817);
#2817 = CARTESIAN_POINT('',(21.2,-2.8734,-6.2));
#2818 = SURFACE_CURVE('',#2819,(#2824,#2835),.PCURVE_S1.);
#2819 = CIRCLE('',#2820,0.8);
#2820 = AXIS2_PLACEMENT_3D('',#2821,#2822,#2823);
#2821 = CARTESIAN_POINT('',(21.2,-2.0734,-6.2));
#2822 = DIRECTION('',(1.,0.,0.));
#2823 = DIRECTION('',(0.,-0.,1.));
#2824 = PCURVE('',#428,#2825);
#2825 = DEFINITIONAL_REPRESENTATION('',(#2826),#2834);
#2826 = ( BOUNDED_CURVE() B_SPLINE_CURVE(2,(#2827,#2828,#2829,#2830,
#2831,#2832,#2833),.UNSPECIFIED.,.T.,.F.) B_SPLINE_CURVE_WITH_KNOTS((1,2
    ,2,2,2,1),(-2.094395102393,0.,2.094395102393,4.188790204786,
6.28318530718,8.377580409573),.UNSPECIFIED.) CURVE() 
GEOMETRIC_REPRESENTATION_ITEM() RATIONAL_B_SPLINE_CURVE((1.,0.5,1.,0.5,
1.,0.5,1.)) REPRESENTATION_ITEM('') );
#2827 = CARTESIAN_POINT('',(23.1266,-7.6));
#2828 = CARTESIAN_POINT('',(21.740959353945,-7.6));
#2829 = CARTESIAN_POINT('',(22.433779676972,-6.4));
#2830 = CARTESIAN_POINT('',(23.1266,-5.2));
#2831 = CARTESIAN_POINT('',(23.819420323028,-6.4));
#2832 = CARTESIAN_POINT('',(24.512240646055,-7.6));
#2833 = CARTESIAN_POINT('',(23.1266,-7.6));
#2834 = ( GEOMETRIC_REPRESENTATION_CONTEXT(2) 
PARAMETRIC_REPRESENTATION_CONTEXT() REPRESENTATION_CONTEXT('2D SPACE',''
  ) );
#2835 = PCURVE('',#2836,#2841);
#2836 = CYLINDRICAL_SURFACE('',#2837,0.8);
#2837 = AXIS2_PLACEMENT_3D('',#2838,#2839,#2840);
#2838 = CARTESIAN_POINT('',(14.5,-2.0734,-6.2));
#2839 = DIRECTION('',(1.,0.,0.));
#2840 = DIRECTION('',(0.,-0.,1.));
#2841 = DEFINITIONAL_REPRESENTATION('',(#2842),#2846);
#2842 = LINE('',#2843,#2844);
#2843 = CARTESIAN_POINT('',(0.,6.7));
#2844 = VECTOR('',#2845,1.);
#2845 = DIRECTION('',(1.,0.));
#2846 = ( GEOMETRIC_REPRESENTATION_CONTEXT(2) 
PARAMETRIC_REPRESENTATION_CONTEXT() REPRESENTATION_CONTEXT('2D SPACE',''
  ) );
#2847 = ORIENTED_EDGE('',*,*,#2848,.T.);
#2848 = EDGE_CURVE('',#2816,#2637,#2849,.T.);
#2849 = SURFACE_CURVE('',#2850,(#2854,#2860),.PCURVE_S1.);
#2850 = LINE('',#2851,#2852);
#2851 = CARTESIAN_POINT('',(21.2,-2.8734,-9.2));
#2852 = VECTOR('',#2853,1.);
#2853 = DIRECTION('',(0.,0.,-1.));
#2854 = PCURVE('',#428,#2855);
#2855 = DEFINITIONAL_REPRESENTATION('',(#2856),#2859);
#2856 = B_SPLINE_CURVE_WITH_KNOTS('',1,(#2857,#2858),.UNSPECIFIED.,.F.,
  .F.,(2,2),(-3.,0.2),.PIECEWISE_BEZIER_KNOTS.);
#2857 = CARTESIAN_POINT('',(22.3266,-6.8));
#2858 = CARTESIAN_POINT('',(22.3266,-3.6));
#2859 = ( GEOMETRIC_REPRESENTATION_CONTEXT(2) 
PARAMETRIC_REPRESENTATION_CONTEXT() REPRESENTATION_CONTEXT('2D SPACE',''
  ) );
#2860 = PCURVE('',#2861,#2866);
#2861 = PLANE('',#2862);
#2862 = AXIS2_PLACEMENT_3D('',#2863,#2864,#2865);
#2863 = CARTESIAN_POINT('',(14.5,-2.8734,-5.4));
#2864 = DIRECTION('',(-0.,1.,0.));
#2865 = DIRECTION('',(0.,0.,-1.));
#2866 = DEFINITIONAL_REPRESENTATION('',(#2867),#2870);
#2867 = B_SPLINE_CURVE_WITH_KNOTS('',1,(#2868,#2869),.UNSPECIFIED.,.F.,
  .F.,(2,2),(-3.,0.2),.PIECEWISE_BEZIER_KNOTS.);
#2868 = CARTESIAN_POINT('',(0.8,-6.7));
#2869 = CARTESIAN_POINT('',(4.,-6.7));
#2870 = ( GEOMETRIC_REPRESENTATION_CONTEXT(2) 
PARAMETRIC_REPRESENTATION_CONTEXT() REPRESENTATION_CONTEXT('2D SPACE',''
  ) );
#2871 = FACE_BOUND('',#2872,.F.);
#2872 = EDGE_LOOP('',(#2873,#2908,#2934,#2967,#2993,#3026,#3052,#3085));
#2873 = ORIENTED_EDGE('',*,*,#2874,.T.);
#2874 = EDGE_CURVE('',#2875,#2877,#2879,.T.);
#2875 = VERTEX_POINT('',#2876);
#2876 = CARTESIAN_POINT('',(21.2,6.0381,-9.4));
#2877 = VERTEX_POINT('',#2878);
#2878 = CARTESIAN_POINT('',(21.2,6.8381,-10.2));
#2879 = SURFACE_CURVE('',#2880,(#2885,#2896),.PCURVE_S1.);
#2880 = CIRCLE('',#2881,0.8);
#2881 = AXIS2_PLACEMENT_3D('',#2882,#2883,#2884);
#2882 = CARTESIAN_POINT('',(21.2,6.8381,-9.4));
#2883 = DIRECTION('',(1.,0.,0.));
#2884 = DIRECTION('',(0.,0.,-1.));
#2885 = PCURVE('',#428,#2886);
#2886 = DEFINITIONAL_REPRESENTATION('',(#2887),#2895);
#2887 = ( BOUNDED_CURVE() B_SPLINE_CURVE(2,(#2888,#2889,#2890,#2891,
#2892,#2893,#2894),.UNSPECIFIED.,.T.,.F.) B_SPLINE_CURVE_WITH_KNOTS((1,2
    ,2,2,2,1),(-2.094395102393,0.,2.094395102393,4.188790204786,
6.28318530718,8.377580409573),.UNSPECIFIED.) CURVE() 
GEOMETRIC_REPRESENTATION_ITEM() RATIONAL_B_SPLINE_CURVE((1.,0.5,1.,0.5,
1.,0.5,1.)) REPRESENTATION_ITEM('') );
#2888 = CARTESIAN_POINT('',(32.0381,-2.8));
#2889 = CARTESIAN_POINT('',(33.423740646055,-2.8));
#2890 = CARTESIAN_POINT('',(32.730920323028,-4.));
#2891 = CARTESIAN_POINT('',(32.0381,-5.2));
#2892 = CARTESIAN_POINT('',(31.345279676972,-4.));
#2893 = CARTESIAN_POINT('',(30.652459353945,-2.8));
#2894 = CARTESIAN_POINT('',(32.0381,-2.8));
#2895 = ( GEOMETRIC_REPRESENTATION_CONTEXT(2) 
PARAMETRIC_REPRESENTATION_CONTEXT() REPRESENTATION_CONTEXT('2D SPACE',''
  ) );
#2896 = PCURVE('',#2897,#2902);
#2897 = CYLINDRICAL_SURFACE('',#2898,0.8);
#2898 = AXIS2_PLACEMENT_3D('',#2899,#2900,#2901);
#2899 = CARTESIAN_POINT('',(14.5,6.8381,-9.4));
#2900 = DIRECTION('',(1.,0.,0.));
#2901 = DIRECTION('',(0.,0.,-1.));
#2902 = DEFINITIONAL_REPRESENTATION('',(#2903),#2907);
#2903 = LINE('',#2904,#2905);
#2904 = CARTESIAN_POINT('',(-6.28318530718,6.7));
#2905 = VECTOR('',#2906,1.);
#2906 = DIRECTION('',(1.,-0.));
#2907 = ( GEOMETRIC_REPRESENTATION_CONTEXT(2) 
PARAMETRIC_REPRESENTATION_CONTEXT() REPRESENTATION_CONTEXT('2D SPACE',''
  ) );
#2908 = ORIENTED_EDGE('',*,*,#2909,.T.);
#2909 = EDGE_CURVE('',#2877,#2910,#2912,.T.);
#2910 = VERTEX_POINT('',#2911);
#2911 = CARTESIAN_POINT('',(21.2,11.8381,-10.2));
#2912 = SURFACE_CURVE('',#2913,(#2917,#2923),.PCURVE_S1.);
#2913 = LINE('',#2914,#2915);
#2914 = CARTESIAN_POINT('',(21.2,-9.58095,-10.2));
#2915 = VECTOR('',#2916,1.);
#2916 = DIRECTION('',(0.,1.,-0.));
#2917 = PCURVE('',#428,#2918);
#2918 = DEFINITIONAL_REPRESENTATION('',(#2919),#2922);
#2919 = B_SPLINE_CURVE_WITH_KNOTS('',1,(#2920,#2921),.UNSPECIFIED.,.F.,
  .F.,(2,2),(16.41905,21.41905),.PIECEWISE_BEZIER_KNOTS.);
#2920 = CARTESIAN_POINT('',(32.0381,-2.8));
#2921 = CARTESIAN_POINT('',(37.0381,-2.8));
#2922 = ( GEOMETRIC_REPRESENTATION_CONTEXT(2) 
PARAMETRIC_REPRESENTATION_CONTEXT() REPRESENTATION_CONTEXT('2D SPACE',''
  ) );
#2923 = PCURVE('',#2924,#2929);
#2924 = PLANE('',#2925);
#2925 = AXIS2_PLACEMENT_3D('',#2926,#2927,#2928);
#2926 = CARTESIAN_POINT('',(14.5,6.0381,-10.2));
#2927 = DIRECTION('',(0.,0.,1.));
#2928 = DIRECTION('',(0.,1.,0.));
#2929 = DEFINITIONAL_REPRESENTATION('',(#2930),#2933);
#2930 = B_SPLINE_CURVE_WITH_KNOTS('',1,(#2931,#2932),.UNSPECIFIED.,.F.,
  .F.,(2,2),(16.41905,21.41905),.PIECEWISE_BEZIER_KNOTS.);
#2931 = CARTESIAN_POINT('',(0.8,-6.7));
#2932 = CARTESIAN_POINT('',(5.8,-6.7));
#2933 = ( GEOMETRIC_REPRESENTATION_CONTEXT(2) 
PARAMETRIC_REPRESENTATION_CONTEXT() REPRESENTATION_CONTEXT('2D SPACE',''
  ) );
#2934 = ORIENTED_EDGE('',*,*,#2935,.T.);
#2935 = EDGE_CURVE('',#2910,#2936,#2938,.T.);
#2936 = VERTEX_POINT('',#2937);
#2937 = CARTESIAN_POINT('',(21.2,12.6381,-9.4));
#2938 = SURFACE_CURVE('',#2939,(#2944,#2955),.PCURVE_S1.);
#2939 = CIRCLE('',#2940,0.8);
#2940 = AXIS2_PLACEMENT_3D('',#2941,#2942,#2943);
#2941 = CARTESIAN_POINT('',(21.2,11.8381,-9.4));
#2942 = DIRECTION('',(1.,0.,0.));
#2943 = DIRECTION('',(0.,0.,-1.));
#2944 = PCURVE('',#428,#2945);
#2945 = DEFINITIONAL_REPRESENTATION('',(#2946),#2954);
#2946 = ( BOUNDED_CURVE() B_SPLINE_CURVE(2,(#2947,#2948,#2949,#2950,
#2951,#2952,#2953),.UNSPECIFIED.,.T.,.F.) B_SPLINE_CURVE_WITH_KNOTS((1,2
    ,2,2,2,1),(-2.094395102393,0.,2.094395102393,4.188790204786,
6.28318530718,8.377580409573),.UNSPECIFIED.) CURVE() 
GEOMETRIC_REPRESENTATION_ITEM() RATIONAL_B_SPLINE_CURVE((1.,0.5,1.,0.5,
1.,0.5,1.)) REPRESENTATION_ITEM('') );
#2947 = CARTESIAN_POINT('',(37.0381,-2.8));
#2948 = CARTESIAN_POINT('',(38.423740646055,-2.8));
#2949 = CARTESIAN_POINT('',(37.730920323028,-4.));
#2950 = CARTESIAN_POINT('',(37.0381,-5.2));
#2951 = CARTESIAN_POINT('',(36.345279676972,-4.));
#2952 = CARTESIAN_POINT('',(35.652459353945,-2.8));
#2953 = CARTESIAN_POINT('',(37.0381,-2.8));
#2954 = ( GEOMETRIC_REPRESENTATION_CONTEXT(2) 
PARAMETRIC_REPRESENTATION_CONTEXT() REPRESENTATION_CONTEXT('2D SPACE',''
  ) );
#2955 = PCURVE('',#2956,#2961);
#2956 = CYLINDRICAL_SURFACE('',#2957,0.8);
#2957 = AXIS2_PLACEMENT_3D('',#2958,#2959,#2960);
#2958 = CARTESIAN_POINT('',(14.5,11.8381,-9.4));
#2959 = DIRECTION('',(1.,0.,0.));
#2960 = DIRECTION('',(0.,0.,-1.));
#2961 = DEFINITIONAL_REPRESENTATION('',(#2962),#2966);
#2962 = LINE('',#2963,#2964);
#2963 = CARTESIAN_POINT('',(0.,6.7));
#2964 = VECTOR('',#2965,1.);
#2965 = DIRECTION('',(1.,0.));
#2966 = ( GEOMETRIC_REPRESENTATION_CONTEXT(2) 
PARAMETRIC_REPRESENTATION_CONTEXT() REPRESENTATION_CONTEXT('2D SPACE',''
  ) );
#2967 = ORIENTED_EDGE('',*,*,#2968,.T.);
#2968 = EDGE_CURVE('',#2936,#2969,#2971,.T.);
#2969 = VERTEX_POINT('',#2970);
#2970 = CARTESIAN_POINT('',(21.2,12.6381,-6.2));
#2971 = SURFACE_CURVE('',#2972,(#2976,#2982),.PCURVE_S1.);
#2972 = LINE('',#2973,#2974);
#2973 = CARTESIAN_POINT('',(21.2,12.6381,-11.6));
#2974 = VECTOR('',#2975,1.);
#2975 = DIRECTION('',(0.,0.,1.));
#2976 = PCURVE('',#428,#2977);
#2977 = DEFINITIONAL_REPRESENTATION('',(#2978),#2981);
#2978 = B_SPLINE_CURVE_WITH_KNOTS('',1,(#2979,#2980),.UNSPECIFIED.,.F.,
  .F.,(2,2),(2.2,5.4),.PIECEWISE_BEZIER_KNOTS.);
#2979 = CARTESIAN_POINT('',(37.8381,-3.6));
#2980 = CARTESIAN_POINT('',(37.8381,-6.8));
#2981 = ( GEOMETRIC_REPRESENTATION_CONTEXT(2) 
PARAMETRIC_REPRESENTATION_CONTEXT() REPRESENTATION_CONTEXT('2D SPACE',''
  ) );
#2982 = PCURVE('',#2983,#2988);
#2983 = PLANE('',#2984);
#2984 = AXIS2_PLACEMENT_3D('',#2985,#2986,#2987);
#2985 = CARTESIAN_POINT('',(14.5,12.6381,-10.2));
#2986 = DIRECTION('',(0.,-1.,0.));
#2987 = DIRECTION('',(0.,0.,1.));
#2988 = DEFINITIONAL_REPRESENTATION('',(#2989),#2992);
#2989 = B_SPLINE_CURVE_WITH_KNOTS('',1,(#2990,#2991),.UNSPECIFIED.,.F.,
  .F.,(2,2),(2.2,5.4),.PIECEWISE_BEZIER_KNOTS.);
#2990 = CARTESIAN_POINT('',(0.8,-6.7));
#2991 = CARTESIAN_POINT('',(4.,-6.7));
#2992 = ( GEOMETRIC_REPRESENTATION_CONTEXT(2) 
PARAMETRIC_REPRESENTATION_CONTEXT() REPRESENTATION_CONTEXT('2D SPACE',''
  ) );
#2993 = ORIENTED_EDGE('',*,*,#2994,.T.);
#2994 = EDGE_CURVE('',#2969,#2995,#2997,.T.);
#2995 = VERTEX_POINT('',#2996);
#2996 = CARTESIAN_POINT('',(21.2,11.8381,-5.4));
#2997 = SURFACE_CURVE('',#2998,(#3003,#3014),.PCURVE_S1.);
#2998 = CIRCLE('',#2999,0.8);
#2999 = AXIS2_PLACEMENT_3D('',#3000,#3001,#3002);
#3000 = CARTESIAN_POINT('',(21.2,11.8381,-6.2));
#3001 = DIRECTION('',(1.,0.,0.));
#3002 = DIRECTION('',(-0.,1.,0.));
#3003 = PCURVE('',#428,#3004);
#3004 = DEFINITIONAL_REPRESENTATION('',(#3005),#3013);
#3005 = ( BOUNDED_CURVE() B_SPLINE_CURVE(2,(#3006,#3007,#3008,#3009,
#3010,#3011,#3012),.UNSPECIFIED.,.T.,.F.) B_SPLINE_CURVE_WITH_KNOTS((1,2
    ,2,2,2,1),(-2.094395102393,0.,2.094395102393,4.188790204786,
6.28318530718,8.377580409573),.UNSPECIFIED.) CURVE() 
GEOMETRIC_REPRESENTATION_ITEM() RATIONAL_B_SPLINE_CURVE((1.,0.5,1.,0.5,
1.,0.5,1.)) REPRESENTATION_ITEM('') );
#3006 = CARTESIAN_POINT('',(37.8381,-6.8));
#3007 = CARTESIAN_POINT('',(37.8381,-8.185640646055));
#3008 = CARTESIAN_POINT('',(36.6381,-7.492820323028));
#3009 = CARTESIAN_POINT('',(35.4381,-6.8));
#3010 = CARTESIAN_POINT('',(36.6381,-6.107179676972));
#3011 = CARTESIAN_POINT('',(37.8381,-5.414359353945));
#3012 = CARTESIAN_POINT('',(37.8381,-6.8));
#3013 = ( GEOMETRIC_REPRESENTATION_CONTEXT(2) 
PARAMETRIC_REPRESENTATION_CONTEXT() REPRESENTATION_CONTEXT('2D SPACE',''
  ) );
#3014 = PCURVE('',#3015,#3020);
#3015 = CYLINDRICAL_SURFACE('',#3016,0.8);
#3016 = AXIS2_PLACEMENT_3D('',#3017,#3018,#3019);
#3017 = CARTESIAN_POINT('',(14.5,11.8381,-6.2));
#3018 = DIRECTION('',(1.,0.,0.));
#3019 = DIRECTION('',(-0.,1.,0.));
#3020 = DEFINITIONAL_REPRESENTATION('',(#3021),#3025);
#3021 = LINE('',#3022,#3023);
#3022 = CARTESIAN_POINT('',(0.,6.7));
#3023 = VECTOR('',#3024,1.);
#3024 = DIRECTION('',(1.,0.));
#3025 = ( GEOMETRIC_REPRESENTATION_CONTEXT(2) 
PARAMETRIC_REPRESENTATION_CONTEXT() REPRESENTATION_CONTEXT('2D SPACE',''
  ) );
#3026 = ORIENTED_EDGE('',*,*,#3027,.T.);
#3027 = EDGE_CURVE('',#2995,#3028,#3030,.T.);
#3028 = VERTEX_POINT('',#3029);
#3029 = CARTESIAN_POINT('',(21.2,6.8381,-5.4));
#3030 = SURFACE_CURVE('',#3031,(#3035,#3041),.PCURVE_S1.);
#3031 = LINE('',#3032,#3033);
#3032 = CARTESIAN_POINT('',(21.2,-6.28095,-5.4));
#3033 = VECTOR('',#3034,1.);
#3034 = DIRECTION('',(-0.,-1.,-0.));
#3035 = PCURVE('',#428,#3036);
#3036 = DEFINITIONAL_REPRESENTATION('',(#3037),#3040);
#3037 = B_SPLINE_CURVE_WITH_KNOTS('',1,(#3038,#3039),.UNSPECIFIED.,.F.,
  .F.,(2,2),(-18.11905,-13.11905),.PIECEWISE_BEZIER_KNOTS.);
#3038 = CARTESIAN_POINT('',(37.0381,-7.6));
#3039 = CARTESIAN_POINT('',(32.0381,-7.6));
#3040 = ( GEOMETRIC_REPRESENTATION_CONTEXT(2) 
PARAMETRIC_REPRESENTATION_CONTEXT() REPRESENTATION_CONTEXT('2D SPACE',''
  ) );
#3041 = PCURVE('',#3042,#3047);
#3042 = PLANE('',#3043);
#3043 = AXIS2_PLACEMENT_3D('',#3044,#3045,#3046);
#3044 = CARTESIAN_POINT('',(14.5,12.6381,-5.4));
#3045 = DIRECTION('',(0.,0.,-1.));
#3046 = DIRECTION('',(0.,-1.,0.));
#3047 = DEFINITIONAL_REPRESENTATION('',(#3048),#3051);
#3048 = B_SPLINE_CURVE_WITH_KNOTS('',1,(#3049,#3050),.UNSPECIFIED.,.F.,
  .F.,(2,2),(-18.11905,-13.11905),.PIECEWISE_BEZIER_KNOTS.);
#3049 = CARTESIAN_POINT('',(0.8,-6.7));
#3050 = CARTESIAN_POINT('',(5.8,-6.7));
#3051 = ( GEOMETRIC_REPRESENTATION_CONTEXT(2) 
PARAMETRIC_REPRESENTATION_CONTEXT() REPRESENTATION_CONTEXT('2D SPACE',''
  ) );
#3052 = ORIENTED_EDGE('',*,*,#3053,.T.);
#3053 = EDGE_CURVE('',#3028,#3054,#3056,.T.);
#3054 = VERTEX_POINT('',#3055);
#3055 = CARTESIAN_POINT('',(21.2,6.0381,-6.2));
#3056 = SURFACE_CURVE('',#3057,(#3062,#3073),.PCURVE_S1.);
#3057 = CIRCLE('',#3058,0.8);
#3058 = AXIS2_PLACEMENT_3D('',#3059,#3060,#3061);
#3059 = CARTESIAN_POINT('',(21.2,6.8381,-6.2));
#3060 = DIRECTION('',(1.,0.,0.));
#3061 = DIRECTION('',(0.,-0.,1.));
#3062 = PCURVE('',#428,#3063);
#3063 = DEFINITIONAL_REPRESENTATION('',(#3064),#3072);
#3064 = ( BOUNDED_CURVE() B_SPLINE_CURVE(2,(#3065,#3066,#3067,#3068,
#3069,#3070,#3071),.UNSPECIFIED.,.T.,.F.) B_SPLINE_CURVE_WITH_KNOTS((1,2
    ,2,2,2,1),(-2.094395102393,0.,2.094395102393,4.188790204786,
6.28318530718,8.377580409573),.UNSPECIFIED.) CURVE() 
GEOMETRIC_REPRESENTATION_ITEM() RATIONAL_B_SPLINE_CURVE((1.,0.5,1.,0.5,
1.,0.5,1.)) REPRESENTATION_ITEM('') );
#3065 = CARTESIAN_POINT('',(32.0381,-7.6));
#3066 = CARTESIAN_POINT('',(30.652459353945,-7.6));
#3067 = CARTESIAN_POINT('',(31.345279676972,-6.4));
#3068 = CARTESIAN_POINT('',(32.0381,-5.2));
#3069 = CARTESIAN_POINT('',(32.730920323028,-6.4));
#3070 = CARTESIAN_POINT('',(33.423740646055,-7.6));
#3071 = CARTESIAN_POINT('',(32.0381,-7.6));
#3072 = ( GEOMETRIC_REPRESENTATION_CONTEXT(2) 
PARAMETRIC_REPRESENTATION_CONTEXT() REPRESENTATION_CONTEXT('2D SPACE',''
  ) );
#3073 = PCURVE('',#3074,#3079);
#3074 = CYLINDRICAL_SURFACE('',#3075,0.8);
#3075 = AXIS2_PLACEMENT_3D('',#3076,#3077,#3078);
#3076 = CARTESIAN_POINT('',(14.5,6.8381,-6.2));
#3077 = DIRECTION('',(1.,0.,0.));
#3078 = DIRECTION('',(0.,-0.,1.));
#3079 = DEFINITIONAL_REPRESENTATION('',(#3080),#3084);
#3080 = LINE('',#3081,#3082);
#3081 = CARTESIAN_POINT('',(0.,6.7));
#3082 = VECTOR('',#3083,1.);
#3083 = DIRECTION('',(1.,0.));
#3084 = ( GEOMETRIC_REPRESENTATION_CONTEXT(2) 
PARAMETRIC_REPRESENTATION_CONTEXT() REPRESENTATION_CONTEXT('2D SPACE',''
  ) );
#3085 = ORIENTED_EDGE('',*,*,#3086,.T.);
#3086 = EDGE_CURVE('',#3054,#2875,#3087,.T.);
#3087 = SURFACE_CURVE('',#3088,(#3092,#3098),.PCURVE_S1.);
#3088 = LINE('',#3089,#3090);
#3089 = CARTESIAN_POINT('',(21.2,6.0381,-9.2));
#3090 = VECTOR('',#3091,1.);
#3091 = DIRECTION('',(0.,0.,-1.));
#3092 = PCURVE('',#428,#3093);
#3093 = DEFINITIONAL_REPRESENTATION('',(#3094),#3097);
#3094 = B_SPLINE_CURVE_WITH_KNOTS('',1,(#3095,#3096),.UNSPECIFIED.,.F.,
  .F.,(2,2),(-3.,0.2),.PIECEWISE_BEZIER_KNOTS.);
#3095 = CARTESIAN_POINT('',(31.2381,-6.8));
#3096 = CARTESIAN_POINT('',(31.2381,-3.6));
#3097 = ( GEOMETRIC_REPRESENTATION_CONTEXT(2) 
PARAMETRIC_REPRESENTATION_CONTEXT() REPRESENTATION_CONTEXT('2D SPACE',''
  ) );
#3098 = PCURVE('',#3099,#3104);
#3099 = PLANE('',#3100);
#3100 = AXIS2_PLACEMENT_3D('',#3101,#3102,#3103);
#3101 = CARTESIAN_POINT('',(14.5,6.0381,-5.4));
#3102 = DIRECTION('',(-0.,1.,0.));
#3103 = DIRECTION('',(0.,0.,-1.));
#3104 = DEFINITIONAL_REPRESENTATION('',(#3105),#3108);
#3105 = B_SPLINE_CURVE_WITH_KNOTS('',1,(#3106,#3107),.UNSPECIFIED.,.F.,
  .F.,(2,2),(-3.,0.2),.PIECEWISE_BEZIER_KNOTS.);
#3106 = CARTESIAN_POINT('',(0.8,-6.7));
#3107 = CARTESIAN_POINT('',(4.,-6.7));
#3108 = ( GEOMETRIC_REPRESENTATION_CONTEXT(2) 
PARAMETRIC_REPRESENTATION_CONTEXT() REPRESENTATION_CONTEXT('2D SPACE',''
  ) );
#3109 = ADVANCED_FACE('',(#3110),#481,.T.);
#3110 = FACE_BOUND('',#3111,.T.);
#3111 = EDGE_LOOP('',(#3112,#3132,#3133,#3134));
#3112 = ORIENTED_EDGE('',*,*,#3113,.T.);
#3113 = EDGE_CURVE('',#574,#872,#3114,.T.);
#3114 = SURFACE_CURVE('',#3115,(#3120,#3126),.PCURVE_S1.);
#3115 = CIRCLE('',#3116,0.65);
#3116 = AXIS2_PLACEMENT_3D('',#3117,#3118,#3119);
#3117 = CARTESIAN_POINT('',(-20.55,17.2,-12.35));
#3118 = DIRECTION('',(-6.123233995737E-17,-1.,0.));
#3119 = DIRECTION('',(-1.,6.123233995737E-17,0.));
#3120 = PCURVE('',#481,#3121);
#3121 = DEFINITIONAL_REPRESENTATION('',(#3122),#3125);
#3122 = B_SPLINE_CURVE_WITH_KNOTS('',1,(#3123,#3124),.UNSPECIFIED.,.F.,
  .F.,(2,2),(0.,1.570796326795),.PIECEWISE_BEZIER_KNOTS.);
#3123 = CARTESIAN_POINT('',(0.,0.));
#3124 = CARTESIAN_POINT('',(1.570796326795,0.));
#3125 = ( GEOMETRIC_REPRESENTATION_CONTEXT(2) 
PARAMETRIC_REPRESENTATION_CONTEXT() REPRESENTATION_CONTEXT('2D SPACE',''
  ) );
#3126 = PCURVE('',#1264,#3127);
#3127 = DEFINITIONAL_REPRESENTATION('',(#3128),#3131);
#3128 = B_SPLINE_CURVE_WITH_KNOTS('',1,(#3129,#3130),.UNSPECIFIED.,.F.,
  .F.,(2,2),(0.,1.570796326795),.PIECEWISE_BEZIER_KNOTS.);
#3129 = CARTESIAN_POINT('',(-1.570796326795,0.));
#3130 = CARTESIAN_POINT('',(-1.570796326795,1.570796326795));
#3131 = ( GEOMETRIC_REPRESENTATION_CONTEXT(2) 
PARAMETRIC_REPRESENTATION_CONTEXT() REPRESENTATION_CONTEXT('2D SPACE',''
  ) );
#3132 = ORIENTED_EDGE('',*,*,#871,.T.);
#3133 = ORIENTED_EDGE('',*,*,#465,.F.);
#3134 = ORIENTED_EDGE('',*,*,#625,.F.);
#3135 = ADVANCED_FACE('',(#3136),#535,.T.);
#3136 = FACE_BOUND('',#3137,.F.);
#3137 = EDGE_LOOP('',(#3138,#3158,#3159,#3160));
#3138 = ORIENTED_EDGE('',*,*,#3139,.T.);
#3139 = EDGE_CURVE('',#576,#1668,#3140,.T.);
#3140 = SURFACE_CURVE('',#3141,(#3146,#3152),.PCURVE_S1.);
#3141 = CIRCLE('',#3142,0.65);
#3142 = AXIS2_PLACEMENT_3D('',#3143,#3144,#3145);
#3143 = CARTESIAN_POINT('',(-20.55,17.2,-0.65));
#3144 = DIRECTION('',(6.123233995737E-17,1.,-0.));
#3145 = DIRECTION('',(-1.,6.123233995737E-17,0.));
#3146 = PCURVE('',#535,#3147);
#3147 = DEFINITIONAL_REPRESENTATION('',(#3148),#3151);
#3148 = B_SPLINE_CURVE_WITH_KNOTS('',1,(#3149,#3150),.UNSPECIFIED.,.F.,
  .F.,(2,2),(0.,1.570796326795),.PIECEWISE_BEZIER_KNOTS.);
#3149 = CARTESIAN_POINT('',(0.,0.));
#3150 = CARTESIAN_POINT('',(-1.570796326795,0.));
#3151 = ( GEOMETRIC_REPRESENTATION_CONTEXT(2) 
PARAMETRIC_REPRESENTATION_CONTEXT() REPRESENTATION_CONTEXT('2D SPACE',''
  ) );
#3152 = PCURVE('',#2060,#3153);
#3153 = DEFINITIONAL_REPRESENTATION('',(#3154),#3157);
#3154 = B_SPLINE_CURVE_WITH_KNOTS('',1,(#3155,#3156),.UNSPECIFIED.,.F.,
  .F.,(2,2),(0.,1.570796326795),.PIECEWISE_BEZIER_KNOTS.);
#3155 = CARTESIAN_POINT('',(1.570796326795,0.));
#3156 = CARTESIAN_POINT('',(1.570796326795,1.570796326795));
#3157 = ( GEOMETRIC_REPRESENTATION_CONTEXT(2) 
PARAMETRIC_REPRESENTATION_CONTEXT() REPRESENTATION_CONTEXT('2D SPACE',''
  ) );
#3158 = ORIENTED_EDGE('',*,*,#1667,.T.);
#3159 = ORIENTED_EDGE('',*,*,#519,.F.);
#3160 = ORIENTED_EDGE('',*,*,#603,.F.);
#3161 = ADVANCED_FACE('',(#3162),#591,.T.);
#3162 = FACE_BOUND('',#3163,.T.);
#3163 = EDGE_LOOP('',(#3164,#3192,#3214,#3215));
#3164 = ORIENTED_EDGE('',*,*,#3165,.F.);
#3165 = EDGE_CURVE('',#3166,#3168,#3170,.T.);
#3166 = VERTEX_POINT('',#3167);
#3167 = CARTESIAN_POINT('',(-19.17295617901,22.522010379886,-12.35));
#3168 = VERTEX_POINT('',#3169);
#3169 = CARTESIAN_POINT('',(-19.17295617901,22.522010379886,-0.65));
#3170 = SURFACE_CURVE('',#3171,(#3175,#3181),.PCURVE_S1.);
#3171 = LINE('',#3172,#3173);
#3172 = CARTESIAN_POINT('',(-19.17295617901,22.522010379887,-13.));
#3173 = VECTOR('',#3174,1.);
#3174 = DIRECTION('',(0.,0.,1.));
#3175 = PCURVE('',#591,#3176);
#3176 = DEFINITIONAL_REPRESENTATION('',(#3177),#3180);
#3177 = B_SPLINE_CURVE_WITH_KNOTS('',1,(#3178,#3179),.UNSPECIFIED.,.F.,
  .F.,(2,2),(0.6499994,12.3500006),.PIECEWISE_BEZIER_KNOTS.);
#3178 = CARTESIAN_POINT('',(0.842965978858,0.6499994));
#3179 = CARTESIAN_POINT('',(0.842965978858,12.3500006));
#3180 = ( GEOMETRIC_REPRESENTATION_CONTEXT(2) 
PARAMETRIC_REPRESENTATION_CONTEXT() REPRESENTATION_CONTEXT('2D SPACE',''
  ) );
#3181 = PCURVE('',#3182,#3187);
#3182 = PLANE('',#3183);
#3183 = AXIS2_PLACEMENT_3D('',#3184,#3185,#3186);
#3184 = CARTESIAN_POINT('',(-19.28949112186,21.267018687568,-13.));
#3185 = DIRECTION('',(-0.995716456667,9.245938526191E-02,0.));
#3186 = DIRECTION('',(9.245938526191E-02,0.995716456667,0.));
#3187 = DEFINITIONAL_REPRESENTATION('',(#3188),#3191);
#3188 = B_SPLINE_CURVE_WITH_KNOTS('',1,(#3189,#3190),.UNSPECIFIED.,.F.,
  .F.,(2,2),(0.6499994,12.3500006),.PIECEWISE_BEZIER_KNOTS.);
#3189 = CARTESIAN_POINT('',(1.2603906302,-0.6499994));
#3190 = CARTESIAN_POINT('',(1.2603906302,-12.3500006));
#3191 = ( GEOMETRIC_REPRESENTATION_CONTEXT(2) 
PARAMETRIC_REPRESENTATION_CONTEXT() REPRESENTATION_CONTEXT('2D SPACE',''
  ) );
#3192 = ORIENTED_EDGE('',*,*,#3193,.T.);
#3193 = EDGE_CURVE('',#3166,#574,#3194,.T.);
#3194 = SURFACE_CURVE('',#3195,(#3200,#3207),.PCURVE_S1.);
#3195 = CIRCLE('',#3196,8.);
#3196 = AXIS2_PLACEMENT_3D('',#3197,#3198,#3199);
#3197 = CARTESIAN_POINT('',(-13.2,17.2,-12.35));
#3198 = DIRECTION('',(0.,0.,1.));
#3199 = DIRECTION('',(0.,1.,-0.));
#3200 = PCURVE('',#591,#3201);
#3201 = DEFINITIONAL_REPRESENTATION('',(#3202),#3206);
#3202 = LINE('',#3203,#3204);
#3203 = CARTESIAN_POINT('',(0.,0.65));
#3204 = VECTOR('',#3205,1.);
#3205 = DIRECTION('',(1.,0.));
#3206 = ( GEOMETRIC_REPRESENTATION_CONTEXT(2) 
PARAMETRIC_REPRESENTATION_CONTEXT() REPRESENTATION_CONTEXT('2D SPACE',''
  ) );
#3207 = PCURVE('',#1264,#3208);
#3208 = DEFINITIONAL_REPRESENTATION('',(#3209),#3213);
#3209 = LINE('',#3210,#3211);
#3210 = CARTESIAN_POINT('',(-0.,0.));
#3211 = VECTOR('',#3212,1.);
#3212 = DIRECTION('',(-1.,0.));
#3213 = ( GEOMETRIC_REPRESENTATION_CONTEXT(2) 
PARAMETRIC_REPRESENTATION_CONTEXT() REPRESENTATION_CONTEXT('2D SPACE',''
  ) );
#3214 = ORIENTED_EDGE('',*,*,#573,.T.);
#3215 = ORIENTED_EDGE('',*,*,#3216,.F.);
#3216 = EDGE_CURVE('',#3168,#576,#3217,.T.);
#3217 = SURFACE_CURVE('',#3218,(#3223,#3230),.PCURVE_S1.);
#3218 = CIRCLE('',#3219,8.);
#3219 = AXIS2_PLACEMENT_3D('',#3220,#3221,#3222);
#3220 = CARTESIAN_POINT('',(-13.2,17.2,-0.65));
#3221 = DIRECTION('',(0.,0.,1.));
#3222 = DIRECTION('',(0.,1.,-0.));
#3223 = PCURVE('',#591,#3224);
#3224 = DEFINITIONAL_REPRESENTATION('',(#3225),#3229);
#3225 = LINE('',#3226,#3227);
#3226 = CARTESIAN_POINT('',(0.,12.35));
#3227 = VECTOR('',#3228,1.);
#3228 = DIRECTION('',(1.,0.));
#3229 = ( GEOMETRIC_REPRESENTATION_CONTEXT(2) 
PARAMETRIC_REPRESENTATION_CONTEXT() REPRESENTATION_CONTEXT('2D SPACE',''
  ) );
#3230 = PCURVE('',#2060,#3231);
#3231 = DEFINITIONAL_REPRESENTATION('',(#3232),#3236);
#3232 = LINE('',#3233,#3234);
#3233 = CARTESIAN_POINT('',(0.,0.));
#3234 = VECTOR('',#3235,1.);
#3235 = DIRECTION('',(1.,0.));
#3236 = ( GEOMETRIC_REPRESENTATION_CONTEXT(2) 
PARAMETRIC_REPRESENTATION_CONTEXT() REPRESENTATION_CONTEXT('2D SPACE',''
  ) );
#3237 = ADVANCED_FACE('',(#3238),#667,.F.);
#3238 = FACE_BOUND('',#3239,.F.);
#3239 = EDGE_LOOP('',(#3240,#3263,#3264,#3287));
#3240 = ORIENTED_EDGE('',*,*,#3241,.F.);
#3241 = EDGE_CURVE('',#649,#3242,#3244,.T.);
#3242 = VERTEX_POINT('',#3243);
#3243 = CARTESIAN_POINT('',(-16.915,5.958,-11.87));
#3244 = SURFACE_CURVE('',#3245,(#3249,#3256),.PCURVE_S1.);
#3245 = LINE('',#3246,#3247);
#3246 = CARTESIAN_POINT('',(-26.,5.958,-11.87));
#3247 = VECTOR('',#3248,1.);
#3248 = DIRECTION('',(1.,0.,0.));
#3249 = PCURVE('',#667,#3250);
#3250 = DEFINITIONAL_REPRESENTATION('',(#3251),#3255);
#3251 = LINE('',#3252,#3253);
#3252 = CARTESIAN_POINT('',(0.,0.));
#3253 = VECTOR('',#3254,1.);
#3254 = DIRECTION('',(0.,1.));
#3255 = ( GEOMETRIC_REPRESENTATION_CONTEXT(2) 
PARAMETRIC_REPRESENTATION_CONTEXT() REPRESENTATION_CONTEXT('2D SPACE',''
  ) );
#3256 = PCURVE('',#694,#3257);
#3257 = DEFINITIONAL_REPRESENTATION('',(#3258),#3262);
#3258 = LINE('',#3259,#3260);
#3259 = CARTESIAN_POINT('',(12.2,0.));
#3260 = VECTOR('',#3261,1.);
#3261 = DIRECTION('',(0.,-1.));
#3262 = ( GEOMETRIC_REPRESENTATION_CONTEXT(2) 
PARAMETRIC_REPRESENTATION_CONTEXT() REPRESENTATION_CONTEXT('2D SPACE',''
  ) );
#3263 = ORIENTED_EDGE('',*,*,#648,.T.);
#3264 = ORIENTED_EDGE('',*,*,#3265,.T.);
#3265 = EDGE_CURVE('',#651,#3266,#3268,.T.);
#3266 = VERTEX_POINT('',#3267);
#3267 = CARTESIAN_POINT('',(-16.915,6.758,-11.07));
#3268 = SURFACE_CURVE('',#3269,(#3273,#3280),.PCURVE_S1.);
#3269 = LINE('',#3270,#3271);
#3270 = CARTESIAN_POINT('',(-26.,6.758,-11.07));
#3271 = VECTOR('',#3272,1.);
#3272 = DIRECTION('',(1.,0.,0.));
#3273 = PCURVE('',#667,#3274);
#3274 = DEFINITIONAL_REPRESENTATION('',(#3275),#3279);
#3275 = LINE('',#3276,#3277);
#3276 = CARTESIAN_POINT('',(1.570796326795,0.));
#3277 = VECTOR('',#3278,1.);
#3278 = DIRECTION('',(0.,1.));
#3279 = ( GEOMETRIC_REPRESENTATION_CONTEXT(2) 
PARAMETRIC_REPRESENTATION_CONTEXT() REPRESENTATION_CONTEXT('2D SPACE',''
  ) );
#3280 = PCURVE('',#857,#3281);
#3281 = DEFINITIONAL_REPRESENTATION('',(#3282),#3286);
#3282 = LINE('',#3283,#3284);
#3283 = CARTESIAN_POINT('',(0.8,0.));
#3284 = VECTOR('',#3285,1.);
#3285 = DIRECTION('',(0.,-1.));
#3286 = ( GEOMETRIC_REPRESENTATION_CONTEXT(2) 
PARAMETRIC_REPRESENTATION_CONTEXT() REPRESENTATION_CONTEXT('2D SPACE',''
  ) );
#3287 = ORIENTED_EDGE('',*,*,#3288,.F.);
#3288 = EDGE_CURVE('',#3242,#3266,#3289,.T.);
#3289 = SURFACE_CURVE('',#3290,(#3295,#3302),.PCURVE_S1.);
#3290 = CIRCLE('',#3291,0.8);
#3291 = AXIS2_PLACEMENT_3D('',#3292,#3293,#3294);
#3292 = CARTESIAN_POINT('',(-16.915,5.958,-11.07));
#3293 = DIRECTION('',(1.,0.,0.));
#3294 = DIRECTION('',(0.,0.,-1.));
#3295 = PCURVE('',#667,#3296);
#3296 = DEFINITIONAL_REPRESENTATION('',(#3297),#3301);
#3297 = LINE('',#3298,#3299);
#3298 = CARTESIAN_POINT('',(0.,9.085));
#3299 = VECTOR('',#3300,1.);
#3300 = DIRECTION('',(1.,0.));
#3301 = ( GEOMETRIC_REPRESENTATION_CONTEXT(2) 
PARAMETRIC_REPRESENTATION_CONTEXT() REPRESENTATION_CONTEXT('2D SPACE',''
  ) );
#3302 = PCURVE('',#1484,#3303);
#3303 = DEFINITIONAL_REPRESENTATION('',(#3304),#3308);
#3304 = CIRCLE('',#3305,0.8);
#3305 = AXIS2_PLACEMENT_2D('',#3306,#3307);
#3306 = CARTESIAN_POINT('',(14.957,-2.13));
#3307 = DIRECTION('',(0.,1.));
#3308 = ( GEOMETRIC_REPRESENTATION_CONTEXT(2) 
PARAMETRIC_REPRESENTATION_CONTEXT() REPRESENTATION_CONTEXT('2D SPACE',''
  ) );
#3309 = ADVANCED_FACE('',(#3310),#857,.T.);
#3310 = FACE_BOUND('',#3311,.T.);
#3311 = EDGE_LOOP('',(#3312,#3313,#3314,#3335));
#3312 = ORIENTED_EDGE('',*,*,#844,.T.);
#3313 = ORIENTED_EDGE('',*,*,#3265,.T.);
#3314 = ORIENTED_EDGE('',*,*,#3315,.F.);
#3315 = EDGE_CURVE('',#3316,#3266,#3318,.T.);
#3316 = VERTEX_POINT('',#3317);
#3317 = CARTESIAN_POINT('',(-16.915,6.758,-5.67));
#3318 = SURFACE_CURVE('',#3319,(#3323,#3329),.PCURVE_S1.);
#3319 = LINE('',#3320,#3321);
#3320 = CARTESIAN_POINT('',(-16.915,6.758,-12.535));
#3321 = VECTOR('',#3322,1.);
#3322 = DIRECTION('',(0.,-0.,-1.));
#3323 = PCURVE('',#857,#3324);
#3324 = DEFINITIONAL_REPRESENTATION('',(#3325),#3328);
#3325 = B_SPLINE_CURVE_WITH_KNOTS('',1,(#3326,#3327),.UNSPECIFIED.,.F.,
  .F.,(2,2),(-6.865,-1.465),.PIECEWISE_BEZIER_KNOTS.);
#3326 = CARTESIAN_POINT('',(6.2,-9.085));
#3327 = CARTESIAN_POINT('',(0.8,-9.085));
#3328 = ( GEOMETRIC_REPRESENTATION_CONTEXT(2) 
PARAMETRIC_REPRESENTATION_CONTEXT() REPRESENTATION_CONTEXT('2D SPACE',''
  ) );
#3329 = PCURVE('',#1484,#3330);
#3330 = DEFINITIONAL_REPRESENTATION('',(#3331),#3334);
#3331 = B_SPLINE_CURVE_WITH_KNOTS('',1,(#3332,#3333),.UNSPECIFIED.,.F.,
  .F.,(2,2),(-6.865,-1.465),.PIECEWISE_BEZIER_KNOTS.);
#3332 = CARTESIAN_POINT('',(14.157,-7.53));
#3333 = CARTESIAN_POINT('',(14.157,-2.13));
#3334 = ( GEOMETRIC_REPRESENTATION_CONTEXT(2) 
PARAMETRIC_REPRESENTATION_CONTEXT() REPRESENTATION_CONTEXT('2D SPACE',''
  ) );
#3335 = ORIENTED_EDGE('',*,*,#3336,.F.);
#3336 = EDGE_CURVE('',#816,#3316,#3337,.T.);
#3337 = SURFACE_CURVE('',#3338,(#3342,#3349),.PCURVE_S1.);
#3338 = LINE('',#3339,#3340);
#3339 = CARTESIAN_POINT('',(-26.,6.758,-5.67));
#3340 = VECTOR('',#3341,1.);
#3341 = DIRECTION('',(1.,0.,0.));
#3342 = PCURVE('',#857,#3343);
#3343 = DEFINITIONAL_REPRESENTATION('',(#3344),#3348);
#3344 = LINE('',#3345,#3346);
#3345 = CARTESIAN_POINT('',(6.2,0.));
#3346 = VECTOR('',#3347,1.);
#3347 = DIRECTION('',(0.,-1.));
#3348 = ( GEOMETRIC_REPRESENTATION_CONTEXT(2) 
PARAMETRIC_REPRESENTATION_CONTEXT() REPRESENTATION_CONTEXT('2D SPACE',''
  ) );
#3349 = PCURVE('',#832,#3350);
#3350 = DEFINITIONAL_REPRESENTATION('',(#3351),#3355);
#3351 = LINE('',#3352,#3353);
#3352 = CARTESIAN_POINT('',(0.,0.));
#3353 = VECTOR('',#3354,1.);
#3354 = DIRECTION('',(0.,1.));
#3355 = ( GEOMETRIC_REPRESENTATION_CONTEXT(2) 
PARAMETRIC_REPRESENTATION_CONTEXT() REPRESENTATION_CONTEXT('2D SPACE',''
  ) );
#3356 = ADVANCED_FACE('',(#3357),#832,.F.);
#3357 = FACE_BOUND('',#3358,.F.);
#3358 = EDGE_LOOP('',(#3359,#3360,#3361,#3384));
#3359 = ORIENTED_EDGE('',*,*,#3336,.F.);
#3360 = ORIENTED_EDGE('',*,*,#815,.T.);
#3361 = ORIENTED_EDGE('',*,*,#3362,.T.);
#3362 = EDGE_CURVE('',#790,#3363,#3365,.T.);
#3363 = VERTEX_POINT('',#3364);
#3364 = CARTESIAN_POINT('',(-16.915,5.958,-4.87));
#3365 = SURFACE_CURVE('',#3366,(#3370,#3377),.PCURVE_S1.);
#3366 = LINE('',#3367,#3368);
#3367 = CARTESIAN_POINT('',(-26.,5.958,-4.87));
#3368 = VECTOR('',#3369,1.);
#3369 = DIRECTION('',(1.,0.,0.));
#3370 = PCURVE('',#832,#3371);
#3371 = DEFINITIONAL_REPRESENTATION('',(#3372),#3376);
#3372 = LINE('',#3373,#3374);
#3373 = CARTESIAN_POINT('',(1.570796326795,0.));
#3374 = VECTOR('',#3375,1.);
#3375 = DIRECTION('',(0.,1.));
#3376 = ( GEOMETRIC_REPRESENTATION_CONTEXT(2) 
PARAMETRIC_REPRESENTATION_CONTEXT() REPRESENTATION_CONTEXT('2D SPACE',''
  ) );
#3377 = PCURVE('',#804,#3378);
#3378 = DEFINITIONAL_REPRESENTATION('',(#3379),#3383);
#3379 = LINE('',#3380,#3381);
#3380 = CARTESIAN_POINT('',(0.8,0.));
#3381 = VECTOR('',#3382,1.);
#3382 = DIRECTION('',(0.,-1.));
#3383 = ( GEOMETRIC_REPRESENTATION_CONTEXT(2) 
PARAMETRIC_REPRESENTATION_CONTEXT() REPRESENTATION_CONTEXT('2D SPACE',''
  ) );
#3384 = ORIENTED_EDGE('',*,*,#3385,.F.);
#3385 = EDGE_CURVE('',#3316,#3363,#3386,.T.);
#3386 = SURFACE_CURVE('',#3387,(#3392,#3399),.PCURVE_S1.);
#3387 = CIRCLE('',#3388,0.8);
#3388 = AXIS2_PLACEMENT_3D('',#3389,#3390,#3391);
#3389 = CARTESIAN_POINT('',(-16.915,5.958,-5.67));
#3390 = DIRECTION('',(1.,0.,0.));
#3391 = DIRECTION('',(-0.,1.,0.));
#3392 = PCURVE('',#832,#3393);
#3393 = DEFINITIONAL_REPRESENTATION('',(#3394),#3398);
#3394 = LINE('',#3395,#3396);
#3395 = CARTESIAN_POINT('',(0.,9.085));
#3396 = VECTOR('',#3397,1.);
#3397 = DIRECTION('',(1.,0.));
#3398 = ( GEOMETRIC_REPRESENTATION_CONTEXT(2) 
PARAMETRIC_REPRESENTATION_CONTEXT() REPRESENTATION_CONTEXT('2D SPACE',''
  ) );
#3399 = PCURVE('',#1484,#3400);
#3400 = DEFINITIONAL_REPRESENTATION('',(#3401),#3405);
#3401 = CIRCLE('',#3402,0.8);
#3402 = AXIS2_PLACEMENT_2D('',#3403,#3404);
#3403 = CARTESIAN_POINT('',(14.957,-7.53));
#3404 = DIRECTION('',(-1.,-0.));
#3405 = ( GEOMETRIC_REPRESENTATION_CONTEXT(2) 
PARAMETRIC_REPRESENTATION_CONTEXT() REPRESENTATION_CONTEXT('2D SPACE',''
  ) );
#3406 = ADVANCED_FACE('',(#3407),#804,.T.);
#3407 = FACE_BOUND('',#3408,.T.);
#3408 = EDGE_LOOP('',(#3409,#3410,#3411,#3432));
#3409 = ORIENTED_EDGE('',*,*,#789,.T.);
#3410 = ORIENTED_EDGE('',*,*,#3362,.T.);
#3411 = ORIENTED_EDGE('',*,*,#3412,.F.);
#3412 = EDGE_CURVE('',#3413,#3363,#3415,.T.);
#3413 = VERTEX_POINT('',#3414);
#3414 = CARTESIAN_POINT('',(-16.915,-5.442,-4.87));
#3415 = SURFACE_CURVE('',#3416,(#3420,#3426),.PCURVE_S1.);
#3416 = LINE('',#3417,#3418);
#3417 = CARTESIAN_POINT('',(-16.915,13.8365,-4.87));
#3418 = VECTOR('',#3419,1.);
#3419 = DIRECTION('',(0.,1.,0.));
#3420 = PCURVE('',#804,#3421);
#3421 = DEFINITIONAL_REPRESENTATION('',(#3422),#3425);
#3422 = B_SPLINE_CURVE_WITH_KNOTS('',1,(#3423,#3424),.UNSPECIFIED.,.F.,
  .F.,(2,2),(-19.2785,-7.8785),.PIECEWISE_BEZIER_KNOTS.);
#3423 = CARTESIAN_POINT('',(12.2,-9.085));
#3424 = CARTESIAN_POINT('',(0.8,-9.085));
#3425 = ( GEOMETRIC_REPRESENTATION_CONTEXT(2) 
PARAMETRIC_REPRESENTATION_CONTEXT() REPRESENTATION_CONTEXT('2D SPACE',''
  ) );
#3426 = PCURVE('',#1484,#3427);
#3427 = DEFINITIONAL_REPRESENTATION('',(#3428),#3431);
#3428 = B_SPLINE_CURVE_WITH_KNOTS('',1,(#3429,#3430),.UNSPECIFIED.,.F.,
  .F.,(2,2),(-19.2785,-7.8785),.PIECEWISE_BEZIER_KNOTS.);
#3429 = CARTESIAN_POINT('',(26.357,-8.33));
#3430 = CARTESIAN_POINT('',(14.957,-8.33));
#3431 = ( GEOMETRIC_REPRESENTATION_CONTEXT(2) 
PARAMETRIC_REPRESENTATION_CONTEXT() REPRESENTATION_CONTEXT('2D SPACE',''
  ) );
#3432 = ORIENTED_EDGE('',*,*,#3433,.F.);
#3433 = EDGE_CURVE('',#761,#3413,#3434,.T.);
#3434 = SURFACE_CURVE('',#3435,(#3439,#3446),.PCURVE_S1.);
#3435 = LINE('',#3436,#3437);
#3436 = CARTESIAN_POINT('',(-26.,-5.442,-4.87));
#3437 = VECTOR('',#3438,1.);
#3438 = DIRECTION('',(1.,0.,0.));
#3439 = PCURVE('',#804,#3440);
#3440 = DEFINITIONAL_REPRESENTATION('',(#3441),#3445);
#3441 = LINE('',#3442,#3443);
#3442 = CARTESIAN_POINT('',(12.2,0.));
#3443 = VECTOR('',#3444,1.);
#3444 = DIRECTION('',(0.,-1.));
#3445 = ( GEOMETRIC_REPRESENTATION_CONTEXT(2) 
PARAMETRIC_REPRESENTATION_CONTEXT() REPRESENTATION_CONTEXT('2D SPACE',''
  ) );
#3446 = PCURVE('',#777,#3447);
#3447 = DEFINITIONAL_REPRESENTATION('',(#3448),#3452);
#3448 = LINE('',#3449,#3450);
#3449 = CARTESIAN_POINT('',(0.,0.));
#3450 = VECTOR('',#3451,1.);
#3451 = DIRECTION('',(0.,1.));
#3452 = ( GEOMETRIC_REPRESENTATION_CONTEXT(2) 
PARAMETRIC_REPRESENTATION_CONTEXT() REPRESENTATION_CONTEXT('2D SPACE',''
  ) );
#3453 = ADVANCED_FACE('',(#3454),#777,.F.);
#3454 = FACE_BOUND('',#3455,.F.);
#3455 = EDGE_LOOP('',(#3456,#3457,#3458,#3481));
#3456 = ORIENTED_EDGE('',*,*,#3433,.F.);
#3457 = ORIENTED_EDGE('',*,*,#760,.T.);
#3458 = ORIENTED_EDGE('',*,*,#3459,.T.);
#3459 = EDGE_CURVE('',#735,#3460,#3462,.T.);
#3460 = VERTEX_POINT('',#3461);
#3461 = CARTESIAN_POINT('',(-16.915,-6.242,-5.67));
#3462 = SURFACE_CURVE('',#3463,(#3467,#3474),.PCURVE_S1.);
#3463 = LINE('',#3464,#3465);
#3464 = CARTESIAN_POINT('',(-26.,-6.242,-5.67));
#3465 = VECTOR('',#3466,1.);
#3466 = DIRECTION('',(1.,0.,0.));
#3467 = PCURVE('',#777,#3468);
#3468 = DEFINITIONAL_REPRESENTATION('',(#3469),#3473);
#3469 = LINE('',#3470,#3471);
#3470 = CARTESIAN_POINT('',(1.570796326795,0.));
#3471 = VECTOR('',#3472,1.);
#3472 = DIRECTION('',(0.,1.));
#3473 = ( GEOMETRIC_REPRESENTATION_CONTEXT(2) 
PARAMETRIC_REPRESENTATION_CONTEXT() REPRESENTATION_CONTEXT('2D SPACE',''
  ) );
#3474 = PCURVE('',#749,#3475);
#3475 = DEFINITIONAL_REPRESENTATION('',(#3476),#3480);
#3476 = LINE('',#3477,#3478);
#3477 = CARTESIAN_POINT('',(0.8,0.));
#3478 = VECTOR('',#3479,1.);
#3479 = DIRECTION('',(0.,-1.));
#3480 = ( GEOMETRIC_REPRESENTATION_CONTEXT(2) 
PARAMETRIC_REPRESENTATION_CONTEXT() REPRESENTATION_CONTEXT('2D SPACE',''
  ) );
#3481 = ORIENTED_EDGE('',*,*,#3482,.F.);
#3482 = EDGE_CURVE('',#3413,#3460,#3483,.T.);
#3483 = SURFACE_CURVE('',#3484,(#3489,#3496),.PCURVE_S1.);
#3484 = CIRCLE('',#3485,0.8);
#3485 = AXIS2_PLACEMENT_3D('',#3486,#3487,#3488);
#3486 = CARTESIAN_POINT('',(-16.915,-5.442,-5.67));
#3487 = DIRECTION('',(1.,0.,0.));
#3488 = DIRECTION('',(0.,-0.,1.));
#3489 = PCURVE('',#777,#3490);
#3490 = DEFINITIONAL_REPRESENTATION('',(#3491),#3495);
#3491 = LINE('',#3492,#3493);
#3492 = CARTESIAN_POINT('',(0.,9.085));
#3493 = VECTOR('',#3494,1.);
#3494 = DIRECTION('',(1.,0.));
#3495 = ( GEOMETRIC_REPRESENTATION_CONTEXT(2) 
PARAMETRIC_REPRESENTATION_CONTEXT() REPRESENTATION_CONTEXT('2D SPACE',''
  ) );
#3496 = PCURVE('',#1484,#3497);
#3497 = DEFINITIONAL_REPRESENTATION('',(#3498),#3502);
#3498 = CIRCLE('',#3499,0.8);
#3499 = AXIS2_PLACEMENT_2D('',#3500,#3501);
#3500 = CARTESIAN_POINT('',(26.357,-7.53));
#3501 = DIRECTION('',(0.,-1.));
#3502 = ( GEOMETRIC_REPRESENTATION_CONTEXT(2) 
PARAMETRIC_REPRESENTATION_CONTEXT() REPRESENTATION_CONTEXT('2D SPACE',''
  ) );
#3503 = ADVANCED_FACE('',(#3504),#749,.T.);
#3504 = FACE_BOUND('',#3505,.T.);
#3505 = EDGE_LOOP('',(#3506,#3507,#3508,#3529));
#3506 = ORIENTED_EDGE('',*,*,#734,.T.);
#3507 = ORIENTED_EDGE('',*,*,#3459,.T.);
#3508 = ORIENTED_EDGE('',*,*,#3509,.F.);
#3509 = EDGE_CURVE('',#3510,#3460,#3512,.T.);
#3510 = VERTEX_POINT('',#3511);
#3511 = CARTESIAN_POINT('',(-16.915,-6.242,-11.07));
#3512 = SURFACE_CURVE('',#3513,(#3517,#3523),.PCURVE_S1.);
#3513 = LINE('',#3514,#3515);
#3514 = CARTESIAN_POINT('',(-16.915,-6.242,-9.035));
#3515 = VECTOR('',#3516,1.);
#3516 = DIRECTION('',(0.,0.,1.));
#3517 = PCURVE('',#749,#3518);
#3518 = DEFINITIONAL_REPRESENTATION('',(#3519),#3522);
#3519 = B_SPLINE_CURVE_WITH_KNOTS('',1,(#3520,#3521),.UNSPECIFIED.,.F.,
  .F.,(2,2),(-2.035,3.365),.PIECEWISE_BEZIER_KNOTS.);
#3520 = CARTESIAN_POINT('',(6.2,-9.085));
#3521 = CARTESIAN_POINT('',(0.8,-9.085));
#3522 = ( GEOMETRIC_REPRESENTATION_CONTEXT(2) 
PARAMETRIC_REPRESENTATION_CONTEXT() REPRESENTATION_CONTEXT('2D SPACE',''
  ) );
#3523 = PCURVE('',#1484,#3524);
#3524 = DEFINITIONAL_REPRESENTATION('',(#3525),#3528);
#3525 = B_SPLINE_CURVE_WITH_KNOTS('',1,(#3526,#3527),.UNSPECIFIED.,.F.,
  .F.,(2,2),(-2.035,3.365),.PIECEWISE_BEZIER_KNOTS.);
#3526 = CARTESIAN_POINT('',(27.157,-2.13));
#3527 = CARTESIAN_POINT('',(27.157,-7.53));
#3528 = ( GEOMETRIC_REPRESENTATION_CONTEXT(2) 
PARAMETRIC_REPRESENTATION_CONTEXT() REPRESENTATION_CONTEXT('2D SPACE',''
  ) );
#3529 = ORIENTED_EDGE('',*,*,#3530,.F.);
#3530 = EDGE_CURVE('',#706,#3510,#3531,.T.);
#3531 = SURFACE_CURVE('',#3532,(#3536,#3543),.PCURVE_S1.);
#3532 = LINE('',#3533,#3534);
#3533 = CARTESIAN_POINT('',(-26.,-6.242,-11.07));
#3534 = VECTOR('',#3535,1.);
#3535 = DIRECTION('',(1.,0.,0.));
#3536 = PCURVE('',#749,#3537);
#3537 = DEFINITIONAL_REPRESENTATION('',(#3538),#3542);
#3538 = LINE('',#3539,#3540);
#3539 = CARTESIAN_POINT('',(6.2,0.));
#3540 = VECTOR('',#3541,1.);
#3541 = DIRECTION('',(0.,-1.));
#3542 = ( GEOMETRIC_REPRESENTATION_CONTEXT(2) 
PARAMETRIC_REPRESENTATION_CONTEXT() REPRESENTATION_CONTEXT('2D SPACE',''
  ) );
#3543 = PCURVE('',#722,#3544);
#3544 = DEFINITIONAL_REPRESENTATION('',(#3545),#3549);
#3545 = LINE('',#3546,#3547);
#3546 = CARTESIAN_POINT('',(-1.570796326795,0.));
#3547 = VECTOR('',#3548,1.);
#3548 = DIRECTION('',(-0.,1.));
#3549 = ( GEOMETRIC_REPRESENTATION_CONTEXT(2) 
PARAMETRIC_REPRESENTATION_CONTEXT() REPRESENTATION_CONTEXT('2D SPACE',''
  ) );
#3550 = ADVANCED_FACE('',(#3551),#722,.F.);
#3551 = FACE_BOUND('',#3552,.T.);
#3552 = EDGE_LOOP('',(#3553,#3576,#3577,#3578));
#3553 = ORIENTED_EDGE('',*,*,#3554,.F.);
#3554 = EDGE_CURVE('',#680,#3555,#3557,.T.);
#3555 = VERTEX_POINT('',#3556);
#3556 = CARTESIAN_POINT('',(-16.915,-5.442,-11.87));
#3557 = SURFACE_CURVE('',#3558,(#3562,#3569),.PCURVE_S1.);
#3558 = LINE('',#3559,#3560);
#3559 = CARTESIAN_POINT('',(-26.,-5.442,-11.87));
#3560 = VECTOR('',#3561,1.);
#3561 = DIRECTION('',(1.,0.,0.));
#3562 = PCURVE('',#722,#3563);
#3563 = DEFINITIONAL_REPRESENTATION('',(#3564),#3568);
#3564 = LINE('',#3565,#3566);
#3565 = CARTESIAN_POINT('',(-0.,0.));
#3566 = VECTOR('',#3567,1.);
#3567 = DIRECTION('',(-0.,1.));
#3568 = ( GEOMETRIC_REPRESENTATION_CONTEXT(2) 
PARAMETRIC_REPRESENTATION_CONTEXT() REPRESENTATION_CONTEXT('2D SPACE',''
  ) );
#3569 = PCURVE('',#694,#3570);
#3570 = DEFINITIONAL_REPRESENTATION('',(#3571),#3575);
#3571 = LINE('',#3572,#3573);
#3572 = CARTESIAN_POINT('',(0.8,0.));
#3573 = VECTOR('',#3574,1.);
#3574 = DIRECTION('',(0.,-1.));
#3575 = ( GEOMETRIC_REPRESENTATION_CONTEXT(2) 
PARAMETRIC_REPRESENTATION_CONTEXT() REPRESENTATION_CONTEXT('2D SPACE',''
  ) );
#3576 = ORIENTED_EDGE('',*,*,#705,.F.);
#3577 = ORIENTED_EDGE('',*,*,#3530,.T.);
#3578 = ORIENTED_EDGE('',*,*,#3579,.T.);
#3579 = EDGE_CURVE('',#3510,#3555,#3580,.T.);
#3580 = SURFACE_CURVE('',#3581,(#3586,#3593),.PCURVE_S1.);
#3581 = CIRCLE('',#3582,0.8);
#3582 = AXIS2_PLACEMENT_3D('',#3583,#3584,#3585);
#3583 = CARTESIAN_POINT('',(-16.915,-5.442,-11.07));
#3584 = DIRECTION('',(1.,0.,0.));
#3585 = DIRECTION('',(0.,0.,-1.));
#3586 = PCURVE('',#722,#3587);
#3587 = DEFINITIONAL_REPRESENTATION('',(#3588),#3592);
#3588 = LINE('',#3589,#3590);
#3589 = CARTESIAN_POINT('',(-6.28318530718,9.085));
#3590 = VECTOR('',#3591,1.);
#3591 = DIRECTION('',(1.,-0.));
#3592 = ( GEOMETRIC_REPRESENTATION_CONTEXT(2) 
PARAMETRIC_REPRESENTATION_CONTEXT() REPRESENTATION_CONTEXT('2D SPACE',''
  ) );
#3593 = PCURVE('',#1484,#3594);
#3594 = DEFINITIONAL_REPRESENTATION('',(#3595),#3599);
#3595 = CIRCLE('',#3596,0.8);
#3596 = AXIS2_PLACEMENT_2D('',#3597,#3598);
#3597 = CARTESIAN_POINT('',(26.357,-2.13));
#3598 = DIRECTION('',(0.,1.));
#3599 = ( GEOMETRIC_REPRESENTATION_CONTEXT(2) 
PARAMETRIC_REPRESENTATION_CONTEXT() REPRESENTATION_CONTEXT('2D SPACE',''
  ) );
#3600 = ADVANCED_FACE('',(#3601),#694,.T.);
#3601 = FACE_BOUND('',#3602,.T.);
#3602 = EDGE_LOOP('',(#3603,#3604,#3605,#3624));
#3603 = ORIENTED_EDGE('',*,*,#679,.T.);
#3604 = ORIENTED_EDGE('',*,*,#3554,.T.);
#3605 = ORIENTED_EDGE('',*,*,#3606,.F.);
#3606 = EDGE_CURVE('',#3242,#3555,#3607,.T.);
#3607 = SURFACE_CURVE('',#3608,(#3612,#3618),.PCURVE_S1.);
#3608 = LINE('',#3609,#3610);
#3609 = CARTESIAN_POINT('',(-16.915,7.3365,-11.87));
#3610 = VECTOR('',#3611,1.);
#3611 = DIRECTION('',(0.,-1.,0.));
#3612 = PCURVE('',#694,#3613);
#3613 = DEFINITIONAL_REPRESENTATION('',(#3614),#3617);
#3614 = B_SPLINE_CURVE_WITH_KNOTS('',1,(#3615,#3616),.UNSPECIFIED.,.F.,
  .F.,(2,2),(1.3785,12.7785),.PIECEWISE_BEZIER_KNOTS.);
#3615 = CARTESIAN_POINT('',(12.2,-9.085));
#3616 = CARTESIAN_POINT('',(0.8,-9.085));
#3617 = ( GEOMETRIC_REPRESENTATION_CONTEXT(2) 
PARAMETRIC_REPRESENTATION_CONTEXT() REPRESENTATION_CONTEXT('2D SPACE',''
  ) );
#3618 = PCURVE('',#1484,#3619);
#3619 = DEFINITIONAL_REPRESENTATION('',(#3620),#3623);
#3620 = B_SPLINE_CURVE_WITH_KNOTS('',1,(#3621,#3622),.UNSPECIFIED.,.F.,
  .F.,(2,2),(1.3785,12.7785),.PIECEWISE_BEZIER_KNOTS.);
#3621 = CARTESIAN_POINT('',(14.957,-1.33));
#3622 = CARTESIAN_POINT('',(26.357,-1.33));
#3623 = ( GEOMETRIC_REPRESENTATION_CONTEXT(2) 
PARAMETRIC_REPRESENTATION_CONTEXT() REPRESENTATION_CONTEXT('2D SPACE',''
  ) );
#3624 = ORIENTED_EDGE('',*,*,#3241,.F.);
#3625 = ADVANCED_FACE('',(#3626),#1264,.T.);
#3626 = FACE_BOUND('',#3627,.F.);
#3627 = EDGE_LOOP('',(#3628,#3694,#3695,#3696));
#3628 = ORIENTED_EDGE('',*,*,#3629,.F.);
#3629 = EDGE_CURVE('',#3166,#1222,#3630,.T.);
#3630 = SURFACE_CURVE('',#3631,(#3650,#3672),.PCURVE_S1.);
#3631 = B_SPLINE_CURVE_WITH_KNOTS('',5,(#3632,#3633,#3634,#3635,#3636,
    #3637,#3638,#3639,#3640,#3641,#3642,#3643,#3644,#3645,#3646,#3647,
    #3648,#3649),.UNSPECIFIED.,.F.,.F.,(6,4,4,4,6),(0.,0.259321950581,
    0.519436405659,0.759400520046,1.),.UNSPECIFIED.);
#3632 = CARTESIAN_POINT('',(-19.17295617901,22.522010379887,-12.35));
#3633 = CARTESIAN_POINT('',(-19.17295617901,22.522010379887,
    -12.40348164284));
#3634 = CARTESIAN_POINT('',(-19.16764640401,22.519701232958,
    -12.45696505288));
#3635 = CARTESIAN_POINT('',(-19.1570260512,22.51508272544,
    -12.50966175833));
#3636 = CARTESIAN_POINT('',(-19.14127214618,22.508224231661,
    -12.56079711792));
#3637 = CARTESIAN_POINT('',(-19.10008956633,22.49025989167,
    -12.6587048836));
#3638 = CARTESIAN_POINT('',(-19.07463027581,22.479140621405,
    -12.70546618142));
#3639 = CARTESIAN_POINT('',(-19.0446635591,22.466028705625,
    -12.74925919039));
#3640 = CARTESIAN_POINT('',(-19.0106597812,22.451111731488,
    -12.78948320955));
#3641 = CARTESIAN_POINT('',(-18.93858902856,22.419396732448,
    -12.85904661551));
#3642 = CARTESIAN_POINT('',(-18.90103988765,22.402833518092,
    -12.88898871578));
#3643 = CARTESIAN_POINT('',(-18.86095860396,22.385102318755,
    -12.91512255873));
#3644 = CARTESIAN_POINT('',(-18.81883208379,22.366404478819,
    -12.93717487977));
#3645 = CARTESIAN_POINT('',(-18.73138620139,22.327454520249,
    -12.97280580382));
#3646 = CARTESIAN_POINT('',(-18.68605827742,22.307198238552,
    -12.9863619646));
#3647 = CARTESIAN_POINT('',(-18.63969365153,22.286403199482,
    -12.99545507322));
#3648 = CARTESIAN_POINT('',(-18.59282072475,22.265299397057,
    -13.00000000882));
#3649 = CARTESIAN_POINT('',(-18.54596377701,22.244122450419,-13.));
#3650 = PCURVE('',#1264,#3651);
#3651 = DEFINITIONAL_REPRESENTATION('',(#3652),#3671);
#3652 = B_SPLINE_CURVE_WITH_KNOTS('',5,(#3653,#3654,#3655,#3656,#3657,
    #3658,#3659,#3660,#3661,#3662,#3663,#3664,#3665,#3666,#3667,#3668,
    #3669,#3670),.UNSPECIFIED.,.F.,.F.,(6,4,4,4,6),(0.,0.259321950581,
    0.519436405659,0.759400520046,1.),.UNSPECIFIED.);
#3653 = CARTESIAN_POINT('',(-0.842965978858,0.));
#3654 = CARTESIAN_POINT('',(-0.842965978858,8.227945053631E-02));
#3655 = CARTESIAN_POINT('',(-0.842739935108,0.164561517724));
#3656 = CARTESIAN_POINT('',(-0.842287856833,0.246794319053));
#3657 = CARTESIAN_POINT('',(-0.841614685868,0.328944431643));
#3658 = CARTESIAN_POINT('',(-0.839842738642,0.493253390032));
#3659 = CARTESIAN_POINT('',(-0.838742620502,0.575415933203));
#3660 = CARTESIAN_POINT('',(-0.837439435576,0.657425443946));
#3661 = CARTESIAN_POINT('',(-0.835947282871,0.739272049398));
#3662 = CARTESIAN_POINT('',(-0.832750111538,0.896303071205));
#3663 = CARTESIAN_POINT('',(-0.831070496422,0.971514560097));
#3664 = CARTESIAN_POINT('',(-0.829259627428,1.04658518287));
#3665 = CARTESIAN_POINT('',(-0.827334357618,1.12153042921));
#3666 = CARTESIAN_POINT('',(-0.823288625189,1.271410712328));
#3667 = CARTESIAN_POINT('',(-0.82116764119,1.346345947086));
#3668 = CARTESIAN_POINT('',(-0.818970815427,1.42119987656));
#3669 = CARTESIAN_POINT('',(-0.816720329498,1.496005211011));
#3670 = CARTESIAN_POINT('',(-0.814440892159,1.570796326795));
#3671 = ( GEOMETRIC_REPRESENTATION_CONTEXT(2) 
PARAMETRIC_REPRESENTATION_CONTEXT() REPRESENTATION_CONTEXT('2D SPACE',''
  ) );
#3672 = PCURVE('',#1237,#3673);
#3673 = DEFINITIONAL_REPRESENTATION('',(#3674),#3693);
#3674 = B_SPLINE_CURVE_WITH_KNOTS('',5,(#3675,#3676,#3677,#3678,#3679,
    #3680,#3681,#3682,#3683,#3684,#3685,#3686,#3687,#3688,#3689,#3690,
    #3691,#3692),.UNSPECIFIED.,.F.,.F.,(6,4,4,4,6),(0.,0.259321950581,
    0.519436405659,0.759400520046,1.),.UNSPECIFIED.);
#3675 = CARTESIAN_POINT('',(0.,1.2603906302));
#3676 = CARTESIAN_POINT('',(-8.227945053631E-02,1.2603906302));
#3677 = CARTESIAN_POINT('',(-0.164561517724,1.258582313134));
#3678 = CARTESIAN_POINT('',(-0.246794319053,1.254965540484));
#3679 = CARTESIAN_POINT('',(-0.328944431643,1.249593021736));
#3680 = CARTESIAN_POINT('',(-0.493253390032,1.235513348789));
#3681 = CARTESIAN_POINT('',(-0.575415933203,1.226795658751));
#3682 = CARTESIAN_POINT('',(-0.657425443946,1.216510612636));
#3683 = CARTESIAN_POINT('',(-0.739272049398,1.204801504405));
#3684 = CARTESIAN_POINT('',(-0.896303071205,1.179885975422));
#3685 = CARTESIAN_POINT('',(-0.971514560097,1.166865480798));
#3686 = CARTESIAN_POINT('',(-1.04658518287,1.152916124673));
#3687 = CARTESIAN_POINT('',(-1.12153042921,1.138193369903));
#3688 = CARTESIAN_POINT('',(-1.271410712328,1.107495447698));
#3689 = CARTESIAN_POINT('',(-1.346345947086,1.091516926647));
#3690 = CARTESIAN_POINT('',(-1.42119987656,1.075097808836));
#3691 = CARTESIAN_POINT('',(-1.496005211011,1.058418247458));
#3692 = CARTESIAN_POINT('',(-1.570796326795,1.041664377772));
#3693 = ( GEOMETRIC_REPRESENTATION_CONTEXT(2) 
PARAMETRIC_REPRESENTATION_CONTEXT() REPRESENTATION_CONTEXT('2D SPACE',''
  ) );
#3694 = ORIENTED_EDGE('',*,*,#3193,.T.);
#3695 = ORIENTED_EDGE('',*,*,#3113,.T.);
#3696 = ORIENTED_EDGE('',*,*,#1249,.F.);
#3697 = ADVANCED_FACE('',(#3698),#1237,.T.);
#3698 = FACE_BOUND('',#3699,.F.);
#3699 = EDGE_LOOP('',(#3700,#3723,#3724,#3725));
#3700 = ORIENTED_EDGE('',*,*,#3701,.F.);
#3701 = EDGE_CURVE('',#3166,#3702,#3704,.T.);
#3702 = VERTEX_POINT('',#3703);
#3703 = CARTESIAN_POINT('',(-18.4487153331,30.321527181977,-12.35));
#3704 = SURFACE_CURVE('',#3705,(#3709,#3716),.PCURVE_S1.);
#3705 = LINE('',#3706,#3707);
#3706 = CARTESIAN_POINT('',(-19.28949112186,21.267018687568,-12.35));
#3707 = VECTOR('',#3708,1.);
#3708 = DIRECTION('',(9.245938526191E-02,0.995716456667,0.));
#3709 = PCURVE('',#1237,#3710);
#3710 = DEFINITIONAL_REPRESENTATION('',(#3711),#3715);
#3711 = LINE('',#3712,#3713);
#3712 = CARTESIAN_POINT('',(-0.,0.));
#3713 = VECTOR('',#3714,1.);
#3714 = DIRECTION('',(-0.,1.));
#3715 = ( GEOMETRIC_REPRESENTATION_CONTEXT(2) 
PARAMETRIC_REPRESENTATION_CONTEXT() REPRESENTATION_CONTEXT('2D SPACE',''
  ) );
#3716 = PCURVE('',#3182,#3717);
#3717 = DEFINITIONAL_REPRESENTATION('',(#3718),#3722);
#3718 = LINE('',#3719,#3720);
#3719 = CARTESIAN_POINT('',(0.,-0.65));
#3720 = VECTOR('',#3721,1.);
#3721 = DIRECTION('',(1.,0.));
#3722 = ( GEOMETRIC_REPRESENTATION_CONTEXT(2) 
PARAMETRIC_REPRESENTATION_CONTEXT() REPRESENTATION_CONTEXT('2D SPACE',''
  ) );
#3723 = ORIENTED_EDGE('',*,*,#3629,.T.);
#3724 = ORIENTED_EDGE('',*,*,#1221,.T.);
#3725 = ORIENTED_EDGE('',*,*,#3726,.F.);
#3726 = EDGE_CURVE('',#3702,#1189,#3727,.T.);
#3727 = SURFACE_CURVE('',#3728,(#3733,#3739),.PCURVE_S1.);
#3728 = CIRCLE('',#3729,0.65);
#3729 = AXIS2_PLACEMENT_3D('',#3730,#3731,#3732);
#3730 = CARTESIAN_POINT('',(-17.80149963626,30.261428581557,-12.35));
#3731 = DIRECTION('',(-9.245938526191E-02,-0.995716456667,-0.));
#3732 = DIRECTION('',(-0.995716456667,9.245938526191E-02,0.));
#3733 = PCURVE('',#1237,#3734);
#3734 = DEFINITIONAL_REPRESENTATION('',(#3735),#3738);
#3735 = B_SPLINE_CURVE_WITH_KNOTS('',1,(#3736,#3737),.UNSPECIFIED.,.F.,
  .F.,(2,2),(0.,1.570796326795),.PIECEWISE_BEZIER_KNOTS.);
#3736 = CARTESIAN_POINT('',(0.,9.093460727484));
#3737 = CARTESIAN_POINT('',(-1.570796326795,9.093460727484));
#3738 = ( GEOMETRIC_REPRESENTATION_CONTEXT(2) 
PARAMETRIC_REPRESENTATION_CONTEXT() REPRESENTATION_CONTEXT('2D SPACE',''
  ) );
#3739 = PCURVE('',#1209,#3740);
#3740 = DEFINITIONAL_REPRESENTATION('',(#3741),#3744);
#3741 = B_SPLINE_CURVE_WITH_KNOTS('',1,(#3742,#3743),.UNSPECIFIED.,.F.,
  .F.,(2,2),(0.,1.570796326795),.PIECEWISE_BEZIER_KNOTS.);
#3742 = CARTESIAN_POINT('',(-5.96744875736E-16,0.));
#3743 = CARTESIAN_POINT('',(-5.96744875736E-16,1.570796326795));
#3744 = ( GEOMETRIC_REPRESENTATION_CONTEXT(2) 
PARAMETRIC_REPRESENTATION_CONTEXT() REPRESENTATION_CONTEXT('2D SPACE',''
  ) );
#3745 = ADVANCED_FACE('',(#3746),#1209,.T.);
#3746 = FACE_BOUND('',#3747,.T.);
#3747 = EDGE_LOOP('',(#3748,#3749,#3778,#3798));
#3748 = ORIENTED_EDGE('',*,*,#3726,.F.);
#3749 = ORIENTED_EDGE('',*,*,#3750,.T.);
#3750 = EDGE_CURVE('',#3702,#3751,#3753,.T.);
#3751 = VERTEX_POINT('',#3752);
#3752 = CARTESIAN_POINT('',(-16.05210172423,31.380552887319,-12.35));
#3753 = SURFACE_CURVE('',#3754,(#3759,#3766),.PCURVE_S1.);
#3754 = CIRCLE('',#3755,1.5);
#3755 = AXIS2_PLACEMENT_3D('',#3756,#3757,#3758);
#3756 = CARTESIAN_POINT('',(-16.9551406481,30.182838104084,-12.35));
#3757 = DIRECTION('',(0.,0.,-1.));
#3758 = DIRECTION('',(-0.995716456667,9.245938526191E-02,0.));
#3759 = PCURVE('',#1209,#3760);
#3760 = DEFINITIONAL_REPRESENTATION('',(#3761),#3765);
#3761 = LINE('',#3762,#3763);
#3762 = CARTESIAN_POINT('',(0.,0.));
#3763 = VECTOR('',#3764,1.);
#3764 = DIRECTION('',(1.,0.));
#3765 = ( GEOMETRIC_REPRESENTATION_CONTEXT(2) 
PARAMETRIC_REPRESENTATION_CONTEXT() REPRESENTATION_CONTEXT('2D SPACE',''
  ) );
#3766 = PCURVE('',#3767,#3772);
#3767 = CYLINDRICAL_SURFACE('',#3768,1.5);
#3768 = AXIS2_PLACEMENT_3D('',#3769,#3770,#3771);
#3769 = CARTESIAN_POINT('',(-16.9551406481,30.182838104084,-13.));
#3770 = DIRECTION('',(0.,0.,-1.));
#3771 = DIRECTION('',(-1.,0.,0.));
#3772 = DEFINITIONAL_REPRESENTATION('',(#3773),#3777);
#3773 = LINE('',#3774,#3775);
#3774 = CARTESIAN_POINT('',(9.259162980755E-02,-0.65));
#3775 = VECTOR('',#3776,1.);
#3776 = DIRECTION('',(1.,0.));
#3777 = ( GEOMETRIC_REPRESENTATION_CONTEXT(2) 
PARAMETRIC_REPRESENTATION_CONTEXT() REPRESENTATION_CONTEXT('2D SPACE',''
  ) );
#3778 = ORIENTED_EDGE('',*,*,#3779,.T.);
#3779 = EDGE_CURVE('',#3751,#1161,#3780,.T.);
#3780 = SURFACE_CURVE('',#3781,(#3786,#3792),.PCURVE_S1.);
#3781 = CIRCLE('',#3782,0.65);
#3782 = AXIS2_PLACEMENT_3D('',#3783,#3784,#3785);
#3783 = CARTESIAN_POINT('',(-16.44341859124,30.861543147918,-12.35));
#3784 = DIRECTION('',(-0.798476522157,0.602025949245,0.));
#3785 = DIRECTION('',(0.602025949245,0.798476522157,0.));
#3786 = PCURVE('',#1209,#3787);
#3787 = DEFINITIONAL_REPRESENTATION('',(#3788),#3791);
#3788 = B_SPLINE_CURVE_WITH_KNOTS('',1,(#3789,#3790),.UNSPECIFIED.,.F.,
  .F.,(2,2),(0.,1.570796326795),.PIECEWISE_BEZIER_KNOTS.);
#3789 = CARTESIAN_POINT('',(2.124240654597,0.));
#3790 = CARTESIAN_POINT('',(2.124240654597,1.570796326795));
#3791 = ( GEOMETRIC_REPRESENTATION_CONTEXT(2) 
PARAMETRIC_REPRESENTATION_CONTEXT() REPRESENTATION_CONTEXT('2D SPACE',''
  ) );
#3792 = PCURVE('',#1176,#3793);
#3793 = DEFINITIONAL_REPRESENTATION('',(#3794),#3797);
#3794 = B_SPLINE_CURVE_WITH_KNOTS('',1,(#3795,#3796),.UNSPECIFIED.,.F.,
  .F.,(2,2),(0.,1.570796326795),.PIECEWISE_BEZIER_KNOTS.);
#3795 = CARTESIAN_POINT('',(0.,0.));
#3796 = CARTESIAN_POINT('',(-1.570796326795,0.));
#3797 = ( GEOMETRIC_REPRESENTATION_CONTEXT(2) 
PARAMETRIC_REPRESENTATION_CONTEXT() REPRESENTATION_CONTEXT('2D SPACE',''
  ) );
#3798 = ORIENTED_EDGE('',*,*,#1188,.F.);
#3799 = ADVANCED_FACE('',(#3800),#1176,.T.);
#3800 = FACE_BOUND('',#3801,.F.);
#3801 = EDGE_LOOP('',(#3802,#3803,#3804,#3826));
#3802 = ORIENTED_EDGE('',*,*,#3779,.T.);
#3803 = ORIENTED_EDGE('',*,*,#1160,.T.);
#3804 = ORIENTED_EDGE('',*,*,#3805,.F.);
#3805 = EDGE_CURVE('',#3806,#1128,#3808,.T.);
#3806 = VERTEX_POINT('',#3807);
#3807 = CARTESIAN_POINT('',(-7.903044079266,25.236422123256,-12.35));
#3808 = SURFACE_CURVE('',#3809,(#3814,#3820),.PCURVE_S1.);
#3809 = CIRCLE('',#3810,0.65);
#3810 = AXIS2_PLACEMENT_3D('',#3811,#3812,#3813);
#3811 = CARTESIAN_POINT('',(-8.294360946275,24.717412383854,-12.35));
#3812 = DIRECTION('',(-0.798476522157,0.602025949245,0.));
#3813 = DIRECTION('',(0.602025949245,0.798476522157,0.));
#3814 = PCURVE('',#1176,#3815);
#3815 = DEFINITIONAL_REPRESENTATION('',(#3816),#3819);
#3816 = B_SPLINE_CURVE_WITH_KNOTS('',1,(#3817,#3818),.UNSPECIFIED.,.F.,
  .F.,(2,2),(0.,1.570796326795),.PIECEWISE_BEZIER_KNOTS.);
#3817 = CARTESIAN_POINT('',(0.,10.20575736273));
#3818 = CARTESIAN_POINT('',(-1.570796326795,10.20575736273));
#3819 = ( GEOMETRIC_REPRESENTATION_CONTEXT(2) 
PARAMETRIC_REPRESENTATION_CONTEXT() REPRESENTATION_CONTEXT('2D SPACE',''
  ) );
#3820 = PCURVE('',#1148,#3821);
#3821 = DEFINITIONAL_REPRESENTATION('',(#3822),#3825);
#3822 = B_SPLINE_CURVE_WITH_KNOTS('',1,(#3823,#3824),.UNSPECIFIED.,.F.,
  .F.,(2,2),(0.,1.570796326795),.PIECEWISE_BEZIER_KNOTS.);
#3823 = CARTESIAN_POINT('',(0.,0.));
#3824 = CARTESIAN_POINT('',(0.,1.570796326795));
#3825 = ( GEOMETRIC_REPRESENTATION_CONTEXT(2) 
PARAMETRIC_REPRESENTATION_CONTEXT() REPRESENTATION_CONTEXT('2D SPACE',''
  ) );
#3826 = ORIENTED_EDGE('',*,*,#3827,.F.);
#3827 = EDGE_CURVE('',#3751,#3806,#3828,.T.);
#3828 = SURFACE_CURVE('',#3829,(#3833,#3840),.PCURVE_S1.);
#3829 = LINE('',#3830,#3831);
#3830 = CARTESIAN_POINT('',(-16.05210172423,31.380552887319,-12.35));
#3831 = VECTOR('',#3832,1.);
#3832 = DIRECTION('',(0.798476522157,-0.602025949245,0.));
#3833 = PCURVE('',#1176,#3834);
#3834 = DEFINITIONAL_REPRESENTATION('',(#3835),#3839);
#3835 = LINE('',#3836,#3837);
#3836 = CARTESIAN_POINT('',(-0.,0.));
#3837 = VECTOR('',#3838,1.);
#3838 = DIRECTION('',(-0.,1.));
#3839 = ( GEOMETRIC_REPRESENTATION_CONTEXT(2) 
PARAMETRIC_REPRESENTATION_CONTEXT() REPRESENTATION_CONTEXT('2D SPACE',''
  ) );
#3840 = PCURVE('',#3841,#3846);
#3841 = PLANE('',#3842);
#3842 = AXIS2_PLACEMENT_3D('',#3843,#3844,#3845);
#3843 = CARTESIAN_POINT('',(-16.05210172423,31.380552887319,-13.));
#3844 = DIRECTION('',(0.602025949245,0.798476522157,-0.));
#3845 = DIRECTION('',(0.798476522157,-0.602025949245,0.));
#3846 = DEFINITIONAL_REPRESENTATION('',(#3847),#3851);
#3847 = LINE('',#3848,#3849);
#3848 = CARTESIAN_POINT('',(0.,-0.65));
#3849 = VECTOR('',#3850,1.);
#3850 = DIRECTION('',(1.,0.));
#3851 = ( GEOMETRIC_REPRESENTATION_CONTEXT(2) 
PARAMETRIC_REPRESENTATION_CONTEXT() REPRESENTATION_CONTEXT('2D SPACE',''
  ) );
#3852 = ADVANCED_FACE('',(#3853),#936,.T.);
#3853 = FACE_BOUND('',#3854,.T.);
#3854 = EDGE_LOOP('',(#3855,#3856,#3857,#3877));
#3855 = ORIENTED_EDGE('',*,*,#1643,.T.);
#3856 = ORIENTED_EDGE('',*,*,#920,.T.);
#3857 = ORIENTED_EDGE('',*,*,#3858,.F.);
#3858 = EDGE_CURVE('',#2348,#921,#3859,.T.);
#3859 = SURFACE_CURVE('',#3860,(#3865,#3871),.PCURVE_S1.);
#3860 = CIRCLE('',#3861,0.65);
#3861 = AXIS2_PLACEMENT_3D('',#3862,#3863,#3864);
#3862 = CARTESIAN_POINT('',(20.55,17.2,-12.35));
#3863 = DIRECTION('',(0.,1.,0.));
#3864 = DIRECTION('',(1.,0.,-0.));
#3865 = PCURVE('',#936,#3866);
#3866 = DEFINITIONAL_REPRESENTATION('',(#3867),#3870);
#3867 = B_SPLINE_CURVE_WITH_KNOTS('',1,(#3868,#3869),.UNSPECIFIED.,.F.,
  .F.,(2,2),(0.,1.570796326795),.PIECEWISE_BEZIER_KNOTS.);
#3868 = CARTESIAN_POINT('',(0.,34.4));
#3869 = CARTESIAN_POINT('',(1.570796326795,34.4));
#3870 = ( GEOMETRIC_REPRESENTATION_CONTEXT(2) 
PARAMETRIC_REPRESENTATION_CONTEXT() REPRESENTATION_CONTEXT('2D SPACE',''
  ) );
#3871 = PCURVE('',#965,#3872);
#3872 = DEFINITIONAL_REPRESENTATION('',(#3873),#3876);
#3873 = B_SPLINE_CURVE_WITH_KNOTS('',1,(#3874,#3875),.UNSPECIFIED.,.F.,
  .F.,(2,2),(0.,1.570796326795),.PIECEWISE_BEZIER_KNOTS.);
#3874 = CARTESIAN_POINT('',(0.,0.));
#3875 = CARTESIAN_POINT('',(0.,1.570796326795));
#3876 = ( GEOMETRIC_REPRESENTATION_CONTEXT(2) 
PARAMETRIC_REPRESENTATION_CONTEXT() REPRESENTATION_CONTEXT('2D SPACE',''
  ) );
#3877 = ORIENTED_EDGE('',*,*,#2375,.F.);
#3878 = ADVANCED_FACE('',(#3879),#1148,.T.);
#3879 = FACE_BOUND('',#3880,.T.);
#3880 = EDGE_LOOP('',(#3881,#3882,#3911,#3977));
#3881 = ORIENTED_EDGE('',*,*,#3805,.F.);
#3882 = ORIENTED_EDGE('',*,*,#3883,.T.);
#3883 = EDGE_CURVE('',#3806,#3884,#3886,.T.);
#3884 = VERTEX_POINT('',#3885);
#3885 = CARTESIAN_POINT('',(-7.856662465185,25.2,-12.35));
#3886 = SURFACE_CURVE('',#3887,(#3892,#3899),.PCURVE_S1.);
#3887 = CIRCLE('',#3888,1.5);
#3888 = AXIS2_PLACEMENT_3D('',#3889,#3890,#3891);
#3889 = CARTESIAN_POINT('',(-8.806083003134,24.038707340021,-12.35));
#3890 = DIRECTION('',(0.,0.,-1.));
#3891 = DIRECTION('',(0.602025949245,0.798476522157,0.));
#3892 = PCURVE('',#1148,#3893);
#3893 = DEFINITIONAL_REPRESENTATION('',(#3894),#3898);
#3894 = LINE('',#3895,#3896);
#3895 = CARTESIAN_POINT('',(0.,0.));
#3896 = VECTOR('',#3897,1.);
#3897 = DIRECTION('',(1.,0.));
#3898 = ( GEOMETRIC_REPRESENTATION_CONTEXT(2) 
PARAMETRIC_REPRESENTATION_CONTEXT() REPRESENTATION_CONTEXT('2D SPACE',''
  ) );
#3899 = PCURVE('',#3900,#3905);
#3900 = CYLINDRICAL_SURFACE('',#3901,1.5);
#3901 = AXIS2_PLACEMENT_3D('',#3902,#3903,#3904);
#3902 = CARTESIAN_POINT('',(-8.806083003134,24.038707340021,-13.));
#3903 = DIRECTION('',(0.,0.,-1.));
#3904 = DIRECTION('',(-1.,0.,0.));
#3905 = DEFINITIONAL_REPRESENTATION('',(#3906),#3910);
#3906 = LINE('',#3907,#3908);
#3907 = CARTESIAN_POINT('',(2.216832284405,-0.65));
#3908 = VECTOR('',#3909,1.);
#3909 = DIRECTION('',(1.,0.));
#3910 = ( GEOMETRIC_REPRESENTATION_CONTEXT(2) 
PARAMETRIC_REPRESENTATION_CONTEXT() REPRESENTATION_CONTEXT('2D SPACE',''
  ) );
#3911 = ORIENTED_EDGE('',*,*,#3912,.T.);
#3912 = EDGE_CURVE('',#3884,#1100,#3913,.T.);
#3913 = SURFACE_CURVE('',#3914,(#3933,#3955),.PCURVE_S1.);
#3914 = B_SPLINE_CURVE_WITH_KNOTS('',5,(#3915,#3916,#3917,#3918,#3919,
    #3920,#3921,#3922,#3923,#3924,#3925,#3926,#3927,#3928,#3929,#3930,
    #3931,#3932),.UNSPECIFIED.,.F.,.F.,(6,4,4,4,6),(0.,0.223842393815,
    0.448608405313,0.821661129571,1.),.UNSPECIFIED.);
#3915 = CARTESIAN_POINT('',(-7.856662465185,25.2,-12.35));
#3916 = CARTESIAN_POINT('',(-7.856662465185,25.2,-12.39674189246));
#3917 = CARTESIAN_POINT('',(-7.858161394253,25.19579847186,
    -12.44348453104));
#3918 = CARTESIAN_POINT('',(-7.861159216296,25.187395031312,
    -12.48969476573));
#3919 = CARTESIAN_POINT('',(-7.865640278566,25.174901566751,
    -12.53484498278));
#3920 = CARTESIAN_POINT('',(-7.877531933573,25.142091943327,
    -12.62224016614));
#3921 = CARTESIAN_POINT('',(-7.88495470857,25.121743228551,
    -12.66447365344));
#3922 = CARTESIAN_POINT('',(-7.893811055341,25.097698753775,
    -12.70466442059));
#3923 = CARTESIAN_POINT('',(-7.904055823899,25.070271032754,
    -12.74237885751));
#3924 = CARTESIAN_POINT('',(-7.934842340605,24.98933413797,
    -12.83516927037));
#3925 = CARTESIAN_POINT('',(-7.957719629792,24.930553154473,
    -12.88528740237));
#3926 = CARTESIAN_POINT('',(-7.983994355326,24.865238418823,
    -12.92600858322));
#3927 = CARTESIAN_POINT('',(-8.013319882791,24.795600878713,
    -12.9564016356));
#3928 = CARTESIAN_POINT('',(-8.060522982768,24.689570113744,
    -12.98583558335));
#3929 = CARTESIAN_POINT('',(-8.076386864801,24.654795292379,
    -12.99296082247));
#3930 = CARTESIAN_POINT('',(-8.092799937547,24.619783352508,
    -12.99767459533));
#3931 = CARTESIAN_POINT('',(-8.109708834716,24.584773417237,
    -13.00000000117));
#3932 = CARTESIAN_POINT('',(-8.127054420634,24.55,-13.));
#3933 = PCURVE('',#1148,#3934);
#3934 = DEFINITIONAL_REPRESENTATION('',(#3935),#3954);
#3935 = B_SPLINE_CURVE_WITH_KNOTS('',5,(#3936,#3937,#3938,#3939,#3940,
    #3941,#3942,#3943,#3944,#3945,#3946,#3947,#3948,#3949,#3950,#3951,
    #3952,#3953),.UNSPECIFIED.,.F.,.F.,(6,4,4,4,6),(0.,0.223842393815,
    0.448608405313,0.821661129571,1.),.UNSPECIFIED.);
#3936 = CARTESIAN_POINT('',(3.9317924962E-02,0.));
#3937 = CARTESIAN_POINT('',(3.9317924962E-02,7.191060378683E-02));
#3938 = CARTESIAN_POINT('',(4.031720100742E-02,0.143822326735));
#3939 = CARTESIAN_POINT('',(4.231579295829E-02,0.215689839906));
#3940 = CARTESIAN_POINT('',(4.533103760248E-02,0.287475530008));
#3941 = CARTESIAN_POINT('',(5.348421284367E-02,0.431092290446));
#3942 = CARTESIAN_POINT('',(5.863096356964E-02,0.502924384525));
#3943 = CARTESIAN_POINT('',(6.487637294854E-02,0.574589184226));
#3944 = CARTESIAN_POINT('',(7.227738319311E-02,0.646051929993));
#3945 = CARTESIAN_POINT('',(9.52551284154E-02,0.835481729363));
#3946 = CARTESIAN_POINT('',(0.113005228613,0.95303109101));
#3947 = CARTESIAN_POINT('',(0.134543991133,1.069739894438));
#3948 = CARTESIAN_POINT('',(0.160454275208,1.185478446403));
#3949 = CARTESIAN_POINT('',(0.206557171795,1.354771304943));
#3950 = CARTESIAN_POINT('',(0.222675629975,1.40925306367));
#3951 = CARTESIAN_POINT('',(0.240101121038,1.463438489971));
#3952 = CARTESIAN_POINT('',(0.258950356099,1.517298180196));
#3953 = CARTESIAN_POINT('',(0.279356931617,1.570796326795));
#3954 = ( GEOMETRIC_REPRESENTATION_CONTEXT(2) 
PARAMETRIC_REPRESENTATION_CONTEXT() REPRESENTATION_CONTEXT('2D SPACE',''
  ) );
#3955 = PCURVE('',#1115,#3956);
#3956 = DEFINITIONAL_REPRESENTATION('',(#3957),#3976);
#3957 = B_SPLINE_CURVE_WITH_KNOTS('',5,(#3958,#3959,#3960,#3961,#3962,
    #3963,#3964,#3965,#3966,#3967,#3968,#3969,#3970,#3971,#3972,#3973,
    #3974,#3975),.UNSPECIFIED.,.F.,.F.,(6,4,4,4,6),(0.,0.223842393815,
    0.448608405313,0.821661129571,1.),.UNSPECIFIED.);
#3958 = CARTESIAN_POINT('',(-2.6645352591E-15,21.056662465185));
#3959 = CARTESIAN_POINT('',(7.191060378683E-02,21.056662465185));
#3960 = CARTESIAN_POINT('',(0.143822326735,21.058161394253));
#3961 = CARTESIAN_POINT('',(0.215689839906,21.061159216296));
#3962 = CARTESIAN_POINT('',(0.287475530008,21.065640278566));
#3963 = CARTESIAN_POINT('',(0.431092290446,21.077531933573));
#3964 = CARTESIAN_POINT('',(0.502924384525,21.08495470857));
#3965 = CARTESIAN_POINT('',(0.574589184226,21.093811055341));
#3966 = CARTESIAN_POINT('',(0.646051929993,21.104055823899));
#3967 = CARTESIAN_POINT('',(0.835481729363,21.134842340605));
#3968 = CARTESIAN_POINT('',(0.95303109101,21.157719629792));
#3969 = CARTESIAN_POINT('',(1.069739894438,21.183994355326));
#3970 = CARTESIAN_POINT('',(1.185478446403,21.213319882791));
#3971 = CARTESIAN_POINT('',(1.354771304943,21.260522982768));
#3972 = CARTESIAN_POINT('',(1.40925306367,21.276386864801));
#3973 = CARTESIAN_POINT('',(1.463438489971,21.292799937547));
#3974 = CARTESIAN_POINT('',(1.517298180195,21.309708834716));
#3975 = CARTESIAN_POINT('',(1.570796326795,21.327054420634));
#3976 = ( GEOMETRIC_REPRESENTATION_CONTEXT(2) 
PARAMETRIC_REPRESENTATION_CONTEXT() REPRESENTATION_CONTEXT('2D SPACE',''
  ) );
#3977 = ORIENTED_EDGE('',*,*,#1127,.F.);
#3978 = ADVANCED_FACE('',(#3979),#965,.T.);
#3979 = FACE_BOUND('',#3980,.F.);
#3980 = EDGE_LOOP('',(#3981,#3982,#4006,#4072));
#3981 = ORIENTED_EDGE('',*,*,#3858,.F.);
#3982 = ORIENTED_EDGE('',*,*,#3983,.T.);
#3983 = EDGE_CURVE('',#2348,#3984,#3986,.T.);
#3984 = VERTEX_POINT('',#3985);
#3985 = CARTESIAN_POINT('',(19.172956179011,22.522010379886,-12.35));
#3986 = SURFACE_CURVE('',#3987,(#3992,#3999),.PCURVE_S1.);
#3987 = CIRCLE('',#3988,8.);
#3988 = AXIS2_PLACEMENT_3D('',#3989,#3990,#3991);
#3989 = CARTESIAN_POINT('',(13.2,17.2,-12.35));
#3990 = DIRECTION('',(0.,0.,1.));
#3991 = DIRECTION('',(1.,0.,-0.));
#3992 = PCURVE('',#965,#3993);
#3993 = DEFINITIONAL_REPRESENTATION('',(#3994),#3998);
#3994 = LINE('',#3995,#3996);
#3995 = CARTESIAN_POINT('',(-0.,0.));
#3996 = VECTOR('',#3997,1.);
#3997 = DIRECTION('',(-1.,0.));
#3998 = ( GEOMETRIC_REPRESENTATION_CONTEXT(2) 
PARAMETRIC_REPRESENTATION_CONTEXT() REPRESENTATION_CONTEXT('2D SPACE',''
  ) );
#3999 = PCURVE('',#2363,#4000);
#4000 = DEFINITIONAL_REPRESENTATION('',(#4001),#4005);
#4001 = LINE('',#4002,#4003);
#4002 = CARTESIAN_POINT('',(0.,0.65));
#4003 = VECTOR('',#4004,1.);
#4004 = DIRECTION('',(1.,0.));
#4005 = ( GEOMETRIC_REPRESENTATION_CONTEXT(2) 
PARAMETRIC_REPRESENTATION_CONTEXT() REPRESENTATION_CONTEXT('2D SPACE',''
  ) );
#4006 = ORIENTED_EDGE('',*,*,#4007,.T.);
#4007 = EDGE_CURVE('',#3984,#949,#4008,.T.);
#4008 = SURFACE_CURVE('',#4009,(#4028,#4050),.PCURVE_S1.);
#4009 = B_SPLINE_CURVE_WITH_KNOTS('',5,(#4010,#4011,#4012,#4013,#4014,
    #4015,#4016,#4017,#4018,#4019,#4020,#4021,#4022,#4023,#4024,#4025,
    #4026,#4027),.UNSPECIFIED.,.F.,.F.,(6,4,4,4,6),(0.,0.259321950452,
    0.51943640553,0.759400519916,1.),.UNSPECIFIED.);
#4010 = CARTESIAN_POINT('',(19.17295617901,22.522010379887,-12.35));
#4011 = CARTESIAN_POINT('',(19.17295617901,22.522010379887,
    -12.40348164282));
#4012 = CARTESIAN_POINT('',(19.167646404019,22.51970123296,
    -12.45696505282));
#4013 = CARTESIAN_POINT('',(19.157026051224,22.515082725447,
    -12.50966175825));
#4014 = CARTESIAN_POINT('',(19.141272146212,22.508224231675,
    -12.56079711782));
#4015 = CARTESIAN_POINT('',(19.1000895664,22.490259891697,
    -12.65870488348));
#4016 = CARTESIAN_POINT('',(19.074630275889,22.479140621436,
    -12.70546618131));
#4017 = CARTESIAN_POINT('',(19.044663559179,22.466028705659,
    -12.74925919029));
#4018 = CARTESIAN_POINT('',(19.010659781286,22.451111731525,
    -12.78948320945));
#4019 = CARTESIAN_POINT('',(18.938589028665,22.419396732492,
    -12.85904661543));
#4020 = CARTESIAN_POINT('',(18.901039887761,22.402833518139,
    -12.8889887157));
#4021 = CARTESIAN_POINT('',(18.860958604078,22.385102318804,
    -12.91512255867));
#4022 = CARTESIAN_POINT('',(18.818832083905,22.36640447887,
    -12.93717487972));
#4023 = CARTESIAN_POINT('',(18.731386201498,22.327454520293,
    -12.97280580379));
#4024 = CARTESIAN_POINT('',(18.686058277496,22.307198238586,
    -12.98636196458));
#4025 = CARTESIAN_POINT('',(18.639693651581,22.286403199505,
    -12.99545507322));
#4026 = CARTESIAN_POINT('',(18.592820724778,22.265299397068,
    -13.00000000882));
#4027 = CARTESIAN_POINT('',(18.545963777017,22.244122450419,-13.));
#4028 = PCURVE('',#965,#4029);
#4029 = DEFINITIONAL_REPRESENTATION('',(#4030),#4049);
#4030 = B_SPLINE_CURVE_WITH_KNOTS('',5,(#4031,#4032,#4033,#4034,#4035,
    #4036,#4037,#4038,#4039,#4040,#4041,#4042,#4043,#4044,#4045,#4046,
    #4047,#4048),.UNSPECIFIED.,.F.,.F.,(6,4,4,4,6),(0.,0.259321950452,
    0.51943640553,0.759400519916,1.),.UNSPECIFIED.);
#4031 = CARTESIAN_POINT('',(-0.727830347937,0.));
#4032 = CARTESIAN_POINT('',(-0.727830347937,8.227945049553E-02));
#4033 = CARTESIAN_POINT('',(-0.728056391686,0.164561517643));
#4034 = CARTESIAN_POINT('',(-0.728508469962,0.246794318931));
#4035 = CARTESIAN_POINT('',(-0.729181640926,0.32894443148));
#4036 = CARTESIAN_POINT('',(-0.730953588151,0.493253389829));
#4037 = CARTESIAN_POINT('',(-0.73205370629,0.575415932999));
#4038 = CARTESIAN_POINT('',(-0.733356891216,0.657425443742));
#4039 = CARTESIAN_POINT('',(-0.73484904392,0.739272049194));
#4040 = CARTESIAN_POINT('',(-0.738046215253,0.896303071002));
#4041 = CARTESIAN_POINT('',(-0.739725830368,0.971514559894));
#4042 = CARTESIAN_POINT('',(-0.741536699362,1.046585182667));
#4043 = CARTESIAN_POINT('',(-0.743461969171,1.121530429007));
#4044 = CARTESIAN_POINT('',(-0.747507701601,1.271410712165));
#4045 = CARTESIAN_POINT('',(-0.749628685601,1.346345946965));
#4046 = CARTESIAN_POINT('',(-0.751825511366,1.421199876479));
#4047 = CARTESIAN_POINT('',(-0.754075997295,1.49600521097));
#4048 = CARTESIAN_POINT('',(-0.756355434636,1.570796326795));
#4049 = ( GEOMETRIC_REPRESENTATION_CONTEXT(2) 
PARAMETRIC_REPRESENTATION_CONTEXT() REPRESENTATION_CONTEXT('2D SPACE',''
  ) );
#4050 = PCURVE('',#993,#4051);
#4051 = DEFINITIONAL_REPRESENTATION('',(#4052),#4071);
#4052 = B_SPLINE_CURVE_WITH_KNOTS('',5,(#4053,#4054,#4055,#4056,#4057,
    #4058,#4059,#4060,#4061,#4062,#4063,#4064,#4065,#4066,#4067,#4068,
    #4069,#4070),.UNSPECIFIED.,.F.,.F.,(6,4,4,4,6),(0.,0.259321950452,
    0.51943640553,0.759400519916,1.),.UNSPECIFIED.);
#4053 = CARTESIAN_POINT('',(0.,7.833070097285));
#4054 = CARTESIAN_POINT('',(-8.227945049553E-02,7.833070097285));
#4055 = CARTESIAN_POINT('',(-0.164561517643,7.834878414349));
#4056 = CARTESIAN_POINT('',(-0.246794318931,7.838495186995));
#4057 = CARTESIAN_POINT('',(-0.32894443148,7.843867705738));
#4058 = CARTESIAN_POINT('',(-0.493253389829,7.857947378674));
#4059 = CARTESIAN_POINT('',(-0.575415932999,7.86666506871));
#4060 = CARTESIAN_POINT('',(-0.657425443742,7.876950114822));
#4061 = CARTESIAN_POINT('',(-0.739272049194,7.88865922305));
#4062 = CARTESIAN_POINT('',(-0.896303071002,7.913574752028));
#4063 = CARTESIAN_POINT('',(-0.971514559894,7.926595246649));
#4064 = CARTESIAN_POINT('',(-1.046585182667,7.940544602773));
#4065 = CARTESIAN_POINT('',(-1.121530429007,7.955267357541));
#4066 = CARTESIAN_POINT('',(-1.271410712165,7.985965279752));
#4067 = CARTESIAN_POINT('',(-1.346345946965,8.00194380081));
#4068 = CARTESIAN_POINT('',(-1.421199876479,8.01836291863));
#4069 = CARTESIAN_POINT('',(-1.49600521097,8.035042480017));
#4070 = CARTESIAN_POINT('',(-1.570796326795,8.051796349713));
#4071 = ( GEOMETRIC_REPRESENTATION_CONTEXT(2) 
PARAMETRIC_REPRESENTATION_CONTEXT() REPRESENTATION_CONTEXT('2D SPACE',''
  ) );
#4072 = ORIENTED_EDGE('',*,*,#948,.F.);
#4073 = ADVANCED_FACE('',(#4074),#1115,.T.);
#4074 = FACE_BOUND('',#4075,.T.);
#4075 = EDGE_LOOP('',(#4076,#4104,#4170,#4171));
#4076 = ORIENTED_EDGE('',*,*,#4077,.F.);
#4077 = EDGE_CURVE('',#4078,#3884,#4080,.T.);
#4078 = VERTEX_POINT('',#4079);
#4079 = CARTESIAN_POINT('',(7.856662465185,25.2,-12.35));
#4080 = SURFACE_CURVE('',#4081,(#4085,#4092),.PCURVE_S1.);
#4081 = LINE('',#4082,#4083);
#4082 = CARTESIAN_POINT('',(13.2,25.2,-12.35));
#4083 = VECTOR('',#4084,1.);
#4084 = DIRECTION('',(-1.,0.,0.));
#4085 = PCURVE('',#1115,#4086);
#4086 = DEFINITIONAL_REPRESENTATION('',(#4087),#4091);
#4087 = LINE('',#4088,#4089);
#4088 = CARTESIAN_POINT('',(0.,0.));
#4089 = VECTOR('',#4090,1.);
#4090 = DIRECTION('',(0.,1.));
#4091 = ( GEOMETRIC_REPRESENTATION_CONTEXT(2) 
PARAMETRIC_REPRESENTATION_CONTEXT() REPRESENTATION_CONTEXT('2D SPACE',''
  ) );
#4092 = PCURVE('',#4093,#4098);
#4093 = PLANE('',#4094);
#4094 = AXIS2_PLACEMENT_3D('',#4095,#4096,#4097);
#4095 = CARTESIAN_POINT('',(21.2,25.2,-13.));
#4096 = DIRECTION('',(0.,-1.,0.));
#4097 = DIRECTION('',(-1.,0.,0.));
#4098 = DEFINITIONAL_REPRESENTATION('',(#4099),#4103);
#4099 = LINE('',#4100,#4101);
#4100 = CARTESIAN_POINT('',(8.,-0.65));
#4101 = VECTOR('',#4102,1.);
#4102 = DIRECTION('',(1.,0.));
#4103 = ( GEOMETRIC_REPRESENTATION_CONTEXT(2) 
PARAMETRIC_REPRESENTATION_CONTEXT() REPRESENTATION_CONTEXT('2D SPACE',''
  ) );
#4104 = ORIENTED_EDGE('',*,*,#4105,.T.);
#4105 = EDGE_CURVE('',#4078,#1067,#4106,.T.);
#4106 = SURFACE_CURVE('',#4107,(#4126,#4148),.PCURVE_S1.);
#4107 = B_SPLINE_CURVE_WITH_KNOTS('',5,(#4108,#4109,#4110,#4111,#4112,
    #4113,#4114,#4115,#4116,#4117,#4118,#4119,#4120,#4121,#4122,#4123,
    #4124,#4125),.UNSPECIFIED.,.F.,.F.,(6,4,4,4,6),(0.,0.223842398134,
    0.448608415428,0.821661149283,1.),.UNSPECIFIED.);
#4108 = CARTESIAN_POINT('',(7.856662465185,25.2,-12.35));
#4109 = CARTESIAN_POINT('',(7.856662465185,25.2,-12.39674189215));
#4110 = CARTESIAN_POINT('',(7.858161394234,25.195798471916,
    -12.44348453042));
#4111 = CARTESIAN_POINT('',(7.861159216237,25.187395031477,
    -12.48969476482));
#4112 = CARTESIAN_POINT('',(7.865640278448,25.174901567079,
    -12.53484498159));
#4113 = CARTESIAN_POINT('',(7.877531933339,25.142091943968,
    -12.62224016474));
#4114 = CARTESIAN_POINT('',(7.884954708298,25.121743229292,
    -12.66447365209));
#4115 = CARTESIAN_POINT('',(7.893811055032,25.09769875461,-12.7046644193
    ));
#4116 = CARTESIAN_POINT('',(7.904055823552,25.070271033677,
    -12.74237885629));
#4117 = CARTESIAN_POINT('',(7.934842340162,24.989334139113,
    -12.83516926934));
#4118 = CARTESIAN_POINT('',(7.957719629291,24.930553155735,
    -12.88528740147));
#4119 = CARTESIAN_POINT('',(7.983994354769,24.865238420182,
    -12.92600858248));
#4120 = CARTESIAN_POINT('',(8.013319882183,24.795600880142,
    -12.95640163503));
#4121 = CARTESIAN_POINT('',(8.060522980009,24.689570119911,
    -12.98583558173));
#4122 = CARTESIAN_POINT('',(8.076386882513,24.654795312711,
    -12.99296082049));
#4123 = CARTESIAN_POINT('',(8.092799926226,24.619783364842,
    -12.99767459347));
#4124 = CARTESIAN_POINT('',(8.109708780669,24.584773415941,
    -12.99999999986));
#4125 = CARTESIAN_POINT('',(8.127054453871,24.55000004414,-13.));
#4126 = PCURVE('',#1115,#4127);
#4127 = DEFINITIONAL_REPRESENTATION('',(#4128),#4147);
#4128 = B_SPLINE_CURVE_WITH_KNOTS('',5,(#4129,#4130,#4131,#4132,#4133,
    #4134,#4135,#4136,#4137,#4138,#4139,#4140,#4141,#4142,#4143,#4144,
    #4145,#4146),.UNSPECIFIED.,.F.,.F.,(6,4,4,4,6),(0.,0.223842398134,
    0.448608415428,0.821661149283,1.),.UNSPECIFIED.);
#4129 = CARTESIAN_POINT('',(2.6645352591E-15,5.343337534815));
#4130 = CARTESIAN_POINT('',(7.191060331482E-02,5.343337534815));
#4131 = CARTESIAN_POINT('',(0.143822325791,5.341838605766));
#4132 = CARTESIAN_POINT('',(0.21568983849,5.338840783763));
#4133 = CARTESIAN_POINT('',(0.287475528124,5.334359721552));
#4134 = CARTESIAN_POINT('',(0.431092288093,5.322468066661));
#4135 = CARTESIAN_POINT('',(0.502924382171,5.315045291702));
#4136 = CARTESIAN_POINT('',(0.574589181872,5.306188944968));
#4137 = CARTESIAN_POINT('',(0.646051927639,5.295944176448));
#4138 = CARTESIAN_POINT('',(0.835481727007,5.265157659838));
#4139 = CARTESIAN_POINT('',(0.953031088651,5.242280370709));
#4140 = CARTESIAN_POINT('',(1.069739892079,5.216005645231));
#4141 = CARTESIAN_POINT('',(1.185478444046,5.186680117817));
#4142 = CARTESIAN_POINT('',(1.354771295133,5.139477019991));
#4143 = CARTESIAN_POINT('',(1.409253032129,5.123613117487));
#4144 = CARTESIAN_POINT('',(1.463438470881,5.107200073774));
#4145 = CARTESIAN_POINT('',(1.517298182176,5.090291219331));
#4146 = CARTESIAN_POINT('',(1.570796258887,5.072945546129));
#4147 = ( GEOMETRIC_REPRESENTATION_CONTEXT(2) 
PARAMETRIC_REPRESENTATION_CONTEXT() REPRESENTATION_CONTEXT('2D SPACE',''
  ) );
#4148 = PCURVE('',#1087,#4149);
#4149 = DEFINITIONAL_REPRESENTATION('',(#4150),#4169);
#4150 = B_SPLINE_CURVE_WITH_KNOTS('',5,(#4151,#4152,#4153,#4154,#4155,
    #4156,#4157,#4158,#4159,#4160,#4161,#4162,#4163,#4164,#4165,#4166,
    #4167,#4168),.UNSPECIFIED.,.F.,.F.,(6,4,4,4,6),(0.,0.223842398134,
    0.448608415428,0.821661149283,1.),.UNSPECIFIED.);
#4151 = CARTESIAN_POINT('',(2.143146008951,0.));
#4152 = CARTESIAN_POINT('',(2.143146008951,7.191060331482E-02));
#4153 = CARTESIAN_POINT('',(2.142146732919,0.143822325791));
#4154 = CARTESIAN_POINT('',(2.140148140994,0.21568983849));
#4155 = CARTESIAN_POINT('',(2.13713289639,0.287475528124));
#4156 = CARTESIAN_POINT('',(2.128979721231,0.431092288093));
#4157 = CARTESIAN_POINT('',(2.123832970534,0.502924382171));
#4158 = CARTESIAN_POINT('',(2.117587561185,0.574589181872));
#4159 = CARTESIAN_POINT('',(2.110186550972,0.646051927639));
#4160 = CARTESIAN_POINT('',(2.087208805839,0.835481727007));
#4161 = CARTESIAN_POINT('',(2.069458705703,0.953031088651));
#4162 = CARTESIAN_POINT('',(2.047919943252,1.069739892079));
#4163 = CARTESIAN_POINT('',(2.022009659254,1.185478444046));
#4164 = CARTESIAN_POINT('',(1.975906764833,1.354771295133));
#4165 = CARTESIAN_POINT('',(1.959788334086,1.409253065852));
#4166 = CARTESIAN_POINT('',(1.942362814912,1.463438464014));
#4167 = CARTESIAN_POINT('',(1.923513537183,1.517298114576));
#4168 = CARTESIAN_POINT('',(1.903107067301,1.570796326795));
#4169 = ( GEOMETRIC_REPRESENTATION_CONTEXT(2) 
PARAMETRIC_REPRESENTATION_CONTEXT() REPRESENTATION_CONTEXT('2D SPACE',''
  ) );
#4170 = ORIENTED_EDGE('',*,*,#1099,.T.);
#4171 = ORIENTED_EDGE('',*,*,#3912,.F.);
#4172 = ADVANCED_FACE('',(#4173),#993,.T.);
#4173 = FACE_BOUND('',#4174,.F.);
#4174 = EDGE_LOOP('',(#4175,#4203,#4223,#4224));
#4175 = ORIENTED_EDGE('',*,*,#4176,.F.);
#4176 = EDGE_CURVE('',#4177,#3984,#4179,.T.);
#4177 = VERTEX_POINT('',#4178);
#4178 = CARTESIAN_POINT('',(18.448715333102,30.321527181977,-12.35));
#4179 = SURFACE_CURVE('',#4180,(#4184,#4191),.PCURVE_S1.);
#4180 = LINE('',#4181,#4182);
#4181 = CARTESIAN_POINT('',(18.448715333102,30.321527181977,-12.35));
#4182 = VECTOR('',#4183,1.);
#4183 = DIRECTION('',(9.245938526191E-02,-0.995716456667,0.));
#4184 = PCURVE('',#993,#4185);
#4185 = DEFINITIONAL_REPRESENTATION('',(#4186),#4190);
#4186 = LINE('',#4187,#4188);
#4187 = CARTESIAN_POINT('',(-0.,0.));
#4188 = VECTOR('',#4189,1.);
#4189 = DIRECTION('',(-0.,1.));
#4190 = ( GEOMETRIC_REPRESENTATION_CONTEXT(2) 
PARAMETRIC_REPRESENTATION_CONTEXT() REPRESENTATION_CONTEXT('2D SPACE',''
  ) );
#4191 = PCURVE('',#4192,#4197);
#4192 = PLANE('',#4193);
#4193 = AXIS2_PLACEMENT_3D('',#4194,#4195,#4196);
#4194 = CARTESIAN_POINT('',(18.448715333102,30.321527181977,-13.));
#4195 = DIRECTION('',(0.995716456667,9.245938526191E-02,-0.));
#4196 = DIRECTION('',(9.245938526191E-02,-0.995716456667,0.));
#4197 = DEFINITIONAL_REPRESENTATION('',(#4198),#4202);
#4198 = LINE('',#4199,#4200);
#4199 = CARTESIAN_POINT('',(0.,-0.65));
#4200 = VECTOR('',#4201,1.);
#4201 = DIRECTION('',(1.,0.));
#4202 = ( GEOMETRIC_REPRESENTATION_CONTEXT(2) 
PARAMETRIC_REPRESENTATION_CONTEXT() REPRESENTATION_CONTEXT('2D SPACE',''
  ) );
#4203 = ORIENTED_EDGE('',*,*,#4204,.T.);
#4204 = EDGE_CURVE('',#4177,#978,#4205,.T.);
#4205 = SURFACE_CURVE('',#4206,(#4211,#4217),.PCURVE_S1.);
#4206 = CIRCLE('',#4207,0.65);
#4207 = AXIS2_PLACEMENT_3D('',#4208,#4209,#4210);
#4208 = CARTESIAN_POINT('',(17.801499636269,30.261428581557,-12.35));
#4209 = DIRECTION('',(-9.245938526191E-02,0.995716456667,0.));
#4210 = DIRECTION('',(0.995716456667,9.245938526191E-02,0.));
#4211 = PCURVE('',#993,#4212);
#4212 = DEFINITIONAL_REPRESENTATION('',(#4213),#4216);
#4213 = B_SPLINE_CURVE_WITH_KNOTS('',1,(#4214,#4215),.UNSPECIFIED.,.F.,
  .F.,(2,2),(0.,1.570796326795),.PIECEWISE_BEZIER_KNOTS.);
#4214 = CARTESIAN_POINT('',(0.,0.));
#4215 = CARTESIAN_POINT('',(-1.570796326795,0.));
#4216 = ( GEOMETRIC_REPRESENTATION_CONTEXT(2) 
PARAMETRIC_REPRESENTATION_CONTEXT() REPRESENTATION_CONTEXT('2D SPACE',''
  ) );
#4217 = PCURVE('',#1026,#4218);
#4218 = DEFINITIONAL_REPRESENTATION('',(#4219),#4222);
#4219 = B_SPLINE_CURVE_WITH_KNOTS('',1,(#4220,#4221),.UNSPECIFIED.,.F.,
  .F.,(2,2),(0.,1.570796326795),.PIECEWISE_BEZIER_KNOTS.);
#4220 = CARTESIAN_POINT('',(2.124240654597,0.));
#4221 = CARTESIAN_POINT('',(2.124240654597,1.570796326795));
#4222 = ( GEOMETRIC_REPRESENTATION_CONTEXT(2) 
PARAMETRIC_REPRESENTATION_CONTEXT() REPRESENTATION_CONTEXT('2D SPACE',''
  ) );
#4223 = ORIENTED_EDGE('',*,*,#977,.T.);
#4224 = ORIENTED_EDGE('',*,*,#4007,.F.);
#4225 = ADVANCED_FACE('',(#4226),#1087,.T.);
#4226 = FACE_BOUND('',#4227,.T.);
#4227 = EDGE_LOOP('',(#4228,#4229,#4258,#4278));
#4228 = ORIENTED_EDGE('',*,*,#4105,.F.);
#4229 = ORIENTED_EDGE('',*,*,#4230,.T.);
#4230 = EDGE_CURVE('',#4078,#4231,#4233,.T.);
#4231 = VERTEX_POINT('',#4232);
#4232 = CARTESIAN_POINT('',(7.903044079266,25.236422123256,-12.35));
#4233 = SURFACE_CURVE('',#4234,(#4239,#4246),.PCURVE_S1.);
#4234 = CIRCLE('',#4235,1.5);
#4235 = AXIS2_PLACEMENT_3D('',#4236,#4237,#4238);
#4236 = CARTESIAN_POINT('',(8.806083003134,24.038707340021,-12.35));
#4237 = DIRECTION('',(0.,0.,-1.));
#4238 = DIRECTION('',(-0.308002513919,-0.951385542995,-0.));
#4239 = PCURVE('',#1087,#4240);
#4240 = DEFINITIONAL_REPRESENTATION('',(#4241),#4245);
#4241 = LINE('',#4242,#4243);
#4242 = CARTESIAN_POINT('',(0.,0.));
#4243 = VECTOR('',#4244,1.);
#4244 = DIRECTION('',(1.,0.));
#4245 = ( GEOMETRIC_REPRESENTATION_CONTEXT(2) 
PARAMETRIC_REPRESENTATION_CONTEXT() REPRESENTATION_CONTEXT('2D SPACE',''
  ) );
#4246 = PCURVE('',#4247,#4252);
#4247 = CYLINDRICAL_SURFACE('',#4248,1.5);
#4248 = AXIS2_PLACEMENT_3D('',#4249,#4250,#4251);
#4249 = CARTESIAN_POINT('',(8.806083003134,24.038707340021,-13.));
#4250 = DIRECTION('',(0.,0.,-1.));
#4251 = DIRECTION('',(-1.,0.,0.));
#4252 = DEFINITIONAL_REPRESENTATION('',(#4253),#4257);
#4253 = LINE('',#4254,#4255);
#4254 = CARTESIAN_POINT('',(5.025481742452,-0.65));
#4255 = VECTOR('',#4256,1.);
#4256 = DIRECTION('',(1.,0.));
#4257 = ( GEOMETRIC_REPRESENTATION_CONTEXT(2) 
PARAMETRIC_REPRESENTATION_CONTEXT() REPRESENTATION_CONTEXT('2D SPACE',''
  ) );
#4258 = ORIENTED_EDGE('',*,*,#4259,.T.);
#4259 = EDGE_CURVE('',#4231,#1039,#4260,.T.);
#4260 = SURFACE_CURVE('',#4261,(#4266,#4272),.PCURVE_S1.);
#4261 = CIRCLE('',#4262,0.65);
#4262 = AXIS2_PLACEMENT_3D('',#4263,#4264,#4265);
#4263 = CARTESIAN_POINT('',(8.294360946275,24.717412383854,-12.35));
#4264 = DIRECTION('',(-0.798476522157,-0.602025949245,-0.));
#4265 = DIRECTION('',(-0.602025949245,0.798476522157,0.));
#4266 = PCURVE('',#1087,#4267);
#4267 = DEFINITIONAL_REPRESENTATION('',(#4268),#4271);
#4268 = B_SPLINE_CURVE_WITH_KNOTS('',1,(#4269,#4270),.UNSPECIFIED.,.F.,
  .F.,(2,2),(0.,1.570796326795),.PIECEWISE_BEZIER_KNOTS.);
#4269 = CARTESIAN_POINT('',(2.182463933913,0.));
#4270 = CARTESIAN_POINT('',(2.182463933913,1.570796326795));
#4271 = ( GEOMETRIC_REPRESENTATION_CONTEXT(2) 
PARAMETRIC_REPRESENTATION_CONTEXT() REPRESENTATION_CONTEXT('2D SPACE',''
  ) );
#4272 = PCURVE('',#1054,#4273);
#4273 = DEFINITIONAL_REPRESENTATION('',(#4274),#4277);
#4274 = B_SPLINE_CURVE_WITH_KNOTS('',1,(#4275,#4276),.UNSPECIFIED.,.F.,
  .F.,(2,2),(0.,1.570796326795),.PIECEWISE_BEZIER_KNOTS.);
#4275 = CARTESIAN_POINT('',(0.,0.));
#4276 = CARTESIAN_POINT('',(-1.570796326795,0.));
#4277 = ( GEOMETRIC_REPRESENTATION_CONTEXT(2) 
PARAMETRIC_REPRESENTATION_CONTEXT() REPRESENTATION_CONTEXT('2D SPACE',''
  ) );
#4278 = ORIENTED_EDGE('',*,*,#1066,.F.);
#4279 = ADVANCED_FACE('',(#4280),#1026,.T.);
#4280 = FACE_BOUND('',#4281,.T.);
#4281 = EDGE_LOOP('',(#4282,#4304,#4331,#4332));
#4282 = ORIENTED_EDGE('',*,*,#4283,.F.);
#4283 = EDGE_CURVE('',#4284,#1006,#4286,.T.);
#4284 = VERTEX_POINT('',#4285);
#4285 = CARTESIAN_POINT('',(16.052101724234,31.380552887319,-12.35));
#4286 = SURFACE_CURVE('',#4287,(#4292,#4298),.PCURVE_S1.);
#4287 = CIRCLE('',#4288,0.65);
#4288 = AXIS2_PLACEMENT_3D('',#4289,#4290,#4291);
#4289 = CARTESIAN_POINT('',(16.443418591244,30.861543147918,-12.35));
#4290 = DIRECTION('',(-0.798476522157,-0.602025949245,-0.));
#4291 = DIRECTION('',(-0.602025949245,0.798476522157,0.));
#4292 = PCURVE('',#1026,#4293);
#4293 = DEFINITIONAL_REPRESENTATION('',(#4294),#4297);
#4294 = B_SPLINE_CURVE_WITH_KNOTS('',1,(#4295,#4296),.UNSPECIFIED.,.F.,
  .F.,(2,2),(0.,1.570796326795),.PIECEWISE_BEZIER_KNOTS.);
#4295 = CARTESIAN_POINT('',(0.,0.));
#4296 = CARTESIAN_POINT('',(0.,1.570796326795));
#4297 = ( GEOMETRIC_REPRESENTATION_CONTEXT(2) 
PARAMETRIC_REPRESENTATION_CONTEXT() REPRESENTATION_CONTEXT('2D SPACE',''
  ) );
#4298 = PCURVE('',#1054,#4299);
#4299 = DEFINITIONAL_REPRESENTATION('',(#4300),#4303);
#4300 = B_SPLINE_CURVE_WITH_KNOTS('',1,(#4301,#4302),.UNSPECIFIED.,.F.,
  .F.,(2,2),(0.,1.570796326795),.PIECEWISE_BEZIER_KNOTS.);
#4301 = CARTESIAN_POINT('',(0.,10.20575736273));
#4302 = CARTESIAN_POINT('',(-1.570796326795,10.20575736273));
#4303 = ( GEOMETRIC_REPRESENTATION_CONTEXT(2) 
PARAMETRIC_REPRESENTATION_CONTEXT() REPRESENTATION_CONTEXT('2D SPACE',''
  ) );
#4304 = ORIENTED_EDGE('',*,*,#4305,.T.);
#4305 = EDGE_CURVE('',#4284,#4177,#4306,.T.);
#4306 = SURFACE_CURVE('',#4307,(#4312,#4319),.PCURVE_S1.);
#4307 = CIRCLE('',#4308,1.5);
#4308 = AXIS2_PLACEMENT_3D('',#4309,#4310,#4311);
#4309 = CARTESIAN_POINT('',(16.955140648102,30.182838104084,-12.35));
#4310 = DIRECTION('',(0.,0.,-1.));
#4311 = DIRECTION('',(-0.602025949245,0.798476522157,0.));
#4312 = PCURVE('',#1026,#4313);
#4313 = DEFINITIONAL_REPRESENTATION('',(#4314),#4318);
#4314 = LINE('',#4315,#4316);
#4315 = CARTESIAN_POINT('',(0.,0.));
#4316 = VECTOR('',#4317,1.);
#4317 = DIRECTION('',(1.,0.));
#4318 = ( GEOMETRIC_REPRESENTATION_CONTEXT(2) 
PARAMETRIC_REPRESENTATION_CONTEXT() REPRESENTATION_CONTEXT('2D SPACE',''
  ) );
#4319 = PCURVE('',#4320,#4325);
#4320 = CYLINDRICAL_SURFACE('',#4321,1.5);
#4321 = AXIS2_PLACEMENT_3D('',#4322,#4323,#4324);
#4322 = CARTESIAN_POINT('',(16.955140648102,30.182838104084,-13.));
#4323 = DIRECTION('',(0.,0.,-1.));
#4324 = DIRECTION('',(-1.,0.,0.));
#4325 = DEFINITIONAL_REPRESENTATION('',(#4326),#4330);
#4326 = LINE('',#4327,#4328);
#4327 = CARTESIAN_POINT('',(0.924760369185,-0.65));
#4328 = VECTOR('',#4329,1.);
#4329 = DIRECTION('',(1.,0.));
#4330 = ( GEOMETRIC_REPRESENTATION_CONTEXT(2) 
PARAMETRIC_REPRESENTATION_CONTEXT() REPRESENTATION_CONTEXT('2D SPACE',''
  ) );
#4331 = ORIENTED_EDGE('',*,*,#4204,.T.);
#4332 = ORIENTED_EDGE('',*,*,#1005,.F.);
#4333 = ADVANCED_FACE('',(#4334),#1054,.T.);
#4334 = FACE_BOUND('',#4335,.F.);
#4335 = EDGE_LOOP('',(#4336,#4337,#4338,#4339));
#4336 = ORIENTED_EDGE('',*,*,#4259,.T.);
#4337 = ORIENTED_EDGE('',*,*,#1038,.T.);
#4338 = ORIENTED_EDGE('',*,*,#4283,.F.);
#4339 = ORIENTED_EDGE('',*,*,#4340,.F.);
#4340 = EDGE_CURVE('',#4231,#4284,#4341,.T.);
#4341 = SURFACE_CURVE('',#4342,(#4346,#4353),.PCURVE_S1.);
#4342 = LINE('',#4343,#4344);
#4343 = CARTESIAN_POINT('',(7.903044079266,25.236422123256,-12.35));
#4344 = VECTOR('',#4345,1.);
#4345 = DIRECTION('',(0.798476522157,0.602025949245,0.));
#4346 = PCURVE('',#1054,#4347);
#4347 = DEFINITIONAL_REPRESENTATION('',(#4348),#4352);
#4348 = LINE('',#4349,#4350);
#4349 = CARTESIAN_POINT('',(-0.,0.));
#4350 = VECTOR('',#4351,1.);
#4351 = DIRECTION('',(-0.,1.));
#4352 = ( GEOMETRIC_REPRESENTATION_CONTEXT(2) 
PARAMETRIC_REPRESENTATION_CONTEXT() REPRESENTATION_CONTEXT('2D SPACE',''
  ) );
#4353 = PCURVE('',#4354,#4359);
#4354 = PLANE('',#4355);
#4355 = AXIS2_PLACEMENT_3D('',#4356,#4357,#4358);
#4356 = CARTESIAN_POINT('',(7.903044079266,25.236422123256,-13.));
#4357 = DIRECTION('',(-0.602025949245,0.798476522157,0.));
#4358 = DIRECTION('',(0.798476522157,0.602025949245,0.));
#4359 = DEFINITIONAL_REPRESENTATION('',(#4360),#4364);
#4360 = LINE('',#4361,#4362);
#4361 = CARTESIAN_POINT('',(0.,-0.65));
#4362 = VECTOR('',#4363,1.);
#4363 = DIRECTION('',(1.,0.));
#4364 = ( GEOMETRIC_REPRESENTATION_CONTEXT(2) 
PARAMETRIC_REPRESENTATION_CONTEXT() REPRESENTATION_CONTEXT('2D SPACE',''
  ) );
#4365 = ADVANCED_FACE('',(#4366),#1299,.F.);
#4366 = FACE_BOUND('',#4367,.T.);
#4367 = EDGE_LOOP('',(#4368,#4369,#4392,#4419));
#4368 = ORIENTED_EDGE('',*,*,#1278,.T.);
#4369 = ORIENTED_EDGE('',*,*,#4370,.T.);
#4370 = EDGE_CURVE('',#1279,#4371,#4373,.T.);
#4371 = VERTEX_POINT('',#4372);
#4372 = CARTESIAN_POINT('',(-18.05,-16.,-7.7));
#4373 = SEAM_CURVE('',#4374,(#4378,#4385),.PCURVE_S1.);
#4374 = LINE('',#4375,#4376);
#4375 = CARTESIAN_POINT('',(-18.05,-16.,-13.2));
#4376 = VECTOR('',#4377,1.);
#4377 = DIRECTION('',(0.,0.,1.));
#4378 = PCURVE('',#1299,#4379);
#4379 = DEFINITIONAL_REPRESENTATION('',(#4380),#4384);
#4380 = LINE('',#4381,#4382);
#4381 = CARTESIAN_POINT('',(-6.28318530718,0.));
#4382 = VECTOR('',#4383,1.);
#4383 = DIRECTION('',(-0.,-1.));
#4384 = ( GEOMETRIC_REPRESENTATION_CONTEXT(2) 
PARAMETRIC_REPRESENTATION_CONTEXT() REPRESENTATION_CONTEXT('2D SPACE',''
  ) );
#4385 = PCURVE('',#1299,#4386);
#4386 = DEFINITIONAL_REPRESENTATION('',(#4387),#4391);
#4387 = LINE('',#4388,#4389);
#4388 = CARTESIAN_POINT('',(-0.,0.));
#4389 = VECTOR('',#4390,1.);
#4390 = DIRECTION('',(-0.,-1.));
#4391 = ( GEOMETRIC_REPRESENTATION_CONTEXT(2) 
PARAMETRIC_REPRESENTATION_CONTEXT() REPRESENTATION_CONTEXT('2D SPACE',''
  ) );
#4392 = ORIENTED_EDGE('',*,*,#4393,.T.);
#4393 = EDGE_CURVE('',#4371,#4371,#4394,.T.);
#4394 = SURFACE_CURVE('',#4395,(#4400,#4407),.PCURVE_S1.);
#4395 = CIRCLE('',#4396,0.85);
#4396 = AXIS2_PLACEMENT_3D('',#4397,#4398,#4399);
#4397 = CARTESIAN_POINT('',(-18.9,-16.,-7.7));
#4398 = DIRECTION('',(0.,0.,1.));
#4399 = DIRECTION('',(1.,0.,0.));
#4400 = PCURVE('',#1299,#4401);
#4401 = DEFINITIONAL_REPRESENTATION('',(#4402),#4406);
#4402 = LINE('',#4403,#4404);
#4403 = CARTESIAN_POINT('',(-0.,-5.5));
#4404 = VECTOR('',#4405,1.);
#4405 = DIRECTION('',(-1.,0.));
#4406 = ( GEOMETRIC_REPRESENTATION_CONTEXT(2) 
PARAMETRIC_REPRESENTATION_CONTEXT() REPRESENTATION_CONTEXT('2D SPACE',''
  ) );
#4407 = PCURVE('',#4408,#4413);
#4408 = PLANE('',#4409);
#4409 = AXIS2_PLACEMENT_3D('',#4410,#4411,#4412);
#4410 = CARTESIAN_POINT('',(-18.9,-16.,-7.7));
#4411 = DIRECTION('',(0.,0.,1.));
#4412 = DIRECTION('',(1.,0.,-0.));
#4413 = DEFINITIONAL_REPRESENTATION('',(#4414),#4418);
#4414 = CIRCLE('',#4415,0.85);
#4415 = AXIS2_PLACEMENT_2D('',#4416,#4417);
#4416 = CARTESIAN_POINT('',(0.,0.));
#4417 = DIRECTION('',(1.,0.));
#4418 = ( GEOMETRIC_REPRESENTATION_CONTEXT(2) 
PARAMETRIC_REPRESENTATION_CONTEXT() REPRESENTATION_CONTEXT('2D SPACE',''
  ) );
#4419 = ORIENTED_EDGE('',*,*,#4370,.F.);
#4420 = ADVANCED_FACE('',(#4421),#1334,.F.);
#4421 = FACE_BOUND('',#4422,.T.);
#4422 = EDGE_LOOP('',(#4423,#4424,#4447,#4474));
#4423 = ORIENTED_EDGE('',*,*,#1313,.T.);
#4424 = ORIENTED_EDGE('',*,*,#4425,.T.);
#4425 = EDGE_CURVE('',#1314,#4426,#4428,.T.);
#4426 = VERTEX_POINT('',#4427);
#4427 = CARTESIAN_POINT('',(19.75,-16.,-7.7));
#4428 = SEAM_CURVE('',#4429,(#4433,#4440),.PCURVE_S1.);
#4429 = LINE('',#4430,#4431);
#4430 = CARTESIAN_POINT('',(19.75,-16.,-13.2));
#4431 = VECTOR('',#4432,1.);
#4432 = DIRECTION('',(0.,0.,1.));
#4433 = PCURVE('',#1334,#4434);
#4434 = DEFINITIONAL_REPRESENTATION('',(#4435),#4439);
#4435 = LINE('',#4436,#4437);
#4436 = CARTESIAN_POINT('',(-6.28318530718,0.));
#4437 = VECTOR('',#4438,1.);
#4438 = DIRECTION('',(-0.,-1.));
#4439 = ( GEOMETRIC_REPRESENTATION_CONTEXT(2) 
PARAMETRIC_REPRESENTATION_CONTEXT() REPRESENTATION_CONTEXT('2D SPACE',''
  ) );
#4440 = PCURVE('',#1334,#4441);
#4441 = DEFINITIONAL_REPRESENTATION('',(#4442),#4446);
#4442 = LINE('',#4443,#4444);
#4443 = CARTESIAN_POINT('',(-0.,0.));
#4444 = VECTOR('',#4445,1.);
#4445 = DIRECTION('',(-0.,-1.));
#4446 = ( GEOMETRIC_REPRESENTATION_CONTEXT(2) 
PARAMETRIC_REPRESENTATION_CONTEXT() REPRESENTATION_CONTEXT('2D SPACE',''
  ) );
#4447 = ORIENTED_EDGE('',*,*,#4448,.T.);
#4448 = EDGE_CURVE('',#4426,#4426,#4449,.T.);
#4449 = SURFACE_CURVE('',#4450,(#4455,#4462),.PCURVE_S1.);
#4450 = CIRCLE('',#4451,0.85);
#4451 = AXIS2_PLACEMENT_3D('',#4452,#4453,#4454);
#4452 = CARTESIAN_POINT('',(18.9,-16.,-7.7));
#4453 = DIRECTION('',(0.,0.,1.));
#4454 = DIRECTION('',(1.,0.,0.));
#4455 = PCURVE('',#1334,#4456);
#4456 = DEFINITIONAL_REPRESENTATION('',(#4457),#4461);
#4457 = LINE('',#4458,#4459);
#4458 = CARTESIAN_POINT('',(-0.,-5.5));
#4459 = VECTOR('',#4460,1.);
#4460 = DIRECTION('',(-1.,0.));
#4461 = ( GEOMETRIC_REPRESENTATION_CONTEXT(2) 
PARAMETRIC_REPRESENTATION_CONTEXT() REPRESENTATION_CONTEXT('2D SPACE',''
  ) );
#4462 = PCURVE('',#4463,#4468);
#4463 = PLANE('',#4464);
#4464 = AXIS2_PLACEMENT_3D('',#4465,#4466,#4467);
#4465 = CARTESIAN_POINT('',(18.9,-16.,-7.7));
#4466 = DIRECTION('',(0.,0.,1.));
#4467 = DIRECTION('',(1.,0.,-0.));
#4468 = DEFINITIONAL_REPRESENTATION('',(#4469),#4473);
#4469 = CIRCLE('',#4470,0.85);
#4470 = AXIS2_PLACEMENT_2D('',#4471,#4472);
#4471 = CARTESIAN_POINT('',(0.,0.));
#4472 = DIRECTION('',(1.,0.));
#4473 = ( GEOMETRIC_REPRESENTATION_CONTEXT(2) 
PARAMETRIC_REPRESENTATION_CONTEXT() REPRESENTATION_CONTEXT('2D SPACE',''
  ) );
#4474 = ORIENTED_EDGE('',*,*,#4425,.F.);
#4475 = ADVANCED_FACE('',(#4476),#1369,.F.);
#4476 = FACE_BOUND('',#4477,.T.);
#4477 = EDGE_LOOP('',(#4478,#4479,#4502,#4529));
#4478 = ORIENTED_EDGE('',*,*,#1348,.T.);
#4479 = ORIENTED_EDGE('',*,*,#4480,.T.);
#4480 = EDGE_CURVE('',#1349,#4481,#4483,.T.);
#4481 = VERTEX_POINT('',#4482);
#4482 = CARTESIAN_POINT('',(-18.05,16.,-7.7));
#4483 = SEAM_CURVE('',#4484,(#4488,#4495),.PCURVE_S1.);
#4484 = LINE('',#4485,#4486);
#4485 = CARTESIAN_POINT('',(-18.05,16.,-13.2));
#4486 = VECTOR('',#4487,1.);
#4487 = DIRECTION('',(0.,0.,1.));
#4488 = PCURVE('',#1369,#4489);
#4489 = DEFINITIONAL_REPRESENTATION('',(#4490),#4494);
#4490 = LINE('',#4491,#4492);
#4491 = CARTESIAN_POINT('',(-6.28318530718,0.));
#4492 = VECTOR('',#4493,1.);
#4493 = DIRECTION('',(-0.,-1.));
#4494 = ( GEOMETRIC_REPRESENTATION_CONTEXT(2) 
PARAMETRIC_REPRESENTATION_CONTEXT() REPRESENTATION_CONTEXT('2D SPACE',''
  ) );
#4495 = PCURVE('',#1369,#4496);
#4496 = DEFINITIONAL_REPRESENTATION('',(#4497),#4501);
#4497 = LINE('',#4498,#4499);
#4498 = CARTESIAN_POINT('',(-0.,0.));
#4499 = VECTOR('',#4500,1.);
#4500 = DIRECTION('',(-0.,-1.));
#4501 = ( GEOMETRIC_REPRESENTATION_CONTEXT(2) 
PARAMETRIC_REPRESENTATION_CONTEXT() REPRESENTATION_CONTEXT('2D SPACE',''
  ) );
#4502 = ORIENTED_EDGE('',*,*,#4503,.T.);
#4503 = EDGE_CURVE('',#4481,#4481,#4504,.T.);
#4504 = SURFACE_CURVE('',#4505,(#4510,#4517),.PCURVE_S1.);
#4505 = CIRCLE('',#4506,0.85);
#4506 = AXIS2_PLACEMENT_3D('',#4507,#4508,#4509);
#4507 = CARTESIAN_POINT('',(-18.9,16.,-7.7));
#4508 = DIRECTION('',(0.,0.,1.));
#4509 = DIRECTION('',(1.,0.,0.));
#4510 = PCURVE('',#1369,#4511);
#4511 = DEFINITIONAL_REPRESENTATION('',(#4512),#4516);
#4512 = LINE('',#4513,#4514);
#4513 = CARTESIAN_POINT('',(-0.,-5.5));
#4514 = VECTOR('',#4515,1.);
#4515 = DIRECTION('',(-1.,0.));
#4516 = ( GEOMETRIC_REPRESENTATION_CONTEXT(2) 
PARAMETRIC_REPRESENTATION_CONTEXT() REPRESENTATION_CONTEXT('2D SPACE',''
  ) );
#4517 = PCURVE('',#4518,#4523);
#4518 = PLANE('',#4519);
#4519 = AXIS2_PLACEMENT_3D('',#4520,#4521,#4522);
#4520 = CARTESIAN_POINT('',(-18.9,16.,-7.7));
#4521 = DIRECTION('',(0.,0.,1.));
#4522 = DIRECTION('',(1.,0.,-0.));
#4523 = DEFINITIONAL_REPRESENTATION('',(#4524),#4528);
#4524 = CIRCLE('',#4525,0.85);
#4525 = AXIS2_PLACEMENT_2D('',#4526,#4527);
#4526 = CARTESIAN_POINT('',(0.,0.));
#4527 = DIRECTION('',(1.,0.));
#4528 = ( GEOMETRIC_REPRESENTATION_CONTEXT(2) 
PARAMETRIC_REPRESENTATION_CONTEXT() REPRESENTATION_CONTEXT('2D SPACE',''
  ) );
#4529 = ORIENTED_EDGE('',*,*,#4480,.F.);
#4530 = ADVANCED_FACE('',(#4531),#1402,.F.);
#4531 = FACE_BOUND('',#4532,.F.);
#4532 = EDGE_LOOP('',(#4533,#4556,#4557,#4580));
#4533 = ORIENTED_EDGE('',*,*,#4534,.F.);
#4534 = EDGE_CURVE('',#1384,#4535,#4537,.T.);
#4535 = VERTEX_POINT('',#4536);
#4536 = CARTESIAN_POINT('',(11.915,-20.915,-0.8));
#4537 = SURFACE_CURVE('',#4538,(#4542,#4549),.PCURVE_S1.);
#4538 = LINE('',#4539,#4540);
#4539 = CARTESIAN_POINT('',(11.915,-20.915,-13.2));
#4540 = VECTOR('',#4541,1.);
#4541 = DIRECTION('',(0.,0.,1.));
#4542 = PCURVE('',#1402,#4543);
#4543 = DEFINITIONAL_REPRESENTATION('',(#4544),#4548);
#4544 = LINE('',#4545,#4546);
#4545 = CARTESIAN_POINT('',(0.,0.));
#4546 = VECTOR('',#4547,1.);
#4547 = DIRECTION('',(0.,1.));
#4548 = ( GEOMETRIC_REPRESENTATION_CONTEXT(2) 
PARAMETRIC_REPRESENTATION_CONTEXT() REPRESENTATION_CONTEXT('2D SPACE',''
  ) );
#4549 = PCURVE('',#1429,#4550);
#4550 = DEFINITIONAL_REPRESENTATION('',(#4551),#4555);
#4551 = LINE('',#4552,#4553);
#4552 = CARTESIAN_POINT('',(28.83,0.));
#4553 = VECTOR('',#4554,1.);
#4554 = DIRECTION('',(0.,-1.));
#4555 = ( GEOMETRIC_REPRESENTATION_CONTEXT(2) 
PARAMETRIC_REPRESENTATION_CONTEXT() REPRESENTATION_CONTEXT('2D SPACE',''
  ) );
#4556 = ORIENTED_EDGE('',*,*,#1383,.T.);
#4557 = ORIENTED_EDGE('',*,*,#4558,.T.);
#4558 = EDGE_CURVE('',#1386,#4559,#4561,.T.);
#4559 = VERTEX_POINT('',#4560);
#4560 = CARTESIAN_POINT('',(16.915,-15.915,-0.8));
#4561 = SURFACE_CURVE('',#4562,(#4566,#4573),.PCURVE_S1.);
#4562 = LINE('',#4563,#4564);
#4563 = CARTESIAN_POINT('',(16.915,-15.915,-13.2));
#4564 = VECTOR('',#4565,1.);
#4565 = DIRECTION('',(0.,0.,1.));
#4566 = PCURVE('',#1402,#4567);
#4567 = DEFINITIONAL_REPRESENTATION('',(#4568),#4572);
#4568 = LINE('',#4569,#4570);
#4569 = CARTESIAN_POINT('',(1.570796326795,0.));
#4570 = VECTOR('',#4571,1.);
#4571 = DIRECTION('',(0.,1.));
#4572 = ( GEOMETRIC_REPRESENTATION_CONTEXT(2) 
PARAMETRIC_REPRESENTATION_CONTEXT() REPRESENTATION_CONTEXT('2D SPACE',''
  ) );
#4573 = PCURVE('',#1592,#4574);
#4574 = DEFINITIONAL_REPRESENTATION('',(#4575),#4579);
#4575 = LINE('',#4576,#4577);
#4576 = CARTESIAN_POINT('',(5.,0.));
#4577 = VECTOR('',#4578,1.);
#4578 = DIRECTION('',(0.,-1.));
#4579 = ( GEOMETRIC_REPRESENTATION_CONTEXT(2) 
PARAMETRIC_REPRESENTATION_CONTEXT() REPRESENTATION_CONTEXT('2D SPACE',''
  ) );
#4580 = ORIENTED_EDGE('',*,*,#4581,.F.);
#4581 = EDGE_CURVE('',#4535,#4559,#4582,.T.);
#4582 = SURFACE_CURVE('',#4583,(#4588,#4595),.PCURVE_S1.);
#4583 = CIRCLE('',#4584,5.);
#4584 = AXIS2_PLACEMENT_3D('',#4585,#4586,#4587);
#4585 = CARTESIAN_POINT('',(11.915,-15.915,-0.8));
#4586 = DIRECTION('',(0.,0.,1.));
#4587 = DIRECTION('',(0.,-1.,0.));
#4588 = PCURVE('',#1402,#4589);
#4589 = DEFINITIONAL_REPRESENTATION('',(#4590),#4594);
#4590 = LINE('',#4591,#4592);
#4591 = CARTESIAN_POINT('',(0.,12.4));
#4592 = VECTOR('',#4593,1.);
#4593 = DIRECTION('',(1.,0.));
#4594 = ( GEOMETRIC_REPRESENTATION_CONTEXT(2) 
PARAMETRIC_REPRESENTATION_CONTEXT() REPRESENTATION_CONTEXT('2D SPACE',''
  ) );
#4595 = PCURVE('',#4596,#4601);
#4596 = PLANE('',#4597);
#4597 = AXIS2_PLACEMENT_3D('',#4598,#4599,#4600);
#4598 = CARTESIAN_POINT('',(0.,7.513008043987E-16,-0.8));
#4599 = DIRECTION('',(0.,0.,1.));
#4600 = DIRECTION('',(1.,0.,-0.));
#4601 = DEFINITIONAL_REPRESENTATION('',(#4602),#4606);
#4602 = CIRCLE('',#4603,5.);
#4603 = AXIS2_PLACEMENT_2D('',#4604,#4605);
#4604 = CARTESIAN_POINT('',(11.915,-15.915));
#4605 = DIRECTION('',(0.,-1.));
#4606 = ( GEOMETRIC_REPRESENTATION_CONTEXT(2) 
PARAMETRIC_REPRESENTATION_CONTEXT() REPRESENTATION_CONTEXT('2D SPACE',''
  ) );
#4607 = ADVANCED_FACE('',(#4608),#1429,.T.);
#4608 = FACE_BOUND('',#4609,.T.);
#4609 = EDGE_LOOP('',(#4610,#4611,#4634,#4655));
#4610 = ORIENTED_EDGE('',*,*,#1414,.T.);
#4611 = ORIENTED_EDGE('',*,*,#4612,.T.);
#4612 = EDGE_CURVE('',#1415,#4613,#4615,.T.);
#4613 = VERTEX_POINT('',#4614);
#4614 = CARTESIAN_POINT('',(-11.915,-20.915,-0.8));
#4615 = SURFACE_CURVE('',#4616,(#4620,#4627),.PCURVE_S1.);
#4616 = LINE('',#4617,#4618);
#4617 = CARTESIAN_POINT('',(-11.915,-20.915,-13.2));
#4618 = VECTOR('',#4619,1.);
#4619 = DIRECTION('',(0.,0.,1.));
#4620 = PCURVE('',#1429,#4621);
#4621 = DEFINITIONAL_REPRESENTATION('',(#4622),#4626);
#4622 = LINE('',#4623,#4624);
#4623 = CARTESIAN_POINT('',(5.,0.));
#4624 = VECTOR('',#4625,1.);
#4625 = DIRECTION('',(0.,-1.));
#4626 = ( GEOMETRIC_REPRESENTATION_CONTEXT(2) 
PARAMETRIC_REPRESENTATION_CONTEXT() REPRESENTATION_CONTEXT('2D SPACE',''
  ) );
#4627 = PCURVE('',#1457,#4628);
#4628 = DEFINITIONAL_REPRESENTATION('',(#4629),#4633);
#4629 = LINE('',#4630,#4631);
#4630 = CARTESIAN_POINT('',(-0.,0.));
#4631 = VECTOR('',#4632,1.);
#4632 = DIRECTION('',(-0.,1.));
#4633 = ( GEOMETRIC_REPRESENTATION_CONTEXT(2) 
PARAMETRIC_REPRESENTATION_CONTEXT() REPRESENTATION_CONTEXT('2D SPACE',''
  ) );
#4634 = ORIENTED_EDGE('',*,*,#4635,.T.);
#4635 = EDGE_CURVE('',#4613,#4535,#4636,.T.);
#4636 = SURFACE_CURVE('',#4637,(#4641,#4648),.PCURVE_S1.);
#4637 = LINE('',#4638,#4639);
#4638 = CARTESIAN_POINT('',(-16.915,-20.915,-0.8));
#4639 = VECTOR('',#4640,1.);
#4640 = DIRECTION('',(1.,0.,0.));
#4641 = PCURVE('',#1429,#4642);
#4642 = DEFINITIONAL_REPRESENTATION('',(#4643),#4647);
#4643 = LINE('',#4644,#4645);
#4644 = CARTESIAN_POINT('',(0.,-12.4));
#4645 = VECTOR('',#4646,1.);
#4646 = DIRECTION('',(1.,0.));
#4647 = ( GEOMETRIC_REPRESENTATION_CONTEXT(2) 
PARAMETRIC_REPRESENTATION_CONTEXT() REPRESENTATION_CONTEXT('2D SPACE',''
  ) );
#4648 = PCURVE('',#4596,#4649);
#4649 = DEFINITIONAL_REPRESENTATION('',(#4650),#4654);
#4650 = LINE('',#4651,#4652);
#4651 = CARTESIAN_POINT('',(-16.915,-20.915));
#4652 = VECTOR('',#4653,1.);
#4653 = DIRECTION('',(1.,0.));
#4654 = ( GEOMETRIC_REPRESENTATION_CONTEXT(2) 
PARAMETRIC_REPRESENTATION_CONTEXT() REPRESENTATION_CONTEXT('2D SPACE',''
  ) );
#4655 = ORIENTED_EDGE('',*,*,#4534,.F.);
#4656 = ADVANCED_FACE('',(#4657,#4705,#4903,#5101),#1592,.T.);
#4657 = FACE_BOUND('',#4658,.T.);
#4658 = EDGE_LOOP('',(#4659,#4660,#4661,#4684));
#4659 = ORIENTED_EDGE('',*,*,#1579,.T.);
#4660 = ORIENTED_EDGE('',*,*,#4558,.T.);
#4661 = ORIENTED_EDGE('',*,*,#4662,.T.);
#4662 = EDGE_CURVE('',#4559,#4663,#4665,.T.);
#4663 = VERTEX_POINT('',#4664);
#4664 = CARTESIAN_POINT('',(16.915,15.915,-0.8));
#4665 = SURFACE_CURVE('',#4666,(#4670,#4677),.PCURVE_S1.);
#4666 = LINE('',#4667,#4668);
#4667 = CARTESIAN_POINT('',(16.915,-20.915,-0.8));
#4668 = VECTOR('',#4669,1.);
#4669 = DIRECTION('',(0.,1.,0.));
#4670 = PCURVE('',#1592,#4671);
#4671 = DEFINITIONAL_REPRESENTATION('',(#4672),#4676);
#4672 = LINE('',#4673,#4674);
#4673 = CARTESIAN_POINT('',(0.,-12.4));
#4674 = VECTOR('',#4675,1.);
#4675 = DIRECTION('',(1.,0.));
#4676 = ( GEOMETRIC_REPRESENTATION_CONTEXT(2) 
PARAMETRIC_REPRESENTATION_CONTEXT() REPRESENTATION_CONTEXT('2D SPACE',''
  ) );
#4677 = PCURVE('',#4596,#4678);
#4678 = DEFINITIONAL_REPRESENTATION('',(#4679),#4683);
#4679 = LINE('',#4680,#4681);
#4680 = CARTESIAN_POINT('',(16.915,-20.915));
#4681 = VECTOR('',#4682,1.);
#4682 = DIRECTION('',(0.,1.));
#4683 = ( GEOMETRIC_REPRESENTATION_CONTEXT(2) 
PARAMETRIC_REPRESENTATION_CONTEXT() REPRESENTATION_CONTEXT('2D SPACE',''
  ) );
#4684 = ORIENTED_EDGE('',*,*,#4685,.F.);
#4685 = EDGE_CURVE('',#1551,#4663,#4686,.T.);
#4686 = SURFACE_CURVE('',#4687,(#4691,#4698),.PCURVE_S1.);
#4687 = LINE('',#4688,#4689);
#4688 = CARTESIAN_POINT('',(16.915,15.915,-13.2));
#4689 = VECTOR('',#4690,1.);
#4690 = DIRECTION('',(0.,0.,1.));
#4691 = PCURVE('',#1592,#4692);
#4692 = DEFINITIONAL_REPRESENTATION('',(#4693),#4697);
#4693 = LINE('',#4694,#4695);
#4694 = CARTESIAN_POINT('',(36.83,0.));
#4695 = VECTOR('',#4696,1.);
#4696 = DIRECTION('',(0.,-1.));
#4697 = ( GEOMETRIC_REPRESENTATION_CONTEXT(2) 
PARAMETRIC_REPRESENTATION_CONTEXT() REPRESENTATION_CONTEXT('2D SPACE',''
  ) );
#4698 = PCURVE('',#1567,#4699);
#4699 = DEFINITIONAL_REPRESENTATION('',(#4700),#4704);
#4700 = LINE('',#4701,#4702);
#4701 = CARTESIAN_POINT('',(0.,0.));
#4702 = VECTOR('',#4703,1.);
#4703 = DIRECTION('',(0.,1.));
#4704 = ( GEOMETRIC_REPRESENTATION_CONTEXT(2) 
PARAMETRIC_REPRESENTATION_CONTEXT() REPRESENTATION_CONTEXT('2D SPACE',''
  ) );
#4705 = FACE_BOUND('',#4706,.T.);
#4706 = EDGE_LOOP('',(#4707,#4737,#4758,#4786,#4807,#4835,#4856,#4884));
#4707 = ORIENTED_EDGE('',*,*,#4708,.T.);
#4708 = EDGE_CURVE('',#4709,#4711,#4713,.T.);
#4709 = VERTEX_POINT('',#4710);
#4710 = CARTESIAN_POINT('',(16.915,-11.7844,-9.4));
#4711 = VERTEX_POINT('',#4712);
#4712 = CARTESIAN_POINT('',(16.915,-10.9844,-10.2));
#4713 = SURFACE_CURVE('',#4714,(#4719,#4730),.PCURVE_S1.);
#4714 = CIRCLE('',#4715,0.8);
#4715 = AXIS2_PLACEMENT_3D('',#4716,#4717,#4718);
#4716 = CARTESIAN_POINT('',(16.915,-10.9844,-9.4));
#4717 = DIRECTION('',(1.,0.,0.));
#4718 = DIRECTION('',(0.,0.,-1.));
#4719 = PCURVE('',#1592,#4720);
#4720 = DEFINITIONAL_REPRESENTATION('',(#4721),#4729);
#4721 = ( BOUNDED_CURVE() B_SPLINE_CURVE(2,(#4722,#4723,#4724,#4725,
#4726,#4727,#4728),.UNSPECIFIED.,.T.,.F.) B_SPLINE_CURVE_WITH_KNOTS((1,2
    ,2,2,2,1),(-2.094395102393,0.,2.094395102393,4.188790204786,
6.28318530718,8.377580409573),.UNSPECIFIED.) CURVE() 
GEOMETRIC_REPRESENTATION_ITEM() RATIONAL_B_SPLINE_CURVE((1.,0.5,1.,0.5,
1.,0.5,1.)) REPRESENTATION_ITEM('') );
#4722 = CARTESIAN_POINT('',(9.9306,-3.));
#4723 = CARTESIAN_POINT('',(11.316240646055,-3.));
#4724 = CARTESIAN_POINT('',(10.623420323028,-4.2));
#4725 = CARTESIAN_POINT('',(9.9306,-5.4));
#4726 = CARTESIAN_POINT('',(9.237779676972,-4.2));
#4727 = CARTESIAN_POINT('',(8.544959353945,-3.));
#4728 = CARTESIAN_POINT('',(9.9306,-3.));
#4729 = ( GEOMETRIC_REPRESENTATION_CONTEXT(2) 
PARAMETRIC_REPRESENTATION_CONTEXT() REPRESENTATION_CONTEXT('2D SPACE',''
  ) );
#4730 = PCURVE('',#2421,#4731);
#4731 = DEFINITIONAL_REPRESENTATION('',(#4732),#4736);
#4732 = LINE('',#4733,#4734);
#4733 = CARTESIAN_POINT('',(-6.28318530718,2.415));
#4734 = VECTOR('',#4735,1.);
#4735 = DIRECTION('',(1.,-0.));
#4736 = ( GEOMETRIC_REPRESENTATION_CONTEXT(2) 
PARAMETRIC_REPRESENTATION_CONTEXT() REPRESENTATION_CONTEXT('2D SPACE',''
  ) );
#4737 = ORIENTED_EDGE('',*,*,#4738,.T.);
#4738 = EDGE_CURVE('',#4711,#4739,#4741,.T.);
#4739 = VERTEX_POINT('',#4740);
#4740 = CARTESIAN_POINT('',(16.915,-5.9844,-10.2));
#4741 = SURFACE_CURVE('',#4742,(#4746,#4752),.PCURVE_S1.);
#4742 = LINE('',#4743,#4744);
#4743 = CARTESIAN_POINT('',(16.915,-16.3497,-10.2));
#4744 = VECTOR('',#4745,1.);
#4745 = DIRECTION('',(0.,1.,-0.));
#4746 = PCURVE('',#1592,#4747);
#4747 = DEFINITIONAL_REPRESENTATION('',(#4748),#4751);
#4748 = B_SPLINE_CURVE_WITH_KNOTS('',1,(#4749,#4750),.UNSPECIFIED.,.F.,
  .F.,(2,2),(5.3653,10.3653),.PIECEWISE_BEZIER_KNOTS.);
#4749 = CARTESIAN_POINT('',(9.9306,-3.));
#4750 = CARTESIAN_POINT('',(14.9306,-3.));
#4751 = ( GEOMETRIC_REPRESENTATION_CONTEXT(2) 
PARAMETRIC_REPRESENTATION_CONTEXT() REPRESENTATION_CONTEXT('2D SPACE',''
  ) );
#4752 = PCURVE('',#2448,#4753);
#4753 = DEFINITIONAL_REPRESENTATION('',(#4754),#4757);
#4754 = B_SPLINE_CURVE_WITH_KNOTS('',1,(#4755,#4756),.UNSPECIFIED.,.F.,
  .F.,(2,2),(5.3653,10.3653),.PIECEWISE_BEZIER_KNOTS.);
#4755 = CARTESIAN_POINT('',(0.8,-2.415));
#4756 = CARTESIAN_POINT('',(5.8,-2.415));
#4757 = ( GEOMETRIC_REPRESENTATION_CONTEXT(2) 
PARAMETRIC_REPRESENTATION_CONTEXT() REPRESENTATION_CONTEXT('2D SPACE',''
  ) );
#4758 = ORIENTED_EDGE('',*,*,#4759,.T.);
#4759 = EDGE_CURVE('',#4739,#4760,#4762,.T.);
#4760 = VERTEX_POINT('',#4761);
#4761 = CARTESIAN_POINT('',(16.915,-5.1844,-9.4));
#4762 = SURFACE_CURVE('',#4763,(#4768,#4779),.PCURVE_S1.);
#4763 = CIRCLE('',#4764,0.8);
#4764 = AXIS2_PLACEMENT_3D('',#4765,#4766,#4767);
#4765 = CARTESIAN_POINT('',(16.915,-5.9844,-9.4));
#4766 = DIRECTION('',(1.,0.,0.));
#4767 = DIRECTION('',(0.,0.,-1.));
#4768 = PCURVE('',#1592,#4769);
#4769 = DEFINITIONAL_REPRESENTATION('',(#4770),#4778);
#4770 = ( BOUNDED_CURVE() B_SPLINE_CURVE(2,(#4771,#4772,#4773,#4774,
#4775,#4776,#4777),.UNSPECIFIED.,.T.,.F.) B_SPLINE_CURVE_WITH_KNOTS((1,2
    ,2,2,2,1),(-2.094395102393,0.,2.094395102393,4.188790204786,
6.28318530718,8.377580409573),.UNSPECIFIED.) CURVE() 
GEOMETRIC_REPRESENTATION_ITEM() RATIONAL_B_SPLINE_CURVE((1.,0.5,1.,0.5,
1.,0.5,1.)) REPRESENTATION_ITEM('') );
#4771 = CARTESIAN_POINT('',(14.9306,-3.));
#4772 = CARTESIAN_POINT('',(16.316240646055,-3.));
#4773 = CARTESIAN_POINT('',(15.623420323028,-4.2));
#4774 = CARTESIAN_POINT('',(14.9306,-5.4));
#4775 = CARTESIAN_POINT('',(14.237779676972,-4.2));
#4776 = CARTESIAN_POINT('',(13.544959353945,-3.));
#4777 = CARTESIAN_POINT('',(14.9306,-3.));
#4778 = ( GEOMETRIC_REPRESENTATION_CONTEXT(2) 
PARAMETRIC_REPRESENTATION_CONTEXT() REPRESENTATION_CONTEXT('2D SPACE',''
  ) );
#4779 = PCURVE('',#2480,#4780);
#4780 = DEFINITIONAL_REPRESENTATION('',(#4781),#4785);
#4781 = LINE('',#4782,#4783);
#4782 = CARTESIAN_POINT('',(0.,2.415));
#4783 = VECTOR('',#4784,1.);
#4784 = DIRECTION('',(1.,0.));
#4785 = ( GEOMETRIC_REPRESENTATION_CONTEXT(2) 
PARAMETRIC_REPRESENTATION_CONTEXT() REPRESENTATION_CONTEXT('2D SPACE',''
  ) );
#4786 = ORIENTED_EDGE('',*,*,#4787,.T.);
#4787 = EDGE_CURVE('',#4760,#4788,#4790,.T.);
#4788 = VERTEX_POINT('',#4789);
#4789 = CARTESIAN_POINT('',(16.915,-5.1844,-6.2));
#4790 = SURFACE_CURVE('',#4791,(#4795,#4801),.PCURVE_S1.);
#4791 = LINE('',#4792,#4793);
#4792 = CARTESIAN_POINT('',(16.915,-5.1844,-11.7));
#4793 = VECTOR('',#4794,1.);
#4794 = DIRECTION('',(0.,0.,1.));
#4795 = PCURVE('',#1592,#4796);
#4796 = DEFINITIONAL_REPRESENTATION('',(#4797),#4800);
#4797 = B_SPLINE_CURVE_WITH_KNOTS('',1,(#4798,#4799),.UNSPECIFIED.,.F.,
  .F.,(2,2),(2.3,5.5),.PIECEWISE_BEZIER_KNOTS.);
#4798 = CARTESIAN_POINT('',(15.7306,-3.8));
#4799 = CARTESIAN_POINT('',(15.7306,-7.));
#4800 = ( GEOMETRIC_REPRESENTATION_CONTEXT(2) 
PARAMETRIC_REPRESENTATION_CONTEXT() REPRESENTATION_CONTEXT('2D SPACE',''
  ) );
#4801 = PCURVE('',#2507,#4802);
#4802 = DEFINITIONAL_REPRESENTATION('',(#4803),#4806);
#4803 = B_SPLINE_CURVE_WITH_KNOTS('',1,(#4804,#4805),.UNSPECIFIED.,.F.,
  .F.,(2,2),(2.3,5.5),.PIECEWISE_BEZIER_KNOTS.);
#4804 = CARTESIAN_POINT('',(0.8,-2.415));
#4805 = CARTESIAN_POINT('',(4.,-2.415));
#4806 = ( GEOMETRIC_REPRESENTATION_CONTEXT(2) 
PARAMETRIC_REPRESENTATION_CONTEXT() REPRESENTATION_CONTEXT('2D SPACE',''
  ) );
#4807 = ORIENTED_EDGE('',*,*,#4808,.T.);
#4808 = EDGE_CURVE('',#4788,#4809,#4811,.T.);
#4809 = VERTEX_POINT('',#4810);
#4810 = CARTESIAN_POINT('',(16.915,-5.9844,-5.4));
#4811 = SURFACE_CURVE('',#4812,(#4817,#4828),.PCURVE_S1.);
#4812 = CIRCLE('',#4813,0.8);
#4813 = AXIS2_PLACEMENT_3D('',#4814,#4815,#4816);
#4814 = CARTESIAN_POINT('',(16.915,-5.9844,-6.2));
#4815 = DIRECTION('',(1.,0.,0.));
#4816 = DIRECTION('',(-0.,1.,0.));
#4817 = PCURVE('',#1592,#4818);
#4818 = DEFINITIONAL_REPRESENTATION('',(#4819),#4827);
#4819 = ( BOUNDED_CURVE() B_SPLINE_CURVE(2,(#4820,#4821,#4822,#4823,
#4824,#4825,#4826),.UNSPECIFIED.,.T.,.F.) B_SPLINE_CURVE_WITH_KNOTS((1,2
    ,2,2,2,1),(-2.094395102393,0.,2.094395102393,4.188790204786,
6.28318530718,8.377580409573),.UNSPECIFIED.) CURVE() 
GEOMETRIC_REPRESENTATION_ITEM() RATIONAL_B_SPLINE_CURVE((1.,0.5,1.,0.5,
1.,0.5,1.)) REPRESENTATION_ITEM('') );
#4820 = CARTESIAN_POINT('',(15.7306,-7.));
#4821 = CARTESIAN_POINT('',(15.7306,-8.385640646055));
#4822 = CARTESIAN_POINT('',(14.5306,-7.692820323028));
#4823 = CARTESIAN_POINT('',(13.3306,-7.));
#4824 = CARTESIAN_POINT('',(14.5306,-6.307179676972));
#4825 = CARTESIAN_POINT('',(15.7306,-5.614359353945));
#4826 = CARTESIAN_POINT('',(15.7306,-7.));
#4827 = ( GEOMETRIC_REPRESENTATION_CONTEXT(2) 
PARAMETRIC_REPRESENTATION_CONTEXT() REPRESENTATION_CONTEXT('2D SPACE',''
  ) );
#4828 = PCURVE('',#2539,#4829);
#4829 = DEFINITIONAL_REPRESENTATION('',(#4830),#4834);
#4830 = LINE('',#4831,#4832);
#4831 = CARTESIAN_POINT('',(0.,2.415));
#4832 = VECTOR('',#4833,1.);
#4833 = DIRECTION('',(1.,0.));
#4834 = ( GEOMETRIC_REPRESENTATION_CONTEXT(2) 
PARAMETRIC_REPRESENTATION_CONTEXT() REPRESENTATION_CONTEXT('2D SPACE',''
  ) );
#4835 = ORIENTED_EDGE('',*,*,#4836,.T.);
#4836 = EDGE_CURVE('',#4809,#4837,#4839,.T.);
#4837 = VERTEX_POINT('',#4838);
#4838 = CARTESIAN_POINT('',(16.915,-10.9844,-5.4));
#4839 = SURFACE_CURVE('',#4840,(#4844,#4850),.PCURVE_S1.);
#4840 = LINE('',#4841,#4842);
#4841 = CARTESIAN_POINT('',(16.915,-13.0497,-5.4));
#4842 = VECTOR('',#4843,1.);
#4843 = DIRECTION('',(-0.,-1.,-0.));
#4844 = PCURVE('',#1592,#4845);
#4845 = DEFINITIONAL_REPRESENTATION('',(#4846),#4849);
#4846 = B_SPLINE_CURVE_WITH_KNOTS('',1,(#4847,#4848),.UNSPECIFIED.,.F.,
  .F.,(2,2),(-7.0653,-2.0653),.PIECEWISE_BEZIER_KNOTS.);
#4847 = CARTESIAN_POINT('',(14.9306,-7.8));
#4848 = CARTESIAN_POINT('',(9.9306,-7.8));
#4849 = ( GEOMETRIC_REPRESENTATION_CONTEXT(2) 
PARAMETRIC_REPRESENTATION_CONTEXT() REPRESENTATION_CONTEXT('2D SPACE',''
  ) );
#4850 = PCURVE('',#2566,#4851);
#4851 = DEFINITIONAL_REPRESENTATION('',(#4852),#4855);
#4852 = B_SPLINE_CURVE_WITH_KNOTS('',1,(#4853,#4854),.UNSPECIFIED.,.F.,
  .F.,(2,2),(-7.0653,-2.0653),.PIECEWISE_BEZIER_KNOTS.);
#4853 = CARTESIAN_POINT('',(0.8,-2.415));
#4854 = CARTESIAN_POINT('',(5.8,-2.415));
#4855 = ( GEOMETRIC_REPRESENTATION_CONTEXT(2) 
PARAMETRIC_REPRESENTATION_CONTEXT() REPRESENTATION_CONTEXT('2D SPACE',''
  ) );
#4856 = ORIENTED_EDGE('',*,*,#4857,.T.);
#4857 = EDGE_CURVE('',#4837,#4858,#4860,.T.);
#4858 = VERTEX_POINT('',#4859);
#4859 = CARTESIAN_POINT('',(16.915,-11.7844,-6.2));
#4860 = SURFACE_CURVE('',#4861,(#4866,#4877),.PCURVE_S1.);
#4861 = CIRCLE('',#4862,0.8);
#4862 = AXIS2_PLACEMENT_3D('',#4863,#4864,#4865);
#4863 = CARTESIAN_POINT('',(16.915,-10.9844,-6.2));
#4864 = DIRECTION('',(1.,0.,0.));
#4865 = DIRECTION('',(0.,-0.,1.));
#4866 = PCURVE('',#1592,#4867);
#4867 = DEFINITIONAL_REPRESENTATION('',(#4868),#4876);
#4868 = ( BOUNDED_CURVE() B_SPLINE_CURVE(2,(#4869,#4870,#4871,#4872,
#4873,#4874,#4875),.UNSPECIFIED.,.T.,.F.) B_SPLINE_CURVE_WITH_KNOTS((1,2
    ,2,2,2,1),(-2.094395102393,0.,2.094395102393,4.188790204786,
6.28318530718,8.377580409573),.UNSPECIFIED.) CURVE() 
GEOMETRIC_REPRESENTATION_ITEM() RATIONAL_B_SPLINE_CURVE((1.,0.5,1.,0.5,
1.,0.5,1.)) REPRESENTATION_ITEM('') );
#4869 = CARTESIAN_POINT('',(9.9306,-7.8));
#4870 = CARTESIAN_POINT('',(8.544959353945,-7.8));
#4871 = CARTESIAN_POINT('',(9.237779676972,-6.6));
#4872 = CARTESIAN_POINT('',(9.9306,-5.4));
#4873 = CARTESIAN_POINT('',(10.623420323028,-6.6));
#4874 = CARTESIAN_POINT('',(11.316240646055,-7.8));
#4875 = CARTESIAN_POINT('',(9.9306,-7.8));
#4876 = ( GEOMETRIC_REPRESENTATION_CONTEXT(2) 
PARAMETRIC_REPRESENTATION_CONTEXT() REPRESENTATION_CONTEXT('2D SPACE',''
  ) );
#4877 = PCURVE('',#2598,#4878);
#4878 = DEFINITIONAL_REPRESENTATION('',(#4879),#4883);
#4879 = LINE('',#4880,#4881);
#4880 = CARTESIAN_POINT('',(0.,2.415));
#4881 = VECTOR('',#4882,1.);
#4882 = DIRECTION('',(1.,0.));
#4883 = ( GEOMETRIC_REPRESENTATION_CONTEXT(2) 
PARAMETRIC_REPRESENTATION_CONTEXT() REPRESENTATION_CONTEXT('2D SPACE',''
  ) );
#4884 = ORIENTED_EDGE('',*,*,#4885,.T.);
#4885 = EDGE_CURVE('',#4858,#4709,#4886,.T.);
#4886 = SURFACE_CURVE('',#4887,(#4891,#4897),.PCURVE_S1.);
#4887 = LINE('',#4888,#4889);
#4888 = CARTESIAN_POINT('',(16.915,-11.7844,-9.3));
#4889 = VECTOR('',#4890,1.);
#4890 = DIRECTION('',(0.,0.,-1.));
#4891 = PCURVE('',#1592,#4892);
#4892 = DEFINITIONAL_REPRESENTATION('',(#4893),#4896);
#4893 = B_SPLINE_CURVE_WITH_KNOTS('',1,(#4894,#4895),.UNSPECIFIED.,.F.,
  .F.,(2,2),(-3.1,1.E-01),.PIECEWISE_BEZIER_KNOTS.);
#4894 = CARTESIAN_POINT('',(9.1306,-7.));
#4895 = CARTESIAN_POINT('',(9.1306,-3.8));
#4896 = ( GEOMETRIC_REPRESENTATION_CONTEXT(2) 
PARAMETRIC_REPRESENTATION_CONTEXT() REPRESENTATION_CONTEXT('2D SPACE',''
  ) );
#4897 = PCURVE('',#2623,#4898);
#4898 = DEFINITIONAL_REPRESENTATION('',(#4899),#4902);
#4899 = B_SPLINE_CURVE_WITH_KNOTS('',1,(#4900,#4901),.UNSPECIFIED.,.F.,
  .F.,(2,2),(-3.1,1.E-01),.PIECEWISE_BEZIER_KNOTS.);
#4900 = CARTESIAN_POINT('',(0.8,-2.415));
#4901 = CARTESIAN_POINT('',(4.,-2.415));
#4902 = ( GEOMETRIC_REPRESENTATION_CONTEXT(2) 
PARAMETRIC_REPRESENTATION_CONTEXT() REPRESENTATION_CONTEXT('2D SPACE',''
  ) );
#4903 = FACE_BOUND('',#4904,.T.);
#4904 = EDGE_LOOP('',(#4905,#4935,#4956,#4984,#5005,#5033,#5054,#5082));
#4905 = ORIENTED_EDGE('',*,*,#4906,.T.);
#4906 = EDGE_CURVE('',#4907,#4909,#4911,.T.);
#4907 = VERTEX_POINT('',#4908);
#4908 = CARTESIAN_POINT('',(16.915,-2.8734,-9.4));
#4909 = VERTEX_POINT('',#4910);
#4910 = CARTESIAN_POINT('',(16.915,-2.0734,-10.2));
#4911 = SURFACE_CURVE('',#4912,(#4917,#4928),.PCURVE_S1.);
#4912 = CIRCLE('',#4913,0.8);
#4913 = AXIS2_PLACEMENT_3D('',#4914,#4915,#4916);
#4914 = CARTESIAN_POINT('',(16.915,-2.0734,-9.4));
#4915 = DIRECTION('',(1.,0.,0.));
#4916 = DIRECTION('',(0.,0.,-1.));
#4917 = PCURVE('',#1592,#4918);
#4918 = DEFINITIONAL_REPRESENTATION('',(#4919),#4927);
#4919 = ( BOUNDED_CURVE() B_SPLINE_CURVE(2,(#4920,#4921,#4922,#4923,
#4924,#4925,#4926),.UNSPECIFIED.,.T.,.F.) B_SPLINE_CURVE_WITH_KNOTS((1,2
    ,2,2,2,1),(-2.094395102393,0.,2.094395102393,4.188790204786,
6.28318530718,8.377580409573),.UNSPECIFIED.) CURVE() 
GEOMETRIC_REPRESENTATION_ITEM() RATIONAL_B_SPLINE_CURVE((1.,0.5,1.,0.5,
1.,0.5,1.)) REPRESENTATION_ITEM('') );
#4920 = CARTESIAN_POINT('',(18.8416,-3.));
#4921 = CARTESIAN_POINT('',(20.227240646055,-3.));
#4922 = CARTESIAN_POINT('',(19.534420323028,-4.2));
#4923 = CARTESIAN_POINT('',(18.8416,-5.4));
#4924 = CARTESIAN_POINT('',(18.148779676972,-4.2));
#4925 = CARTESIAN_POINT('',(17.455959353945,-3.));
#4926 = CARTESIAN_POINT('',(18.8416,-3.));
#4927 = ( GEOMETRIC_REPRESENTATION_CONTEXT(2) 
PARAMETRIC_REPRESENTATION_CONTEXT() REPRESENTATION_CONTEXT('2D SPACE',''
  ) );
#4928 = PCURVE('',#2659,#4929);
#4929 = DEFINITIONAL_REPRESENTATION('',(#4930),#4934);
#4930 = LINE('',#4931,#4932);
#4931 = CARTESIAN_POINT('',(-6.28318530718,2.415));
#4932 = VECTOR('',#4933,1.);
#4933 = DIRECTION('',(1.,-0.));
#4934 = ( GEOMETRIC_REPRESENTATION_CONTEXT(2) 
PARAMETRIC_REPRESENTATION_CONTEXT() REPRESENTATION_CONTEXT('2D SPACE',''
  ) );
#4935 = ORIENTED_EDGE('',*,*,#4936,.T.);
#4936 = EDGE_CURVE('',#4909,#4937,#4939,.T.);
#4937 = VERTEX_POINT('',#4938);
#4938 = CARTESIAN_POINT('',(16.915,2.9266,-10.2));
#4939 = SURFACE_CURVE('',#4940,(#4944,#4950),.PCURVE_S1.);
#4940 = LINE('',#4941,#4942);
#4941 = CARTESIAN_POINT('',(16.915,-11.8942,-10.2));
#4942 = VECTOR('',#4943,1.);
#4943 = DIRECTION('',(0.,1.,-0.));
#4944 = PCURVE('',#1592,#4945);
#4945 = DEFINITIONAL_REPRESENTATION('',(#4946),#4949);
#4946 = B_SPLINE_CURVE_WITH_KNOTS('',1,(#4947,#4948),.UNSPECIFIED.,.F.,
  .F.,(2,2),(9.8208,14.8208),.PIECEWISE_BEZIER_KNOTS.);
#4947 = CARTESIAN_POINT('',(18.8416,-3.));
#4948 = CARTESIAN_POINT('',(23.8416,-3.));
#4949 = ( GEOMETRIC_REPRESENTATION_CONTEXT(2) 
PARAMETRIC_REPRESENTATION_CONTEXT() REPRESENTATION_CONTEXT('2D SPACE',''
  ) );
#4950 = PCURVE('',#2686,#4951);
#4951 = DEFINITIONAL_REPRESENTATION('',(#4952),#4955);
#4952 = B_SPLINE_CURVE_WITH_KNOTS('',1,(#4953,#4954),.UNSPECIFIED.,.F.,
  .F.,(2,2),(9.8208,14.8208),.PIECEWISE_BEZIER_KNOTS.);
#4953 = CARTESIAN_POINT('',(0.8,-2.415));
#4954 = CARTESIAN_POINT('',(5.8,-2.415));
#4955 = ( GEOMETRIC_REPRESENTATION_CONTEXT(2) 
PARAMETRIC_REPRESENTATION_CONTEXT() REPRESENTATION_CONTEXT('2D SPACE',''
  ) );
#4956 = ORIENTED_EDGE('',*,*,#4957,.T.);
#4957 = EDGE_CURVE('',#4937,#4958,#4960,.T.);
#4958 = VERTEX_POINT('',#4959);
#4959 = CARTESIAN_POINT('',(16.915,3.7266,-9.4));
#4960 = SURFACE_CURVE('',#4961,(#4966,#4977),.PCURVE_S1.);
#4961 = CIRCLE('',#4962,0.8);
#4962 = AXIS2_PLACEMENT_3D('',#4963,#4964,#4965);
#4963 = CARTESIAN_POINT('',(16.915,2.9266,-9.4));
#4964 = DIRECTION('',(1.,0.,0.));
#4965 = DIRECTION('',(0.,0.,-1.));
#4966 = PCURVE('',#1592,#4967);
#4967 = DEFINITIONAL_REPRESENTATION('',(#4968),#4976);
#4968 = ( BOUNDED_CURVE() B_SPLINE_CURVE(2,(#4969,#4970,#4971,#4972,
#4973,#4974,#4975),.UNSPECIFIED.,.T.,.F.) B_SPLINE_CURVE_WITH_KNOTS((1,2
    ,2,2,2,1),(-2.094395102393,0.,2.094395102393,4.188790204786,
6.28318530718,8.377580409573),.UNSPECIFIED.) CURVE() 
GEOMETRIC_REPRESENTATION_ITEM() RATIONAL_B_SPLINE_CURVE((1.,0.5,1.,0.5,
1.,0.5,1.)) REPRESENTATION_ITEM('') );
#4969 = CARTESIAN_POINT('',(23.8416,-3.));
#4970 = CARTESIAN_POINT('',(25.227240646055,-3.));
#4971 = CARTESIAN_POINT('',(24.534420323028,-4.2));
#4972 = CARTESIAN_POINT('',(23.8416,-5.4));
#4973 = CARTESIAN_POINT('',(23.148779676972,-4.2));
#4974 = CARTESIAN_POINT('',(22.455959353945,-3.));
#4975 = CARTESIAN_POINT('',(23.8416,-3.));
#4976 = ( GEOMETRIC_REPRESENTATION_CONTEXT(2) 
PARAMETRIC_REPRESENTATION_CONTEXT() REPRESENTATION_CONTEXT('2D SPACE',''
  ) );
#4977 = PCURVE('',#2718,#4978);
#4978 = DEFINITIONAL_REPRESENTATION('',(#4979),#4983);
#4979 = LINE('',#4980,#4981);
#4980 = CARTESIAN_POINT('',(0.,2.415));
#4981 = VECTOR('',#4982,1.);
#4982 = DIRECTION('',(1.,0.));
#4983 = ( GEOMETRIC_REPRESENTATION_CONTEXT(2) 
PARAMETRIC_REPRESENTATION_CONTEXT() REPRESENTATION_CONTEXT('2D SPACE',''
  ) );
#4984 = ORIENTED_EDGE('',*,*,#4985,.T.);
#4985 = EDGE_CURVE('',#4958,#4986,#4988,.T.);
#4986 = VERTEX_POINT('',#4987);
#4987 = CARTESIAN_POINT('',(16.915,3.7266,-6.2));
#4988 = SURFACE_CURVE('',#4989,(#4993,#4999),.PCURVE_S1.);
#4989 = LINE('',#4990,#4991);
#4990 = CARTESIAN_POINT('',(16.915,3.7266,-11.7));
#4991 = VECTOR('',#4992,1.);
#4992 = DIRECTION('',(0.,0.,1.));
#4993 = PCURVE('',#1592,#4994);
#4994 = DEFINITIONAL_REPRESENTATION('',(#4995),#4998);
#4995 = B_SPLINE_CURVE_WITH_KNOTS('',1,(#4996,#4997),.UNSPECIFIED.,.F.,
  .F.,(2,2),(2.3,5.5),.PIECEWISE_BEZIER_KNOTS.);
#4996 = CARTESIAN_POINT('',(24.6416,-3.8));
#4997 = CARTESIAN_POINT('',(24.6416,-7.));
#4998 = ( GEOMETRIC_REPRESENTATION_CONTEXT(2) 
PARAMETRIC_REPRESENTATION_CONTEXT() REPRESENTATION_CONTEXT('2D SPACE',''
  ) );
#4999 = PCURVE('',#2745,#5000);
#5000 = DEFINITIONAL_REPRESENTATION('',(#5001),#5004);
#5001 = B_SPLINE_CURVE_WITH_KNOTS('',1,(#5002,#5003),.UNSPECIFIED.,.F.,
  .F.,(2,2),(2.3,5.5),.PIECEWISE_BEZIER_KNOTS.);
#5002 = CARTESIAN_POINT('',(0.8,-2.415));
#5003 = CARTESIAN_POINT('',(4.,-2.415));
#5004 = ( GEOMETRIC_REPRESENTATION_CONTEXT(2) 
PARAMETRIC_REPRESENTATION_CONTEXT() REPRESENTATION_CONTEXT('2D SPACE',''
  ) );
#5005 = ORIENTED_EDGE('',*,*,#5006,.T.);
#5006 = EDGE_CURVE('',#4986,#5007,#5009,.T.);
#5007 = VERTEX_POINT('',#5008);
#5008 = CARTESIAN_POINT('',(16.915,2.9266,-5.4));
#5009 = SURFACE_CURVE('',#5010,(#5015,#5026),.PCURVE_S1.);
#5010 = CIRCLE('',#5011,0.8);
#5011 = AXIS2_PLACEMENT_3D('',#5012,#5013,#5014);
#5012 = CARTESIAN_POINT('',(16.915,2.9266,-6.2));
#5013 = DIRECTION('',(1.,0.,0.));
#5014 = DIRECTION('',(-0.,1.,0.));
#5015 = PCURVE('',#1592,#5016);
#5016 = DEFINITIONAL_REPRESENTATION('',(#5017),#5025);
#5017 = ( BOUNDED_CURVE() B_SPLINE_CURVE(2,(#5018,#5019,#5020,#5021,
#5022,#5023,#5024),.UNSPECIFIED.,.T.,.F.) B_SPLINE_CURVE_WITH_KNOTS((1,2
    ,2,2,2,1),(-2.094395102393,0.,2.094395102393,4.188790204786,
6.28318530718,8.377580409573),.UNSPECIFIED.) CURVE() 
GEOMETRIC_REPRESENTATION_ITEM() RATIONAL_B_SPLINE_CURVE((1.,0.5,1.,0.5,
1.,0.5,1.)) REPRESENTATION_ITEM('') );
#5018 = CARTESIAN_POINT('',(24.6416,-7.));
#5019 = CARTESIAN_POINT('',(24.6416,-8.385640646055));
#5020 = CARTESIAN_POINT('',(23.4416,-7.692820323028));
#5021 = CARTESIAN_POINT('',(22.2416,-7.));
#5022 = CARTESIAN_POINT('',(23.4416,-6.307179676972));
#5023 = CARTESIAN_POINT('',(24.6416,-5.614359353945));
#5024 = CARTESIAN_POINT('',(24.6416,-7.));
#5025 = ( GEOMETRIC_REPRESENTATION_CONTEXT(2) 
PARAMETRIC_REPRESENTATION_CONTEXT() REPRESENTATION_CONTEXT('2D SPACE',''
  ) );
#5026 = PCURVE('',#2777,#5027);
#5027 = DEFINITIONAL_REPRESENTATION('',(#5028),#5032);
#5028 = LINE('',#5029,#5030);
#5029 = CARTESIAN_POINT('',(0.,2.415));
#5030 = VECTOR('',#5031,1.);
#5031 = DIRECTION('',(1.,0.));
#5032 = ( GEOMETRIC_REPRESENTATION_CONTEXT(2) 
PARAMETRIC_REPRESENTATION_CONTEXT() REPRESENTATION_CONTEXT('2D SPACE',''
  ) );
#5033 = ORIENTED_EDGE('',*,*,#5034,.T.);
#5034 = EDGE_CURVE('',#5007,#5035,#5037,.T.);
#5035 = VERTEX_POINT('',#5036);
#5036 = CARTESIAN_POINT('',(16.915,-2.0734,-5.4));
#5037 = SURFACE_CURVE('',#5038,(#5042,#5048),.PCURVE_S1.);
#5038 = LINE('',#5039,#5040);
#5039 = CARTESIAN_POINT('',(16.915,-8.5942,-5.4));
#5040 = VECTOR('',#5041,1.);
#5041 = DIRECTION('',(-0.,-1.,-0.));
#5042 = PCURVE('',#1592,#5043);
#5043 = DEFINITIONAL_REPRESENTATION('',(#5044),#5047);
#5044 = B_SPLINE_CURVE_WITH_KNOTS('',1,(#5045,#5046),.UNSPECIFIED.,.F.,
  .F.,(2,2),(-11.5208,-6.5208),.PIECEWISE_BEZIER_KNOTS.);
#5045 = CARTESIAN_POINT('',(23.8416,-7.8));
#5046 = CARTESIAN_POINT('',(18.8416,-7.8));
#5047 = ( GEOMETRIC_REPRESENTATION_CONTEXT(2) 
PARAMETRIC_REPRESENTATION_CONTEXT() REPRESENTATION_CONTEXT('2D SPACE',''
  ) );
#5048 = PCURVE('',#2804,#5049);
#5049 = DEFINITIONAL_REPRESENTATION('',(#5050),#5053);
#5050 = B_SPLINE_CURVE_WITH_KNOTS('',1,(#5051,#5052),.UNSPECIFIED.,.F.,
  .F.,(2,2),(-11.5208,-6.5208),.PIECEWISE_BEZIER_KNOTS.);
#5051 = CARTESIAN_POINT('',(0.8,-2.415));
#5052 = CARTESIAN_POINT('',(5.8,-2.415));
#5053 = ( GEOMETRIC_REPRESENTATION_CONTEXT(2) 
PARAMETRIC_REPRESENTATION_CONTEXT() REPRESENTATION_CONTEXT('2D SPACE',''
  ) );
#5054 = ORIENTED_EDGE('',*,*,#5055,.T.);
#5055 = EDGE_CURVE('',#5035,#5056,#5058,.T.);
#5056 = VERTEX_POINT('',#5057);
#5057 = CARTESIAN_POINT('',(16.915,-2.8734,-6.2));
#5058 = SURFACE_CURVE('',#5059,(#5064,#5075),.PCURVE_S1.);
#5059 = CIRCLE('',#5060,0.8);
#5060 = AXIS2_PLACEMENT_3D('',#5061,#5062,#5063);
#5061 = CARTESIAN_POINT('',(16.915,-2.0734,-6.2));
#5062 = DIRECTION('',(1.,0.,0.));
#5063 = DIRECTION('',(0.,-0.,1.));
#5064 = PCURVE('',#1592,#5065);
#5065 = DEFINITIONAL_REPRESENTATION('',(#5066),#5074);
#5066 = ( BOUNDED_CURVE() B_SPLINE_CURVE(2,(#5067,#5068,#5069,#5070,
#5071,#5072,#5073),.UNSPECIFIED.,.T.,.F.) B_SPLINE_CURVE_WITH_KNOTS((1,2
    ,2,2,2,1),(-2.094395102393,0.,2.094395102393,4.188790204786,
6.28318530718,8.377580409573),.UNSPECIFIED.) CURVE() 
GEOMETRIC_REPRESENTATION_ITEM() RATIONAL_B_SPLINE_CURVE((1.,0.5,1.,0.5,
1.,0.5,1.)) REPRESENTATION_ITEM('') );
#5067 = CARTESIAN_POINT('',(18.8416,-7.8));
#5068 = CARTESIAN_POINT('',(17.455959353945,-7.8));
#5069 = CARTESIAN_POINT('',(18.148779676972,-6.6));
#5070 = CARTESIAN_POINT('',(18.8416,-5.4));
#5071 = CARTESIAN_POINT('',(19.534420323028,-6.6));
#5072 = CARTESIAN_POINT('',(20.227240646055,-7.8));
#5073 = CARTESIAN_POINT('',(18.8416,-7.8));
#5074 = ( GEOMETRIC_REPRESENTATION_CONTEXT(2) 
PARAMETRIC_REPRESENTATION_CONTEXT() REPRESENTATION_CONTEXT('2D SPACE',''
  ) );
#5075 = PCURVE('',#2836,#5076);
#5076 = DEFINITIONAL_REPRESENTATION('',(#5077),#5081);
#5077 = LINE('',#5078,#5079);
#5078 = CARTESIAN_POINT('',(0.,2.415));
#5079 = VECTOR('',#5080,1.);
#5080 = DIRECTION('',(1.,0.));
#5081 = ( GEOMETRIC_REPRESENTATION_CONTEXT(2) 
PARAMETRIC_REPRESENTATION_CONTEXT() REPRESENTATION_CONTEXT('2D SPACE',''
  ) );
#5082 = ORIENTED_EDGE('',*,*,#5083,.T.);
#5083 = EDGE_CURVE('',#5056,#4907,#5084,.T.);
#5084 = SURFACE_CURVE('',#5085,(#5089,#5095),.PCURVE_S1.);
#5085 = LINE('',#5086,#5087);
#5086 = CARTESIAN_POINT('',(16.915,-2.8734,-9.3));
#5087 = VECTOR('',#5088,1.);
#5088 = DIRECTION('',(0.,0.,-1.));
#5089 = PCURVE('',#1592,#5090);
#5090 = DEFINITIONAL_REPRESENTATION('',(#5091),#5094);
#5091 = B_SPLINE_CURVE_WITH_KNOTS('',1,(#5092,#5093),.UNSPECIFIED.,.F.,
  .F.,(2,2),(-3.1,1.E-01),.PIECEWISE_BEZIER_KNOTS.);
#5092 = CARTESIAN_POINT('',(18.0416,-7.));
#5093 = CARTESIAN_POINT('',(18.0416,-3.8));
#5094 = ( GEOMETRIC_REPRESENTATION_CONTEXT(2) 
PARAMETRIC_REPRESENTATION_CONTEXT() REPRESENTATION_CONTEXT('2D SPACE',''
  ) );
#5095 = PCURVE('',#2861,#5096);
#5096 = DEFINITIONAL_REPRESENTATION('',(#5097),#5100);
#5097 = B_SPLINE_CURVE_WITH_KNOTS('',1,(#5098,#5099),.UNSPECIFIED.,.F.,
  .F.,(2,2),(-3.1,1.E-01),.PIECEWISE_BEZIER_KNOTS.);
#5098 = CARTESIAN_POINT('',(0.8,-2.415));
#5099 = CARTESIAN_POINT('',(4.,-2.415));
#5100 = ( GEOMETRIC_REPRESENTATION_CONTEXT(2) 
PARAMETRIC_REPRESENTATION_CONTEXT() REPRESENTATION_CONTEXT('2D SPACE',''
  ) );
#5101 = FACE_BOUND('',#5102,.T.);
#5102 = EDGE_LOOP('',(#5103,#5133,#5154,#5182,#5203,#5231,#5252,#5280));
#5103 = ORIENTED_EDGE('',*,*,#5104,.T.);
#5104 = EDGE_CURVE('',#5105,#5107,#5109,.T.);
#5105 = VERTEX_POINT('',#5106);
#5106 = CARTESIAN_POINT('',(16.915,6.0381,-9.4));
#5107 = VERTEX_POINT('',#5108);
#5108 = CARTESIAN_POINT('',(16.915,6.8381,-10.2));
#5109 = SURFACE_CURVE('',#5110,(#5115,#5126),.PCURVE_S1.);
#5110 = CIRCLE('',#5111,0.8);
#5111 = AXIS2_PLACEMENT_3D('',#5112,#5113,#5114);
#5112 = CARTESIAN_POINT('',(16.915,6.8381,-9.4));
#5113 = DIRECTION('',(1.,0.,0.));
#5114 = DIRECTION('',(0.,0.,-1.));
#5115 = PCURVE('',#1592,#5116);
#5116 = DEFINITIONAL_REPRESENTATION('',(#5117),#5125);
#5117 = ( BOUNDED_CURVE() B_SPLINE_CURVE(2,(#5118,#5119,#5120,#5121,
#5122,#5123,#5124),.UNSPECIFIED.,.T.,.F.) B_SPLINE_CURVE_WITH_KNOTS((1,2
    ,2,2,2,1),(-2.094395102393,0.,2.094395102393,4.188790204786,
6.28318530718,8.377580409573),.UNSPECIFIED.) CURVE() 
GEOMETRIC_REPRESENTATION_ITEM() RATIONAL_B_SPLINE_CURVE((1.,0.5,1.,0.5,
1.,0.5,1.)) REPRESENTATION_ITEM('') );
#5118 = CARTESIAN_POINT('',(27.7531,-3.));
#5119 = CARTESIAN_POINT('',(29.138740646055,-3.));
#5120 = CARTESIAN_POINT('',(28.445920323028,-4.2));
#5121 = CARTESIAN_POINT('',(27.7531,-5.4));
#5122 = CARTESIAN_POINT('',(27.060279676972,-4.2));
#5123 = CARTESIAN_POINT('',(26.367459353945,-3.));
#5124 = CARTESIAN_POINT('',(27.7531,-3.));
#5125 = ( GEOMETRIC_REPRESENTATION_CONTEXT(2) 
PARAMETRIC_REPRESENTATION_CONTEXT() REPRESENTATION_CONTEXT('2D SPACE',''
  ) );
#5126 = PCURVE('',#2897,#5127);
#5127 = DEFINITIONAL_REPRESENTATION('',(#5128),#5132);
#5128 = LINE('',#5129,#5130);
#5129 = CARTESIAN_POINT('',(-6.28318530718,2.415));
#5130 = VECTOR('',#5131,1.);
#5131 = DIRECTION('',(1.,-0.));
#5132 = ( GEOMETRIC_REPRESENTATION_CONTEXT(2) 
PARAMETRIC_REPRESENTATION_CONTEXT() REPRESENTATION_CONTEXT('2D SPACE',''
  ) );
#5133 = ORIENTED_EDGE('',*,*,#5134,.T.);
#5134 = EDGE_CURVE('',#5107,#5135,#5137,.T.);
#5135 = VERTEX_POINT('',#5136);
#5136 = CARTESIAN_POINT('',(16.915,11.8381,-10.2));
#5137 = SURFACE_CURVE('',#5138,(#5142,#5148),.PCURVE_S1.);
#5138 = LINE('',#5139,#5140);
#5139 = CARTESIAN_POINT('',(16.915,-7.43845,-10.2));
#5140 = VECTOR('',#5141,1.);
#5141 = DIRECTION('',(0.,1.,-0.));
#5142 = PCURVE('',#1592,#5143);
#5143 = DEFINITIONAL_REPRESENTATION('',(#5144),#5147);
#5144 = B_SPLINE_CURVE_WITH_KNOTS('',1,(#5145,#5146),.UNSPECIFIED.,.F.,
  .F.,(2,2),(14.27655,19.27655),.PIECEWISE_BEZIER_KNOTS.);
#5145 = CARTESIAN_POINT('',(27.7531,-3.));
#5146 = CARTESIAN_POINT('',(32.7531,-3.));
#5147 = ( GEOMETRIC_REPRESENTATION_CONTEXT(2) 
PARAMETRIC_REPRESENTATION_CONTEXT() REPRESENTATION_CONTEXT('2D SPACE',''
  ) );
#5148 = PCURVE('',#2924,#5149);
#5149 = DEFINITIONAL_REPRESENTATION('',(#5150),#5153);
#5150 = B_SPLINE_CURVE_WITH_KNOTS('',1,(#5151,#5152),.UNSPECIFIED.,.F.,
  .F.,(2,2),(14.27655,19.27655),.PIECEWISE_BEZIER_KNOTS.);
#5151 = CARTESIAN_POINT('',(0.8,-2.415));
#5152 = CARTESIAN_POINT('',(5.8,-2.415));
#5153 = ( GEOMETRIC_REPRESENTATION_CONTEXT(2) 
PARAMETRIC_REPRESENTATION_CONTEXT() REPRESENTATION_CONTEXT('2D SPACE',''
  ) );
#5154 = ORIENTED_EDGE('',*,*,#5155,.T.);
#5155 = EDGE_CURVE('',#5135,#5156,#5158,.T.);
#5156 = VERTEX_POINT('',#5157);
#5157 = CARTESIAN_POINT('',(16.915,12.6381,-9.4));
#5158 = SURFACE_CURVE('',#5159,(#5164,#5175),.PCURVE_S1.);
#5159 = CIRCLE('',#5160,0.8);
#5160 = AXIS2_PLACEMENT_3D('',#5161,#5162,#5163);
#5161 = CARTESIAN_POINT('',(16.915,11.8381,-9.4));
#5162 = DIRECTION('',(1.,0.,0.));
#5163 = DIRECTION('',(0.,0.,-1.));
#5164 = PCURVE('',#1592,#5165);
#5165 = DEFINITIONAL_REPRESENTATION('',(#5166),#5174);
#5166 = ( BOUNDED_CURVE() B_SPLINE_CURVE(2,(#5167,#5168,#5169,#5170,
#5171,#5172,#5173),.UNSPECIFIED.,.T.,.F.) B_SPLINE_CURVE_WITH_KNOTS((1,2
    ,2,2,2,1),(-2.094395102393,0.,2.094395102393,4.188790204786,
6.28318530718,8.377580409573),.UNSPECIFIED.) CURVE() 
GEOMETRIC_REPRESENTATION_ITEM() RATIONAL_B_SPLINE_CURVE((1.,0.5,1.,0.5,
1.,0.5,1.)) REPRESENTATION_ITEM('') );
#5167 = CARTESIAN_POINT('',(32.7531,-3.));
#5168 = CARTESIAN_POINT('',(34.138740646055,-3.));
#5169 = CARTESIAN_POINT('',(33.445920323028,-4.2));
#5170 = CARTESIAN_POINT('',(32.7531,-5.4));
#5171 = CARTESIAN_POINT('',(32.060279676972,-4.2));
#5172 = CARTESIAN_POINT('',(31.367459353945,-3.));
#5173 = CARTESIAN_POINT('',(32.7531,-3.));
#5174 = ( GEOMETRIC_REPRESENTATION_CONTEXT(2) 
PARAMETRIC_REPRESENTATION_CONTEXT() REPRESENTATION_CONTEXT('2D SPACE',''
  ) );
#5175 = PCURVE('',#2956,#5176);
#5176 = DEFINITIONAL_REPRESENTATION('',(#5177),#5181);
#5177 = LINE('',#5178,#5179);
#5178 = CARTESIAN_POINT('',(0.,2.415));
#5179 = VECTOR('',#5180,1.);
#5180 = DIRECTION('',(1.,0.));
#5181 = ( GEOMETRIC_REPRESENTATION_CONTEXT(2) 
PARAMETRIC_REPRESENTATION_CONTEXT() REPRESENTATION_CONTEXT('2D SPACE',''
  ) );
#5182 = ORIENTED_EDGE('',*,*,#5183,.T.);
#5183 = EDGE_CURVE('',#5156,#5184,#5186,.T.);
#5184 = VERTEX_POINT('',#5185);
#5185 = CARTESIAN_POINT('',(16.915,12.6381,-6.2));
#5186 = SURFACE_CURVE('',#5187,(#5191,#5197),.PCURVE_S1.);
#5187 = LINE('',#5188,#5189);
#5188 = CARTESIAN_POINT('',(16.915,12.6381,-11.7));
#5189 = VECTOR('',#5190,1.);
#5190 = DIRECTION('',(0.,0.,1.));
#5191 = PCURVE('',#1592,#5192);
#5192 = DEFINITIONAL_REPRESENTATION('',(#5193),#5196);
#5193 = B_SPLINE_CURVE_WITH_KNOTS('',1,(#5194,#5195),.UNSPECIFIED.,.F.,
  .F.,(2,2),(2.3,5.5),.PIECEWISE_BEZIER_KNOTS.);
#5194 = CARTESIAN_POINT('',(33.5531,-3.8));
#5195 = CARTESIAN_POINT('',(33.5531,-7.));
#5196 = ( GEOMETRIC_REPRESENTATION_CONTEXT(2) 
PARAMETRIC_REPRESENTATION_CONTEXT() REPRESENTATION_CONTEXT('2D SPACE',''
  ) );
#5197 = PCURVE('',#2983,#5198);
#5198 = DEFINITIONAL_REPRESENTATION('',(#5199),#5202);
#5199 = B_SPLINE_CURVE_WITH_KNOTS('',1,(#5200,#5201),.UNSPECIFIED.,.F.,
  .F.,(2,2),(2.3,5.5),.PIECEWISE_BEZIER_KNOTS.);
#5200 = CARTESIAN_POINT('',(0.8,-2.415));
#5201 = CARTESIAN_POINT('',(4.,-2.415));
#5202 = ( GEOMETRIC_REPRESENTATION_CONTEXT(2) 
PARAMETRIC_REPRESENTATION_CONTEXT() REPRESENTATION_CONTEXT('2D SPACE',''
  ) );
#5203 = ORIENTED_EDGE('',*,*,#5204,.T.);
#5204 = EDGE_CURVE('',#5184,#5205,#5207,.T.);
#5205 = VERTEX_POINT('',#5206);
#5206 = CARTESIAN_POINT('',(16.915,11.8381,-5.4));
#5207 = SURFACE_CURVE('',#5208,(#5213,#5224),.PCURVE_S1.);
#5208 = CIRCLE('',#5209,0.8);
#5209 = AXIS2_PLACEMENT_3D('',#5210,#5211,#5212);
#5210 = CARTESIAN_POINT('',(16.915,11.8381,-6.2));
#5211 = DIRECTION('',(1.,0.,0.));
#5212 = DIRECTION('',(-0.,1.,0.));
#5213 = PCURVE('',#1592,#5214);
#5214 = DEFINITIONAL_REPRESENTATION('',(#5215),#5223);
#5215 = ( BOUNDED_CURVE() B_SPLINE_CURVE(2,(#5216,#5217,#5218,#5219,
#5220,#5221,#5222),.UNSPECIFIED.,.T.,.F.) B_SPLINE_CURVE_WITH_KNOTS((1,2
    ,2,2,2,1),(-2.094395102393,0.,2.094395102393,4.188790204786,
6.28318530718,8.377580409573),.UNSPECIFIED.) CURVE() 
GEOMETRIC_REPRESENTATION_ITEM() RATIONAL_B_SPLINE_CURVE((1.,0.5,1.,0.5,
1.,0.5,1.)) REPRESENTATION_ITEM('') );
#5216 = CARTESIAN_POINT('',(33.5531,-7.));
#5217 = CARTESIAN_POINT('',(33.5531,-8.385640646055));
#5218 = CARTESIAN_POINT('',(32.3531,-7.692820323028));
#5219 = CARTESIAN_POINT('',(31.1531,-7.));
#5220 = CARTESIAN_POINT('',(32.3531,-6.307179676972));
#5221 = CARTESIAN_POINT('',(33.5531,-5.614359353945));
#5222 = CARTESIAN_POINT('',(33.5531,-7.));
#5223 = ( GEOMETRIC_REPRESENTATION_CONTEXT(2) 
PARAMETRIC_REPRESENTATION_CONTEXT() REPRESENTATION_CONTEXT('2D SPACE',''
  ) );
#5224 = PCURVE('',#3015,#5225);
#5225 = DEFINITIONAL_REPRESENTATION('',(#5226),#5230);
#5226 = LINE('',#5227,#5228);
#5227 = CARTESIAN_POINT('',(0.,2.415));
#5228 = VECTOR('',#5229,1.);
#5229 = DIRECTION('',(1.,0.));
#5230 = ( GEOMETRIC_REPRESENTATION_CONTEXT(2) 
PARAMETRIC_REPRESENTATION_CONTEXT() REPRESENTATION_CONTEXT('2D SPACE',''
  ) );
#5231 = ORIENTED_EDGE('',*,*,#5232,.T.);
#5232 = EDGE_CURVE('',#5205,#5233,#5235,.T.);
#5233 = VERTEX_POINT('',#5234);
#5234 = CARTESIAN_POINT('',(16.915,6.8381,-5.4));
#5235 = SURFACE_CURVE('',#5236,(#5240,#5246),.PCURVE_S1.);
#5236 = LINE('',#5237,#5238);
#5237 = CARTESIAN_POINT('',(16.915,-4.13845,-5.4));
#5238 = VECTOR('',#5239,1.);
#5239 = DIRECTION('',(-0.,-1.,-0.));
#5240 = PCURVE('',#1592,#5241);
#5241 = DEFINITIONAL_REPRESENTATION('',(#5242),#5245);
#5242 = B_SPLINE_CURVE_WITH_KNOTS('',1,(#5243,#5244),.UNSPECIFIED.,.F.,
  .F.,(2,2),(-15.97655,-10.97655),.PIECEWISE_BEZIER_KNOTS.);
#5243 = CARTESIAN_POINT('',(32.7531,-7.8));
#5244 = CARTESIAN_POINT('',(27.7531,-7.8));
#5245 = ( GEOMETRIC_REPRESENTATION_CONTEXT(2) 
PARAMETRIC_REPRESENTATION_CONTEXT() REPRESENTATION_CONTEXT('2D SPACE',''
  ) );
#5246 = PCURVE('',#3042,#5247);
#5247 = DEFINITIONAL_REPRESENTATION('',(#5248),#5251);
#5248 = B_SPLINE_CURVE_WITH_KNOTS('',1,(#5249,#5250),.UNSPECIFIED.,.F.,
  .F.,(2,2),(-15.97655,-10.97655),.PIECEWISE_BEZIER_KNOTS.);
#5249 = CARTESIAN_POINT('',(0.8,-2.415));
#5250 = CARTESIAN_POINT('',(5.8,-2.415));
#5251 = ( GEOMETRIC_REPRESENTATION_CONTEXT(2) 
PARAMETRIC_REPRESENTATION_CONTEXT() REPRESENTATION_CONTEXT('2D SPACE',''
  ) );
#5252 = ORIENTED_EDGE('',*,*,#5253,.T.);
#5253 = EDGE_CURVE('',#5233,#5254,#5256,.T.);
#5254 = VERTEX_POINT('',#5255);
#5255 = CARTESIAN_POINT('',(16.915,6.0381,-6.2));
#5256 = SURFACE_CURVE('',#5257,(#5262,#5273),.PCURVE_S1.);
#5257 = CIRCLE('',#5258,0.8);
#5258 = AXIS2_PLACEMENT_3D('',#5259,#5260,#5261);
#5259 = CARTESIAN_POINT('',(16.915,6.8381,-6.2));
#5260 = DIRECTION('',(1.,0.,0.));
#5261 = DIRECTION('',(0.,-0.,1.));
#5262 = PCURVE('',#1592,#5263);
#5263 = DEFINITIONAL_REPRESENTATION('',(#5264),#5272);
#5264 = ( BOUNDED_CURVE() B_SPLINE_CURVE(2,(#5265,#5266,#5267,#5268,
#5269,#5270,#5271),.UNSPECIFIED.,.T.,.F.) B_SPLINE_CURVE_WITH_KNOTS((1,2
    ,2,2,2,1),(-2.094395102393,0.,2.094395102393,4.188790204786,
6.28318530718,8.377580409573),.UNSPECIFIED.) CURVE() 
GEOMETRIC_REPRESENTATION_ITEM() RATIONAL_B_SPLINE_CURVE((1.,0.5,1.,0.5,
1.,0.5,1.)) REPRESENTATION_ITEM('') );
#5265 = CARTESIAN_POINT('',(27.7531,-7.8));
#5266 = CARTESIAN_POINT('',(26.367459353945,-7.8));
#5267 = CARTESIAN_POINT('',(27.060279676972,-6.6));
#5268 = CARTESIAN_POINT('',(27.7531,-5.4));
#5269 = CARTESIAN_POINT('',(28.445920323028,-6.6));
#5270 = CARTESIAN_POINT('',(29.138740646055,-7.8));
#5271 = CARTESIAN_POINT('',(27.7531,-7.8));
#5272 = ( GEOMETRIC_REPRESENTATION_CONTEXT(2) 
PARAMETRIC_REPRESENTATION_CONTEXT() REPRESENTATION_CONTEXT('2D SPACE',''
  ) );
#5273 = PCURVE('',#3074,#5274);
#5274 = DEFINITIONAL_REPRESENTATION('',(#5275),#5279);
#5275 = LINE('',#5276,#5277);
#5276 = CARTESIAN_POINT('',(0.,2.415));
#5277 = VECTOR('',#5278,1.);
#5278 = DIRECTION('',(1.,0.));
#5279 = ( GEOMETRIC_REPRESENTATION_CONTEXT(2) 
PARAMETRIC_REPRESENTATION_CONTEXT() REPRESENTATION_CONTEXT('2D SPACE',''
  ) );
#5280 = ORIENTED_EDGE('',*,*,#5281,.T.);
#5281 = EDGE_CURVE('',#5254,#5105,#5282,.T.);
#5282 = SURFACE_CURVE('',#5283,(#5287,#5293),.PCURVE_S1.);
#5283 = LINE('',#5284,#5285);
#5284 = CARTESIAN_POINT('',(16.915,6.0381,-9.3));
#5285 = VECTOR('',#5286,1.);
#5286 = DIRECTION('',(0.,0.,-1.));
#5287 = PCURVE('',#1592,#5288);
#5288 = DEFINITIONAL_REPRESENTATION('',(#5289),#5292);
#5289 = B_SPLINE_CURVE_WITH_KNOTS('',1,(#5290,#5291),.UNSPECIFIED.,.F.,
  .F.,(2,2),(-3.1,1.E-01),.PIECEWISE_BEZIER_KNOTS.);
#5290 = CARTESIAN_POINT('',(26.9531,-7.));
#5291 = CARTESIAN_POINT('',(26.9531,-3.8));
#5292 = ( GEOMETRIC_REPRESENTATION_CONTEXT(2) 
PARAMETRIC_REPRESENTATION_CONTEXT() REPRESENTATION_CONTEXT('2D SPACE',''
  ) );
#5293 = PCURVE('',#3099,#5294);
#5294 = DEFINITIONAL_REPRESENTATION('',(#5295),#5298);
#5295 = B_SPLINE_CURVE_WITH_KNOTS('',1,(#5296,#5297),.UNSPECIFIED.,.F.,
  .F.,(2,2),(-3.1,1.E-01),.PIECEWISE_BEZIER_KNOTS.);
#5296 = CARTESIAN_POINT('',(0.8,-2.415));
#5297 = CARTESIAN_POINT('',(4.,-2.415));
#5298 = ( GEOMETRIC_REPRESENTATION_CONTEXT(2) 
PARAMETRIC_REPRESENTATION_CONTEXT() REPRESENTATION_CONTEXT('2D SPACE',''
  ) );
#5299 = ADVANCED_FACE('',(#5300),#1457,.F.);
#5300 = FACE_BOUND('',#5301,.T.);
#5301 = EDGE_LOOP('',(#5302,#5303,#5304,#5327));
#5302 = ORIENTED_EDGE('',*,*,#4612,.F.);
#5303 = ORIENTED_EDGE('',*,*,#1440,.F.);
#5304 = ORIENTED_EDGE('',*,*,#5305,.T.);
#5305 = EDGE_CURVE('',#1441,#5306,#5308,.T.);
#5306 = VERTEX_POINT('',#5307);
#5307 = CARTESIAN_POINT('',(-16.915,-15.915,-0.8));
#5308 = SURFACE_CURVE('',#5309,(#5313,#5320),.PCURVE_S1.);
#5309 = LINE('',#5310,#5311);
#5310 = CARTESIAN_POINT('',(-16.915,-15.915,-13.2));
#5311 = VECTOR('',#5312,1.);
#5312 = DIRECTION('',(0.,0.,1.));
#5313 = PCURVE('',#1457,#5314);
#5314 = DEFINITIONAL_REPRESENTATION('',(#5315),#5319);
#5315 = LINE('',#5316,#5317);
#5316 = CARTESIAN_POINT('',(-1.570796326795,0.));
#5317 = VECTOR('',#5318,1.);
#5318 = DIRECTION('',(-0.,1.));
#5319 = ( GEOMETRIC_REPRESENTATION_CONTEXT(2) 
PARAMETRIC_REPRESENTATION_CONTEXT() REPRESENTATION_CONTEXT('2D SPACE',''
  ) );
#5320 = PCURVE('',#1484,#5321);
#5321 = DEFINITIONAL_REPRESENTATION('',(#5322),#5326);
#5322 = LINE('',#5323,#5324);
#5323 = CARTESIAN_POINT('',(36.83,0.));
#5324 = VECTOR('',#5325,1.);
#5325 = DIRECTION('',(0.,-1.));
#5326 = ( GEOMETRIC_REPRESENTATION_CONTEXT(2) 
PARAMETRIC_REPRESENTATION_CONTEXT() REPRESENTATION_CONTEXT('2D SPACE',''
  ) );
#5327 = ORIENTED_EDGE('',*,*,#5328,.F.);
#5328 = EDGE_CURVE('',#4613,#5306,#5329,.T.);
#5329 = SURFACE_CURVE('',#5330,(#5335,#5342),.PCURVE_S1.);
#5330 = CIRCLE('',#5331,5.);
#5331 = AXIS2_PLACEMENT_3D('',#5332,#5333,#5334);
#5332 = CARTESIAN_POINT('',(-11.915,-15.915,-0.8));
#5333 = DIRECTION('',(-0.,-0.,-1.));
#5334 = DIRECTION('',(0.,-1.,0.));
#5335 = PCURVE('',#1457,#5336);
#5336 = DEFINITIONAL_REPRESENTATION('',(#5337),#5341);
#5337 = LINE('',#5338,#5339);
#5338 = CARTESIAN_POINT('',(-0.,12.4));
#5339 = VECTOR('',#5340,1.);
#5340 = DIRECTION('',(-1.,0.));
#5341 = ( GEOMETRIC_REPRESENTATION_CONTEXT(2) 
PARAMETRIC_REPRESENTATION_CONTEXT() REPRESENTATION_CONTEXT('2D SPACE',''
  ) );
#5342 = PCURVE('',#4596,#5343);
#5343 = DEFINITIONAL_REPRESENTATION('',(#5344),#5352);
#5344 = ( BOUNDED_CURVE() B_SPLINE_CURVE(2,(#5345,#5346,#5347,#5348,
#5349,#5350,#5351),.UNSPECIFIED.,.T.,.F.) B_SPLINE_CURVE_WITH_KNOTS((1,2
    ,2,2,2,1),(-2.094395102393,0.,2.094395102393,4.188790204786,
6.28318530718,8.377580409573),.UNSPECIFIED.) CURVE() 
GEOMETRIC_REPRESENTATION_ITEM() RATIONAL_B_SPLINE_CURVE((1.,0.5,1.,0.5,
1.,0.5,1.)) REPRESENTATION_ITEM('') );
#5345 = CARTESIAN_POINT('',(-11.915,-20.915));
#5346 = CARTESIAN_POINT('',(-20.57525403784,-20.915));
#5347 = CARTESIAN_POINT('',(-16.24512701892,-13.415));
#5348 = CARTESIAN_POINT('',(-11.915,-5.915));
#5349 = CARTESIAN_POINT('',(-7.584872981078,-13.415));
#5350 = CARTESIAN_POINT('',(-3.254745962156,-20.915));
#5351 = CARTESIAN_POINT('',(-11.915,-20.915));
#5352 = ( GEOMETRIC_REPRESENTATION_CONTEXT(2) 
PARAMETRIC_REPRESENTATION_CONTEXT() REPRESENTATION_CONTEXT('2D SPACE',''
  ) );
#5353 = ADVANCED_FACE('',(#5354),#1567,.F.);
#5354 = FACE_BOUND('',#5355,.F.);
#5355 = EDGE_LOOP('',(#5356,#5357,#5358,#5381));
#5356 = ORIENTED_EDGE('',*,*,#4685,.F.);
#5357 = ORIENTED_EDGE('',*,*,#1550,.T.);
#5358 = ORIENTED_EDGE('',*,*,#5359,.T.);
#5359 = EDGE_CURVE('',#1525,#5360,#5362,.T.);
#5360 = VERTEX_POINT('',#5361);
#5361 = CARTESIAN_POINT('',(11.915,20.915,-0.8));
#5362 = SURFACE_CURVE('',#5363,(#5367,#5374),.PCURVE_S1.);
#5363 = LINE('',#5364,#5365);
#5364 = CARTESIAN_POINT('',(11.915,20.915,-13.2));
#5365 = VECTOR('',#5366,1.);
#5366 = DIRECTION('',(0.,0.,1.));
#5367 = PCURVE('',#1567,#5368);
#5368 = DEFINITIONAL_REPRESENTATION('',(#5369),#5373);
#5369 = LINE('',#5370,#5371);
#5370 = CARTESIAN_POINT('',(1.570796326795,0.));
#5371 = VECTOR('',#5372,1.);
#5372 = DIRECTION('',(0.,1.));
#5373 = ( GEOMETRIC_REPRESENTATION_CONTEXT(2) 
PARAMETRIC_REPRESENTATION_CONTEXT() REPRESENTATION_CONTEXT('2D SPACE',''
  ) );
#5374 = PCURVE('',#1539,#5375);
#5375 = DEFINITIONAL_REPRESENTATION('',(#5376),#5380);
#5376 = LINE('',#5377,#5378);
#5377 = CARTESIAN_POINT('',(5.,0.));
#5378 = VECTOR('',#5379,1.);
#5379 = DIRECTION('',(0.,-1.));
#5380 = ( GEOMETRIC_REPRESENTATION_CONTEXT(2) 
PARAMETRIC_REPRESENTATION_CONTEXT() REPRESENTATION_CONTEXT('2D SPACE',''
  ) );
#5381 = ORIENTED_EDGE('',*,*,#5382,.F.);
#5382 = EDGE_CURVE('',#4663,#5360,#5383,.T.);
#5383 = SURFACE_CURVE('',#5384,(#5389,#5396),.PCURVE_S1.);
#5384 = CIRCLE('',#5385,5.);
#5385 = AXIS2_PLACEMENT_3D('',#5386,#5387,#5388);
#5386 = CARTESIAN_POINT('',(11.915,15.915,-0.8));
#5387 = DIRECTION('',(0.,0.,1.));
#5388 = DIRECTION('',(0.,-1.,0.));
#5389 = PCURVE('',#1567,#5390);
#5390 = DEFINITIONAL_REPRESENTATION('',(#5391),#5395);
#5391 = LINE('',#5392,#5393);
#5392 = CARTESIAN_POINT('',(-1.570796326795,12.4));
#5393 = VECTOR('',#5394,1.);
#5394 = DIRECTION('',(1.,0.));
#5395 = ( GEOMETRIC_REPRESENTATION_CONTEXT(2) 
PARAMETRIC_REPRESENTATION_CONTEXT() REPRESENTATION_CONTEXT('2D SPACE',''
  ) );
#5396 = PCURVE('',#4596,#5397);
#5397 = DEFINITIONAL_REPRESENTATION('',(#5398),#5402);
#5398 = CIRCLE('',#5399,5.);
#5399 = AXIS2_PLACEMENT_2D('',#5400,#5401);
#5400 = CARTESIAN_POINT('',(11.915,15.915));
#5401 = DIRECTION('',(0.,-1.));
#5402 = ( GEOMETRIC_REPRESENTATION_CONTEXT(2) 
PARAMETRIC_REPRESENTATION_CONTEXT() REPRESENTATION_CONTEXT('2D SPACE',''
  ) );
#5403 = ADVANCED_FACE('',(#5404,#5452),#1484,.T.);
#5404 = FACE_BOUND('',#5405,.T.);
#5405 = EDGE_LOOP('',(#5406,#5407,#5430,#5451));
#5406 = ORIENTED_EDGE('',*,*,#1469,.T.);
#5407 = ORIENTED_EDGE('',*,*,#5408,.T.);
#5408 = EDGE_CURVE('',#1470,#5409,#5411,.T.);
#5409 = VERTEX_POINT('',#5410);
#5410 = CARTESIAN_POINT('',(-16.915,15.915,-0.8));
#5411 = SURFACE_CURVE('',#5412,(#5416,#5423),.PCURVE_S1.);
#5412 = LINE('',#5413,#5414);
#5413 = CARTESIAN_POINT('',(-16.915,15.915,-13.2));
#5414 = VECTOR('',#5415,1.);
#5415 = DIRECTION('',(0.,0.,1.));
#5416 = PCURVE('',#1484,#5417);
#5417 = DEFINITIONAL_REPRESENTATION('',(#5418),#5422);
#5418 = LINE('',#5419,#5420);
#5419 = CARTESIAN_POINT('',(5.,0.));
#5420 = VECTOR('',#5421,1.);
#5421 = DIRECTION('',(0.,-1.));
#5422 = ( GEOMETRIC_REPRESENTATION_CONTEXT(2) 
PARAMETRIC_REPRESENTATION_CONTEXT() REPRESENTATION_CONTEXT('2D SPACE',''
  ) );
#5423 = PCURVE('',#1512,#5424);
#5424 = DEFINITIONAL_REPRESENTATION('',(#5425),#5429);
#5425 = LINE('',#5426,#5427);
#5426 = CARTESIAN_POINT('',(1.570796326795,0.));
#5427 = VECTOR('',#5428,1.);
#5428 = DIRECTION('',(0.,1.));
#5429 = ( GEOMETRIC_REPRESENTATION_CONTEXT(2) 
PARAMETRIC_REPRESENTATION_CONTEXT() REPRESENTATION_CONTEXT('2D SPACE',''
  ) );
#5430 = ORIENTED_EDGE('',*,*,#5431,.T.);
#5431 = EDGE_CURVE('',#5409,#5306,#5432,.T.);
#5432 = SURFACE_CURVE('',#5433,(#5437,#5444),.PCURVE_S1.);
#5433 = LINE('',#5434,#5435);
#5434 = CARTESIAN_POINT('',(-16.915,20.915,-0.8));
#5435 = VECTOR('',#5436,1.);
#5436 = DIRECTION('',(0.,-1.,0.));
#5437 = PCURVE('',#1484,#5438);
#5438 = DEFINITIONAL_REPRESENTATION('',(#5439),#5443);
#5439 = LINE('',#5440,#5441);
#5440 = CARTESIAN_POINT('',(0.,-12.4));
#5441 = VECTOR('',#5442,1.);
#5442 = DIRECTION('',(1.,0.));
#5443 = ( GEOMETRIC_REPRESENTATION_CONTEXT(2) 
PARAMETRIC_REPRESENTATION_CONTEXT() REPRESENTATION_CONTEXT('2D SPACE',''
  ) );
#5444 = PCURVE('',#4596,#5445);
#5445 = DEFINITIONAL_REPRESENTATION('',(#5446),#5450);
#5446 = LINE('',#5447,#5448);
#5447 = CARTESIAN_POINT('',(-16.915,20.915));
#5448 = VECTOR('',#5449,1.);
#5449 = DIRECTION('',(0.,-1.));
#5450 = ( GEOMETRIC_REPRESENTATION_CONTEXT(2) 
PARAMETRIC_REPRESENTATION_CONTEXT() REPRESENTATION_CONTEXT('2D SPACE',''
  ) );
#5451 = ORIENTED_EDGE('',*,*,#5305,.F.);
#5452 = FACE_BOUND('',#5453,.T.);
#5453 = EDGE_LOOP('',(#5454,#5455,#5456,#5457,#5458,#5459,#5460,#5461));
#5454 = ORIENTED_EDGE('',*,*,#3288,.F.);
#5455 = ORIENTED_EDGE('',*,*,#3606,.T.);
#5456 = ORIENTED_EDGE('',*,*,#3579,.F.);
#5457 = ORIENTED_EDGE('',*,*,#3509,.T.);
#5458 = ORIENTED_EDGE('',*,*,#3482,.F.);
#5459 = ORIENTED_EDGE('',*,*,#3412,.T.);
#5460 = ORIENTED_EDGE('',*,*,#3385,.F.);
#5461 = ORIENTED_EDGE('',*,*,#3315,.T.);
#5462 = ADVANCED_FACE('',(#5463),#1539,.T.);
#5463 = FACE_BOUND('',#5464,.T.);
#5464 = EDGE_LOOP('',(#5465,#5466,#5467,#5490));
#5465 = ORIENTED_EDGE('',*,*,#1524,.T.);
#5466 = ORIENTED_EDGE('',*,*,#5359,.T.);
#5467 = ORIENTED_EDGE('',*,*,#5468,.T.);
#5468 = EDGE_CURVE('',#5360,#5469,#5471,.T.);
#5469 = VERTEX_POINT('',#5470);
#5470 = CARTESIAN_POINT('',(-11.915,20.915,-0.8));
#5471 = SURFACE_CURVE('',#5472,(#5476,#5483),.PCURVE_S1.);
#5472 = LINE('',#5473,#5474);
#5473 = CARTESIAN_POINT('',(16.915,20.915,-0.8));
#5474 = VECTOR('',#5475,1.);
#5475 = DIRECTION('',(-1.,0.,0.));
#5476 = PCURVE('',#1539,#5477);
#5477 = DEFINITIONAL_REPRESENTATION('',(#5478),#5482);
#5478 = LINE('',#5479,#5480);
#5479 = CARTESIAN_POINT('',(0.,-12.4));
#5480 = VECTOR('',#5481,1.);
#5481 = DIRECTION('',(1.,0.));
#5482 = ( GEOMETRIC_REPRESENTATION_CONTEXT(2) 
PARAMETRIC_REPRESENTATION_CONTEXT() REPRESENTATION_CONTEXT('2D SPACE',''
  ) );
#5483 = PCURVE('',#4596,#5484);
#5484 = DEFINITIONAL_REPRESENTATION('',(#5485),#5489);
#5485 = LINE('',#5486,#5487);
#5486 = CARTESIAN_POINT('',(16.915,20.915));
#5487 = VECTOR('',#5488,1.);
#5488 = DIRECTION('',(-1.,0.));
#5489 = ( GEOMETRIC_REPRESENTATION_CONTEXT(2) 
PARAMETRIC_REPRESENTATION_CONTEXT() REPRESENTATION_CONTEXT('2D SPACE',''
  ) );
#5490 = ORIENTED_EDGE('',*,*,#5491,.F.);
#5491 = EDGE_CURVE('',#1496,#5469,#5492,.T.);
#5492 = SURFACE_CURVE('',#5493,(#5497,#5504),.PCURVE_S1.);
#5493 = LINE('',#5494,#5495);
#5494 = CARTESIAN_POINT('',(-11.915,20.915,-13.2));
#5495 = VECTOR('',#5496,1.);
#5496 = DIRECTION('',(0.,0.,1.));
#5497 = PCURVE('',#1539,#5498);
#5498 = DEFINITIONAL_REPRESENTATION('',(#5499),#5503);
#5499 = LINE('',#5500,#5501);
#5500 = CARTESIAN_POINT('',(28.83,0.));
#5501 = VECTOR('',#5502,1.);
#5502 = DIRECTION('',(0.,-1.));
#5503 = ( GEOMETRIC_REPRESENTATION_CONTEXT(2) 
PARAMETRIC_REPRESENTATION_CONTEXT() REPRESENTATION_CONTEXT('2D SPACE',''
  ) );
#5504 = PCURVE('',#1512,#5505);
#5505 = DEFINITIONAL_REPRESENTATION('',(#5506),#5510);
#5506 = LINE('',#5507,#5508);
#5507 = CARTESIAN_POINT('',(0.,0.));
#5508 = VECTOR('',#5509,1.);
#5509 = DIRECTION('',(0.,1.));
#5510 = ( GEOMETRIC_REPRESENTATION_CONTEXT(2) 
PARAMETRIC_REPRESENTATION_CONTEXT() REPRESENTATION_CONTEXT('2D SPACE',''
  ) );
#5511 = ADVANCED_FACE('',(#5512),#1512,.F.);
#5512 = FACE_BOUND('',#5513,.F.);
#5513 = EDGE_LOOP('',(#5514,#5515,#5516,#5517));
#5514 = ORIENTED_EDGE('',*,*,#5491,.F.);
#5515 = ORIENTED_EDGE('',*,*,#1495,.T.);
#5516 = ORIENTED_EDGE('',*,*,#5408,.T.);
#5517 = ORIENTED_EDGE('',*,*,#5518,.F.);
#5518 = EDGE_CURVE('',#5469,#5409,#5519,.T.);
#5519 = SURFACE_CURVE('',#5520,(#5525,#5532),.PCURVE_S1.);
#5520 = CIRCLE('',#5521,5.);
#5521 = AXIS2_PLACEMENT_3D('',#5522,#5523,#5524);
#5522 = CARTESIAN_POINT('',(-11.915,15.915,-0.8));
#5523 = DIRECTION('',(0.,0.,1.));
#5524 = DIRECTION('',(0.,-1.,0.));
#5525 = PCURVE('',#1512,#5526);
#5526 = DEFINITIONAL_REPRESENTATION('',(#5527),#5531);
#5527 = LINE('',#5528,#5529);
#5528 = CARTESIAN_POINT('',(-3.14159265359,12.4));
#5529 = VECTOR('',#5530,1.);
#5530 = DIRECTION('',(1.,0.));
#5531 = ( GEOMETRIC_REPRESENTATION_CONTEXT(2) 
PARAMETRIC_REPRESENTATION_CONTEXT() REPRESENTATION_CONTEXT('2D SPACE',''
  ) );
#5532 = PCURVE('',#4596,#5533);
#5533 = DEFINITIONAL_REPRESENTATION('',(#5534),#5538);
#5534 = CIRCLE('',#5535,5.);
#5535 = AXIS2_PLACEMENT_2D('',#5536,#5537);
#5536 = CARTESIAN_POINT('',(-11.915,15.915));
#5537 = DIRECTION('',(0.,-1.));
#5538 = ( GEOMETRIC_REPRESENTATION_CONTEXT(2) 
PARAMETRIC_REPRESENTATION_CONTEXT() REPRESENTATION_CONTEXT('2D SPACE',''
  ) );
#5539 = ADVANCED_FACE('',(#5540),#1626,.F.);
#5540 = FACE_BOUND('',#5541,.T.);
#5541 = EDGE_LOOP('',(#5542,#5543,#5566,#5593));
#5542 = ORIENTED_EDGE('',*,*,#1605,.T.);
#5543 = ORIENTED_EDGE('',*,*,#5544,.T.);
#5544 = EDGE_CURVE('',#1606,#5545,#5547,.T.);
#5545 = VERTEX_POINT('',#5546);
#5546 = CARTESIAN_POINT('',(19.75,16.,-7.7));
#5547 = SEAM_CURVE('',#5548,(#5552,#5559),.PCURVE_S1.);
#5548 = LINE('',#5549,#5550);
#5549 = CARTESIAN_POINT('',(19.75,16.,-13.2));
#5550 = VECTOR('',#5551,1.);
#5551 = DIRECTION('',(0.,0.,1.));
#5552 = PCURVE('',#1626,#5553);
#5553 = DEFINITIONAL_REPRESENTATION('',(#5554),#5558);
#5554 = LINE('',#5555,#5556);
#5555 = CARTESIAN_POINT('',(-6.28318530718,0.));
#5556 = VECTOR('',#5557,1.);
#5557 = DIRECTION('',(-0.,-1.));
#5558 = ( GEOMETRIC_REPRESENTATION_CONTEXT(2) 
PARAMETRIC_REPRESENTATION_CONTEXT() REPRESENTATION_CONTEXT('2D SPACE',''
  ) );
#5559 = PCURVE('',#1626,#5560);
#5560 = DEFINITIONAL_REPRESENTATION('',(#5561),#5565);
#5561 = LINE('',#5562,#5563);
#5562 = CARTESIAN_POINT('',(-0.,0.));
#5563 = VECTOR('',#5564,1.);
#5564 = DIRECTION('',(-0.,-1.));
#5565 = ( GEOMETRIC_REPRESENTATION_CONTEXT(2) 
PARAMETRIC_REPRESENTATION_CONTEXT() REPRESENTATION_CONTEXT('2D SPACE',''
  ) );
#5566 = ORIENTED_EDGE('',*,*,#5567,.T.);
#5567 = EDGE_CURVE('',#5545,#5545,#5568,.T.);
#5568 = SURFACE_CURVE('',#5569,(#5574,#5581),.PCURVE_S1.);
#5569 = CIRCLE('',#5570,0.85);
#5570 = AXIS2_PLACEMENT_3D('',#5571,#5572,#5573);
#5571 = CARTESIAN_POINT('',(18.9,16.,-7.7));
#5572 = DIRECTION('',(0.,0.,1.));
#5573 = DIRECTION('',(1.,0.,0.));
#5574 = PCURVE('',#1626,#5575);
#5575 = DEFINITIONAL_REPRESENTATION('',(#5576),#5580);
#5576 = LINE('',#5577,#5578);
#5577 = CARTESIAN_POINT('',(-0.,-5.5));
#5578 = VECTOR('',#5579,1.);
#5579 = DIRECTION('',(-1.,0.));
#5580 = ( GEOMETRIC_REPRESENTATION_CONTEXT(2) 
PARAMETRIC_REPRESENTATION_CONTEXT() REPRESENTATION_CONTEXT('2D SPACE',''
  ) );
#5581 = PCURVE('',#5582,#5587);
#5582 = PLANE('',#5583);
#5583 = AXIS2_PLACEMENT_3D('',#5584,#5585,#5586);
#5584 = CARTESIAN_POINT('',(18.9,16.,-7.7));
#5585 = DIRECTION('',(0.,0.,1.));
#5586 = DIRECTION('',(1.,0.,-0.));
#5587 = DEFINITIONAL_REPRESENTATION('',(#5588),#5592);
#5588 = CIRCLE('',#5589,0.85);
#5589 = AXIS2_PLACEMENT_2D('',#5590,#5591);
#5590 = CARTESIAN_POINT('',(0.,0.));
#5591 = DIRECTION('',(1.,0.));
#5592 = ( GEOMETRIC_REPRESENTATION_CONTEXT(2) 
PARAMETRIC_REPRESENTATION_CONTEXT() REPRESENTATION_CONTEXT('2D SPACE',''
  ) );
#5593 = ORIENTED_EDGE('',*,*,#5544,.F.);
#5594 = ADVANCED_FACE('',(#5595),#2060,.T.);
#5595 = FACE_BOUND('',#5596,.T.);
#5596 = EDGE_LOOP('',(#5597,#5675,#5676,#5677));
#5597 = ORIENTED_EDGE('',*,*,#5598,.F.);
#5598 = EDGE_CURVE('',#3168,#2018,#5599,.T.);
#5599 = SURFACE_CURVE('',#5600,(#5623,#5649),.PCURVE_S1.);
#5600 = B_SPLINE_CURVE_WITH_KNOTS('',5,(#5601,#5602,#5603,#5604,#5605,
    #5606,#5607,#5608,#5609,#5610,#5611,#5612,#5613,#5614,#5615,#5616,
    #5617,#5618,#5619,#5620,#5621,#5622),.UNSPECIFIED.,.F.,.F.,(6,4,4,4,
    4,6),(0.,0.259322026525,0.519436557782,0.758393464356,0.969313024433
    ,1.),.UNSPECIFIED.);
#5601 = CARTESIAN_POINT('',(-19.17295617901,22.522010379887,-0.65));
#5602 = CARTESIAN_POINT('',(-19.17295617901,22.522010379887,
    -0.596518357152));
#5603 = CARTESIAN_POINT('',(-19.16764640401,22.519701232958,
    -0.543034947119));
#5604 = CARTESIAN_POINT('',(-19.1570260512,22.51508272544,
    -0.490338241664));
#5605 = CARTESIAN_POINT('',(-19.14127214618,22.508224231662,
    -0.439202882077));
#5606 = CARTESIAN_POINT('',(-19.10008956634,22.490259891671,
    -0.3412951164));
#5607 = CARTESIAN_POINT('',(-19.07463027582,22.479140621405,
    -0.294533818572));
#5608 = CARTESIAN_POINT('',(-19.0446635591,22.466028705625,
    -0.250740809602));
#5609 = CARTESIAN_POINT('',(-19.0106597812,22.451111731488,
    -0.210516790451));
#5610 = CARTESIAN_POINT('',(-18.93873419629,22.419460614039,
    -0.141093501814));
#5611 = CARTESIAN_POINT('',(-18.90135507195,22.402972547572,
    -0.11126271765));
#5612 = CARTESIAN_POINT('',(-18.86146320735,22.385325543363,
    -8.520674185061E-02));
#5613 = CARTESIAN_POINT('',(-18.81953919129,22.3667183219,
    -6.319582059241E-02));
#5614 = CARTESIAN_POINT('',(-18.73772586514,22.330279282244,
    -2.970610199961E-02));
#5615 = CARTESIAN_POINT('',(-18.69817471023,22.312612526779,
    -1.729446568944E-02));
#5616 = CARTESIAN_POINT('',(-18.65777337745,22.29450899832,
    -8.294382800032E-03));
#5617 = CARTESIAN_POINT('',(-18.61687637922,22.276122511024,
    -2.77163411778E-03));
#5618 = CARTESIAN_POINT('',(-18.56986657463,22.254917462938,
    -4.4362041031E-04));
#5619 = CARTESIAN_POINT('',(-18.56389275126,22.252221509203,
    -2.218183781961E-04));
#5620 = CARTESIAN_POINT('',(-18.5579170085,22.249523394161,
    -7.394057720196E-05));
#5621 = CARTESIAN_POINT('',(-18.5519404371,22.246823601437,
    -3.501725576172E-09));
#5622 = CARTESIAN_POINT('',(-18.54596413286,22.244122605475,
    -1.043609643148E-13));
#5623 = PCURVE('',#2060,#5624);
#5624 = DEFINITIONAL_REPRESENTATION('',(#5625),#5648);
#5625 = B_SPLINE_CURVE_WITH_KNOTS('',5,(#5626,#5627,#5628,#5629,#5630,
    #5631,#5632,#5633,#5634,#5635,#5636,#5637,#5638,#5639,#5640,#5641,
    #5642,#5643,#5644,#5645,#5646,#5647),.UNSPECIFIED.,.F.,.F.,(6,4,4,4,
    4,6),(0.,0.259322026525,0.519436557782,0.758393464356,0.969313024433
    ,1.),.UNSPECIFIED.);
#5626 = CARTESIAN_POINT('',(0.842965978858,0.));
#5627 = CARTESIAN_POINT('',(0.842965978858,8.227945053586E-02));
#5628 = CARTESIAN_POINT('',(0.842739935108,0.164561517724));
#5629 = CARTESIAN_POINT('',(0.842287856833,0.246794319052));
#5630 = CARTESIAN_POINT('',(0.841614685868,0.328944431641));
#5631 = CARTESIAN_POINT('',(0.839842738642,0.49325339003));
#5632 = CARTESIAN_POINT('',(0.838742620502,0.575415933201));
#5633 = CARTESIAN_POINT('',(0.837439435576,0.657425443944));
#5634 = CARTESIAN_POINT('',(0.835947282871,0.739272049395));
#5635 = CARTESIAN_POINT('',(0.832756551405,0.895986773183));
#5636 = CARTESIAN_POINT('',(0.831084594721,0.970883136094));
#5637 = CARTESIAN_POINT('',(0.829282424518,1.045639819769));
#5638 = CARTESIAN_POINT('',(0.82736667167,1.120272052035));
#5639 = CARTESIAN_POINT('',(0.823582279051,1.260584725412));
#5640 = CARTESIAN_POINT('',(0.821734473024,1.326288562882));
#5641 = CARTESIAN_POINT('',(0.819826319583,1.391927553478));
#5642 = CARTESIAN_POINT('',(0.817872533704,1.457522809735));
#5643 = CARTESIAN_POINT('',(0.815600790834,1.53263753985));
#5644 = CARTESIAN_POINT('',(0.815311629348,1.542177584235));
#5645 = CARTESIAN_POINT('',(0.815021894277,1.551717253571));
#5646 = CARTESIAN_POINT('',(0.814731636724,1.561256620829));
#5647 = CARTESIAN_POINT('',(0.81444091004,1.570795764899));
#5648 = ( GEOMETRIC_REPRESENTATION_CONTEXT(2) 
PARAMETRIC_REPRESENTATION_CONTEXT() REPRESENTATION_CONTEXT('2D SPACE',''
  ) );
#5649 = PCURVE('',#2033,#5650);
#5650 = DEFINITIONAL_REPRESENTATION('',(#5651),#5674);
#5651 = B_SPLINE_CURVE_WITH_KNOTS('',5,(#5652,#5653,#5654,#5655,#5656,
    #5657,#5658,#5659,#5660,#5661,#5662,#5663,#5664,#5665,#5666,#5667,
    #5668,#5669,#5670,#5671,#5672,#5673),.UNSPECIFIED.,.F.,.F.,(6,4,4,4,
    4,6),(0.,0.259322026525,0.519436557782,0.758393464356,0.969313024433
    ,1.),.UNSPECIFIED.);
#5652 = CARTESIAN_POINT('',(2.6645352591E-15,1.2603906302));
#5653 = CARTESIAN_POINT('',(8.227945053587E-02,1.2603906302));
#5654 = CARTESIAN_POINT('',(0.164561517723,1.258582313134));
#5655 = CARTESIAN_POINT('',(0.246794319052,1.254965540485));
#5656 = CARTESIAN_POINT('',(0.328944431641,1.249593021736));
#5657 = CARTESIAN_POINT('',(0.49325339003,1.23551334879));
#5658 = CARTESIAN_POINT('',(0.575415933201,1.226795658751));
#5659 = CARTESIAN_POINT('',(0.657425443944,1.216510612636));
#5660 = CARTESIAN_POINT('',(0.739272049395,1.204801504405));
#5661 = CARTESIAN_POINT('',(0.895986773183,1.179936161255));
#5662 = CARTESIAN_POINT('',(0.970883136094,1.166974772993));
#5663 = CARTESIAN_POINT('',(1.045639819769,1.153091737769));
#5664 = CARTESIAN_POINT('',(1.120272052035,1.138440489898));
#5665 = CARTESIAN_POINT('',(1.260584725412,1.10972194829));
#5666 = CARTESIAN_POINT('',(1.326288562882,1.095787744607));
#5667 = CARTESIAN_POINT('',(1.391927553477,1.081497245789));
#5668 = CARTESIAN_POINT('',(1.457522809735,1.066970829123));
#5669 = CARTESIAN_POINT('',(1.53263753985,1.050203111413));
#5670 = CARTESIAN_POINT('',(1.54217758173,1.048071041949));
#5671 = CARTESIAN_POINT('',(1.551717254123,1.045936997902));
#5672 = CARTESIAN_POINT('',(1.561256625889,1.043801359975));
#5673 = CARTESIAN_POINT('',(1.57079575963,1.041664499263));
#5674 = ( GEOMETRIC_REPRESENTATION_CONTEXT(2) 
PARAMETRIC_REPRESENTATION_CONTEXT() REPRESENTATION_CONTEXT('2D SPACE',''
  ) );
#5675 = ORIENTED_EDGE('',*,*,#3216,.T.);
#5676 = ORIENTED_EDGE('',*,*,#3139,.T.);
#5677 = ORIENTED_EDGE('',*,*,#2045,.F.);
#5678 = ADVANCED_FACE('',(#5679),#2033,.T.);
#5679 = FACE_BOUND('',#5680,.T.);
#5680 = EDGE_LOOP('',(#5681,#5704,#5705,#5706));
#5681 = ORIENTED_EDGE('',*,*,#5682,.F.);
#5682 = EDGE_CURVE('',#3168,#5683,#5685,.T.);
#5683 = VERTEX_POINT('',#5684);
#5684 = CARTESIAN_POINT('',(-18.4487153331,30.321527181977,-0.65));
#5685 = SURFACE_CURVE('',#5686,(#5690,#5697),.PCURVE_S1.);
#5686 = LINE('',#5687,#5688);
#5687 = CARTESIAN_POINT('',(-19.28949112186,21.267018687568,-0.65));
#5688 = VECTOR('',#5689,1.);
#5689 = DIRECTION('',(9.245938526191E-02,0.995716456667,0.));
#5690 = PCURVE('',#2033,#5691);
#5691 = DEFINITIONAL_REPRESENTATION('',(#5692),#5696);
#5692 = LINE('',#5693,#5694);
#5693 = CARTESIAN_POINT('',(0.,0.));
#5694 = VECTOR('',#5695,1.);
#5695 = DIRECTION('',(0.,1.));
#5696 = ( GEOMETRIC_REPRESENTATION_CONTEXT(2) 
PARAMETRIC_REPRESENTATION_CONTEXT() REPRESENTATION_CONTEXT('2D SPACE',''
  ) );
#5697 = PCURVE('',#3182,#5698);
#5698 = DEFINITIONAL_REPRESENTATION('',(#5699),#5703);
#5699 = LINE('',#5700,#5701);
#5700 = CARTESIAN_POINT('',(0.,-12.35));
#5701 = VECTOR('',#5702,1.);
#5702 = DIRECTION('',(1.,0.));
#5703 = ( GEOMETRIC_REPRESENTATION_CONTEXT(2) 
PARAMETRIC_REPRESENTATION_CONTEXT() REPRESENTATION_CONTEXT('2D SPACE',''
  ) );
#5704 = ORIENTED_EDGE('',*,*,#5598,.T.);
#5705 = ORIENTED_EDGE('',*,*,#2017,.T.);
#5706 = ORIENTED_EDGE('',*,*,#5707,.F.);
#5707 = EDGE_CURVE('',#5683,#1985,#5708,.T.);
#5708 = SURFACE_CURVE('',#5709,(#5714,#5720),.PCURVE_S1.);
#5709 = CIRCLE('',#5710,0.65);
#5710 = AXIS2_PLACEMENT_3D('',#5711,#5712,#5713);
#5711 = CARTESIAN_POINT('',(-17.80149963626,30.261428581557,-0.65));
#5712 = DIRECTION('',(9.245938526191E-02,0.995716456667,0.));
#5713 = DIRECTION('',(-0.995716456667,9.245938526191E-02,0.));
#5714 = PCURVE('',#2033,#5715);
#5715 = DEFINITIONAL_REPRESENTATION('',(#5716),#5719);
#5716 = B_SPLINE_CURVE_WITH_KNOTS('',1,(#5717,#5718),.UNSPECIFIED.,.F.,
  .F.,(2,2),(0.,1.570796326795),.PIECEWISE_BEZIER_KNOTS.);
#5717 = CARTESIAN_POINT('',(0.,9.093460727484));
#5718 = CARTESIAN_POINT('',(1.570796326795,9.093460727484));
#5719 = ( GEOMETRIC_REPRESENTATION_CONTEXT(2) 
PARAMETRIC_REPRESENTATION_CONTEXT() REPRESENTATION_CONTEXT('2D SPACE',''
  ) );
#5720 = PCURVE('',#2005,#5721);
#5721 = DEFINITIONAL_REPRESENTATION('',(#5722),#5725);
#5722 = B_SPLINE_CURVE_WITH_KNOTS('',1,(#5723,#5724),.UNSPECIFIED.,.F.,
  .F.,(2,2),(0.,1.570796326795),.PIECEWISE_BEZIER_KNOTS.);
#5723 = CARTESIAN_POINT('',(5.96744875736E-16,0.));
#5724 = CARTESIAN_POINT('',(5.96744875736E-16,1.570796326795));
#5725 = ( GEOMETRIC_REPRESENTATION_CONTEXT(2) 
PARAMETRIC_REPRESENTATION_CONTEXT() REPRESENTATION_CONTEXT('2D SPACE',''
  ) );
#5726 = ADVANCED_FACE('',(#5727),#2005,.T.);
#5727 = FACE_BOUND('',#5728,.F.);
#5728 = EDGE_LOOP('',(#5729,#5730,#5754,#5774));
#5729 = ORIENTED_EDGE('',*,*,#5707,.F.);
#5730 = ORIENTED_EDGE('',*,*,#5731,.T.);
#5731 = EDGE_CURVE('',#5683,#5732,#5734,.T.);
#5732 = VERTEX_POINT('',#5733);
#5733 = CARTESIAN_POINT('',(-16.05210172423,31.380552887319,-0.65));
#5734 = SURFACE_CURVE('',#5735,(#5740,#5747),.PCURVE_S1.);
#5735 = CIRCLE('',#5736,1.5);
#5736 = AXIS2_PLACEMENT_3D('',#5737,#5738,#5739);
#5737 = CARTESIAN_POINT('',(-16.9551406481,30.182838104084,-0.65));
#5738 = DIRECTION('',(0.,0.,-1.));
#5739 = DIRECTION('',(-0.995716456667,9.245938526191E-02,0.));
#5740 = PCURVE('',#2005,#5741);
#5741 = DEFINITIONAL_REPRESENTATION('',(#5742),#5746);
#5742 = LINE('',#5743,#5744);
#5743 = CARTESIAN_POINT('',(-0.,0.));
#5744 = VECTOR('',#5745,1.);
#5745 = DIRECTION('',(-1.,0.));
#5746 = ( GEOMETRIC_REPRESENTATION_CONTEXT(2) 
PARAMETRIC_REPRESENTATION_CONTEXT() REPRESENTATION_CONTEXT('2D SPACE',''
  ) );
#5747 = PCURVE('',#3767,#5748);
#5748 = DEFINITIONAL_REPRESENTATION('',(#5749),#5753);
#5749 = LINE('',#5750,#5751);
#5750 = CARTESIAN_POINT('',(9.259162980755E-02,-12.35));
#5751 = VECTOR('',#5752,1.);
#5752 = DIRECTION('',(1.,0.));
#5753 = ( GEOMETRIC_REPRESENTATION_CONTEXT(2) 
PARAMETRIC_REPRESENTATION_CONTEXT() REPRESENTATION_CONTEXT('2D SPACE',''
  ) );
#5754 = ORIENTED_EDGE('',*,*,#5755,.T.);
#5755 = EDGE_CURVE('',#5732,#1957,#5756,.T.);
#5756 = SURFACE_CURVE('',#5757,(#5762,#5768),.PCURVE_S1.);
#5757 = CIRCLE('',#5758,0.65);
#5758 = AXIS2_PLACEMENT_3D('',#5759,#5760,#5761);
#5759 = CARTESIAN_POINT('',(-16.44341859124,30.861543147918,-0.65));
#5760 = DIRECTION('',(0.798476522157,-0.602025949245,0.));
#5761 = DIRECTION('',(0.602025949245,0.798476522157,0.));
#5762 = PCURVE('',#2005,#5763);
#5763 = DEFINITIONAL_REPRESENTATION('',(#5764),#5767);
#5764 = B_SPLINE_CURVE_WITH_KNOTS('',1,(#5765,#5766),.UNSPECIFIED.,.F.,
  .F.,(2,2),(0.,1.570796326795),.PIECEWISE_BEZIER_KNOTS.);
#5765 = CARTESIAN_POINT('',(-2.124240654597,0.));
#5766 = CARTESIAN_POINT('',(-2.124240654597,1.570796326795));
#5767 = ( GEOMETRIC_REPRESENTATION_CONTEXT(2) 
PARAMETRIC_REPRESENTATION_CONTEXT() REPRESENTATION_CONTEXT('2D SPACE',''
  ) );
#5768 = PCURVE('',#1972,#5769);
#5769 = DEFINITIONAL_REPRESENTATION('',(#5770),#5773);
#5770 = B_SPLINE_CURVE_WITH_KNOTS('',1,(#5771,#5772),.UNSPECIFIED.,.F.,
  .F.,(2,2),(0.,1.570796326795),.PIECEWISE_BEZIER_KNOTS.);
#5771 = CARTESIAN_POINT('',(0.,0.));
#5772 = CARTESIAN_POINT('',(1.570796326795,0.));
#5773 = ( GEOMETRIC_REPRESENTATION_CONTEXT(2) 
PARAMETRIC_REPRESENTATION_CONTEXT() REPRESENTATION_CONTEXT('2D SPACE',''
  ) );
#5774 = ORIENTED_EDGE('',*,*,#1984,.F.);
#5775 = ADVANCED_FACE('',(#5776),#1972,.T.);
#5776 = FACE_BOUND('',#5777,.T.);
#5777 = EDGE_LOOP('',(#5778,#5779,#5780,#5802));
#5778 = ORIENTED_EDGE('',*,*,#5755,.T.);
#5779 = ORIENTED_EDGE('',*,*,#1956,.T.);
#5780 = ORIENTED_EDGE('',*,*,#5781,.F.);
#5781 = EDGE_CURVE('',#5782,#1924,#5784,.T.);
#5782 = VERTEX_POINT('',#5783);
#5783 = CARTESIAN_POINT('',(-7.903044079266,25.236422123256,-0.65));
#5784 = SURFACE_CURVE('',#5785,(#5790,#5796),.PCURVE_S1.);
#5785 = CIRCLE('',#5786,0.65);
#5786 = AXIS2_PLACEMENT_3D('',#5787,#5788,#5789);
#5787 = CARTESIAN_POINT('',(-8.294360946275,24.717412383854,-0.65));
#5788 = DIRECTION('',(0.798476522157,-0.602025949245,0.));
#5789 = DIRECTION('',(0.602025949245,0.798476522157,0.));
#5790 = PCURVE('',#1972,#5791);
#5791 = DEFINITIONAL_REPRESENTATION('',(#5792),#5795);
#5792 = B_SPLINE_CURVE_WITH_KNOTS('',1,(#5793,#5794),.UNSPECIFIED.,.F.,
  .F.,(2,2),(0.,1.570796326795),.PIECEWISE_BEZIER_KNOTS.);
#5793 = CARTESIAN_POINT('',(0.,10.20575736273));
#5794 = CARTESIAN_POINT('',(1.570796326795,10.20575736273));
#5795 = ( GEOMETRIC_REPRESENTATION_CONTEXT(2) 
PARAMETRIC_REPRESENTATION_CONTEXT() REPRESENTATION_CONTEXT('2D SPACE',''
  ) );
#5796 = PCURVE('',#1944,#5797);
#5797 = DEFINITIONAL_REPRESENTATION('',(#5798),#5801);
#5798 = B_SPLINE_CURVE_WITH_KNOTS('',1,(#5799,#5800),.UNSPECIFIED.,.F.,
  .F.,(2,2),(0.,1.570796326795),.PIECEWISE_BEZIER_KNOTS.);
#5799 = CARTESIAN_POINT('',(0.,0.));
#5800 = CARTESIAN_POINT('',(0.,1.570796326795));
#5801 = ( GEOMETRIC_REPRESENTATION_CONTEXT(2) 
PARAMETRIC_REPRESENTATION_CONTEXT() REPRESENTATION_CONTEXT('2D SPACE',''
  ) );
#5802 = ORIENTED_EDGE('',*,*,#5803,.F.);
#5803 = EDGE_CURVE('',#5732,#5782,#5804,.T.);
#5804 = SURFACE_CURVE('',#5805,(#5809,#5816),.PCURVE_S1.);
#5805 = LINE('',#5806,#5807);
#5806 = CARTESIAN_POINT('',(-16.05210172423,31.380552887319,-0.65));
#5807 = VECTOR('',#5808,1.);
#5808 = DIRECTION('',(0.798476522157,-0.602025949245,0.));
#5809 = PCURVE('',#1972,#5810);
#5810 = DEFINITIONAL_REPRESENTATION('',(#5811),#5815);
#5811 = LINE('',#5812,#5813);
#5812 = CARTESIAN_POINT('',(0.,0.));
#5813 = VECTOR('',#5814,1.);
#5814 = DIRECTION('',(0.,1.));
#5815 = ( GEOMETRIC_REPRESENTATION_CONTEXT(2) 
PARAMETRIC_REPRESENTATION_CONTEXT() REPRESENTATION_CONTEXT('2D SPACE',''
  ) );
#5816 = PCURVE('',#3841,#5817);
#5817 = DEFINITIONAL_REPRESENTATION('',(#5818),#5822);
#5818 = LINE('',#5819,#5820);
#5819 = CARTESIAN_POINT('',(0.,-12.35));
#5820 = VECTOR('',#5821,1.);
#5821 = DIRECTION('',(1.,0.));
#5822 = ( GEOMETRIC_REPRESENTATION_CONTEXT(2) 
PARAMETRIC_REPRESENTATION_CONTEXT() REPRESENTATION_CONTEXT('2D SPACE',''
  ) );
#5823 = ADVANCED_FACE('',(#5824),#1732,.T.);
#5824 = FACE_BOUND('',#5825,.F.);
#5825 = EDGE_LOOP('',(#5826,#5827,#5828,#5848));
#5826 = ORIENTED_EDGE('',*,*,#2299,.T.);
#5827 = ORIENTED_EDGE('',*,*,#1716,.T.);
#5828 = ORIENTED_EDGE('',*,*,#5829,.F.);
#5829 = EDGE_CURVE('',#2325,#1717,#5830,.T.);
#5830 = SURFACE_CURVE('',#5831,(#5836,#5842),.PCURVE_S1.);
#5831 = CIRCLE('',#5832,0.65);
#5832 = AXIS2_PLACEMENT_3D('',#5833,#5834,#5835);
#5833 = CARTESIAN_POINT('',(20.55,17.2,-0.65));
#5834 = DIRECTION('',(0.,-1.,-0.));
#5835 = DIRECTION('',(1.,0.,-0.));
#5836 = PCURVE('',#1732,#5837);
#5837 = DEFINITIONAL_REPRESENTATION('',(#5838),#5841);
#5838 = B_SPLINE_CURVE_WITH_KNOTS('',1,(#5839,#5840),.UNSPECIFIED.,.F.,
  .F.,(2,2),(0.,1.570796326795),.PIECEWISE_BEZIER_KNOTS.);
#5839 = CARTESIAN_POINT('',(0.,34.4));
#5840 = CARTESIAN_POINT('',(-1.570796326795,34.4));
#5841 = ( GEOMETRIC_REPRESENTATION_CONTEXT(2) 
PARAMETRIC_REPRESENTATION_CONTEXT() REPRESENTATION_CONTEXT('2D SPACE',''
  ) );
#5842 = PCURVE('',#1761,#5843);
#5843 = DEFINITIONAL_REPRESENTATION('',(#5844),#5847);
#5844 = B_SPLINE_CURVE_WITH_KNOTS('',1,(#5845,#5846),.UNSPECIFIED.,.F.,
  .F.,(2,2),(0.,1.570796326795),.PIECEWISE_BEZIER_KNOTS.);
#5845 = CARTESIAN_POINT('',(0.,0.));
#5846 = CARTESIAN_POINT('',(0.,1.570796326795));
#5847 = ( GEOMETRIC_REPRESENTATION_CONTEXT(2) 
PARAMETRIC_REPRESENTATION_CONTEXT() REPRESENTATION_CONTEXT('2D SPACE',''
  ) );
#5848 = ORIENTED_EDGE('',*,*,#2324,.F.);
#5849 = ADVANCED_FACE('',(#5850),#1944,.T.);
#5850 = FACE_BOUND('',#5851,.F.);
#5851 = EDGE_LOOP('',(#5852,#5853,#5877,#5943));
#5852 = ORIENTED_EDGE('',*,*,#5781,.F.);
#5853 = ORIENTED_EDGE('',*,*,#5854,.T.);
#5854 = EDGE_CURVE('',#5782,#5855,#5857,.T.);
#5855 = VERTEX_POINT('',#5856);
#5856 = CARTESIAN_POINT('',(-7.856662465185,25.2,-0.65));
#5857 = SURFACE_CURVE('',#5858,(#5863,#5870),.PCURVE_S1.);
#5858 = CIRCLE('',#5859,1.5);
#5859 = AXIS2_PLACEMENT_3D('',#5860,#5861,#5862);
#5860 = CARTESIAN_POINT('',(-8.806083003134,24.038707340021,-0.65));
#5861 = DIRECTION('',(0.,0.,-1.));
#5862 = DIRECTION('',(0.602025949245,0.798476522157,0.));
#5863 = PCURVE('',#1944,#5864);
#5864 = DEFINITIONAL_REPRESENTATION('',(#5865),#5869);
#5865 = LINE('',#5866,#5867);
#5866 = CARTESIAN_POINT('',(-0.,0.));
#5867 = VECTOR('',#5868,1.);
#5868 = DIRECTION('',(-1.,0.));
#5869 = ( GEOMETRIC_REPRESENTATION_CONTEXT(2) 
PARAMETRIC_REPRESENTATION_CONTEXT() REPRESENTATION_CONTEXT('2D SPACE',''
  ) );
#5870 = PCURVE('',#3900,#5871);
#5871 = DEFINITIONAL_REPRESENTATION('',(#5872),#5876);
#5872 = LINE('',#5873,#5874);
#5873 = CARTESIAN_POINT('',(2.216832284405,-12.35));
#5874 = VECTOR('',#5875,1.);
#5875 = DIRECTION('',(1.,0.));
#5876 = ( GEOMETRIC_REPRESENTATION_CONTEXT(2) 
PARAMETRIC_REPRESENTATION_CONTEXT() REPRESENTATION_CONTEXT('2D SPACE',''
  ) );
#5877 = ORIENTED_EDGE('',*,*,#5878,.T.);
#5878 = EDGE_CURVE('',#5855,#1896,#5879,.T.);
#5879 = SURFACE_CURVE('',#5880,(#5899,#5921),.PCURVE_S1.);
#5880 = B_SPLINE_CURVE_WITH_KNOTS('',5,(#5881,#5882,#5883,#5884,#5885,
    #5886,#5887,#5888,#5889,#5890,#5891,#5892,#5893,#5894,#5895,#5896,
    #5897,#5898),.UNSPECIFIED.,.F.,.F.,(6,4,4,4,6),(0.,0.223842393815,
    0.448608405313,0.821661129571,1.),.UNSPECIFIED.);
#5881 = CARTESIAN_POINT('',(-7.856662465185,25.2,-0.65));
#5882 = CARTESIAN_POINT('',(-7.856662465185,25.2,-0.603258107539));
#5883 = CARTESIAN_POINT('',(-7.858161394253,25.19579847186,
    -0.556515468959));
#5884 = CARTESIAN_POINT('',(-7.861159216296,25.187395031312,
    -0.510305234261));
#5885 = CARTESIAN_POINT('',(-7.865640278566,25.174901566751,
    -0.465155017219));
#5886 = CARTESIAN_POINT('',(-7.877531933573,25.142091943327,
    -0.377759833859));
#5887 = CARTESIAN_POINT('',(-7.88495470857,25.121743228551,
    -0.335526346555));
#5888 = CARTESIAN_POINT('',(-7.893811055341,25.097698753775,
    -0.295335579407));
#5889 = CARTESIAN_POINT('',(-7.904055823899,25.070271032754,
    -0.257621142485));
#5890 = CARTESIAN_POINT('',(-7.934842340605,24.98933413797,
    -0.164830729625));
#5891 = CARTESIAN_POINT('',(-7.957719629792,24.930553154473,
    -0.114712597629));
#5892 = CARTESIAN_POINT('',(-7.983994355326,24.865238418823,
    -7.399141677423E-02));
#5893 = CARTESIAN_POINT('',(-8.013319882791,24.795600878713,
    -4.359836439172E-02));
#5894 = CARTESIAN_POINT('',(-8.060522982767,24.689570113744,
    -1.416441664224E-02));
#5895 = CARTESIAN_POINT('',(-8.076386864802,24.65479529238,
    -7.039177525956E-03));
#5896 = CARTESIAN_POINT('',(-8.092799937547,24.619783352508,
    -2.325404661874E-03));
#5897 = CARTESIAN_POINT('',(-8.109708834713,24.584773417235,
    1.174621111488E-09));
#5898 = CARTESIAN_POINT('',(-8.127054420636,24.550000000002,0.));
#5899 = PCURVE('',#1944,#5900);
#5900 = DEFINITIONAL_REPRESENTATION('',(#5901),#5920);
#5901 = B_SPLINE_CURVE_WITH_KNOTS('',5,(#5902,#5903,#5904,#5905,#5906,
    #5907,#5908,#5909,#5910,#5911,#5912,#5913,#5914,#5915,#5916,#5917,
    #5918,#5919),.UNSPECIFIED.,.F.,.F.,(6,4,4,4,6),(0.,0.223842393815,
    0.448608405313,0.821661129571,1.),.UNSPECIFIED.);
#5902 = CARTESIAN_POINT('',(-3.9317924962E-02,0.));
#5903 = CARTESIAN_POINT('',(-3.9317924962E-02,7.191060378683E-02));
#5904 = CARTESIAN_POINT('',(-4.031720100742E-02,0.143822326735));
#5905 = CARTESIAN_POINT('',(-4.231579295829E-02,0.215689839906));
#5906 = CARTESIAN_POINT('',(-4.533103760248E-02,0.287475530008));
#5907 = CARTESIAN_POINT('',(-5.348421284367E-02,0.431092290446));
#5908 = CARTESIAN_POINT('',(-5.863096356964E-02,0.502924384525));
#5909 = CARTESIAN_POINT('',(-6.487637294854E-02,0.574589184226));
#5910 = CARTESIAN_POINT('',(-7.227738319311E-02,0.646051929993));
#5911 = CARTESIAN_POINT('',(-9.52551284154E-02,0.835481729363));
#5912 = CARTESIAN_POINT('',(-0.113005228613,0.95303109101));
#5913 = CARTESIAN_POINT('',(-0.134543991133,1.069739894438));
#5914 = CARTESIAN_POINT('',(-0.160454275208,1.185478446403));
#5915 = CARTESIAN_POINT('',(-0.206557171795,1.354771304943));
#5916 = CARTESIAN_POINT('',(-0.222675629973,1.40925306367));
#5917 = CARTESIAN_POINT('',(-0.240101121038,1.46343848997));
#5918 = CARTESIAN_POINT('',(-0.258950356102,1.517298180194));
#5919 = CARTESIAN_POINT('',(-0.279356931613,1.570796326795));
#5920 = ( GEOMETRIC_REPRESENTATION_CONTEXT(2) 
PARAMETRIC_REPRESENTATION_CONTEXT() REPRESENTATION_CONTEXT('2D SPACE',''
  ) );
#5921 = PCURVE('',#1911,#5922);
#5922 = DEFINITIONAL_REPRESENTATION('',(#5923),#5942);
#5923 = B_SPLINE_CURVE_WITH_KNOTS('',5,(#5924,#5925,#5926,#5927,#5928,
    #5929,#5930,#5931,#5932,#5933,#5934,#5935,#5936,#5937,#5938,#5939,
    #5940,#5941),.UNSPECIFIED.,.F.,.F.,(6,4,4,4,6),(0.,0.223842393815,
    0.448608405313,0.821661129571,1.),.UNSPECIFIED.);
#5924 = CARTESIAN_POINT('',(0.,21.056662465185));
#5925 = CARTESIAN_POINT('',(-7.191060378683E-02,21.056662465185));
#5926 = CARTESIAN_POINT('',(-0.143822326735,21.058161394253));
#5927 = CARTESIAN_POINT('',(-0.215689839906,21.061159216296));
#5928 = CARTESIAN_POINT('',(-0.287475530008,21.065640278566));
#5929 = CARTESIAN_POINT('',(-0.431092290446,21.077531933573));
#5930 = CARTESIAN_POINT('',(-0.502924384525,21.08495470857));
#5931 = CARTESIAN_POINT('',(-0.574589184226,21.093811055341));
#5932 = CARTESIAN_POINT('',(-0.646051929993,21.104055823899));
#5933 = CARTESIAN_POINT('',(-0.835481729363,21.134842340605));
#5934 = CARTESIAN_POINT('',(-0.95303109101,21.157719629792));
#5935 = CARTESIAN_POINT('',(-1.069739894438,21.183994355326));
#5936 = CARTESIAN_POINT('',(-1.185478446403,21.213319882791));
#5937 = CARTESIAN_POINT('',(-1.354771304943,21.260522982767));
#5938 = CARTESIAN_POINT('',(-1.40925306367,21.276386864802));
#5939 = CARTESIAN_POINT('',(-1.46343848997,21.292799937547));
#5940 = CARTESIAN_POINT('',(-1.517298180194,21.309708834713));
#5941 = CARTESIAN_POINT('',(-1.570796326795,21.327054420636));
#5942 = ( GEOMETRIC_REPRESENTATION_CONTEXT(2) 
PARAMETRIC_REPRESENTATION_CONTEXT() REPRESENTATION_CONTEXT('2D SPACE',''
  ) );
#5943 = ORIENTED_EDGE('',*,*,#1923,.F.);
#5944 = ADVANCED_FACE('',(#5945),#1761,.T.);
#5945 = FACE_BOUND('',#5946,.T.);
#5946 = EDGE_LOOP('',(#5947,#5948,#5949,#5973));
#5947 = ORIENTED_EDGE('',*,*,#1744,.F.);
#5948 = ORIENTED_EDGE('',*,*,#5829,.F.);
#5949 = ORIENTED_EDGE('',*,*,#5950,.T.);
#5950 = EDGE_CURVE('',#2325,#5951,#5953,.T.);
#5951 = VERTEX_POINT('',#5952);
#5952 = CARTESIAN_POINT('',(19.172956179011,22.522010379886,-0.65));
#5953 = SURFACE_CURVE('',#5954,(#5959,#5966),.PCURVE_S1.);
#5954 = CIRCLE('',#5955,8.);
#5955 = AXIS2_PLACEMENT_3D('',#5956,#5957,#5958);
#5956 = CARTESIAN_POINT('',(13.2,17.2,-0.65));
#5957 = DIRECTION('',(0.,0.,1.));
#5958 = DIRECTION('',(1.,0.,-0.));
#5959 = PCURVE('',#1761,#5960);
#5960 = DEFINITIONAL_REPRESENTATION('',(#5961),#5965);
#5961 = LINE('',#5962,#5963);
#5962 = CARTESIAN_POINT('',(0.,0.));
#5963 = VECTOR('',#5964,1.);
#5964 = DIRECTION('',(1.,0.));
#5965 = ( GEOMETRIC_REPRESENTATION_CONTEXT(2) 
PARAMETRIC_REPRESENTATION_CONTEXT() REPRESENTATION_CONTEXT('2D SPACE',''
  ) );
#5966 = PCURVE('',#2363,#5967);
#5967 = DEFINITIONAL_REPRESENTATION('',(#5968),#5972);
#5968 = LINE('',#5969,#5970);
#5969 = CARTESIAN_POINT('',(0.,12.35));
#5970 = VECTOR('',#5971,1.);
#5971 = DIRECTION('',(1.,0.));
#5972 = ( GEOMETRIC_REPRESENTATION_CONTEXT(2) 
PARAMETRIC_REPRESENTATION_CONTEXT() REPRESENTATION_CONTEXT('2D SPACE',''
  ) );
#5973 = ORIENTED_EDGE('',*,*,#5974,.T.);
#5974 = EDGE_CURVE('',#5951,#1745,#5975,.T.);
#5975 = SURFACE_CURVE('',#5976,(#5999,#6025),.PCURVE_S1.);
#5976 = B_SPLINE_CURVE_WITH_KNOTS('',5,(#5977,#5978,#5979,#5980,#5981,
    #5982,#5983,#5984,#5985,#5986,#5987,#5988,#5989,#5990,#5991,#5992,
    #5993,#5994,#5995,#5996,#5997,#5998),.UNSPECIFIED.,.F.,.F.,(6,4,4,4,
    4,6),(0.,0.259322026386,0.519436557629,0.758393464192,0.969313024258
    ,1.),.UNSPECIFIED.);
#5977 = CARTESIAN_POINT('',(19.17295617901,22.522010379887,-0.65));
#5978 = CARTESIAN_POINT('',(19.17295617901,22.522010379887,
    -0.596518357178));
#5979 = CARTESIAN_POINT('',(19.167646404019,22.51970123296,
    -0.543034947171));
#5980 = CARTESIAN_POINT('',(19.157026051224,22.515082725447,
    -0.490338241742));
#5981 = CARTESIAN_POINT('',(19.141272146212,22.508224231675,
    -0.439202882178));
#5982 = CARTESIAN_POINT('',(19.1000895664,22.490259891697,
    -0.341295116515));
#5983 = CARTESIAN_POINT('',(19.074630275889,22.479140621436,
    -0.294533818683));
#5984 = CARTESIAN_POINT('',(19.044663559179,22.466028705659,
    -0.250740809706));
#5985 = CARTESIAN_POINT('',(19.010659781286,22.451111731525,
    -0.210516790548));
#5986 = CARTESIAN_POINT('',(18.938734196391,22.419460614082,
    -0.141093501896));
#5987 = CARTESIAN_POINT('',(18.901355072057,22.402972547618,
    -0.111262717725));
#5988 = CARTESIAN_POINT('',(18.861463207464,22.385325543412,
    -8.520674191634E-02));
#5989 = CARTESIAN_POINT('',(18.819539191408,22.36671832195,
    -6.319582064946E-02));
#5990 = CARTESIAN_POINT('',(18.737725865264,22.330279282298,
    -2.970610203958E-02));
#5991 = CARTESIAN_POINT('',(18.698174710354,22.312612526834,
    -1.729446572118E-02));
#5992 = CARTESIAN_POINT('',(18.657773377575,22.294508998376,
    -8.294382823341E-03));
#5993 = CARTESIAN_POINT('',(18.616876379351,22.27612251108,
    -2.771634132569E-03));
#5994 = CARTESIAN_POINT('',(18.569866574728,22.25491746298,
    -4.436204136028E-04));
#5995 = CARTESIAN_POINT('',(18.56389275128,22.252221509303,
    -2.218183793928E-04));
#5996 = CARTESIAN_POINT('',(18.557917008534,22.249523394155,
    -7.39405771512E-05));
#5997 = CARTESIAN_POINT('',(18.551940437171,22.246823601282,
    -3.501277134887E-09));
#5998 = CARTESIAN_POINT('',(18.545964132735,22.24412260561,
    -1.043609643148E-13));
#5999 = PCURVE('',#1761,#6000);
#6000 = DEFINITIONAL_REPRESENTATION('',(#6001),#6024);
#6001 = B_SPLINE_CURVE_WITH_KNOTS('',5,(#6002,#6003,#6004,#6005,#6006,
    #6007,#6008,#6009,#6010,#6011,#6012,#6013,#6014,#6015,#6016,#6017,
    #6018,#6019,#6020,#6021,#6022,#6023),.UNSPECIFIED.,.F.,.F.,(6,4,4,4,
    4,6),(0.,0.259322026386,0.519436557629,0.758393464192,0.969313024258
    ,1.),.UNSPECIFIED.);
#6002 = CARTESIAN_POINT('',(0.727830347937,0.));
#6003 = CARTESIAN_POINT('',(0.727830347937,8.227945049554E-02));
#6004 = CARTESIAN_POINT('',(0.728056391686,0.164561517643));
#6005 = CARTESIAN_POINT('',(0.728508469962,0.246794318931));
#6006 = CARTESIAN_POINT('',(0.729181640926,0.32894443148));
#6007 = CARTESIAN_POINT('',(0.730953588151,0.493253389829));
#6008 = CARTESIAN_POINT('',(0.73205370629,0.575415932999));
#6009 = CARTESIAN_POINT('',(0.733356891216,0.657425443742));
#6010 = CARTESIAN_POINT('',(0.73484904392,0.739272049194));
#6011 = CARTESIAN_POINT('',(0.738039775385,0.895986772982));
#6012 = CARTESIAN_POINT('',(0.739711732069,0.970883135893));
#6013 = CARTESIAN_POINT('',(0.741513902272,1.045639819568));
#6014 = CARTESIAN_POINT('',(0.743429655119,1.120272051834));
#6015 = CARTESIAN_POINT('',(0.747214047738,1.260584725211));
#6016 = CARTESIAN_POINT('',(0.749061853765,1.326288562681));
#6017 = CARTESIAN_POINT('',(0.750970007206,1.391927553277));
#6018 = CARTESIAN_POINT('',(0.752923793084,1.457522809534));
#6019 = CARTESIAN_POINT('',(0.755195535957,1.532637539704));
#6020 = CARTESIAN_POINT('',(0.755484697455,1.542177584109));
#6021 = CARTESIAN_POINT('',(0.755774432514,1.551717253542));
#6022 = CARTESIAN_POINT('',(0.756064690049,1.561256620918));
#6023 = CARTESIAN_POINT('',(0.75635541678,1.570795764898));
#6024 = ( GEOMETRIC_REPRESENTATION_CONTEXT(2) 
PARAMETRIC_REPRESENTATION_CONTEXT() REPRESENTATION_CONTEXT('2D SPACE',''
  ) );
#6025 = PCURVE('',#1789,#6026);
#6026 = DEFINITIONAL_REPRESENTATION('',(#6027),#6050);
#6027 = B_SPLINE_CURVE_WITH_KNOTS('',5,(#6028,#6029,#6030,#6031,#6032,
    #6033,#6034,#6035,#6036,#6037,#6038,#6039,#6040,#6041,#6042,#6043,
    #6044,#6045,#6046,#6047,#6048,#6049),.UNSPECIFIED.,.F.,.F.,(6,4,4,4,
    4,6),(0.,0.259322026386,0.519436557629,0.758393464192,0.969313024258
    ,1.),.UNSPECIFIED.);
#6028 = CARTESIAN_POINT('',(2.6645352591E-15,7.833070097285));
#6029 = CARTESIAN_POINT('',(8.227945049554E-02,7.833070097285));
#6030 = CARTESIAN_POINT('',(0.164561517643,7.834878414349));
#6031 = CARTESIAN_POINT('',(0.246794318931,7.838495186995));
#6032 = CARTESIAN_POINT('',(0.32894443148,7.843867705738));
#6033 = CARTESIAN_POINT('',(0.493253389829,7.857947378674));
#6034 = CARTESIAN_POINT('',(0.575415932999,7.86666506871));
#6035 = CARTESIAN_POINT('',(0.657425443742,7.876950114822));
#6036 = CARTESIAN_POINT('',(0.739272049194,7.88865922305));
#6037 = CARTESIAN_POINT('',(0.895986772982,7.913524566196));
#6038 = CARTESIAN_POINT('',(0.970883135893,7.926485954455));
#6039 = CARTESIAN_POINT('',(1.045639819568,7.940368989677));
#6040 = CARTESIAN_POINT('',(1.120272051834,7.955020237547));
#6041 = CARTESIAN_POINT('',(1.260584725211,7.983738779152));
#6042 = CARTESIAN_POINT('',(1.326288562681,7.997672982834));
#6043 = CARTESIAN_POINT('',(1.391927553277,8.011963481651));
#6044 = CARTESIAN_POINT('',(1.457522809534,8.026489898317));
#6045 = CARTESIAN_POINT('',(1.532637539704,8.043257616038));
#6046 = CARTESIAN_POINT('',(1.542177581687,8.045389685437));
#6047 = CARTESIAN_POINT('',(1.551717254075,8.047523729591));
#6048 = CARTESIAN_POINT('',(1.561256625808,8.04965936767));
#6049 = CARTESIAN_POINT('',(1.570795759805,8.051796228075));
#6050 = ( GEOMETRIC_REPRESENTATION_CONTEXT(2) 
PARAMETRIC_REPRESENTATION_CONTEXT() REPRESENTATION_CONTEXT('2D SPACE',''
  ) );
#6051 = ADVANCED_FACE('',(#6052),#1911,.T.);
#6052 = FACE_BOUND('',#6053,.F.);
#6053 = EDGE_LOOP('',(#6054,#6077,#6143,#6144));
#6054 = ORIENTED_EDGE('',*,*,#6055,.F.);
#6055 = EDGE_CURVE('',#6056,#5855,#6058,.T.);
#6056 = VERTEX_POINT('',#6057);
#6057 = CARTESIAN_POINT('',(7.856662465185,25.2,-0.65));
#6058 = SURFACE_CURVE('',#6059,(#6063,#6070),.PCURVE_S1.);
#6059 = LINE('',#6060,#6061);
#6060 = CARTESIAN_POINT('',(13.2,25.2,-0.65));
#6061 = VECTOR('',#6062,1.);
#6062 = DIRECTION('',(-1.,0.,0.));
#6063 = PCURVE('',#1911,#6064);
#6064 = DEFINITIONAL_REPRESENTATION('',(#6065),#6069);
#6065 = LINE('',#6066,#6067);
#6066 = CARTESIAN_POINT('',(-0.,0.));
#6067 = VECTOR('',#6068,1.);
#6068 = DIRECTION('',(-0.,1.));
#6069 = ( GEOMETRIC_REPRESENTATION_CONTEXT(2) 
PARAMETRIC_REPRESENTATION_CONTEXT() REPRESENTATION_CONTEXT('2D SPACE',''
  ) );
#6070 = PCURVE('',#4093,#6071);
#6071 = DEFINITIONAL_REPRESENTATION('',(#6072),#6076);
#6072 = LINE('',#6073,#6074);
#6073 = CARTESIAN_POINT('',(8.,-12.35));
#6074 = VECTOR('',#6075,1.);
#6075 = DIRECTION('',(1.,0.));
#6076 = ( GEOMETRIC_REPRESENTATION_CONTEXT(2) 
PARAMETRIC_REPRESENTATION_CONTEXT() REPRESENTATION_CONTEXT('2D SPACE',''
  ) );
#6077 = ORIENTED_EDGE('',*,*,#6078,.T.);
#6078 = EDGE_CURVE('',#6056,#1863,#6079,.T.);
#6079 = SURFACE_CURVE('',#6080,(#6099,#6121),.PCURVE_S1.);
#6080 = B_SPLINE_CURVE_WITH_KNOTS('',5,(#6081,#6082,#6083,#6084,#6085,
    #6086,#6087,#6088,#6089,#6090,#6091,#6092,#6093,#6094,#6095,#6096,
    #6097,#6098),.UNSPECIFIED.,.F.,.F.,(6,4,4,4,6),(0.,0.223842393753,
    0.44860840525,0.821661129505,1.),.UNSPECIFIED.);
#6081 = CARTESIAN_POINT('',(7.856662465185,25.2,-0.65));
#6082 = CARTESIAN_POINT('',(7.856662465185,25.2,-0.603258107552));
#6083 = CARTESIAN_POINT('',(7.858161394252,25.195798471863,
    -0.556515468986));
#6084 = CARTESIAN_POINT('',(7.861159216294,25.187395031319,-0.5103052343
    ));
#6085 = CARTESIAN_POINT('',(7.865640278561,25.174901566765,
    -0.465155017269));
#6086 = CARTESIAN_POINT('',(7.877531933563,25.142091943354,
    -0.377759833918));
#6087 = CARTESIAN_POINT('',(7.884954708558,25.121743228583,
    -0.335526346612));
#6088 = CARTESIAN_POINT('',(7.893811055328,25.097698753811,
    -0.295335579461));
#6089 = CARTESIAN_POINT('',(7.904055823884,25.070271032793,
    -0.257621142537));
#6090 = CARTESIAN_POINT('',(7.934842340587,24.989334138019,
    -0.164830729669));
#6091 = CARTESIAN_POINT('',(7.957719629771,24.930553154526,
    -0.114712597667));
#6092 = CARTESIAN_POINT('',(7.983994355302,24.865238418881,
    -7.39914168058E-02));
#6093 = CARTESIAN_POINT('',(8.013319882766,24.795600878774,
    -4.359836441629E-02));
#6094 = CARTESIAN_POINT('',(8.060522982744,24.689570113795,
    -1.416441665261E-02));
#6095 = CARTESIAN_POINT('',(8.076386864783,24.654795292417,
    -7.039177531089E-03));
#6096 = CARTESIAN_POINT('',(8.092799937535,24.619783352534,
    -2.325404663547E-03));
#6097 = CARTESIAN_POINT('',(8.109708834709,24.584773417249,
    1.174650332558E-09));
#6098 = CARTESIAN_POINT('',(8.127054420634,24.55,0.));
#6099 = PCURVE('',#1911,#6100);
#6100 = DEFINITIONAL_REPRESENTATION('',(#6101),#6120);
#6101 = B_SPLINE_CURVE_WITH_KNOTS('',5,(#6102,#6103,#6104,#6105,#6106,
    #6107,#6108,#6109,#6110,#6111,#6112,#6113,#6114,#6115,#6116,#6117,
    #6118,#6119),.UNSPECIFIED.,.F.,.F.,(6,4,4,4,6),(0.,0.223842393753,
    0.44860840525,0.821661129505,1.),.UNSPECIFIED.);
#6102 = CARTESIAN_POINT('',(0.,5.343337534815));
#6103 = CARTESIAN_POINT('',(-7.191060376678E-02,5.343337534815));
#6104 = CARTESIAN_POINT('',(-0.143822326695,5.341838605748));
#6105 = CARTESIAN_POINT('',(-0.215689839845,5.338840783706));
#6106 = CARTESIAN_POINT('',(-0.287475529928,5.334359721439));
#6107 = CARTESIAN_POINT('',(-0.431092290346,5.322468066437));
#6108 = CARTESIAN_POINT('',(-0.502924384425,5.315045291442));
#6109 = CARTESIAN_POINT('',(-0.574589184126,5.306188944672));
#6110 = CARTESIAN_POINT('',(-0.646051929893,5.295944176116));
#6111 = CARTESIAN_POINT('',(-0.835481729263,5.265157659413));
#6112 = CARTESIAN_POINT('',(-0.95303109091,5.242280370229));
#6113 = CARTESIAN_POINT('',(-1.069739894338,5.216005644698));
#6114 = CARTESIAN_POINT('',(-1.185478446303,5.186680117234));
#6115 = CARTESIAN_POINT('',(-1.354771304864,5.139477017256));
#6116 = CARTESIAN_POINT('',(-1.40925306361,5.123613135217));
#6117 = CARTESIAN_POINT('',(-1.463438489931,5.107200062465));
#6118 = CARTESIAN_POINT('',(-1.517298180176,5.090291165291));
#6119 = CARTESIAN_POINT('',(-1.570796326795,5.072945579366));
#6120 = ( GEOMETRIC_REPRESENTATION_CONTEXT(2) 
PARAMETRIC_REPRESENTATION_CONTEXT() REPRESENTATION_CONTEXT('2D SPACE',''
  ) );
#6121 = PCURVE('',#1883,#6122);
#6122 = DEFINITIONAL_REPRESENTATION('',(#6123),#6142);
#6123 = B_SPLINE_CURVE_WITH_KNOTS('',5,(#6124,#6125,#6126,#6127,#6128,
    #6129,#6130,#6131,#6132,#6133,#6134,#6135,#6136,#6137,#6138,#6139,
    #6140,#6141),.UNSPECIFIED.,.F.,.F.,(6,4,4,4,6),(0.,0.223842393753,
    0.44860840525,0.821661129505,1.),.UNSPECIFIED.);
#6124 = CARTESIAN_POINT('',(-2.143146008951,0.));
#6125 = CARTESIAN_POINT('',(-2.143146008951,7.191060376678E-02));
#6126 = CARTESIAN_POINT('',(-2.142146732906,0.143822326695));
#6127 = CARTESIAN_POINT('',(-2.140148140956,0.215689839845));
#6128 = CARTESIAN_POINT('',(-2.137132896314,0.287475529928));
#6129 = CARTESIAN_POINT('',(-2.128979721076,0.431092290346));
#6130 = CARTESIAN_POINT('',(-2.123832970351,0.502924384425));
#6131 = CARTESIAN_POINT('',(-2.117587560974,0.574589184126));
#6132 = CARTESIAN_POINT('',(-2.110186550731,0.646051929893));
#6133 = CARTESIAN_POINT('',(-2.087208805512,0.835481729263));
#6134 = CARTESIAN_POINT('',(-2.069458705318,0.95303109091));
#6135 = CARTESIAN_POINT('',(-2.0479199428,1.069739894338));
#6136 = CARTESIAN_POINT('',(-2.022009658728,1.185478446303));
#6137 = CARTESIAN_POINT('',(-1.975906762141,1.354771304864));
#6138 = CARTESIAN_POINT('',(-1.959788303957,1.40925306361));
#6139 = CARTESIAN_POINT('',(-1.942362812889,1.463438489931));
#6140 = CARTESIAN_POINT('',(-1.923513577822,1.517298180176));
#6141 = CARTESIAN_POINT('',(-1.903107002296,1.570796326795));
#6142 = ( GEOMETRIC_REPRESENTATION_CONTEXT(2) 
PARAMETRIC_REPRESENTATION_CONTEXT() REPRESENTATION_CONTEXT('2D SPACE',''
  ) );
#6143 = ORIENTED_EDGE('',*,*,#1895,.T.);
#6144 = ORIENTED_EDGE('',*,*,#5878,.F.);
#6145 = ADVANCED_FACE('',(#6146),#1789,.T.);
#6146 = FACE_BOUND('',#6147,.T.);
#6147 = EDGE_LOOP('',(#6148,#6171,#6191,#6192));
#6148 = ORIENTED_EDGE('',*,*,#6149,.F.);
#6149 = EDGE_CURVE('',#6150,#5951,#6152,.T.);
#6150 = VERTEX_POINT('',#6151);
#6151 = CARTESIAN_POINT('',(18.448715333102,30.321527181977,-0.65));
#6152 = SURFACE_CURVE('',#6153,(#6157,#6164),.PCURVE_S1.);
#6153 = LINE('',#6154,#6155);
#6154 = CARTESIAN_POINT('',(18.448715333102,30.321527181977,-0.65));
#6155 = VECTOR('',#6156,1.);
#6156 = DIRECTION('',(9.245938526191E-02,-0.995716456667,0.));
#6157 = PCURVE('',#1789,#6158);
#6158 = DEFINITIONAL_REPRESENTATION('',(#6159),#6163);
#6159 = LINE('',#6160,#6161);
#6160 = CARTESIAN_POINT('',(0.,0.));
#6161 = VECTOR('',#6162,1.);
#6162 = DIRECTION('',(0.,1.));
#6163 = ( GEOMETRIC_REPRESENTATION_CONTEXT(2) 
PARAMETRIC_REPRESENTATION_CONTEXT() REPRESENTATION_CONTEXT('2D SPACE',''
  ) );
#6164 = PCURVE('',#4192,#6165);
#6165 = DEFINITIONAL_REPRESENTATION('',(#6166),#6170);
#6166 = LINE('',#6167,#6168);
#6167 = CARTESIAN_POINT('',(0.,-12.35));
#6168 = VECTOR('',#6169,1.);
#6169 = DIRECTION('',(1.,0.));
#6170 = ( GEOMETRIC_REPRESENTATION_CONTEXT(2) 
PARAMETRIC_REPRESENTATION_CONTEXT() REPRESENTATION_CONTEXT('2D SPACE',''
  ) );
#6171 = ORIENTED_EDGE('',*,*,#6172,.T.);
#6172 = EDGE_CURVE('',#6150,#1774,#6173,.T.);
#6173 = SURFACE_CURVE('',#6174,(#6179,#6185),.PCURVE_S1.);
#6174 = CIRCLE('',#6175,0.65);
#6175 = AXIS2_PLACEMENT_3D('',#6176,#6177,#6178);
#6176 = CARTESIAN_POINT('',(17.801499636269,30.261428581557,-0.65));
#6177 = DIRECTION('',(9.245938526191E-02,-0.995716456667,0.));
#6178 = DIRECTION('',(0.995716456667,9.245938526191E-02,0.));
#6179 = PCURVE('',#1789,#6180);
#6180 = DEFINITIONAL_REPRESENTATION('',(#6181),#6184);
#6181 = B_SPLINE_CURVE_WITH_KNOTS('',1,(#6182,#6183),.UNSPECIFIED.,.F.,
  .F.,(2,2),(0.,1.570796326795),.PIECEWISE_BEZIER_KNOTS.);
#6182 = CARTESIAN_POINT('',(0.,0.));
#6183 = CARTESIAN_POINT('',(1.570796326795,0.));
#6184 = ( GEOMETRIC_REPRESENTATION_CONTEXT(2) 
PARAMETRIC_REPRESENTATION_CONTEXT() REPRESENTATION_CONTEXT('2D SPACE',''
  ) );
#6185 = PCURVE('',#1822,#6186);
#6186 = DEFINITIONAL_REPRESENTATION('',(#6187),#6190);
#6187 = B_SPLINE_CURVE_WITH_KNOTS('',1,(#6188,#6189),.UNSPECIFIED.,.F.,
  .F.,(2,2),(0.,1.570796326795),.PIECEWISE_BEZIER_KNOTS.);
#6188 = CARTESIAN_POINT('',(-2.124240654597,0.));
#6189 = CARTESIAN_POINT('',(-2.124240654597,1.570796326795));
#6190 = ( GEOMETRIC_REPRESENTATION_CONTEXT(2) 
PARAMETRIC_REPRESENTATION_CONTEXT() REPRESENTATION_CONTEXT('2D SPACE',''
  ) );
#6191 = ORIENTED_EDGE('',*,*,#1773,.T.);
#6192 = ORIENTED_EDGE('',*,*,#5974,.F.);
#6193 = ADVANCED_FACE('',(#6194),#1883,.T.);
#6194 = FACE_BOUND('',#6195,.F.);
#6195 = EDGE_LOOP('',(#6196,#6197,#6221,#6241));
#6196 = ORIENTED_EDGE('',*,*,#6078,.F.);
#6197 = ORIENTED_EDGE('',*,*,#6198,.T.);
#6198 = EDGE_CURVE('',#6056,#6199,#6201,.T.);
#6199 = VERTEX_POINT('',#6200);
#6200 = CARTESIAN_POINT('',(7.903044079266,25.236422123256,-0.65));
#6201 = SURFACE_CURVE('',#6202,(#6207,#6214),.PCURVE_S1.);
#6202 = CIRCLE('',#6203,1.5);
#6203 = AXIS2_PLACEMENT_3D('',#6204,#6205,#6206);
#6204 = CARTESIAN_POINT('',(8.806083003134,24.038707340021,-0.65));
#6205 = DIRECTION('',(0.,0.,-1.));
#6206 = DIRECTION('',(-0.308002513919,-0.951385542995,-0.));
#6207 = PCURVE('',#1883,#6208);
#6208 = DEFINITIONAL_REPRESENTATION('',(#6209),#6213);
#6209 = LINE('',#6210,#6211);
#6210 = CARTESIAN_POINT('',(-0.,0.));
#6211 = VECTOR('',#6212,1.);
#6212 = DIRECTION('',(-1.,0.));
#6213 = ( GEOMETRIC_REPRESENTATION_CONTEXT(2) 
PARAMETRIC_REPRESENTATION_CONTEXT() REPRESENTATION_CONTEXT('2D SPACE',''
  ) );
#6214 = PCURVE('',#4247,#6215);
#6215 = DEFINITIONAL_REPRESENTATION('',(#6216),#6220);
#6216 = LINE('',#6217,#6218);
#6217 = CARTESIAN_POINT('',(5.025481742452,-12.35));
#6218 = VECTOR('',#6219,1.);
#6219 = DIRECTION('',(1.,0.));
#6220 = ( GEOMETRIC_REPRESENTATION_CONTEXT(2) 
PARAMETRIC_REPRESENTATION_CONTEXT() REPRESENTATION_CONTEXT('2D SPACE',''
  ) );
#6221 = ORIENTED_EDGE('',*,*,#6222,.T.);
#6222 = EDGE_CURVE('',#6199,#1835,#6223,.T.);
#6223 = SURFACE_CURVE('',#6224,(#6229,#6235),.PCURVE_S1.);
#6224 = CIRCLE('',#6225,0.65);
#6225 = AXIS2_PLACEMENT_3D('',#6226,#6227,#6228);
#6226 = CARTESIAN_POINT('',(8.294360946275,24.717412383854,-0.65));
#6227 = DIRECTION('',(0.798476522157,0.602025949245,0.));
#6228 = DIRECTION('',(-0.602025949245,0.798476522157,0.));
#6229 = PCURVE('',#1883,#6230);
#6230 = DEFINITIONAL_REPRESENTATION('',(#6231),#6234);
#6231 = B_SPLINE_CURVE_WITH_KNOTS('',1,(#6232,#6233),.UNSPECIFIED.,.F.,
  .F.,(2,2),(0.,1.570796326795),.PIECEWISE_BEZIER_KNOTS.);
#6232 = CARTESIAN_POINT('',(-2.182463933913,0.));
#6233 = CARTESIAN_POINT('',(-2.182463933913,1.570796326795));
#6234 = ( GEOMETRIC_REPRESENTATION_CONTEXT(2) 
PARAMETRIC_REPRESENTATION_CONTEXT() REPRESENTATION_CONTEXT('2D SPACE',''
  ) );
#6235 = PCURVE('',#1850,#6236);
#6236 = DEFINITIONAL_REPRESENTATION('',(#6237),#6240);
#6237 = B_SPLINE_CURVE_WITH_KNOTS('',1,(#6238,#6239),.UNSPECIFIED.,.F.,
  .F.,(2,2),(0.,1.570796326795),.PIECEWISE_BEZIER_KNOTS.);
#6238 = CARTESIAN_POINT('',(0.,0.));
#6239 = CARTESIAN_POINT('',(1.570796326795,0.));
#6240 = ( GEOMETRIC_REPRESENTATION_CONTEXT(2) 
PARAMETRIC_REPRESENTATION_CONTEXT() REPRESENTATION_CONTEXT('2D SPACE',''
  ) );
#6241 = ORIENTED_EDGE('',*,*,#1862,.F.);
#6242 = ADVANCED_FACE('',(#6243),#1822,.T.);
#6243 = FACE_BOUND('',#6244,.F.);
#6244 = EDGE_LOOP('',(#6245,#6267,#6289,#6290));
#6245 = ORIENTED_EDGE('',*,*,#6246,.F.);
#6246 = EDGE_CURVE('',#6247,#1802,#6249,.T.);
#6247 = VERTEX_POINT('',#6248);
#6248 = CARTESIAN_POINT('',(16.052101724234,31.380552887319,-0.65));
#6249 = SURFACE_CURVE('',#6250,(#6255,#6261),.PCURVE_S1.);
#6250 = CIRCLE('',#6251,0.65);
#6251 = AXIS2_PLACEMENT_3D('',#6252,#6253,#6254);
#6252 = CARTESIAN_POINT('',(16.443418591244,30.861543147918,-0.65));
#6253 = DIRECTION('',(0.798476522157,0.602025949245,0.));
#6254 = DIRECTION('',(-0.602025949245,0.798476522157,0.));
#6255 = PCURVE('',#1822,#6256);
#6256 = DEFINITIONAL_REPRESENTATION('',(#6257),#6260);
#6257 = B_SPLINE_CURVE_WITH_KNOTS('',1,(#6258,#6259),.UNSPECIFIED.,.F.,
  .F.,(2,2),(0.,1.570796326795),.PIECEWISE_BEZIER_KNOTS.);
#6258 = CARTESIAN_POINT('',(0.,0.));
#6259 = CARTESIAN_POINT('',(0.,1.570796326795));
#6260 = ( GEOMETRIC_REPRESENTATION_CONTEXT(2) 
PARAMETRIC_REPRESENTATION_CONTEXT() REPRESENTATION_CONTEXT('2D SPACE',''
  ) );
#6261 = PCURVE('',#1850,#6262);
#6262 = DEFINITIONAL_REPRESENTATION('',(#6263),#6266);
#6263 = B_SPLINE_CURVE_WITH_KNOTS('',1,(#6264,#6265),.UNSPECIFIED.,.F.,
  .F.,(2,2),(0.,1.570796326795),.PIECEWISE_BEZIER_KNOTS.);
#6264 = CARTESIAN_POINT('',(0.,10.20575736273));
#6265 = CARTESIAN_POINT('',(1.570796326795,10.20575736273));
#6266 = ( GEOMETRIC_REPRESENTATION_CONTEXT(2) 
PARAMETRIC_REPRESENTATION_CONTEXT() REPRESENTATION_CONTEXT('2D SPACE',''
  ) );
#6267 = ORIENTED_EDGE('',*,*,#6268,.T.);
#6268 = EDGE_CURVE('',#6247,#6150,#6269,.T.);
#6269 = SURFACE_CURVE('',#6270,(#6275,#6282),.PCURVE_S1.);
#6270 = CIRCLE('',#6271,1.5);
#6271 = AXIS2_PLACEMENT_3D('',#6272,#6273,#6274);
#6272 = CARTESIAN_POINT('',(16.955140648102,30.182838104084,-0.65));
#6273 = DIRECTION('',(0.,0.,-1.));
#6274 = DIRECTION('',(-0.602025949245,0.798476522157,0.));
#6275 = PCURVE('',#1822,#6276);
#6276 = DEFINITIONAL_REPRESENTATION('',(#6277),#6281);
#6277 = LINE('',#6278,#6279);
#6278 = CARTESIAN_POINT('',(-0.,0.));
#6279 = VECTOR('',#6280,1.);
#6280 = DIRECTION('',(-1.,0.));
#6281 = ( GEOMETRIC_REPRESENTATION_CONTEXT(2) 
PARAMETRIC_REPRESENTATION_CONTEXT() REPRESENTATION_CONTEXT('2D SPACE',''
  ) );
#6282 = PCURVE('',#4320,#6283);
#6283 = DEFINITIONAL_REPRESENTATION('',(#6284),#6288);
#6284 = LINE('',#6285,#6286);
#6285 = CARTESIAN_POINT('',(0.924760369185,-12.35));
#6286 = VECTOR('',#6287,1.);
#6287 = DIRECTION('',(1.,0.));
#6288 = ( GEOMETRIC_REPRESENTATION_CONTEXT(2) 
PARAMETRIC_REPRESENTATION_CONTEXT() REPRESENTATION_CONTEXT('2D SPACE',''
  ) );
#6289 = ORIENTED_EDGE('',*,*,#6172,.T.);
#6290 = ORIENTED_EDGE('',*,*,#1801,.F.);
#6291 = ADVANCED_FACE('',(#6292),#1850,.T.);
#6292 = FACE_BOUND('',#6293,.T.);
#6293 = EDGE_LOOP('',(#6294,#6295,#6296,#6297));
#6294 = ORIENTED_EDGE('',*,*,#6222,.T.);
#6295 = ORIENTED_EDGE('',*,*,#1834,.T.);
#6296 = ORIENTED_EDGE('',*,*,#6246,.F.);
#6297 = ORIENTED_EDGE('',*,*,#6298,.F.);
#6298 = EDGE_CURVE('',#6199,#6247,#6299,.T.);
#6299 = SURFACE_CURVE('',#6300,(#6304,#6311),.PCURVE_S1.);
#6300 = LINE('',#6301,#6302);
#6301 = CARTESIAN_POINT('',(7.903044079266,25.236422123256,-0.65));
#6302 = VECTOR('',#6303,1.);
#6303 = DIRECTION('',(0.798476522157,0.602025949245,0.));
#6304 = PCURVE('',#1850,#6305);
#6305 = DEFINITIONAL_REPRESENTATION('',(#6306),#6310);
#6306 = LINE('',#6307,#6308);
#6307 = CARTESIAN_POINT('',(0.,0.));
#6308 = VECTOR('',#6309,1.);
#6309 = DIRECTION('',(0.,1.));
#6310 = ( GEOMETRIC_REPRESENTATION_CONTEXT(2) 
PARAMETRIC_REPRESENTATION_CONTEXT() REPRESENTATION_CONTEXT('2D SPACE',''
  ) );
#6311 = PCURVE('',#4354,#6312);
#6312 = DEFINITIONAL_REPRESENTATION('',(#6313),#6317);
#6313 = LINE('',#6314,#6315);
#6314 = CARTESIAN_POINT('',(0.,-12.35));
#6315 = VECTOR('',#6316,1.);
#6316 = DIRECTION('',(1.,0.));
#6317 = ( GEOMETRIC_REPRESENTATION_CONTEXT(2) 
PARAMETRIC_REPRESENTATION_CONTEXT() REPRESENTATION_CONTEXT('2D SPACE',''
  ) );
#6318 = ADVANCED_FACE('',(#6319),#2093,.F.);
#6319 = FACE_BOUND('',#6320,.F.);
#6320 = EDGE_LOOP('',(#6321,#6344,#6368,#6389));
#6321 = ORIENTED_EDGE('',*,*,#6322,.F.);
#6322 = EDGE_CURVE('',#6323,#2075,#6325,.T.);
#6323 = VERTEX_POINT('',#6324);
#6324 = CARTESIAN_POINT('',(11.565,-19.865,-0.8));
#6325 = SURFACE_CURVE('',#6326,(#6330,#6337),.PCURVE_S1.);
#6326 = LINE('',#6327,#6328);
#6327 = CARTESIAN_POINT('',(11.565,-19.865,-1.));
#6328 = VECTOR('',#6329,1.);
#6329 = DIRECTION('',(0.,0.,1.));
#6330 = PCURVE('',#2093,#6331);
#6331 = DEFINITIONAL_REPRESENTATION('',(#6332),#6336);
#6332 = LINE('',#6333,#6334);
#6333 = CARTESIAN_POINT('',(0.,0.));
#6334 = VECTOR('',#6335,1.);
#6335 = DIRECTION('',(0.,1.));
#6336 = ( GEOMETRIC_REPRESENTATION_CONTEXT(2) 
PARAMETRIC_REPRESENTATION_CONTEXT() REPRESENTATION_CONTEXT('2D SPACE',''
  ) );
#6337 = PCURVE('',#2120,#6338);
#6338 = DEFINITIONAL_REPRESENTATION('',(#6339),#6343);
#6339 = LINE('',#6340,#6341);
#6340 = CARTESIAN_POINT('',(27.43,0.));
#6341 = VECTOR('',#6342,1.);
#6342 = DIRECTION('',(0.,-1.));
#6343 = ( GEOMETRIC_REPRESENTATION_CONTEXT(2) 
PARAMETRIC_REPRESENTATION_CONTEXT() REPRESENTATION_CONTEXT('2D SPACE',''
  ) );
#6344 = ORIENTED_EDGE('',*,*,#6345,.T.);
#6345 = EDGE_CURVE('',#6323,#6346,#6348,.T.);
#6346 = VERTEX_POINT('',#6347);
#6347 = CARTESIAN_POINT('',(15.865,-15.565,-0.8));
#6348 = SURFACE_CURVE('',#6349,(#6354,#6361),.PCURVE_S1.);
#6349 = CIRCLE('',#6350,4.3);
#6350 = AXIS2_PLACEMENT_3D('',#6351,#6352,#6353);
#6351 = CARTESIAN_POINT('',(11.565,-15.565,-0.8));
#6352 = DIRECTION('',(0.,0.,1.));
#6353 = DIRECTION('',(0.,-1.,0.));
#6354 = PCURVE('',#2093,#6355);
#6355 = DEFINITIONAL_REPRESENTATION('',(#6356),#6360);
#6356 = LINE('',#6357,#6358);
#6357 = CARTESIAN_POINT('',(0.,0.2));
#6358 = VECTOR('',#6359,1.);
#6359 = DIRECTION('',(1.,0.));
#6360 = ( GEOMETRIC_REPRESENTATION_CONTEXT(2) 
PARAMETRIC_REPRESENTATION_CONTEXT() REPRESENTATION_CONTEXT('2D SPACE',''
  ) );
#6361 = PCURVE('',#4596,#6362);
#6362 = DEFINITIONAL_REPRESENTATION('',(#6363),#6367);
#6363 = CIRCLE('',#6364,4.3);
#6364 = AXIS2_PLACEMENT_2D('',#6365,#6366);
#6365 = CARTESIAN_POINT('',(11.565,-15.565));
#6366 = DIRECTION('',(0.,-1.));
#6367 = ( GEOMETRIC_REPRESENTATION_CONTEXT(2) 
PARAMETRIC_REPRESENTATION_CONTEXT() REPRESENTATION_CONTEXT('2D SPACE',''
  ) );
#6368 = ORIENTED_EDGE('',*,*,#6369,.T.);
#6369 = EDGE_CURVE('',#6346,#2077,#6370,.T.);
#6370 = SURFACE_CURVE('',#6371,(#6375,#6382),.PCURVE_S1.);
#6371 = LINE('',#6372,#6373);
#6372 = CARTESIAN_POINT('',(15.865,-15.565,-1.));
#6373 = VECTOR('',#6374,1.);
#6374 = DIRECTION('',(0.,0.,1.));
#6375 = PCURVE('',#2093,#6376);
#6376 = DEFINITIONAL_REPRESENTATION('',(#6377),#6381);
#6377 = LINE('',#6378,#6379);
#6378 = CARTESIAN_POINT('',(1.570796326795,0.));
#6379 = VECTOR('',#6380,1.);
#6380 = DIRECTION('',(0.,1.));
#6381 = ( GEOMETRIC_REPRESENTATION_CONTEXT(2) 
PARAMETRIC_REPRESENTATION_CONTEXT() REPRESENTATION_CONTEXT('2D SPACE',''
  ) );
#6382 = PCURVE('',#2283,#6383);
#6383 = DEFINITIONAL_REPRESENTATION('',(#6384),#6388);
#6384 = LINE('',#6385,#6386);
#6385 = CARTESIAN_POINT('',(4.3,0.));
#6386 = VECTOR('',#6387,1.);
#6387 = DIRECTION('',(0.,-1.));
#6388 = ( GEOMETRIC_REPRESENTATION_CONTEXT(2) 
PARAMETRIC_REPRESENTATION_CONTEXT() REPRESENTATION_CONTEXT('2D SPACE',''
  ) );
#6389 = ORIENTED_EDGE('',*,*,#2074,.F.);
#6390 = ADVANCED_FACE('',(#6391),#2283,.T.);
#6391 = FACE_BOUND('',#6392,.T.);
#6392 = EDGE_LOOP('',(#6393,#6414,#6415,#6416));
#6393 = ORIENTED_EDGE('',*,*,#6394,.T.);
#6394 = EDGE_CURVE('',#6395,#6346,#6397,.T.);
#6395 = VERTEX_POINT('',#6396);
#6396 = CARTESIAN_POINT('',(15.865,15.565,-0.8));
#6397 = SURFACE_CURVE('',#6398,(#6402,#6408),.PCURVE_S1.);
#6398 = LINE('',#6399,#6400);
#6399 = CARTESIAN_POINT('',(15.865,-9.9325,-0.8));
#6400 = VECTOR('',#6401,1.);
#6401 = DIRECTION('',(0.,-1.,0.));
#6402 = PCURVE('',#2283,#6403);
#6403 = DEFINITIONAL_REPRESENTATION('',(#6404),#6407);
#6404 = B_SPLINE_CURVE_WITH_KNOTS('',1,(#6405,#6406),.UNSPECIFIED.,.F.,
  .F.,(2,2),(-25.4975,5.6325),.PIECEWISE_BEZIER_KNOTS.);
#6405 = CARTESIAN_POINT('',(35.43,-0.2));
#6406 = CARTESIAN_POINT('',(4.3,-0.2));
#6407 = ( GEOMETRIC_REPRESENTATION_CONTEXT(2) 
PARAMETRIC_REPRESENTATION_CONTEXT() REPRESENTATION_CONTEXT('2D SPACE',''
  ) );
#6408 = PCURVE('',#4596,#6409);
#6409 = DEFINITIONAL_REPRESENTATION('',(#6410),#6413);
#6410 = B_SPLINE_CURVE_WITH_KNOTS('',1,(#6411,#6412),.UNSPECIFIED.,.F.,
  .F.,(2,2),(-25.4975,5.6325),.PIECEWISE_BEZIER_KNOTS.);
#6411 = CARTESIAN_POINT('',(15.865,15.565));
#6412 = CARTESIAN_POINT('',(15.865,-15.565));
#6413 = ( GEOMETRIC_REPRESENTATION_CONTEXT(2) 
PARAMETRIC_REPRESENTATION_CONTEXT() REPRESENTATION_CONTEXT('2D SPACE',''
  ) );
#6414 = ORIENTED_EDGE('',*,*,#6369,.T.);
#6415 = ORIENTED_EDGE('',*,*,#2270,.F.);
#6416 = ORIENTED_EDGE('',*,*,#6417,.F.);
#6417 = EDGE_CURVE('',#6395,#2242,#6418,.T.);
#6418 = SURFACE_CURVE('',#6419,(#6423,#6430),.PCURVE_S1.);
#6419 = LINE('',#6420,#6421);
#6420 = CARTESIAN_POINT('',(15.865,15.565,-1.));
#6421 = VECTOR('',#6422,1.);
#6422 = DIRECTION('',(0.,0.,1.));
#6423 = PCURVE('',#2283,#6424);
#6424 = DEFINITIONAL_REPRESENTATION('',(#6425),#6429);
#6425 = LINE('',#6426,#6427);
#6426 = CARTESIAN_POINT('',(35.43,0.));
#6427 = VECTOR('',#6428,1.);
#6428 = DIRECTION('',(0.,-1.));
#6429 = ( GEOMETRIC_REPRESENTATION_CONTEXT(2) 
PARAMETRIC_REPRESENTATION_CONTEXT() REPRESENTATION_CONTEXT('2D SPACE',''
  ) );
#6430 = PCURVE('',#2258,#6431);
#6431 = DEFINITIONAL_REPRESENTATION('',(#6432),#6436);
#6432 = LINE('',#6433,#6434);
#6433 = CARTESIAN_POINT('',(0.,0.));
#6434 = VECTOR('',#6435,1.);
#6435 = DIRECTION('',(0.,1.));
#6436 = ( GEOMETRIC_REPRESENTATION_CONTEXT(2) 
PARAMETRIC_REPRESENTATION_CONTEXT() REPRESENTATION_CONTEXT('2D SPACE',''
  ) );
#6437 = ADVANCED_FACE('',(#6438),#2258,.F.);
#6438 = FACE_BOUND('',#6439,.F.);
#6439 = EDGE_LOOP('',(#6440,#6441,#6465,#6486));
#6440 = ORIENTED_EDGE('',*,*,#6417,.F.);
#6441 = ORIENTED_EDGE('',*,*,#6442,.T.);
#6442 = EDGE_CURVE('',#6395,#6443,#6445,.T.);
#6443 = VERTEX_POINT('',#6444);
#6444 = CARTESIAN_POINT('',(11.565,19.865,-0.8));
#6445 = SURFACE_CURVE('',#6446,(#6451,#6458),.PCURVE_S1.);
#6446 = CIRCLE('',#6447,4.3);
#6447 = AXIS2_PLACEMENT_3D('',#6448,#6449,#6450);
#6448 = CARTESIAN_POINT('',(11.565,15.565,-0.8));
#6449 = DIRECTION('',(0.,0.,1.));
#6450 = DIRECTION('',(1.,0.,-0.));
#6451 = PCURVE('',#2258,#6452);
#6452 = DEFINITIONAL_REPRESENTATION('',(#6453),#6457);
#6453 = LINE('',#6454,#6455);
#6454 = CARTESIAN_POINT('',(0.,0.2));
#6455 = VECTOR('',#6456,1.);
#6456 = DIRECTION('',(1.,0.));
#6457 = ( GEOMETRIC_REPRESENTATION_CONTEXT(2) 
PARAMETRIC_REPRESENTATION_CONTEXT() REPRESENTATION_CONTEXT('2D SPACE',''
  ) );
#6458 = PCURVE('',#4596,#6459);
#6459 = DEFINITIONAL_REPRESENTATION('',(#6460),#6464);
#6460 = CIRCLE('',#6461,4.3);
#6461 = AXIS2_PLACEMENT_2D('',#6462,#6463);
#6462 = CARTESIAN_POINT('',(11.565,15.565));
#6463 = DIRECTION('',(1.,0.));
#6464 = ( GEOMETRIC_REPRESENTATION_CONTEXT(2) 
PARAMETRIC_REPRESENTATION_CONTEXT() REPRESENTATION_CONTEXT('2D SPACE',''
  ) );
#6465 = ORIENTED_EDGE('',*,*,#6466,.T.);
#6466 = EDGE_CURVE('',#6443,#2216,#6467,.T.);
#6467 = SURFACE_CURVE('',#6468,(#6472,#6479),.PCURVE_S1.);
#6468 = LINE('',#6469,#6470);
#6469 = CARTESIAN_POINT('',(11.565,19.865,-1.));
#6470 = VECTOR('',#6471,1.);
#6471 = DIRECTION('',(0.,0.,1.));
#6472 = PCURVE('',#2258,#6473);
#6473 = DEFINITIONAL_REPRESENTATION('',(#6474),#6478);
#6474 = LINE('',#6475,#6476);
#6475 = CARTESIAN_POINT('',(1.570796326795,0.));
#6476 = VECTOR('',#6477,1.);
#6477 = DIRECTION('',(0.,1.));
#6478 = ( GEOMETRIC_REPRESENTATION_CONTEXT(2) 
PARAMETRIC_REPRESENTATION_CONTEXT() REPRESENTATION_CONTEXT('2D SPACE',''
  ) );
#6479 = PCURVE('',#2230,#6480);
#6480 = DEFINITIONAL_REPRESENTATION('',(#6481),#6485);
#6481 = LINE('',#6482,#6483);
#6482 = CARTESIAN_POINT('',(4.3,0.));
#6483 = VECTOR('',#6484,1.);
#6484 = DIRECTION('',(0.,-1.));
#6485 = ( GEOMETRIC_REPRESENTATION_CONTEXT(2) 
PARAMETRIC_REPRESENTATION_CONTEXT() REPRESENTATION_CONTEXT('2D SPACE',''
  ) );
#6486 = ORIENTED_EDGE('',*,*,#2241,.F.);
#6487 = ADVANCED_FACE('',(#6488),#2230,.T.);
#6488 = FACE_BOUND('',#6489,.T.);
#6489 = EDGE_LOOP('',(#6490,#6511,#6512,#6513));
#6490 = ORIENTED_EDGE('',*,*,#6491,.T.);
#6491 = EDGE_CURVE('',#6492,#6443,#6494,.T.);
#6492 = VERTEX_POINT('',#6493);
#6493 = CARTESIAN_POINT('',(-11.565,19.865,-0.8));
#6494 = SURFACE_CURVE('',#6495,(#6499,#6505),.PCURVE_S1.);
#6495 = LINE('',#6496,#6497);
#6496 = CARTESIAN_POINT('',(7.9325,19.865,-0.8));
#6497 = VECTOR('',#6498,1.);
#6498 = DIRECTION('',(1.,0.,-0.));
#6499 = PCURVE('',#2230,#6500);
#6500 = DEFINITIONAL_REPRESENTATION('',(#6501),#6504);
#6501 = B_SPLINE_CURVE_WITH_KNOTS('',1,(#6502,#6503),.UNSPECIFIED.,.F.,
  .F.,(2,2),(-19.4975,3.6325),.PIECEWISE_BEZIER_KNOTS.);
#6502 = CARTESIAN_POINT('',(27.43,-0.2));
#6503 = CARTESIAN_POINT('',(4.3,-0.2));
#6504 = ( GEOMETRIC_REPRESENTATION_CONTEXT(2) 
PARAMETRIC_REPRESENTATION_CONTEXT() REPRESENTATION_CONTEXT('2D SPACE',''
  ) );
#6505 = PCURVE('',#4596,#6506);
#6506 = DEFINITIONAL_REPRESENTATION('',(#6507),#6510);
#6507 = B_SPLINE_CURVE_WITH_KNOTS('',1,(#6508,#6509),.UNSPECIFIED.,.F.,
  .F.,(2,2),(-19.4975,3.6325),.PIECEWISE_BEZIER_KNOTS.);
#6508 = CARTESIAN_POINT('',(-11.565,19.865));
#6509 = CARTESIAN_POINT('',(11.565,19.865));
#6510 = ( GEOMETRIC_REPRESENTATION_CONTEXT(2) 
PARAMETRIC_REPRESENTATION_CONTEXT() REPRESENTATION_CONTEXT('2D SPACE',''
  ) );
#6511 = ORIENTED_EDGE('',*,*,#6466,.T.);
#6512 = ORIENTED_EDGE('',*,*,#2215,.F.);
#6513 = ORIENTED_EDGE('',*,*,#6514,.F.);
#6514 = EDGE_CURVE('',#6492,#2187,#6515,.T.);
#6515 = SURFACE_CURVE('',#6516,(#6520,#6527),.PCURVE_S1.);
#6516 = LINE('',#6517,#6518);
#6517 = CARTESIAN_POINT('',(-11.565,19.865,-1.));
#6518 = VECTOR('',#6519,1.);
#6519 = DIRECTION('',(0.,0.,1.));
#6520 = PCURVE('',#2230,#6521);
#6521 = DEFINITIONAL_REPRESENTATION('',(#6522),#6526);
#6522 = LINE('',#6523,#6524);
#6523 = CARTESIAN_POINT('',(27.43,0.));
#6524 = VECTOR('',#6525,1.);
#6525 = DIRECTION('',(0.,-1.));
#6526 = ( GEOMETRIC_REPRESENTATION_CONTEXT(2) 
PARAMETRIC_REPRESENTATION_CONTEXT() REPRESENTATION_CONTEXT('2D SPACE',''
  ) );
#6527 = PCURVE('',#2203,#6528);
#6528 = DEFINITIONAL_REPRESENTATION('',(#6529),#6533);
#6529 = LINE('',#6530,#6531);
#6530 = CARTESIAN_POINT('',(0.,0.));
#6531 = VECTOR('',#6532,1.);
#6532 = DIRECTION('',(0.,1.));
#6533 = ( GEOMETRIC_REPRESENTATION_CONTEXT(2) 
PARAMETRIC_REPRESENTATION_CONTEXT() REPRESENTATION_CONTEXT('2D SPACE',''
  ) );
#6534 = ADVANCED_FACE('',(#6535),#2203,.F.);
#6535 = FACE_BOUND('',#6536,.F.);
#6536 = EDGE_LOOP('',(#6537,#6538,#6562,#6583));
#6537 = ORIENTED_EDGE('',*,*,#6514,.F.);
#6538 = ORIENTED_EDGE('',*,*,#6539,.T.);
#6539 = EDGE_CURVE('',#6492,#6540,#6542,.T.);
#6540 = VERTEX_POINT('',#6541);
#6541 = CARTESIAN_POINT('',(-15.865,15.565,-0.8));
#6542 = SURFACE_CURVE('',#6543,(#6548,#6555),.PCURVE_S1.);
#6543 = CIRCLE('',#6544,4.3);
#6544 = AXIS2_PLACEMENT_3D('',#6545,#6546,#6547);
#6545 = CARTESIAN_POINT('',(-11.565,15.565,-0.8));
#6546 = DIRECTION('',(0.,0.,1.));
#6547 = DIRECTION('',(-0.,1.,0.));
#6548 = PCURVE('',#2203,#6549);
#6549 = DEFINITIONAL_REPRESENTATION('',(#6550),#6554);
#6550 = LINE('',#6551,#6552);
#6551 = CARTESIAN_POINT('',(0.,0.2));
#6552 = VECTOR('',#6553,1.);
#6553 = DIRECTION('',(1.,0.));
#6554 = ( GEOMETRIC_REPRESENTATION_CONTEXT(2) 
PARAMETRIC_REPRESENTATION_CONTEXT() REPRESENTATION_CONTEXT('2D SPACE',''
  ) );
#6555 = PCURVE('',#4596,#6556);
#6556 = DEFINITIONAL_REPRESENTATION('',(#6557),#6561);
#6557 = CIRCLE('',#6558,4.3);
#6558 = AXIS2_PLACEMENT_2D('',#6559,#6560);
#6559 = CARTESIAN_POINT('',(-11.565,15.565));
#6560 = DIRECTION('',(0.,1.));
#6561 = ( GEOMETRIC_REPRESENTATION_CONTEXT(2) 
PARAMETRIC_REPRESENTATION_CONTEXT() REPRESENTATION_CONTEXT('2D SPACE',''
  ) );
#6562 = ORIENTED_EDGE('',*,*,#6563,.T.);
#6563 = EDGE_CURVE('',#6540,#2161,#6564,.T.);
#6564 = SURFACE_CURVE('',#6565,(#6569,#6576),.PCURVE_S1.);
#6565 = LINE('',#6566,#6567);
#6566 = CARTESIAN_POINT('',(-15.865,15.565,-1.));
#6567 = VECTOR('',#6568,1.);
#6568 = DIRECTION('',(0.,0.,1.));
#6569 = PCURVE('',#2203,#6570);
#6570 = DEFINITIONAL_REPRESENTATION('',(#6571),#6575);
#6571 = LINE('',#6572,#6573);
#6572 = CARTESIAN_POINT('',(1.570796326795,0.));
#6573 = VECTOR('',#6574,1.);
#6574 = DIRECTION('',(0.,1.));
#6575 = ( GEOMETRIC_REPRESENTATION_CONTEXT(2) 
PARAMETRIC_REPRESENTATION_CONTEXT() REPRESENTATION_CONTEXT('2D SPACE',''
  ) );
#6576 = PCURVE('',#2175,#6577);
#6577 = DEFINITIONAL_REPRESENTATION('',(#6578),#6582);
#6578 = LINE('',#6579,#6580);
#6579 = CARTESIAN_POINT('',(4.3,0.));
#6580 = VECTOR('',#6581,1.);
#6581 = DIRECTION('',(0.,-1.));
#6582 = ( GEOMETRIC_REPRESENTATION_CONTEXT(2) 
PARAMETRIC_REPRESENTATION_CONTEXT() REPRESENTATION_CONTEXT('2D SPACE',''
  ) );
#6583 = ORIENTED_EDGE('',*,*,#2186,.F.);
#6584 = ADVANCED_FACE('',(#6585),#2175,.T.);
#6585 = FACE_BOUND('',#6586,.T.);
#6586 = EDGE_LOOP('',(#6587,#6608,#6609,#6610));
#6587 = ORIENTED_EDGE('',*,*,#6588,.T.);
#6588 = EDGE_CURVE('',#6589,#6540,#6591,.T.);
#6589 = VERTEX_POINT('',#6590);
#6590 = CARTESIAN_POINT('',(-15.865,-15.565,-0.8));
#6591 = SURFACE_CURVE('',#6592,(#6596,#6602),.PCURVE_S1.);
#6592 = LINE('',#6593,#6594);
#6593 = CARTESIAN_POINT('',(-15.865,9.9325,-0.8));
#6594 = VECTOR('',#6595,1.);
#6595 = DIRECTION('',(-0.,1.,0.));
#6596 = PCURVE('',#2175,#6597);
#6597 = DEFINITIONAL_REPRESENTATION('',(#6598),#6601);
#6598 = B_SPLINE_CURVE_WITH_KNOTS('',1,(#6599,#6600),.UNSPECIFIED.,.F.,
  .F.,(2,2),(-25.4975,5.6325),.PIECEWISE_BEZIER_KNOTS.);
#6599 = CARTESIAN_POINT('',(35.43,-0.2));
#6600 = CARTESIAN_POINT('',(4.3,-0.2));
#6601 = ( GEOMETRIC_REPRESENTATION_CONTEXT(2) 
PARAMETRIC_REPRESENTATION_CONTEXT() REPRESENTATION_CONTEXT('2D SPACE',''
  ) );
#6602 = PCURVE('',#4596,#6603);
#6603 = DEFINITIONAL_REPRESENTATION('',(#6604),#6607);
#6604 = B_SPLINE_CURVE_WITH_KNOTS('',1,(#6605,#6606),.UNSPECIFIED.,.F.,
  .F.,(2,2),(-25.4975,5.6325),.PIECEWISE_BEZIER_KNOTS.);
#6605 = CARTESIAN_POINT('',(-15.865,-15.565));
#6606 = CARTESIAN_POINT('',(-15.865,15.565));
#6607 = ( GEOMETRIC_REPRESENTATION_CONTEXT(2) 
PARAMETRIC_REPRESENTATION_CONTEXT() REPRESENTATION_CONTEXT('2D SPACE',''
  ) );
#6608 = ORIENTED_EDGE('',*,*,#6563,.T.);
#6609 = ORIENTED_EDGE('',*,*,#2160,.F.);
#6610 = ORIENTED_EDGE('',*,*,#6611,.F.);
#6611 = EDGE_CURVE('',#6589,#2132,#6612,.T.);
#6612 = SURFACE_CURVE('',#6613,(#6617,#6624),.PCURVE_S1.);
#6613 = LINE('',#6614,#6615);
#6614 = CARTESIAN_POINT('',(-15.865,-15.565,-1.));
#6615 = VECTOR('',#6616,1.);
#6616 = DIRECTION('',(0.,0.,1.));
#6617 = PCURVE('',#2175,#6618);
#6618 = DEFINITIONAL_REPRESENTATION('',(#6619),#6623);
#6619 = LINE('',#6620,#6621);
#6620 = CARTESIAN_POINT('',(35.43,0.));
#6621 = VECTOR('',#6622,1.);
#6622 = DIRECTION('',(0.,-1.));
#6623 = ( GEOMETRIC_REPRESENTATION_CONTEXT(2) 
PARAMETRIC_REPRESENTATION_CONTEXT() REPRESENTATION_CONTEXT('2D SPACE',''
  ) );
#6624 = PCURVE('',#2148,#6625);
#6625 = DEFINITIONAL_REPRESENTATION('',(#6626),#6630);
#6626 = LINE('',#6627,#6628);
#6627 = CARTESIAN_POINT('',(-1.570796326795,0.));
#6628 = VECTOR('',#6629,1.);
#6629 = DIRECTION('',(-0.,1.));
#6630 = ( GEOMETRIC_REPRESENTATION_CONTEXT(2) 
PARAMETRIC_REPRESENTATION_CONTEXT() REPRESENTATION_CONTEXT('2D SPACE',''
  ) );
#6631 = ADVANCED_FACE('',(#6632),#2148,.F.);
#6632 = FACE_BOUND('',#6633,.T.);
#6633 = EDGE_LOOP('',(#6634,#6657,#6679,#6680));
#6634 = ORIENTED_EDGE('',*,*,#6635,.F.);
#6635 = EDGE_CURVE('',#6636,#2106,#6638,.T.);
#6636 = VERTEX_POINT('',#6637);
#6637 = CARTESIAN_POINT('',(-11.565,-19.865,-0.8));
#6638 = SURFACE_CURVE('',#6639,(#6643,#6650),.PCURVE_S1.);
#6639 = LINE('',#6640,#6641);
#6640 = CARTESIAN_POINT('',(-11.565,-19.865,-1.));
#6641 = VECTOR('',#6642,1.);
#6642 = DIRECTION('',(0.,0.,1.));
#6643 = PCURVE('',#2148,#6644);
#6644 = DEFINITIONAL_REPRESENTATION('',(#6645),#6649);
#6645 = LINE('',#6646,#6647);
#6646 = CARTESIAN_POINT('',(-0.,0.));
#6647 = VECTOR('',#6648,1.);
#6648 = DIRECTION('',(-0.,1.));
#6649 = ( GEOMETRIC_REPRESENTATION_CONTEXT(2) 
PARAMETRIC_REPRESENTATION_CONTEXT() REPRESENTATION_CONTEXT('2D SPACE',''
  ) );
#6650 = PCURVE('',#2120,#6651);
#6651 = DEFINITIONAL_REPRESENTATION('',(#6652),#6656);
#6652 = LINE('',#6653,#6654);
#6653 = CARTESIAN_POINT('',(4.3,0.));
#6654 = VECTOR('',#6655,1.);
#6655 = DIRECTION('',(0.,-1.));
#6656 = ( GEOMETRIC_REPRESENTATION_CONTEXT(2) 
PARAMETRIC_REPRESENTATION_CONTEXT() REPRESENTATION_CONTEXT('2D SPACE',''
  ) );
#6657 = ORIENTED_EDGE('',*,*,#6658,.F.);
#6658 = EDGE_CURVE('',#6589,#6636,#6659,.T.);
#6659 = SURFACE_CURVE('',#6660,(#6665,#6672),.PCURVE_S1.);
#6660 = CIRCLE('',#6661,4.3);
#6661 = AXIS2_PLACEMENT_3D('',#6662,#6663,#6664);
#6662 = CARTESIAN_POINT('',(-11.565,-15.565,-0.8));
#6663 = DIRECTION('',(0.,0.,1.));
#6664 = DIRECTION('',(0.,-1.,0.));
#6665 = PCURVE('',#2148,#6666);
#6666 = DEFINITIONAL_REPRESENTATION('',(#6667),#6671);
#6667 = LINE('',#6668,#6669);
#6668 = CARTESIAN_POINT('',(-6.28318530718,0.2));
#6669 = VECTOR('',#6670,1.);
#6670 = DIRECTION('',(1.,-0.));
#6671 = ( GEOMETRIC_REPRESENTATION_CONTEXT(2) 
PARAMETRIC_REPRESENTATION_CONTEXT() REPRESENTATION_CONTEXT('2D SPACE',''
  ) );
#6672 = PCURVE('',#4596,#6673);
#6673 = DEFINITIONAL_REPRESENTATION('',(#6674),#6678);
#6674 = CIRCLE('',#6675,4.3);
#6675 = AXIS2_PLACEMENT_2D('',#6676,#6677);
#6676 = CARTESIAN_POINT('',(-11.565,-15.565));
#6677 = DIRECTION('',(0.,-1.));
#6678 = ( GEOMETRIC_REPRESENTATION_CONTEXT(2) 
PARAMETRIC_REPRESENTATION_CONTEXT() REPRESENTATION_CONTEXT('2D SPACE',''
  ) );
#6679 = ORIENTED_EDGE('',*,*,#6611,.T.);
#6680 = ORIENTED_EDGE('',*,*,#2131,.T.);
#6681 = ADVANCED_FACE('',(#6682),#2120,.T.);
#6682 = FACE_BOUND('',#6683,.T.);
#6683 = EDGE_LOOP('',(#6684,#6703,#6704,#6705));
#6684 = ORIENTED_EDGE('',*,*,#6685,.T.);
#6685 = EDGE_CURVE('',#6323,#6636,#6686,.T.);
#6686 = SURFACE_CURVE('',#6687,(#6691,#6697),.PCURVE_S1.);
#6687 = LINE('',#6688,#6689);
#6688 = CARTESIAN_POINT('',(-7.9325,-19.865,-0.8));
#6689 = VECTOR('',#6690,1.);
#6690 = DIRECTION('',(-1.,0.,0.));
#6691 = PCURVE('',#2120,#6692);
#6692 = DEFINITIONAL_REPRESENTATION('',(#6693),#6696);
#6693 = B_SPLINE_CURVE_WITH_KNOTS('',1,(#6694,#6695),.UNSPECIFIED.,.F.,
  .F.,(2,2),(-19.4975,3.6325),.PIECEWISE_BEZIER_KNOTS.);
#6694 = CARTESIAN_POINT('',(27.43,-0.2));
#6695 = CARTESIAN_POINT('',(4.3,-0.2));
#6696 = ( GEOMETRIC_REPRESENTATION_CONTEXT(2) 
PARAMETRIC_REPRESENTATION_CONTEXT() REPRESENTATION_CONTEXT('2D SPACE',''
  ) );
#6697 = PCURVE('',#4596,#6698);
#6698 = DEFINITIONAL_REPRESENTATION('',(#6699),#6702);
#6699 = B_SPLINE_CURVE_WITH_KNOTS('',1,(#6700,#6701),.UNSPECIFIED.,.F.,
  .F.,(2,2),(-19.4975,3.6325),.PIECEWISE_BEZIER_KNOTS.);
#6700 = CARTESIAN_POINT('',(11.565,-19.865));
#6701 = CARTESIAN_POINT('',(-11.565,-19.865));
#6702 = ( GEOMETRIC_REPRESENTATION_CONTEXT(2) 
PARAMETRIC_REPRESENTATION_CONTEXT() REPRESENTATION_CONTEXT('2D SPACE',''
  ) );
#6703 = ORIENTED_EDGE('',*,*,#6635,.T.);
#6704 = ORIENTED_EDGE('',*,*,#2105,.F.);
#6705 = ORIENTED_EDGE('',*,*,#6322,.F.);
#6706 = ADVANCED_FACE('',(#6707),#2363,.T.);
#6707 = FACE_BOUND('',#6708,.T.);
#6708 = EDGE_LOOP('',(#6709,#6710,#6711,#6730));
#6709 = ORIENTED_EDGE('',*,*,#2347,.F.);
#6710 = ORIENTED_EDGE('',*,*,#3983,.T.);
#6711 = ORIENTED_EDGE('',*,*,#6712,.T.);
#6712 = EDGE_CURVE('',#3984,#5951,#6713,.T.);
#6713 = SURFACE_CURVE('',#6714,(#6718,#6724),.PCURVE_S1.);
#6714 = LINE('',#6715,#6716);
#6715 = CARTESIAN_POINT('',(19.172956179011,22.522010379887,-13.));
#6716 = VECTOR('',#6717,1.);
#6717 = DIRECTION('',(0.,0.,1.));
#6718 = PCURVE('',#2363,#6719);
#6719 = DEFINITIONAL_REPRESENTATION('',(#6720),#6723);
#6720 = B_SPLINE_CURVE_WITH_KNOTS('',1,(#6721,#6722),.UNSPECIFIED.,.F.,
  .F.,(2,2),(0.6499994,12.3500006),.PIECEWISE_BEZIER_KNOTS.);
#6721 = CARTESIAN_POINT('',(0.727830347937,0.6499994));
#6722 = CARTESIAN_POINT('',(0.727830347937,12.3500006));
#6723 = ( GEOMETRIC_REPRESENTATION_CONTEXT(2) 
PARAMETRIC_REPRESENTATION_CONTEXT() REPRESENTATION_CONTEXT('2D SPACE',''
  ) );
#6724 = PCURVE('',#4192,#6725);
#6725 = DEFINITIONAL_REPRESENTATION('',(#6726),#6729);
#6726 = B_SPLINE_CURVE_WITH_KNOTS('',1,(#6727,#6728),.UNSPECIFIED.,.F.,
  .F.,(2,2),(0.6499994,12.3500006),.PIECEWISE_BEZIER_KNOTS.);
#6727 = CARTESIAN_POINT('',(7.833070097285,-0.6499994));
#6728 = CARTESIAN_POINT('',(7.833070097285,-12.3500006));
#6729 = ( GEOMETRIC_REPRESENTATION_CONTEXT(2) 
PARAMETRIC_REPRESENTATION_CONTEXT() REPRESENTATION_CONTEXT('2D SPACE',''
  ) );
#6730 = ORIENTED_EDGE('',*,*,#5950,.F.);
#6731 = ADVANCED_FACE('',(#6732),#2421,.F.);
#6732 = FACE_BOUND('',#6733,.T.);
#6733 = EDGE_LOOP('',(#6734,#6755,#6756,#6777));
#6734 = ORIENTED_EDGE('',*,*,#6735,.F.);
#6735 = EDGE_CURVE('',#4711,#2401,#6736,.T.);
#6736 = SURFACE_CURVE('',#6737,(#6741,#6748),.PCURVE_S1.);
#6737 = LINE('',#6738,#6739);
#6738 = CARTESIAN_POINT('',(14.5,-10.9844,-10.2));
#6739 = VECTOR('',#6740,1.);
#6740 = DIRECTION('',(1.,0.,0.));
#6741 = PCURVE('',#2421,#6742);
#6742 = DEFINITIONAL_REPRESENTATION('',(#6743),#6747);
#6743 = LINE('',#6744,#6745);
#6744 = CARTESIAN_POINT('',(-0.,0.));
#6745 = VECTOR('',#6746,1.);
#6746 = DIRECTION('',(-0.,1.));
#6747 = ( GEOMETRIC_REPRESENTATION_CONTEXT(2) 
PARAMETRIC_REPRESENTATION_CONTEXT() REPRESENTATION_CONTEXT('2D SPACE',''
  ) );
#6748 = PCURVE('',#2448,#6749);
#6749 = DEFINITIONAL_REPRESENTATION('',(#6750),#6754);
#6750 = LINE('',#6751,#6752);
#6751 = CARTESIAN_POINT('',(0.8,0.));
#6752 = VECTOR('',#6753,1.);
#6753 = DIRECTION('',(0.,-1.));
#6754 = ( GEOMETRIC_REPRESENTATION_CONTEXT(2) 
PARAMETRIC_REPRESENTATION_CONTEXT() REPRESENTATION_CONTEXT('2D SPACE',''
  ) );
#6755 = ORIENTED_EDGE('',*,*,#4708,.F.);
#6756 = ORIENTED_EDGE('',*,*,#6757,.T.);
#6757 = EDGE_CURVE('',#4709,#2399,#6758,.T.);
#6758 = SURFACE_CURVE('',#6759,(#6763,#6770),.PCURVE_S1.);
#6759 = LINE('',#6760,#6761);
#6760 = CARTESIAN_POINT('',(14.5,-11.7844,-9.4));
#6761 = VECTOR('',#6762,1.);
#6762 = DIRECTION('',(1.,0.,0.));
#6763 = PCURVE('',#2421,#6764);
#6764 = DEFINITIONAL_REPRESENTATION('',(#6765),#6769);
#6765 = LINE('',#6766,#6767);
#6766 = CARTESIAN_POINT('',(-1.570796326795,0.));
#6767 = VECTOR('',#6768,1.);
#6768 = DIRECTION('',(-0.,1.));
#6769 = ( GEOMETRIC_REPRESENTATION_CONTEXT(2) 
PARAMETRIC_REPRESENTATION_CONTEXT() REPRESENTATION_CONTEXT('2D SPACE',''
  ) );
#6770 = PCURVE('',#2623,#6771);
#6771 = DEFINITIONAL_REPRESENTATION('',(#6772),#6776);
#6772 = LINE('',#6773,#6774);
#6773 = CARTESIAN_POINT('',(4.,0.));
#6774 = VECTOR('',#6775,1.);
#6775 = DIRECTION('',(0.,-1.));
#6776 = ( GEOMETRIC_REPRESENTATION_CONTEXT(2) 
PARAMETRIC_REPRESENTATION_CONTEXT() REPRESENTATION_CONTEXT('2D SPACE',''
  ) );
#6777 = ORIENTED_EDGE('',*,*,#2398,.T.);
#6778 = ADVANCED_FACE('',(#6779),#2623,.T.);
#6779 = FACE_BOUND('',#6780,.T.);
#6780 = EDGE_LOOP('',(#6781,#6782,#6803,#6804));
#6781 = ORIENTED_EDGE('',*,*,#4885,.F.);
#6782 = ORIENTED_EDGE('',*,*,#6783,.T.);
#6783 = EDGE_CURVE('',#4858,#2578,#6784,.T.);
#6784 = SURFACE_CURVE('',#6785,(#6789,#6796),.PCURVE_S1.);
#6785 = LINE('',#6786,#6787);
#6786 = CARTESIAN_POINT('',(14.5,-11.7844,-6.2));
#6787 = VECTOR('',#6788,1.);
#6788 = DIRECTION('',(1.,0.,0.));
#6789 = PCURVE('',#2623,#6790);
#6790 = DEFINITIONAL_REPRESENTATION('',(#6791),#6795);
#6791 = LINE('',#6792,#6793);
#6792 = CARTESIAN_POINT('',(0.8,0.));
#6793 = VECTOR('',#6794,1.);
#6794 = DIRECTION('',(0.,-1.));
#6795 = ( GEOMETRIC_REPRESENTATION_CONTEXT(2) 
PARAMETRIC_REPRESENTATION_CONTEXT() REPRESENTATION_CONTEXT('2D SPACE',''
  ) );
#6796 = PCURVE('',#2598,#6797);
#6797 = DEFINITIONAL_REPRESENTATION('',(#6798),#6802);
#6798 = LINE('',#6799,#6800);
#6799 = CARTESIAN_POINT('',(1.570796326795,0.));
#6800 = VECTOR('',#6801,1.);
#6801 = DIRECTION('',(0.,1.));
#6802 = ( GEOMETRIC_REPRESENTATION_CONTEXT(2) 
PARAMETRIC_REPRESENTATION_CONTEXT() REPRESENTATION_CONTEXT('2D SPACE',''
  ) );
#6803 = ORIENTED_EDGE('',*,*,#2610,.T.);
#6804 = ORIENTED_EDGE('',*,*,#6757,.F.);
#6805 = ADVANCED_FACE('',(#6806),#2598,.F.);
#6806 = FACE_BOUND('',#6807,.F.);
#6807 = EDGE_LOOP('',(#6808,#6829,#6830,#6831));
#6808 = ORIENTED_EDGE('',*,*,#6809,.F.);
#6809 = EDGE_CURVE('',#4837,#2552,#6810,.T.);
#6810 = SURFACE_CURVE('',#6811,(#6815,#6822),.PCURVE_S1.);
#6811 = LINE('',#6812,#6813);
#6812 = CARTESIAN_POINT('',(14.5,-10.9844,-5.4));
#6813 = VECTOR('',#6814,1.);
#6814 = DIRECTION('',(1.,0.,0.));
#6815 = PCURVE('',#2598,#6816);
#6816 = DEFINITIONAL_REPRESENTATION('',(#6817),#6821);
#6817 = LINE('',#6818,#6819);
#6818 = CARTESIAN_POINT('',(0.,0.));
#6819 = VECTOR('',#6820,1.);
#6820 = DIRECTION('',(0.,1.));
#6821 = ( GEOMETRIC_REPRESENTATION_CONTEXT(2) 
PARAMETRIC_REPRESENTATION_CONTEXT() REPRESENTATION_CONTEXT('2D SPACE',''
  ) );
#6822 = PCURVE('',#2566,#6823);
#6823 = DEFINITIONAL_REPRESENTATION('',(#6824),#6828);
#6824 = LINE('',#6825,#6826);
#6825 = CARTESIAN_POINT('',(5.8,0.));
#6826 = VECTOR('',#6827,1.);
#6827 = DIRECTION('',(0.,-1.));
#6828 = ( GEOMETRIC_REPRESENTATION_CONTEXT(2) 
PARAMETRIC_REPRESENTATION_CONTEXT() REPRESENTATION_CONTEXT('2D SPACE',''
  ) );
#6829 = ORIENTED_EDGE('',*,*,#4857,.T.);
#6830 = ORIENTED_EDGE('',*,*,#6783,.T.);
#6831 = ORIENTED_EDGE('',*,*,#2577,.F.);
#6832 = ADVANCED_FACE('',(#6833),#2566,.T.);
#6833 = FACE_BOUND('',#6834,.T.);
#6834 = EDGE_LOOP('',(#6835,#6836,#6857,#6858));
#6835 = ORIENTED_EDGE('',*,*,#4836,.F.);
#6836 = ORIENTED_EDGE('',*,*,#6837,.T.);
#6837 = EDGE_CURVE('',#4809,#2519,#6838,.T.);
#6838 = SURFACE_CURVE('',#6839,(#6843,#6850),.PCURVE_S1.);
#6839 = LINE('',#6840,#6841);
#6840 = CARTESIAN_POINT('',(14.5,-5.9844,-5.4));
#6841 = VECTOR('',#6842,1.);
#6842 = DIRECTION('',(1.,0.,0.));
#6843 = PCURVE('',#2566,#6844);
#6844 = DEFINITIONAL_REPRESENTATION('',(#6845),#6849);
#6845 = LINE('',#6846,#6847);
#6846 = CARTESIAN_POINT('',(0.8,0.));
#6847 = VECTOR('',#6848,1.);
#6848 = DIRECTION('',(0.,-1.));
#6849 = ( GEOMETRIC_REPRESENTATION_CONTEXT(2) 
PARAMETRIC_REPRESENTATION_CONTEXT() REPRESENTATION_CONTEXT('2D SPACE',''
  ) );
#6850 = PCURVE('',#2539,#6851);
#6851 = DEFINITIONAL_REPRESENTATION('',(#6852),#6856);
#6852 = LINE('',#6853,#6854);
#6853 = CARTESIAN_POINT('',(1.570796326795,0.));
#6854 = VECTOR('',#6855,1.);
#6855 = DIRECTION('',(0.,1.));
#6856 = ( GEOMETRIC_REPRESENTATION_CONTEXT(2) 
PARAMETRIC_REPRESENTATION_CONTEXT() REPRESENTATION_CONTEXT('2D SPACE',''
  ) );
#6857 = ORIENTED_EDGE('',*,*,#2551,.T.);
#6858 = ORIENTED_EDGE('',*,*,#6809,.F.);
#6859 = ADVANCED_FACE('',(#6860),#2539,.F.);
#6860 = FACE_BOUND('',#6861,.F.);
#6861 = EDGE_LOOP('',(#6862,#6883,#6884,#6885));
#6862 = ORIENTED_EDGE('',*,*,#6863,.F.);
#6863 = EDGE_CURVE('',#4788,#2493,#6864,.T.);
#6864 = SURFACE_CURVE('',#6865,(#6869,#6876),.PCURVE_S1.);
#6865 = LINE('',#6866,#6867);
#6866 = CARTESIAN_POINT('',(14.5,-5.1844,-6.2));
#6867 = VECTOR('',#6868,1.);
#6868 = DIRECTION('',(1.,0.,0.));
#6869 = PCURVE('',#2539,#6870);
#6870 = DEFINITIONAL_REPRESENTATION('',(#6871),#6875);
#6871 = LINE('',#6872,#6873);
#6872 = CARTESIAN_POINT('',(0.,0.));
#6873 = VECTOR('',#6874,1.);
#6874 = DIRECTION('',(0.,1.));
#6875 = ( GEOMETRIC_REPRESENTATION_CONTEXT(2) 
PARAMETRIC_REPRESENTATION_CONTEXT() REPRESENTATION_CONTEXT('2D SPACE',''
  ) );
#6876 = PCURVE('',#2507,#6877);
#6877 = DEFINITIONAL_REPRESENTATION('',(#6878),#6882);
#6878 = LINE('',#6879,#6880);
#6879 = CARTESIAN_POINT('',(4.,0.));
#6880 = VECTOR('',#6881,1.);
#6881 = DIRECTION('',(0.,-1.));
#6882 = ( GEOMETRIC_REPRESENTATION_CONTEXT(2) 
PARAMETRIC_REPRESENTATION_CONTEXT() REPRESENTATION_CONTEXT('2D SPACE',''
  ) );
#6883 = ORIENTED_EDGE('',*,*,#4808,.T.);
#6884 = ORIENTED_EDGE('',*,*,#6837,.T.);
#6885 = ORIENTED_EDGE('',*,*,#2518,.F.);
#6886 = ADVANCED_FACE('',(#6887),#2507,.T.);
#6887 = FACE_BOUND('',#6888,.T.);
#6888 = EDGE_LOOP('',(#6889,#6890,#6911,#6912));
#6889 = ORIENTED_EDGE('',*,*,#4787,.F.);
#6890 = ORIENTED_EDGE('',*,*,#6891,.T.);
#6891 = EDGE_CURVE('',#4760,#2460,#6892,.T.);
#6892 = SURFACE_CURVE('',#6893,(#6897,#6904),.PCURVE_S1.);
#6893 = LINE('',#6894,#6895);
#6894 = CARTESIAN_POINT('',(14.5,-5.1844,-9.4));
#6895 = VECTOR('',#6896,1.);
#6896 = DIRECTION('',(1.,0.,0.));
#6897 = PCURVE('',#2507,#6898);
#6898 = DEFINITIONAL_REPRESENTATION('',(#6899),#6903);
#6899 = LINE('',#6900,#6901);
#6900 = CARTESIAN_POINT('',(0.8,0.));
#6901 = VECTOR('',#6902,1.);
#6902 = DIRECTION('',(0.,-1.));
#6903 = ( GEOMETRIC_REPRESENTATION_CONTEXT(2) 
PARAMETRIC_REPRESENTATION_CONTEXT() REPRESENTATION_CONTEXT('2D SPACE',''
  ) );
#6904 = PCURVE('',#2480,#6905);
#6905 = DEFINITIONAL_REPRESENTATION('',(#6906),#6910);
#6906 = LINE('',#6907,#6908);
#6907 = CARTESIAN_POINT('',(1.570796326795,0.));
#6908 = VECTOR('',#6909,1.);
#6909 = DIRECTION('',(0.,1.));
#6910 = ( GEOMETRIC_REPRESENTATION_CONTEXT(2) 
PARAMETRIC_REPRESENTATION_CONTEXT() REPRESENTATION_CONTEXT('2D SPACE',''
  ) );
#6911 = ORIENTED_EDGE('',*,*,#2492,.T.);
#6912 = ORIENTED_EDGE('',*,*,#6863,.F.);
#6913 = ADVANCED_FACE('',(#6914),#2480,.F.);
#6914 = FACE_BOUND('',#6915,.F.);
#6915 = EDGE_LOOP('',(#6916,#6937,#6938,#6939));
#6916 = ORIENTED_EDGE('',*,*,#6917,.F.);
#6917 = EDGE_CURVE('',#4739,#2434,#6918,.T.);
#6918 = SURFACE_CURVE('',#6919,(#6923,#6930),.PCURVE_S1.);
#6919 = LINE('',#6920,#6921);
#6920 = CARTESIAN_POINT('',(14.5,-5.9844,-10.2));
#6921 = VECTOR('',#6922,1.);
#6922 = DIRECTION('',(1.,0.,0.));
#6923 = PCURVE('',#2480,#6924);
#6924 = DEFINITIONAL_REPRESENTATION('',(#6925),#6929);
#6925 = LINE('',#6926,#6927);
#6926 = CARTESIAN_POINT('',(0.,0.));
#6927 = VECTOR('',#6928,1.);
#6928 = DIRECTION('',(0.,1.));
#6929 = ( GEOMETRIC_REPRESENTATION_CONTEXT(2) 
PARAMETRIC_REPRESENTATION_CONTEXT() REPRESENTATION_CONTEXT('2D SPACE',''
  ) );
#6930 = PCURVE('',#2448,#6931);
#6931 = DEFINITIONAL_REPRESENTATION('',(#6932),#6936);
#6932 = LINE('',#6933,#6934);
#6933 = CARTESIAN_POINT('',(5.8,0.));
#6934 = VECTOR('',#6935,1.);
#6935 = DIRECTION('',(0.,-1.));
#6936 = ( GEOMETRIC_REPRESENTATION_CONTEXT(2) 
PARAMETRIC_REPRESENTATION_CONTEXT() REPRESENTATION_CONTEXT('2D SPACE',''
  ) );
#6937 = ORIENTED_EDGE('',*,*,#4759,.T.);
#6938 = ORIENTED_EDGE('',*,*,#6891,.T.);
#6939 = ORIENTED_EDGE('',*,*,#2459,.F.);
#6940 = ADVANCED_FACE('',(#6941),#2448,.T.);
#6941 = FACE_BOUND('',#6942,.T.);
#6942 = EDGE_LOOP('',(#6943,#6944,#6945,#6946));
#6943 = ORIENTED_EDGE('',*,*,#4738,.F.);
#6944 = ORIENTED_EDGE('',*,*,#6735,.T.);
#6945 = ORIENTED_EDGE('',*,*,#2433,.T.);
#6946 = ORIENTED_EDGE('',*,*,#6917,.F.);
#6947 = ADVANCED_FACE('',(#6948),#2659,.F.);
#6948 = FACE_BOUND('',#6949,.T.);
#6949 = EDGE_LOOP('',(#6950,#6971,#6972,#6993));
#6950 = ORIENTED_EDGE('',*,*,#6951,.F.);
#6951 = EDGE_CURVE('',#4909,#2639,#6952,.T.);
#6952 = SURFACE_CURVE('',#6953,(#6957,#6964),.PCURVE_S1.);
#6953 = LINE('',#6954,#6955);
#6954 = CARTESIAN_POINT('',(14.5,-2.0734,-10.2));
#6955 = VECTOR('',#6956,1.);
#6956 = DIRECTION('',(1.,0.,0.));
#6957 = PCURVE('',#2659,#6958);
#6958 = DEFINITIONAL_REPRESENTATION('',(#6959),#6963);
#6959 = LINE('',#6960,#6961);
#6960 = CARTESIAN_POINT('',(-0.,0.));
#6961 = VECTOR('',#6962,1.);
#6962 = DIRECTION('',(-0.,1.));
#6963 = ( GEOMETRIC_REPRESENTATION_CONTEXT(2) 
PARAMETRIC_REPRESENTATION_CONTEXT() REPRESENTATION_CONTEXT('2D SPACE',''
  ) );
#6964 = PCURVE('',#2686,#6965);
#6965 = DEFINITIONAL_REPRESENTATION('',(#6966),#6970);
#6966 = LINE('',#6967,#6968);
#6967 = CARTESIAN_POINT('',(0.8,0.));
#6968 = VECTOR('',#6969,1.);
#6969 = DIRECTION('',(0.,-1.));
#6970 = ( GEOMETRIC_REPRESENTATION_CONTEXT(2) 
PARAMETRIC_REPRESENTATION_CONTEXT() REPRESENTATION_CONTEXT('2D SPACE',''
  ) );
#6971 = ORIENTED_EDGE('',*,*,#4906,.F.);
#6972 = ORIENTED_EDGE('',*,*,#6973,.T.);
#6973 = EDGE_CURVE('',#4907,#2637,#6974,.T.);
#6974 = SURFACE_CURVE('',#6975,(#6979,#6986),.PCURVE_S1.);
#6975 = LINE('',#6976,#6977);
#6976 = CARTESIAN_POINT('',(14.5,-2.8734,-9.4));
#6977 = VECTOR('',#6978,1.);
#6978 = DIRECTION('',(1.,0.,0.));
#6979 = PCURVE('',#2659,#6980);
#6980 = DEFINITIONAL_REPRESENTATION('',(#6981),#6985);
#6981 = LINE('',#6982,#6983);
#6982 = CARTESIAN_POINT('',(-1.570796326795,0.));
#6983 = VECTOR('',#6984,1.);
#6984 = DIRECTION('',(-0.,1.));
#6985 = ( GEOMETRIC_REPRESENTATION_CONTEXT(2) 
PARAMETRIC_REPRESENTATION_CONTEXT() REPRESENTATION_CONTEXT('2D SPACE',''
  ) );
#6986 = PCURVE('',#2861,#6987);
#6987 = DEFINITIONAL_REPRESENTATION('',(#6988),#6992);
#6988 = LINE('',#6989,#6990);
#6989 = CARTESIAN_POINT('',(4.,0.));
#6990 = VECTOR('',#6991,1.);
#6991 = DIRECTION('',(0.,-1.));
#6992 = ( GEOMETRIC_REPRESENTATION_CONTEXT(2) 
PARAMETRIC_REPRESENTATION_CONTEXT() REPRESENTATION_CONTEXT('2D SPACE',''
  ) );
#6993 = ORIENTED_EDGE('',*,*,#2636,.T.);
#6994 = ADVANCED_FACE('',(#6995),#2861,.T.);
#6995 = FACE_BOUND('',#6996,.T.);
#6996 = EDGE_LOOP('',(#6997,#6998,#7019,#7020));
#6997 = ORIENTED_EDGE('',*,*,#5083,.F.);
#6998 = ORIENTED_EDGE('',*,*,#6999,.T.);
#6999 = EDGE_CURVE('',#5056,#2816,#7000,.T.);
#7000 = SURFACE_CURVE('',#7001,(#7005,#7012),.PCURVE_S1.);
#7001 = LINE('',#7002,#7003);
#7002 = CARTESIAN_POINT('',(14.5,-2.8734,-6.2));
#7003 = VECTOR('',#7004,1.);
#7004 = DIRECTION('',(1.,0.,0.));
#7005 = PCURVE('',#2861,#7006);
#7006 = DEFINITIONAL_REPRESENTATION('',(#7007),#7011);
#7007 = LINE('',#7008,#7009);
#7008 = CARTESIAN_POINT('',(0.8,0.));
#7009 = VECTOR('',#7010,1.);
#7010 = DIRECTION('',(0.,-1.));
#7011 = ( GEOMETRIC_REPRESENTATION_CONTEXT(2) 
PARAMETRIC_REPRESENTATION_CONTEXT() REPRESENTATION_CONTEXT('2D SPACE',''
  ) );
#7012 = PCURVE('',#2836,#7013);
#7013 = DEFINITIONAL_REPRESENTATION('',(#7014),#7018);
#7014 = LINE('',#7015,#7016);
#7015 = CARTESIAN_POINT('',(1.570796326795,0.));
#7016 = VECTOR('',#7017,1.);
#7017 = DIRECTION('',(0.,1.));
#7018 = ( GEOMETRIC_REPRESENTATION_CONTEXT(2) 
PARAMETRIC_REPRESENTATION_CONTEXT() REPRESENTATION_CONTEXT('2D SPACE',''
  ) );
#7019 = ORIENTED_EDGE('',*,*,#2848,.T.);
#7020 = ORIENTED_EDGE('',*,*,#6973,.F.);
#7021 = ADVANCED_FACE('',(#7022),#2686,.T.);
#7022 = FACE_BOUND('',#7023,.T.);
#7023 = EDGE_LOOP('',(#7024,#7025,#7026,#7027));
#7024 = ORIENTED_EDGE('',*,*,#4936,.F.);
#7025 = ORIENTED_EDGE('',*,*,#6951,.T.);
#7026 = ORIENTED_EDGE('',*,*,#2671,.T.);
#7027 = ORIENTED_EDGE('',*,*,#7028,.F.);
#7028 = EDGE_CURVE('',#4937,#2672,#7029,.T.);
#7029 = SURFACE_CURVE('',#7030,(#7034,#7041),.PCURVE_S1.);
#7030 = LINE('',#7031,#7032);
#7031 = CARTESIAN_POINT('',(14.5,2.9266,-10.2));
#7032 = VECTOR('',#7033,1.);
#7033 = DIRECTION('',(1.,0.,0.));
#7034 = PCURVE('',#2686,#7035);
#7035 = DEFINITIONAL_REPRESENTATION('',(#7036),#7040);
#7036 = LINE('',#7037,#7038);
#7037 = CARTESIAN_POINT('',(5.8,0.));
#7038 = VECTOR('',#7039,1.);
#7039 = DIRECTION('',(0.,-1.));
#7040 = ( GEOMETRIC_REPRESENTATION_CONTEXT(2) 
PARAMETRIC_REPRESENTATION_CONTEXT() REPRESENTATION_CONTEXT('2D SPACE',''
  ) );
#7041 = PCURVE('',#2718,#7042);
#7042 = DEFINITIONAL_REPRESENTATION('',(#7043),#7047);
#7043 = LINE('',#7044,#7045);
#7044 = CARTESIAN_POINT('',(0.,0.));
#7045 = VECTOR('',#7046,1.);
#7046 = DIRECTION('',(0.,1.));
#7047 = ( GEOMETRIC_REPRESENTATION_CONTEXT(2) 
PARAMETRIC_REPRESENTATION_CONTEXT() REPRESENTATION_CONTEXT('2D SPACE',''
  ) );
#7048 = ADVANCED_FACE('',(#7049),#2836,.F.);
#7049 = FACE_BOUND('',#7050,.F.);
#7050 = EDGE_LOOP('',(#7051,#7072,#7073,#7074));
#7051 = ORIENTED_EDGE('',*,*,#7052,.F.);
#7052 = EDGE_CURVE('',#5035,#2790,#7053,.T.);
#7053 = SURFACE_CURVE('',#7054,(#7058,#7065),.PCURVE_S1.);
#7054 = LINE('',#7055,#7056);
#7055 = CARTESIAN_POINT('',(14.5,-2.0734,-5.4));
#7056 = VECTOR('',#7057,1.);
#7057 = DIRECTION('',(1.,0.,0.));
#7058 = PCURVE('',#2836,#7059);
#7059 = DEFINITIONAL_REPRESENTATION('',(#7060),#7064);
#7060 = LINE('',#7061,#7062);
#7061 = CARTESIAN_POINT('',(0.,0.));
#7062 = VECTOR('',#7063,1.);
#7063 = DIRECTION('',(0.,1.));
#7064 = ( GEOMETRIC_REPRESENTATION_CONTEXT(2) 
PARAMETRIC_REPRESENTATION_CONTEXT() REPRESENTATION_CONTEXT('2D SPACE',''
  ) );
#7065 = PCURVE('',#2804,#7066);
#7066 = DEFINITIONAL_REPRESENTATION('',(#7067),#7071);
#7067 = LINE('',#7068,#7069);
#7068 = CARTESIAN_POINT('',(5.8,0.));
#7069 = VECTOR('',#7070,1.);
#7070 = DIRECTION('',(0.,-1.));
#7071 = ( GEOMETRIC_REPRESENTATION_CONTEXT(2) 
PARAMETRIC_REPRESENTATION_CONTEXT() REPRESENTATION_CONTEXT('2D SPACE',''
  ) );
#7072 = ORIENTED_EDGE('',*,*,#5055,.T.);
#7073 = ORIENTED_EDGE('',*,*,#6999,.T.);
#7074 = ORIENTED_EDGE('',*,*,#2815,.F.);
#7075 = ADVANCED_FACE('',(#7076),#2718,.F.);
#7076 = FACE_BOUND('',#7077,.F.);
#7077 = EDGE_LOOP('',(#7078,#7079,#7080,#7101));
#7078 = ORIENTED_EDGE('',*,*,#7028,.F.);
#7079 = ORIENTED_EDGE('',*,*,#4957,.T.);
#7080 = ORIENTED_EDGE('',*,*,#7081,.T.);
#7081 = EDGE_CURVE('',#4958,#2698,#7082,.T.);
#7082 = SURFACE_CURVE('',#7083,(#7087,#7094),.PCURVE_S1.);
#7083 = LINE('',#7084,#7085);
#7084 = CARTESIAN_POINT('',(14.5,3.7266,-9.4));
#7085 = VECTOR('',#7086,1.);
#7086 = DIRECTION('',(1.,0.,0.));
#7087 = PCURVE('',#2718,#7088);
#7088 = DEFINITIONAL_REPRESENTATION('',(#7089),#7093);
#7089 = LINE('',#7090,#7091);
#7090 = CARTESIAN_POINT('',(1.570796326795,0.));
#7091 = VECTOR('',#7092,1.);
#7092 = DIRECTION('',(0.,1.));
#7093 = ( GEOMETRIC_REPRESENTATION_CONTEXT(2) 
PARAMETRIC_REPRESENTATION_CONTEXT() REPRESENTATION_CONTEXT('2D SPACE',''
  ) );
#7094 = PCURVE('',#2745,#7095);
#7095 = DEFINITIONAL_REPRESENTATION('',(#7096),#7100);
#7096 = LINE('',#7097,#7098);
#7097 = CARTESIAN_POINT('',(0.8,0.));
#7098 = VECTOR('',#7099,1.);
#7099 = DIRECTION('',(0.,-1.));
#7100 = ( GEOMETRIC_REPRESENTATION_CONTEXT(2) 
PARAMETRIC_REPRESENTATION_CONTEXT() REPRESENTATION_CONTEXT('2D SPACE',''
  ) );
#7101 = ORIENTED_EDGE('',*,*,#2697,.F.);
#7102 = ADVANCED_FACE('',(#7103),#2804,.T.);
#7103 = FACE_BOUND('',#7104,.T.);
#7104 = EDGE_LOOP('',(#7105,#7106,#7127,#7128));
#7105 = ORIENTED_EDGE('',*,*,#5034,.F.);
#7106 = ORIENTED_EDGE('',*,*,#7107,.T.);
#7107 = EDGE_CURVE('',#5007,#2757,#7108,.T.);
#7108 = SURFACE_CURVE('',#7109,(#7113,#7120),.PCURVE_S1.);
#7109 = LINE('',#7110,#7111);
#7110 = CARTESIAN_POINT('',(14.5,2.9266,-5.4));
#7111 = VECTOR('',#7112,1.);
#7112 = DIRECTION('',(1.,0.,0.));
#7113 = PCURVE('',#2804,#7114);
#7114 = DEFINITIONAL_REPRESENTATION('',(#7115),#7119);
#7115 = LINE('',#7116,#7117);
#7116 = CARTESIAN_POINT('',(0.8,0.));
#7117 = VECTOR('',#7118,1.);
#7118 = DIRECTION('',(0.,-1.));
#7119 = ( GEOMETRIC_REPRESENTATION_CONTEXT(2) 
PARAMETRIC_REPRESENTATION_CONTEXT() REPRESENTATION_CONTEXT('2D SPACE',''
  ) );
#7120 = PCURVE('',#2777,#7121);
#7121 = DEFINITIONAL_REPRESENTATION('',(#7122),#7126);
#7122 = LINE('',#7123,#7124);
#7123 = CARTESIAN_POINT('',(1.570796326795,0.));
#7124 = VECTOR('',#7125,1.);
#7125 = DIRECTION('',(0.,1.));
#7126 = ( GEOMETRIC_REPRESENTATION_CONTEXT(2) 
PARAMETRIC_REPRESENTATION_CONTEXT() REPRESENTATION_CONTEXT('2D SPACE',''
  ) );
#7127 = ORIENTED_EDGE('',*,*,#2789,.T.);
#7128 = ORIENTED_EDGE('',*,*,#7052,.F.);
#7129 = ADVANCED_FACE('',(#7130),#2745,.T.);
#7130 = FACE_BOUND('',#7131,.T.);
#7131 = EDGE_LOOP('',(#7132,#7133,#7134,#7135));
#7132 = ORIENTED_EDGE('',*,*,#4985,.F.);
#7133 = ORIENTED_EDGE('',*,*,#7081,.T.);
#7134 = ORIENTED_EDGE('',*,*,#2730,.T.);
#7135 = ORIENTED_EDGE('',*,*,#7136,.F.);
#7136 = EDGE_CURVE('',#4986,#2731,#7137,.T.);
#7137 = SURFACE_CURVE('',#7138,(#7142,#7149),.PCURVE_S1.);
#7138 = LINE('',#7139,#7140);
#7139 = CARTESIAN_POINT('',(14.5,3.7266,-6.2));
#7140 = VECTOR('',#7141,1.);
#7141 = DIRECTION('',(1.,0.,0.));
#7142 = PCURVE('',#2745,#7143);
#7143 = DEFINITIONAL_REPRESENTATION('',(#7144),#7148);
#7144 = LINE('',#7145,#7146);
#7145 = CARTESIAN_POINT('',(4.,0.));
#7146 = VECTOR('',#7147,1.);
#7147 = DIRECTION('',(0.,-1.));
#7148 = ( GEOMETRIC_REPRESENTATION_CONTEXT(2) 
PARAMETRIC_REPRESENTATION_CONTEXT() REPRESENTATION_CONTEXT('2D SPACE',''
  ) );
#7149 = PCURVE('',#2777,#7150);
#7150 = DEFINITIONAL_REPRESENTATION('',(#7151),#7155);
#7151 = LINE('',#7152,#7153);
#7152 = CARTESIAN_POINT('',(0.,0.));
#7153 = VECTOR('',#7154,1.);
#7154 = DIRECTION('',(0.,1.));
#7155 = ( GEOMETRIC_REPRESENTATION_CONTEXT(2) 
PARAMETRIC_REPRESENTATION_CONTEXT() REPRESENTATION_CONTEXT('2D SPACE',''
  ) );
#7156 = ADVANCED_FACE('',(#7157),#2777,.F.);
#7157 = FACE_BOUND('',#7158,.F.);
#7158 = EDGE_LOOP('',(#7159,#7160,#7161,#7162));
#7159 = ORIENTED_EDGE('',*,*,#7136,.F.);
#7160 = ORIENTED_EDGE('',*,*,#5006,.T.);
#7161 = ORIENTED_EDGE('',*,*,#7107,.T.);
#7162 = ORIENTED_EDGE('',*,*,#2756,.F.);
#7163 = ADVANCED_FACE('',(#7164),#2897,.F.);
#7164 = FACE_BOUND('',#7165,.T.);
#7165 = EDGE_LOOP('',(#7166,#7187,#7188,#7209));
#7166 = ORIENTED_EDGE('',*,*,#7167,.F.);
#7167 = EDGE_CURVE('',#5107,#2877,#7168,.T.);
#7168 = SURFACE_CURVE('',#7169,(#7173,#7180),.PCURVE_S1.);
#7169 = LINE('',#7170,#7171);
#7170 = CARTESIAN_POINT('',(14.5,6.8381,-10.2));
#7171 = VECTOR('',#7172,1.);
#7172 = DIRECTION('',(1.,0.,0.));
#7173 = PCURVE('',#2897,#7174);
#7174 = DEFINITIONAL_REPRESENTATION('',(#7175),#7179);
#7175 = LINE('',#7176,#7177);
#7176 = CARTESIAN_POINT('',(-0.,0.));
#7177 = VECTOR('',#7178,1.);
#7178 = DIRECTION('',(-0.,1.));
#7179 = ( GEOMETRIC_REPRESENTATION_CONTEXT(2) 
PARAMETRIC_REPRESENTATION_CONTEXT() REPRESENTATION_CONTEXT('2D SPACE',''
  ) );
#7180 = PCURVE('',#2924,#7181);
#7181 = DEFINITIONAL_REPRESENTATION('',(#7182),#7186);
#7182 = LINE('',#7183,#7184);
#7183 = CARTESIAN_POINT('',(0.8,0.));
#7184 = VECTOR('',#7185,1.);
#7185 = DIRECTION('',(0.,-1.));
#7186 = ( GEOMETRIC_REPRESENTATION_CONTEXT(2) 
PARAMETRIC_REPRESENTATION_CONTEXT() REPRESENTATION_CONTEXT('2D SPACE',''
  ) );
#7187 = ORIENTED_EDGE('',*,*,#5104,.F.);
#7188 = ORIENTED_EDGE('',*,*,#7189,.T.);
#7189 = EDGE_CURVE('',#5105,#2875,#7190,.T.);
#7190 = SURFACE_CURVE('',#7191,(#7195,#7202),.PCURVE_S1.);
#7191 = LINE('',#7192,#7193);
#7192 = CARTESIAN_POINT('',(14.5,6.0381,-9.4));
#7193 = VECTOR('',#7194,1.);
#7194 = DIRECTION('',(1.,0.,0.));
#7195 = PCURVE('',#2897,#7196);
#7196 = DEFINITIONAL_REPRESENTATION('',(#7197),#7201);
#7197 = LINE('',#7198,#7199);
#7198 = CARTESIAN_POINT('',(-1.570796326795,0.));
#7199 = VECTOR('',#7200,1.);
#7200 = DIRECTION('',(-0.,1.));
#7201 = ( GEOMETRIC_REPRESENTATION_CONTEXT(2) 
PARAMETRIC_REPRESENTATION_CONTEXT() REPRESENTATION_CONTEXT('2D SPACE',''
  ) );
#7202 = PCURVE('',#3099,#7203);
#7203 = DEFINITIONAL_REPRESENTATION('',(#7204),#7208);
#7204 = LINE('',#7205,#7206);
#7205 = CARTESIAN_POINT('',(4.,0.));
#7206 = VECTOR('',#7207,1.);
#7207 = DIRECTION('',(0.,-1.));
#7208 = ( GEOMETRIC_REPRESENTATION_CONTEXT(2) 
PARAMETRIC_REPRESENTATION_CONTEXT() REPRESENTATION_CONTEXT('2D SPACE',''
  ) );
#7209 = ORIENTED_EDGE('',*,*,#2874,.T.);
#7210 = ADVANCED_FACE('',(#7211),#3099,.T.);
#7211 = FACE_BOUND('',#7212,.T.);
#7212 = EDGE_LOOP('',(#7213,#7214,#7235,#7236));
#7213 = ORIENTED_EDGE('',*,*,#5281,.F.);
#7214 = ORIENTED_EDGE('',*,*,#7215,.T.);
#7215 = EDGE_CURVE('',#5254,#3054,#7216,.T.);
#7216 = SURFACE_CURVE('',#7217,(#7221,#7228),.PCURVE_S1.);
#7217 = LINE('',#7218,#7219);
#7218 = CARTESIAN_POINT('',(14.5,6.0381,-6.2));
#7219 = VECTOR('',#7220,1.);
#7220 = DIRECTION('',(1.,0.,0.));
#7221 = PCURVE('',#3099,#7222);
#7222 = DEFINITIONAL_REPRESENTATION('',(#7223),#7227);
#7223 = LINE('',#7224,#7225);
#7224 = CARTESIAN_POINT('',(0.8,0.));
#7225 = VECTOR('',#7226,1.);
#7226 = DIRECTION('',(0.,-1.));
#7227 = ( GEOMETRIC_REPRESENTATION_CONTEXT(2) 
PARAMETRIC_REPRESENTATION_CONTEXT() REPRESENTATION_CONTEXT('2D SPACE',''
  ) );
#7228 = PCURVE('',#3074,#7229);
#7229 = DEFINITIONAL_REPRESENTATION('',(#7230),#7234);
#7230 = LINE('',#7231,#7232);
#7231 = CARTESIAN_POINT('',(1.570796326795,0.));
#7232 = VECTOR('',#7233,1.);
#7233 = DIRECTION('',(0.,1.));
#7234 = ( GEOMETRIC_REPRESENTATION_CONTEXT(2) 
PARAMETRIC_REPRESENTATION_CONTEXT() REPRESENTATION_CONTEXT('2D SPACE',''
  ) );
#7235 = ORIENTED_EDGE('',*,*,#3086,.T.);
#7236 = ORIENTED_EDGE('',*,*,#7189,.F.);
#7237 = ADVANCED_FACE('',(#7238),#2924,.T.);
#7238 = FACE_BOUND('',#7239,.T.);
#7239 = EDGE_LOOP('',(#7240,#7241,#7242,#7243));
#7240 = ORIENTED_EDGE('',*,*,#5134,.F.);
#7241 = ORIENTED_EDGE('',*,*,#7167,.T.);
#7242 = ORIENTED_EDGE('',*,*,#2909,.T.);
#7243 = ORIENTED_EDGE('',*,*,#7244,.F.);
#7244 = EDGE_CURVE('',#5135,#2910,#7245,.T.);
#7245 = SURFACE_CURVE('',#7246,(#7250,#7257),.PCURVE_S1.);
#7246 = LINE('',#7247,#7248);
#7247 = CARTESIAN_POINT('',(14.5,11.8381,-10.2));
#7248 = VECTOR('',#7249,1.);
#7249 = DIRECTION('',(1.,0.,0.));
#7250 = PCURVE('',#2924,#7251);
#7251 = DEFINITIONAL_REPRESENTATION('',(#7252),#7256);
#7252 = LINE('',#7253,#7254);
#7253 = CARTESIAN_POINT('',(5.8,0.));
#7254 = VECTOR('',#7255,1.);
#7255 = DIRECTION('',(0.,-1.));
#7256 = ( GEOMETRIC_REPRESENTATION_CONTEXT(2) 
PARAMETRIC_REPRESENTATION_CONTEXT() REPRESENTATION_CONTEXT('2D SPACE',''
  ) );
#7257 = PCURVE('',#2956,#7258);
#7258 = DEFINITIONAL_REPRESENTATION('',(#7259),#7263);
#7259 = LINE('',#7260,#7261);
#7260 = CARTESIAN_POINT('',(0.,0.));
#7261 = VECTOR('',#7262,1.);
#7262 = DIRECTION('',(0.,1.));
#7263 = ( GEOMETRIC_REPRESENTATION_CONTEXT(2) 
PARAMETRIC_REPRESENTATION_CONTEXT() REPRESENTATION_CONTEXT('2D SPACE',''
  ) );
#7264 = ADVANCED_FACE('',(#7265),#3074,.F.);
#7265 = FACE_BOUND('',#7266,.F.);
#7266 = EDGE_LOOP('',(#7267,#7288,#7289,#7290));
#7267 = ORIENTED_EDGE('',*,*,#7268,.F.);
#7268 = EDGE_CURVE('',#5233,#3028,#7269,.T.);
#7269 = SURFACE_CURVE('',#7270,(#7274,#7281),.PCURVE_S1.);
#7270 = LINE('',#7271,#7272);
#7271 = CARTESIAN_POINT('',(14.5,6.8381,-5.4));
#7272 = VECTOR('',#7273,1.);
#7273 = DIRECTION('',(1.,0.,0.));
#7274 = PCURVE('',#3074,#7275);
#7275 = DEFINITIONAL_REPRESENTATION('',(#7276),#7280);
#7276 = LINE('',#7277,#7278);
#7277 = CARTESIAN_POINT('',(0.,0.));
#7278 = VECTOR('',#7279,1.);
#7279 = DIRECTION('',(0.,1.));
#7280 = ( GEOMETRIC_REPRESENTATION_CONTEXT(2) 
PARAMETRIC_REPRESENTATION_CONTEXT() REPRESENTATION_CONTEXT('2D SPACE',''
  ) );
#7281 = PCURVE('',#3042,#7282);
#7282 = DEFINITIONAL_REPRESENTATION('',(#7283),#7287);
#7283 = LINE('',#7284,#7285);
#7284 = CARTESIAN_POINT('',(5.8,0.));
#7285 = VECTOR('',#7286,1.);
#7286 = DIRECTION('',(0.,-1.));
#7287 = ( GEOMETRIC_REPRESENTATION_CONTEXT(2) 
PARAMETRIC_REPRESENTATION_CONTEXT() REPRESENTATION_CONTEXT('2D SPACE',''
  ) );
#7288 = ORIENTED_EDGE('',*,*,#5253,.T.);
#7289 = ORIENTED_EDGE('',*,*,#7215,.T.);
#7290 = ORIENTED_EDGE('',*,*,#3053,.F.);
#7291 = ADVANCED_FACE('',(#7292),#2956,.F.);
#7292 = FACE_BOUND('',#7293,.F.);
#7293 = EDGE_LOOP('',(#7294,#7295,#7296,#7317));
#7294 = ORIENTED_EDGE('',*,*,#7244,.F.);
#7295 = ORIENTED_EDGE('',*,*,#5155,.T.);
#7296 = ORIENTED_EDGE('',*,*,#7297,.T.);
#7297 = EDGE_CURVE('',#5156,#2936,#7298,.T.);
#7298 = SURFACE_CURVE('',#7299,(#7303,#7310),.PCURVE_S1.);
#7299 = LINE('',#7300,#7301);
#7300 = CARTESIAN_POINT('',(14.5,12.6381,-9.4));
#7301 = VECTOR('',#7302,1.);
#7302 = DIRECTION('',(1.,0.,0.));
#7303 = PCURVE('',#2956,#7304);
#7304 = DEFINITIONAL_REPRESENTATION('',(#7305),#7309);
#7305 = LINE('',#7306,#7307);
#7306 = CARTESIAN_POINT('',(1.570796326795,0.));
#7307 = VECTOR('',#7308,1.);
#7308 = DIRECTION('',(0.,1.));
#7309 = ( GEOMETRIC_REPRESENTATION_CONTEXT(2) 
PARAMETRIC_REPRESENTATION_CONTEXT() REPRESENTATION_CONTEXT('2D SPACE',''
  ) );
#7310 = PCURVE('',#2983,#7311);
#7311 = DEFINITIONAL_REPRESENTATION('',(#7312),#7316);
#7312 = LINE('',#7313,#7314);
#7313 = CARTESIAN_POINT('',(0.8,0.));
#7314 = VECTOR('',#7315,1.);
#7315 = DIRECTION('',(0.,-1.));
#7316 = ( GEOMETRIC_REPRESENTATION_CONTEXT(2) 
PARAMETRIC_REPRESENTATION_CONTEXT() REPRESENTATION_CONTEXT('2D SPACE',''
  ) );
#7317 = ORIENTED_EDGE('',*,*,#2935,.F.);
#7318 = ADVANCED_FACE('',(#7319),#3042,.T.);
#7319 = FACE_BOUND('',#7320,.T.);
#7320 = EDGE_LOOP('',(#7321,#7322,#7343,#7344));
#7321 = ORIENTED_EDGE('',*,*,#5232,.F.);
#7322 = ORIENTED_EDGE('',*,*,#7323,.T.);
#7323 = EDGE_CURVE('',#5205,#2995,#7324,.T.);
#7324 = SURFACE_CURVE('',#7325,(#7329,#7336),.PCURVE_S1.);
#7325 = LINE('',#7326,#7327);
#7326 = CARTESIAN_POINT('',(14.5,11.8381,-5.4));
#7327 = VECTOR('',#7328,1.);
#7328 = DIRECTION('',(1.,0.,0.));
#7329 = PCURVE('',#3042,#7330);
#7330 = DEFINITIONAL_REPRESENTATION('',(#7331),#7335);
#7331 = LINE('',#7332,#7333);
#7332 = CARTESIAN_POINT('',(0.8,0.));
#7333 = VECTOR('',#7334,1.);
#7334 = DIRECTION('',(0.,-1.));
#7335 = ( GEOMETRIC_REPRESENTATION_CONTEXT(2) 
PARAMETRIC_REPRESENTATION_CONTEXT() REPRESENTATION_CONTEXT('2D SPACE',''
  ) );
#7336 = PCURVE('',#3015,#7337);
#7337 = DEFINITIONAL_REPRESENTATION('',(#7338),#7342);
#7338 = LINE('',#7339,#7340);
#7339 = CARTESIAN_POINT('',(1.570796326795,0.));
#7340 = VECTOR('',#7341,1.);
#7341 = DIRECTION('',(0.,1.));
#7342 = ( GEOMETRIC_REPRESENTATION_CONTEXT(2) 
PARAMETRIC_REPRESENTATION_CONTEXT() REPRESENTATION_CONTEXT('2D SPACE',''
  ) );
#7343 = ORIENTED_EDGE('',*,*,#3027,.T.);
#7344 = ORIENTED_EDGE('',*,*,#7268,.F.);
#7345 = ADVANCED_FACE('',(#7346),#2983,.T.);
#7346 = FACE_BOUND('',#7347,.T.);
#7347 = EDGE_LOOP('',(#7348,#7349,#7350,#7351));
#7348 = ORIENTED_EDGE('',*,*,#5183,.F.);
#7349 = ORIENTED_EDGE('',*,*,#7297,.T.);
#7350 = ORIENTED_EDGE('',*,*,#2968,.T.);
#7351 = ORIENTED_EDGE('',*,*,#7352,.F.);
#7352 = EDGE_CURVE('',#5184,#2969,#7353,.T.);
#7353 = SURFACE_CURVE('',#7354,(#7358,#7365),.PCURVE_S1.);
#7354 = LINE('',#7355,#7356);
#7355 = CARTESIAN_POINT('',(14.5,12.6381,-6.2));
#7356 = VECTOR('',#7357,1.);
#7357 = DIRECTION('',(1.,0.,0.));
#7358 = PCURVE('',#2983,#7359);
#7359 = DEFINITIONAL_REPRESENTATION('',(#7360),#7364);
#7360 = LINE('',#7361,#7362);
#7361 = CARTESIAN_POINT('',(4.,0.));
#7362 = VECTOR('',#7363,1.);
#7363 = DIRECTION('',(0.,-1.));
#7364 = ( GEOMETRIC_REPRESENTATION_CONTEXT(2) 
PARAMETRIC_REPRESENTATION_CONTEXT() REPRESENTATION_CONTEXT('2D SPACE',''
  ) );
#7365 = PCURVE('',#3015,#7366);
#7366 = DEFINITIONAL_REPRESENTATION('',(#7367),#7371);
#7367 = LINE('',#7368,#7369);
#7368 = CARTESIAN_POINT('',(0.,0.));
#7369 = VECTOR('',#7370,1.);
#7370 = DIRECTION('',(0.,1.));
#7371 = ( GEOMETRIC_REPRESENTATION_CONTEXT(2) 
PARAMETRIC_REPRESENTATION_CONTEXT() REPRESENTATION_CONTEXT('2D SPACE',''
  ) );
#7372 = ADVANCED_FACE('',(#7373),#3015,.F.);
#7373 = FACE_BOUND('',#7374,.F.);
#7374 = EDGE_LOOP('',(#7375,#7376,#7377,#7378));
#7375 = ORIENTED_EDGE('',*,*,#7352,.F.);
#7376 = ORIENTED_EDGE('',*,*,#5204,.T.);
#7377 = ORIENTED_EDGE('',*,*,#7323,.T.);
#7378 = ORIENTED_EDGE('',*,*,#2994,.F.);
#7379 = ADVANCED_FACE('',(#7380),#3182,.T.);
#7380 = FACE_BOUND('',#7381,.T.);
#7381 = EDGE_LOOP('',(#7382,#7383,#7384,#7385));
#7382 = ORIENTED_EDGE('',*,*,#3701,.F.);
#7383 = ORIENTED_EDGE('',*,*,#3165,.T.);
#7384 = ORIENTED_EDGE('',*,*,#5682,.T.);
#7385 = ORIENTED_EDGE('',*,*,#7386,.F.);
#7386 = EDGE_CURVE('',#3702,#5683,#7387,.T.);
#7387 = SURFACE_CURVE('',#7388,(#7392,#7399),.PCURVE_S1.);
#7388 = LINE('',#7389,#7390);
#7389 = CARTESIAN_POINT('',(-18.4487153331,30.321527181977,-13.));
#7390 = VECTOR('',#7391,1.);
#7391 = DIRECTION('',(0.,0.,1.));
#7392 = PCURVE('',#3182,#7393);
#7393 = DEFINITIONAL_REPRESENTATION('',(#7394),#7398);
#7394 = LINE('',#7395,#7396);
#7395 = CARTESIAN_POINT('',(9.093460727484,0.));
#7396 = VECTOR('',#7397,1.);
#7397 = DIRECTION('',(0.,-1.));
#7398 = ( GEOMETRIC_REPRESENTATION_CONTEXT(2) 
PARAMETRIC_REPRESENTATION_CONTEXT() REPRESENTATION_CONTEXT('2D SPACE',''
  ) );
#7399 = PCURVE('',#3767,#7400);
#7400 = DEFINITIONAL_REPRESENTATION('',(#7401),#7405);
#7401 = LINE('',#7402,#7403);
#7402 = CARTESIAN_POINT('',(9.259162980755E-02,0.));
#7403 = VECTOR('',#7404,1.);
#7404 = DIRECTION('',(0.,-1.));
#7405 = ( GEOMETRIC_REPRESENTATION_CONTEXT(2) 
PARAMETRIC_REPRESENTATION_CONTEXT() REPRESENTATION_CONTEXT('2D SPACE',''
  ) );
#7406 = ADVANCED_FACE('',(#7407),#3767,.T.);
#7407 = FACE_BOUND('',#7408,.T.);
#7408 = EDGE_LOOP('',(#7409,#7410,#7411,#7432));
#7409 = ORIENTED_EDGE('',*,*,#7386,.T.);
#7410 = ORIENTED_EDGE('',*,*,#5731,.T.);
#7411 = ORIENTED_EDGE('',*,*,#7412,.F.);
#7412 = EDGE_CURVE('',#3751,#5732,#7413,.T.);
#7413 = SURFACE_CURVE('',#7414,(#7418,#7425),.PCURVE_S1.);
#7414 = LINE('',#7415,#7416);
#7415 = CARTESIAN_POINT('',(-16.05210172423,31.380552887319,-13.));
#7416 = VECTOR('',#7417,1.);
#7417 = DIRECTION('',(0.,0.,1.));
#7418 = PCURVE('',#3767,#7419);
#7419 = DEFINITIONAL_REPRESENTATION('',(#7420),#7424);
#7420 = LINE('',#7421,#7422);
#7421 = CARTESIAN_POINT('',(2.216832284405,0.));
#7422 = VECTOR('',#7423,1.);
#7423 = DIRECTION('',(0.,-1.));
#7424 = ( GEOMETRIC_REPRESENTATION_CONTEXT(2) 
PARAMETRIC_REPRESENTATION_CONTEXT() REPRESENTATION_CONTEXT('2D SPACE',''
  ) );
#7425 = PCURVE('',#3841,#7426);
#7426 = DEFINITIONAL_REPRESENTATION('',(#7427),#7431);
#7427 = LINE('',#7428,#7429);
#7428 = CARTESIAN_POINT('',(0.,0.));
#7429 = VECTOR('',#7430,1.);
#7430 = DIRECTION('',(0.,-1.));
#7431 = ( GEOMETRIC_REPRESENTATION_CONTEXT(2) 
PARAMETRIC_REPRESENTATION_CONTEXT() REPRESENTATION_CONTEXT('2D SPACE',''
  ) );
#7432 = ORIENTED_EDGE('',*,*,#3750,.F.);
#7433 = ADVANCED_FACE('',(#7434),#3841,.T.);
#7434 = FACE_BOUND('',#7435,.T.);
#7435 = EDGE_LOOP('',(#7436,#7437,#7438,#7459));
#7436 = ORIENTED_EDGE('',*,*,#7412,.T.);
#7437 = ORIENTED_EDGE('',*,*,#5803,.T.);
#7438 = ORIENTED_EDGE('',*,*,#7439,.F.);
#7439 = EDGE_CURVE('',#3806,#5782,#7440,.T.);
#7440 = SURFACE_CURVE('',#7441,(#7445,#7452),.PCURVE_S1.);
#7441 = LINE('',#7442,#7443);
#7442 = CARTESIAN_POINT('',(-7.903044079266,25.236422123256,-13.));
#7443 = VECTOR('',#7444,1.);
#7444 = DIRECTION('',(0.,0.,1.));
#7445 = PCURVE('',#3841,#7446);
#7446 = DEFINITIONAL_REPRESENTATION('',(#7447),#7451);
#7447 = LINE('',#7448,#7449);
#7448 = CARTESIAN_POINT('',(10.20575736273,0.));
#7449 = VECTOR('',#7450,1.);
#7450 = DIRECTION('',(0.,-1.));
#7451 = ( GEOMETRIC_REPRESENTATION_CONTEXT(2) 
PARAMETRIC_REPRESENTATION_CONTEXT() REPRESENTATION_CONTEXT('2D SPACE',''
  ) );
#7452 = PCURVE('',#3900,#7453);
#7453 = DEFINITIONAL_REPRESENTATION('',(#7454),#7458);
#7454 = LINE('',#7455,#7456);
#7455 = CARTESIAN_POINT('',(2.216832284405,0.));
#7456 = VECTOR('',#7457,1.);
#7457 = DIRECTION('',(0.,-1.));
#7458 = ( GEOMETRIC_REPRESENTATION_CONTEXT(2) 
PARAMETRIC_REPRESENTATION_CONTEXT() REPRESENTATION_CONTEXT('2D SPACE',''
  ) );
#7459 = ORIENTED_EDGE('',*,*,#3827,.F.);
#7460 = ADVANCED_FACE('',(#7461),#3900,.T.);
#7461 = FACE_BOUND('',#7462,.T.);
#7462 = EDGE_LOOP('',(#7463,#7464,#7465,#7466));
#7463 = ORIENTED_EDGE('',*,*,#3883,.F.);
#7464 = ORIENTED_EDGE('',*,*,#7439,.T.);
#7465 = ORIENTED_EDGE('',*,*,#5854,.T.);
#7466 = ORIENTED_EDGE('',*,*,#7467,.T.);
#7467 = EDGE_CURVE('',#5855,#3884,#7468,.T.);
#7468 = SURFACE_CURVE('',#7469,(#7473,#7479),.PCURVE_S1.);
#7469 = LINE('',#7470,#7471);
#7470 = CARTESIAN_POINT('',(-7.856662465185,25.2,-13.));
#7471 = VECTOR('',#7472,1.);
#7472 = DIRECTION('',(0.,0.,-1.));
#7473 = PCURVE('',#3900,#7474);
#7474 = DEFINITIONAL_REPRESENTATION('',(#7475),#7478);
#7475 = B_SPLINE_CURVE_WITH_KNOTS('',1,(#7476,#7477),.UNSPECIFIED.,.F.,
  .F.,(2,2),(-12.3500006,-0.6499994),.PIECEWISE_BEZIER_KNOTS.);
#7476 = CARTESIAN_POINT('',(2.256150209367,-12.3500006));
#7477 = CARTESIAN_POINT('',(2.256150209367,-0.6499994));
#7478 = ( GEOMETRIC_REPRESENTATION_CONTEXT(2) 
PARAMETRIC_REPRESENTATION_CONTEXT() REPRESENTATION_CONTEXT('2D SPACE',''
  ) );
#7479 = PCURVE('',#4093,#7480);
#7480 = DEFINITIONAL_REPRESENTATION('',(#7481),#7484);
#7481 = B_SPLINE_CURVE_WITH_KNOTS('',1,(#7482,#7483),.UNSPECIFIED.,.F.,
  .F.,(2,2),(-12.3500006,-0.6499994),.PIECEWISE_BEZIER_KNOTS.);
#7482 = CARTESIAN_POINT('',(29.056662465185,-12.3500006));
#7483 = CARTESIAN_POINT('',(29.056662465185,-0.6499994));
#7484 = ( GEOMETRIC_REPRESENTATION_CONTEXT(2) 
PARAMETRIC_REPRESENTATION_CONTEXT() REPRESENTATION_CONTEXT('2D SPACE',''
  ) );
#7485 = ADVANCED_FACE('',(#7486),#4093,.F.);
#7486 = FACE_BOUND('',#7487,.F.);
#7487 = EDGE_LOOP('',(#7488,#7489,#7508,#7509));
#7488 = ORIENTED_EDGE('',*,*,#4077,.F.);
#7489 = ORIENTED_EDGE('',*,*,#7490,.F.);
#7490 = EDGE_CURVE('',#6056,#4078,#7491,.T.);
#7491 = SURFACE_CURVE('',#7492,(#7496,#7502),.PCURVE_S1.);
#7492 = LINE('',#7493,#7494);
#7493 = CARTESIAN_POINT('',(7.856662465185,25.2,-13.));
#7494 = VECTOR('',#7495,1.);
#7495 = DIRECTION('',(0.,0.,-1.));
#7496 = PCURVE('',#4093,#7497);
#7497 = DEFINITIONAL_REPRESENTATION('',(#7498),#7501);
#7498 = B_SPLINE_CURVE_WITH_KNOTS('',1,(#7499,#7500),.UNSPECIFIED.,.F.,
  .F.,(2,2),(-12.3500006,-0.6499994),.PIECEWISE_BEZIER_KNOTS.);
#7499 = CARTESIAN_POINT('',(13.343337534815,-12.3500006));
#7500 = CARTESIAN_POINT('',(13.343337534815,-0.6499994));
#7501 = ( GEOMETRIC_REPRESENTATION_CONTEXT(2) 
PARAMETRIC_REPRESENTATION_CONTEXT() REPRESENTATION_CONTEXT('2D SPACE',''
  ) );
#7502 = PCURVE('',#4247,#7503);
#7503 = DEFINITIONAL_REPRESENTATION('',(#7504),#7507);
#7504 = B_SPLINE_CURVE_WITH_KNOTS('',1,(#7505,#7506),.UNSPECIFIED.,.F.,
  .F.,(2,2),(-12.3500006,-0.6499994),.PIECEWISE_BEZIER_KNOTS.);
#7505 = CARTESIAN_POINT('',(7.168627751402,-12.3500006));
#7506 = CARTESIAN_POINT('',(7.168627751402,-0.6499994));
#7507 = ( GEOMETRIC_REPRESENTATION_CONTEXT(2) 
PARAMETRIC_REPRESENTATION_CONTEXT() REPRESENTATION_CONTEXT('2D SPACE',''
  ) );
#7508 = ORIENTED_EDGE('',*,*,#6055,.T.);
#7509 = ORIENTED_EDGE('',*,*,#7467,.T.);
#7510 = ADVANCED_FACE('',(#7511),#4192,.T.);
#7511 = FACE_BOUND('',#7512,.T.);
#7512 = EDGE_LOOP('',(#7513,#7514,#7535,#7536));
#7513 = ORIENTED_EDGE('',*,*,#4176,.F.);
#7514 = ORIENTED_EDGE('',*,*,#7515,.T.);
#7515 = EDGE_CURVE('',#4177,#6150,#7516,.T.);
#7516 = SURFACE_CURVE('',#7517,(#7521,#7528),.PCURVE_S1.);
#7517 = LINE('',#7518,#7519);
#7518 = CARTESIAN_POINT('',(18.448715333102,30.321527181977,-13.));
#7519 = VECTOR('',#7520,1.);
#7520 = DIRECTION('',(0.,0.,1.));
#7521 = PCURVE('',#4192,#7522);
#7522 = DEFINITIONAL_REPRESENTATION('',(#7523),#7527);
#7523 = LINE('',#7524,#7525);
#7524 = CARTESIAN_POINT('',(0.,0.));
#7525 = VECTOR('',#7526,1.);
#7526 = DIRECTION('',(0.,-1.));
#7527 = ( GEOMETRIC_REPRESENTATION_CONTEXT(2) 
PARAMETRIC_REPRESENTATION_CONTEXT() REPRESENTATION_CONTEXT('2D SPACE',''
  ) );
#7528 = PCURVE('',#4320,#7529);
#7529 = DEFINITIONAL_REPRESENTATION('',(#7530),#7534);
#7530 = LINE('',#7531,#7532);
#7531 = CARTESIAN_POINT('',(3.049001023782,0.));
#7532 = VECTOR('',#7533,1.);
#7533 = DIRECTION('',(0.,-1.));
#7534 = ( GEOMETRIC_REPRESENTATION_CONTEXT(2) 
PARAMETRIC_REPRESENTATION_CONTEXT() REPRESENTATION_CONTEXT('2D SPACE',''
  ) );
#7535 = ORIENTED_EDGE('',*,*,#6149,.T.);
#7536 = ORIENTED_EDGE('',*,*,#6712,.F.);
#7537 = ADVANCED_FACE('',(#7538),#4247,.T.);
#7538 = FACE_BOUND('',#7539,.T.);
#7539 = EDGE_LOOP('',(#7540,#7541,#7542,#7543));
#7540 = ORIENTED_EDGE('',*,*,#4230,.F.);
#7541 = ORIENTED_EDGE('',*,*,#7490,.F.);
#7542 = ORIENTED_EDGE('',*,*,#6198,.T.);
#7543 = ORIENTED_EDGE('',*,*,#7544,.F.);
#7544 = EDGE_CURVE('',#4231,#6199,#7545,.T.);
#7545 = SURFACE_CURVE('',#7546,(#7550,#7557),.PCURVE_S1.);
#7546 = LINE('',#7547,#7548);
#7547 = CARTESIAN_POINT('',(7.903044079266,25.236422123256,-13.));
#7548 = VECTOR('',#7549,1.);
#7549 = DIRECTION('',(0.,0.,1.));
#7550 = PCURVE('',#4247,#7551);
#7551 = DEFINITIONAL_REPRESENTATION('',(#7552),#7556);
#7552 = LINE('',#7553,#7554);
#7553 = CARTESIAN_POINT('',(7.207945676365,0.));
#7554 = VECTOR('',#7555,1.);
#7555 = DIRECTION('',(0.,-1.));
#7556 = ( GEOMETRIC_REPRESENTATION_CONTEXT(2) 
PARAMETRIC_REPRESENTATION_CONTEXT() REPRESENTATION_CONTEXT('2D SPACE',''
  ) );
#7557 = PCURVE('',#4354,#7558);
#7558 = DEFINITIONAL_REPRESENTATION('',(#7559),#7563);
#7559 = LINE('',#7560,#7561);
#7560 = CARTESIAN_POINT('',(0.,0.));
#7561 = VECTOR('',#7562,1.);
#7562 = DIRECTION('',(0.,-1.));
#7563 = ( GEOMETRIC_REPRESENTATION_CONTEXT(2) 
PARAMETRIC_REPRESENTATION_CONTEXT() REPRESENTATION_CONTEXT('2D SPACE',''
  ) );
#7564 = ADVANCED_FACE('',(#7565),#4320,.T.);
#7565 = FACE_BOUND('',#7566,.T.);
#7566 = EDGE_LOOP('',(#7567,#7588,#7589,#7590));
#7567 = ORIENTED_EDGE('',*,*,#7568,.T.);
#7568 = EDGE_CURVE('',#4284,#6247,#7569,.T.);
#7569 = SURFACE_CURVE('',#7570,(#7574,#7581),.PCURVE_S1.);
#7570 = LINE('',#7571,#7572);
#7571 = CARTESIAN_POINT('',(16.052101724234,31.380552887319,-13.));
#7572 = VECTOR('',#7573,1.);
#7573 = DIRECTION('',(0.,0.,1.));
#7574 = PCURVE('',#4320,#7575);
#7575 = DEFINITIONAL_REPRESENTATION('',(#7576),#7580);
#7576 = LINE('',#7577,#7578);
#7577 = CARTESIAN_POINT('',(0.924760369185,0.));
#7578 = VECTOR('',#7579,1.);
#7579 = DIRECTION('',(0.,-1.));
#7580 = ( GEOMETRIC_REPRESENTATION_CONTEXT(2) 
PARAMETRIC_REPRESENTATION_CONTEXT() REPRESENTATION_CONTEXT('2D SPACE',''
  ) );
#7581 = PCURVE('',#4354,#7582);
#7582 = DEFINITIONAL_REPRESENTATION('',(#7583),#7587);
#7583 = LINE('',#7584,#7585);
#7584 = CARTESIAN_POINT('',(10.20575736273,0.));
#7585 = VECTOR('',#7586,1.);
#7586 = DIRECTION('',(0.,-1.));
#7587 = ( GEOMETRIC_REPRESENTATION_CONTEXT(2) 
PARAMETRIC_REPRESENTATION_CONTEXT() REPRESENTATION_CONTEXT('2D SPACE',''
  ) );
#7588 = ORIENTED_EDGE('',*,*,#6268,.T.);
#7589 = ORIENTED_EDGE('',*,*,#7515,.F.);
#7590 = ORIENTED_EDGE('',*,*,#4305,.F.);
#7591 = ADVANCED_FACE('',(#7592),#4354,.T.);
#7592 = FACE_BOUND('',#7593,.T.);
#7593 = EDGE_LOOP('',(#7594,#7595,#7596,#7597));
#7594 = ORIENTED_EDGE('',*,*,#7544,.T.);
#7595 = ORIENTED_EDGE('',*,*,#6298,.T.);
#7596 = ORIENTED_EDGE('',*,*,#7568,.F.);
#7597 = ORIENTED_EDGE('',*,*,#4340,.F.);
#7598 = ADVANCED_FACE('',(#7599),#4408,.F.);
#7599 = FACE_BOUND('',#7600,.F.);
#7600 = EDGE_LOOP('',(#7601));
#7601 = ORIENTED_EDGE('',*,*,#4393,.T.);
#7602 = ADVANCED_FACE('',(#7603),#4463,.F.);
#7603 = FACE_BOUND('',#7604,.F.);
#7604 = EDGE_LOOP('',(#7605));
#7605 = ORIENTED_EDGE('',*,*,#4448,.T.);
#7606 = ADVANCED_FACE('',(#7607),#4518,.F.);
#7607 = FACE_BOUND('',#7608,.F.);
#7608 = EDGE_LOOP('',(#7609));
#7609 = ORIENTED_EDGE('',*,*,#4503,.T.);
#7610 = ADVANCED_FACE('',(#7611,#7621),#4596,.F.);
#7611 = FACE_BOUND('',#7612,.F.);
#7612 = EDGE_LOOP('',(#7613,#7614,#7615,#7616,#7617,#7618,#7619,#7620));
#7613 = ORIENTED_EDGE('',*,*,#4635,.T.);
#7614 = ORIENTED_EDGE('',*,*,#4581,.T.);
#7615 = ORIENTED_EDGE('',*,*,#4662,.T.);
#7616 = ORIENTED_EDGE('',*,*,#5382,.T.);
#7617 = ORIENTED_EDGE('',*,*,#5468,.T.);
#7618 = ORIENTED_EDGE('',*,*,#5518,.T.);
#7619 = ORIENTED_EDGE('',*,*,#5431,.T.);
#7620 = ORIENTED_EDGE('',*,*,#5328,.F.);
#7621 = FACE_BOUND('',#7622,.F.);
#7622 = EDGE_LOOP('',(#7623,#7624,#7625,#7626,#7627,#7628,#7629,#7630));
#7623 = ORIENTED_EDGE('',*,*,#6345,.F.);
#7624 = ORIENTED_EDGE('',*,*,#6685,.T.);
#7625 = ORIENTED_EDGE('',*,*,#6658,.F.);
#7626 = ORIENTED_EDGE('',*,*,#6588,.T.);
#7627 = ORIENTED_EDGE('',*,*,#6539,.F.);
#7628 = ORIENTED_EDGE('',*,*,#6491,.T.);
#7629 = ORIENTED_EDGE('',*,*,#6442,.F.);
#7630 = ORIENTED_EDGE('',*,*,#6394,.T.);
#7631 = ADVANCED_FACE('',(#7632),#5582,.F.);
#7632 = FACE_BOUND('',#7633,.F.);
#7633 = EDGE_LOOP('',(#7634));
#7634 = ORIENTED_EDGE('',*,*,#5567,.T.);
#7635 = ( GEOMETRIC_REPRESENTATION_CONTEXT(3) 
GLOBAL_UNCERTAINTY_ASSIGNED_CONTEXT((#7639)) 
GLOBAL_UNIT_ASSIGNED_CONTEXT((#7636,#7637,#7638)) REPRESENTATION_CONTEXT
('Context #1','3D Context with UNIT and UNCERTAINTY') );
#7636 = ( LENGTH_UNIT() NAMED_UNIT(*) SI_UNIT(.MILLI.,.METRE.) );
#7637 = ( NAMED_UNIT(*) PLANE_ANGLE_UNIT() SI_UNIT($,.RADIAN.) );
#7638 = ( NAMED_UNIT(*) SI_UNIT($,.STERADIAN.) SOLID_ANGLE_UNIT() );
#7639 = UNCERTAINTY_MEASURE_WITH_UNIT(LENGTH_MEASURE(1.E-07),#7636,
  'distance_accuracy_value','confusion accuracy');
#7640 = PRODUCT_RELATED_PRODUCT_CATEGORY('part',$,(#7));
ENDSEC;
END-ISO-10303-21;
