ISO-10303-21;
HEADER;
FILE_DESCRIPTION(('Open CASCADE Model'),'2;1');
FILE_NAME('Open CASCADE Shape Model','2026-09-29T16:59:51',('Author'),(
    'Open CASCADE'),'Open CASCADE STEP processor 7.8','Open CASCADE 7.8'
  ,'Unknown');
FILE_SCHEMA(('AUTOMOTIVE_DESIGN { 1 0 10303 214 1 1 1 1 }'));
ENDSEC;
DATA;
#1 = APPLICATION_PROTOCOL_DEFINITION('international standard',
  'automotive_design',2000,#2);
#2 = APPLICATION_CONTEXT(
  'core data for automotive mechanical design processes');
#3 = SHAPE_DEFINITION_REPRESENTATION(#4,#10);
#4 = PRODUCT_DEFINITION_SHAPE('','',#5);
#5 = PRODUCT_DEFINITION('design','',#6,#9);
#6 = PRODUCT_DEFINITION_FORMATION('','',#7);
#7 = PRODUCT('Cat_case_V01','Cat_case_V01','',(#8));
#8 = PRODUCT_CONTEXT('',#2,'mechanical');
#9 = PRODUCT_DEFINITION_CONTEXT('part definition',#2,'design');
#10 = SHAPE_REPRESENTATION('',(#11,#15,#19,#23),#27);
#11 = AXIS2_PLACEMENT_3D('',#12,#13,#14);
#12 = CARTESIAN_POINT('',(0.,0.,0.));
#13 = DIRECTION('',(0.,0.,1.));
#14 = DIRECTION('',(1.,0.,-0.));
#15 = AXIS2_PLACEMENT_3D('',#16,#17,#18);
#16 = CARTESIAN_POINT('',(0.,0.,0.));
#17 = DIRECTION('',(0.,0.,1.));
#18 = DIRECTION('',(1.,0.,-0.));
#19 = AXIS2_PLACEMENT_3D('',#20,#21,#22);
#20 = CARTESIAN_POINT('',(0.,0.,0.));
#21 = DIRECTION('',(0.,0.,1.));
#22 = DIRECTION('',(1.,0.,-0.));
#23 = AXIS2_PLACEMENT_3D('',#24,#25,#26);
#24 = CARTESIAN_POINT('',(0.,0.,0.));
#25 = DIRECTION('',(0.,0.,1.));
#26 = DIRECTION('',(1.,0.,-0.));
#27 = ( GEOMETRIC_REPRESENTATION_CONTEXT(3) 
GLOBAL_UNCERTAINTY_ASSIGNED_CONTEXT((#31)) GLOBAL_UNIT_ASSIGNED_CONTEXT(
(#28,#29,#30)) REPRESENTATION_CONTEXT('Context #1',
  '3D Context with UNIT and UNCERTAINTY') );
#28 = ( LENGTH_UNIT() NAMED_UNIT(*) SI_UNIT(.MILLI.,.METRE.) );
#29 = ( NAMED_UNIT(*) PLANE_ANGLE_UNIT() SI_UNIT($,.RADIAN.) );
#30 = ( NAMED_UNIT(*) SI_UNIT($,.STERADIAN.) SOLID_ANGLE_UNIT() );
#31 = UNCERTAINTY_MEASURE_WITH_UNIT(LENGTH_MEASURE(1.E-07),#28,
  'distance_accuracy_value','confusion accuracy');
#32 = PRODUCT_RELATED_PRODUCT_CATEGORY('part',$,(#7));
#33 = SHAPE_DEFINITION_REPRESENTATION(#34,#40);
#34 = PRODUCT_DEFINITION_SHAPE('','',#35);
#35 = PRODUCT_DEFINITION('design','',#36,#39);
#36 = PRODUCT_DEFINITION_FORMATION('','',#37);
#37 = PRODUCT('cat_body','cat_body','',(#38));
#38 = PRODUCT_CONTEXT('',#2,'mechanical');
#39 = PRODUCT_DEFINITION_CONTEXT('part definition',#2,'design');
#40 = ADVANCED_BREP_SHAPE_REPRESENTATION('',(#11,#41),#7661);
#41 = MANIFOLD_SOLID_BREP('',#42);
#42 = CLOSED_SHELL('',(#43,#163,#251,#330,#409,#487,#541,#595,#893,#1663
    ,#1689,#2319,#2345,#3135,#3161,#3187,#3263,#3335,#3382,#3432,#3479,
    #3529,#3576,#3626,#3651,#3723,#3771,#3825,#3878,#3904,#4004,#4099,
    #4198,#4251,#4305,#4359,#4391,#4446,#4501,#4556,#4633,#4682,#5325,
    #5379,#5429,#5488,#5537,#5565,#5620,#5704,#5752,#5801,#5849,#5875,
    #5970,#6077,#6171,#6219,#6268,#6317,#6344,#6416,#6463,#6513,#6560,
    #6610,#6657,#6707,#6732,#6757,#6804,#6831,#6858,#6885,#6912,#6939,
    #6966,#6973,#7020,#7047,#7074,#7101,#7128,#7155,#7182,#7189,#7236,
    #7263,#7290,#7317,#7344,#7371,#7398,#7405,#7432,#7459,#7486,#7511,
    #7536,#7563,#7590,#7617,#7624,#7628,#7632,#7636,#7657));
#43 = ADVANCED_FACE('',(#44),#58,.F.);
#44 = FACE_BOUND('',#45,.F.);
#45 = EDGE_LOOP('',(#46,#81,#109,#137));
#46 = ORIENTED_EDGE('',*,*,#47,.T.);
#47 = EDGE_CURVE('',#48,#50,#52,.T.);
#48 = VERTEX_POINT('',#49);
#49 = CARTESIAN_POINT('',(-13.2,-25.2,-12.35));
#50 = VERTEX_POINT('',#51);
#51 = CARTESIAN_POINT('',(-13.2,-25.2,-0.65));
#52 = SURFACE_CURVE('',#53,(#57,#69),.PCURVE_S1.);
#53 = LINE('',#54,#55);
#54 = CARTESIAN_POINT('',(-13.2,-25.2,-13.));
#55 = VECTOR('',#56,1.);
#56 = DIRECTION('',(0.,0.,1.));
#57 = PCURVE('',#58,#63);
#58 = PLANE('',#59);
#59 = AXIS2_PLACEMENT_3D('',#60,#61,#62);
#60 = CARTESIAN_POINT('',(-21.2,-25.2,-13.));
#61 = DIRECTION('',(0.,1.,0.));
#62 = DIRECTION('',(1.,0.,0.));
#63 = DEFINITIONAL_REPRESENTATION('',(#64),#68);
#64 = LINE('',#65,#66);
#65 = CARTESIAN_POINT('',(8.,0.));
#66 = VECTOR('',#67,1.);
#67 = DIRECTION('',(0.,-1.));
#68 = ( GEOMETRIC_REPRESENTATION_CONTEXT(2) 
PARAMETRIC_REPRESENTATION_CONTEXT() REPRESENTATION_CONTEXT('2D SPACE',''
  ) );
#69 = PCURVE('',#70,#75);
#70 = CYLINDRICAL_SURFACE('',#71,8.);
#71 = AXIS2_PLACEMENT_3D('',#72,#73,#74);
#72 = CARTESIAN_POINT('',(-13.2,-17.2,-13.));
#73 = DIRECTION('',(0.,0.,1.));
#74 = DIRECTION('',(0.,-1.,0.));
#75 = DEFINITIONAL_REPRESENTATION('',(#76),#80);
#76 = LINE('',#77,#78);
#77 = CARTESIAN_POINT('',(-0.,0.));
#78 = VECTOR('',#79,1.);
#79 = DIRECTION('',(-0.,1.));
#80 = ( GEOMETRIC_REPRESENTATION_CONTEXT(2) 
PARAMETRIC_REPRESENTATION_CONTEXT() REPRESENTATION_CONTEXT('2D SPACE',''
  ) );
#81 = ORIENTED_EDGE('',*,*,#82,.T.);
#82 = EDGE_CURVE('',#50,#83,#85,.T.);
#83 = VERTEX_POINT('',#84);
#84 = CARTESIAN_POINT('',(13.2,-25.2,-0.65));
#85 = SURFACE_CURVE('',#86,(#90,#97),.PCURVE_S1.);
#86 = LINE('',#87,#88);
#87 = CARTESIAN_POINT('',(-13.2,-25.2,-0.65));
#88 = VECTOR('',#89,1.);
#89 = DIRECTION('',(1.,0.,0.));
#90 = PCURVE('',#58,#91);
#91 = DEFINITIONAL_REPRESENTATION('',(#92),#96);
#92 = LINE('',#93,#94);
#93 = CARTESIAN_POINT('',(8.,-12.35));
#94 = VECTOR('',#95,1.);
#95 = DIRECTION('',(1.,0.));
#96 = ( GEOMETRIC_REPRESENTATION_CONTEXT(2) 
PARAMETRIC_REPRESENTATION_CONTEXT() REPRESENTATION_CONTEXT('2D SPACE',''
  ) );
#97 = PCURVE('',#98,#103);
#98 = CYLINDRICAL_SURFACE('',#99,0.65);
#99 = AXIS2_PLACEMENT_3D('',#100,#101,#102);
#100 = CARTESIAN_POINT('',(-13.2,-24.55,-0.65));
#101 = DIRECTION('',(1.,0.,0.));
#102 = DIRECTION('',(0.,-1.,-0.));
#103 = DEFINITIONAL_REPRESENTATION('',(#104),#108);
#104 = LINE('',#105,#106);
#105 = CARTESIAN_POINT('',(-0.,0.));
#106 = VECTOR('',#107,1.);
#107 = DIRECTION('',(-0.,1.));
#108 = ( GEOMETRIC_REPRESENTATION_CONTEXT(2) 
PARAMETRIC_REPRESENTATION_CONTEXT() REPRESENTATION_CONTEXT('2D SPACE',''
  ) );
#109 = ORIENTED_EDGE('',*,*,#110,.F.);
#110 = EDGE_CURVE('',#111,#83,#113,.T.);
#111 = VERTEX_POINT('',#112);
#112 = CARTESIAN_POINT('',(13.2,-25.2,-12.35));
#113 = SURFACE_CURVE('',#114,(#118,#125),.PCURVE_S1.);
#114 = LINE('',#115,#116);
#115 = CARTESIAN_POINT('',(13.2,-25.2,-13.));
#116 = VECTOR('',#117,1.);
#117 = DIRECTION('',(0.,0.,1.));
#118 = PCURVE('',#58,#119);
#119 = DEFINITIONAL_REPRESENTATION('',(#120),#124);
#120 = LINE('',#121,#122);
#121 = CARTESIAN_POINT('',(34.4,0.));
#122 = VECTOR('',#123,1.);
#123 = DIRECTION('',(0.,-1.));
#124 = ( GEOMETRIC_REPRESENTATION_CONTEXT(2) 
PARAMETRIC_REPRESENTATION_CONTEXT() REPRESENTATION_CONTEXT('2D SPACE',''
  ) );
#125 = PCURVE('',#126,#131);
#126 = CYLINDRICAL_SURFACE('',#127,8.);
#127 = AXIS2_PLACEMENT_3D('',#128,#129,#130);
#128 = CARTESIAN_POINT('',(13.2,-17.2,-13.));
#129 = DIRECTION('',(0.,0.,1.));
#130 = DIRECTION('',(0.,-1.,0.));
#131 = DEFINITIONAL_REPRESENTATION('',(#132),#136);
#132 = LINE('',#133,#134);
#133 = CARTESIAN_POINT('',(0.,0.));
#134 = VECTOR('',#135,1.);
#135 = DIRECTION('',(0.,1.));
#136 = ( GEOMETRIC_REPRESENTATION_CONTEXT(2) 
PARAMETRIC_REPRESENTATION_CONTEXT() REPRESENTATION_CONTEXT('2D SPACE',''
  ) );
#137 = ORIENTED_EDGE('',*,*,#138,.F.);
#138 = EDGE_CURVE('',#48,#111,#139,.T.);
#139 = SURFACE_CURVE('',#140,(#144,#151),.PCURVE_S1.);
#140 = LINE('',#141,#142);
#141 = CARTESIAN_POINT('',(-13.2,-25.2,-12.35));
#142 = VECTOR('',#143,1.);
#143 = DIRECTION('',(1.,0.,0.));
#144 = PCURVE('',#58,#145);
#145 = DEFINITIONAL_REPRESENTATION('',(#146),#150);
#146 = LINE('',#147,#148);
#147 = CARTESIAN_POINT('',(8.,-0.65));
#148 = VECTOR('',#149,1.);
#149 = DIRECTION('',(1.,0.));
#150 = ( GEOMETRIC_REPRESENTATION_CONTEXT(2) 
PARAMETRIC_REPRESENTATION_CONTEXT() REPRESENTATION_CONTEXT('2D SPACE',''
  ) );
#151 = PCURVE('',#152,#157);
#152 = CYLINDRICAL_SURFACE('',#153,0.65);
#153 = AXIS2_PLACEMENT_3D('',#154,#155,#156);
#154 = CARTESIAN_POINT('',(-13.2,-24.55,-12.35));
#155 = DIRECTION('',(1.,0.,0.));
#156 = DIRECTION('',(0.,-1.,-0.));
#157 = DEFINITIONAL_REPRESENTATION('',(#158),#162);
#158 = LINE('',#159,#160);
#159 = CARTESIAN_POINT('',(0.,0.));
#160 = VECTOR('',#161,1.);
#161 = DIRECTION('',(0.,1.));
#162 = ( GEOMETRIC_REPRESENTATION_CONTEXT(2) 
PARAMETRIC_REPRESENTATION_CONTEXT() REPRESENTATION_CONTEXT('2D SPACE',''
  ) );
#163 = ADVANCED_FACE('',(#164),#70,.T.);
#164 = FACE_BOUND('',#165,.F.);
#165 = EDGE_LOOP('',(#166,#167,#196,#224));
#166 = ORIENTED_EDGE('',*,*,#47,.F.);
#167 = ORIENTED_EDGE('',*,*,#168,.F.);
#168 = EDGE_CURVE('',#169,#48,#171,.T.);
#169 = VERTEX_POINT('',#170);
#170 = CARTESIAN_POINT('',(-21.2,-17.2,-12.35));
#171 = SURFACE_CURVE('',#172,(#177,#184),.PCURVE_S1.);
#172 = CIRCLE('',#173,8.);
#173 = AXIS2_PLACEMENT_3D('',#174,#175,#176);
#174 = CARTESIAN_POINT('',(-13.2,-17.2,-12.35));
#175 = DIRECTION('',(0.,0.,1.));
#176 = DIRECTION('',(-1.,0.,0.));
#177 = PCURVE('',#70,#178);
#178 = DEFINITIONAL_REPRESENTATION('',(#179),#183);
#179 = LINE('',#180,#181);
#180 = CARTESIAN_POINT('',(-1.570796326795,0.65));
#181 = VECTOR('',#182,1.);
#182 = DIRECTION('',(1.,-0.));
#183 = ( GEOMETRIC_REPRESENTATION_CONTEXT(2) 
PARAMETRIC_REPRESENTATION_CONTEXT() REPRESENTATION_CONTEXT('2D SPACE',''
  ) );
#184 = PCURVE('',#185,#190);
#185 = TOROIDAL_SURFACE('',#186,7.35,0.65);
#186 = AXIS2_PLACEMENT_3D('',#187,#188,#189);
#187 = CARTESIAN_POINT('',(-13.2,-17.2,-12.35));
#188 = DIRECTION('',(-0.,-0.,-1.));
#189 = DIRECTION('',(-1.,0.,0.));
#190 = DEFINITIONAL_REPRESENTATION('',(#191),#195);
#191 = LINE('',#192,#193);
#192 = CARTESIAN_POINT('',(-0.,0.));
#193 = VECTOR('',#194,1.);
#194 = DIRECTION('',(-1.,0.));
#195 = ( GEOMETRIC_REPRESENTATION_CONTEXT(2) 
PARAMETRIC_REPRESENTATION_CONTEXT() REPRESENTATION_CONTEXT('2D SPACE',''
  ) );
#196 = ORIENTED_EDGE('',*,*,#197,.T.);
#197 = EDGE_CURVE('',#169,#198,#200,.T.);
#198 = VERTEX_POINT('',#199);
#199 = CARTESIAN_POINT('',(-21.2,-17.2,-0.65));
#200 = SURFACE_CURVE('',#201,(#205,#212),.PCURVE_S1.);
#201 = LINE('',#202,#203);
#202 = CARTESIAN_POINT('',(-21.2,-17.2,-13.));
#203 = VECTOR('',#204,1.);
#204 = DIRECTION('',(0.,0.,1.));
#205 = PCURVE('',#70,#206);
#206 = DEFINITIONAL_REPRESENTATION('',(#207),#211);
#207 = LINE('',#208,#209);
#208 = CARTESIAN_POINT('',(-1.570796326795,0.));
#209 = VECTOR('',#210,1.);
#210 = DIRECTION('',(-0.,1.));
#211 = ( GEOMETRIC_REPRESENTATION_CONTEXT(2) 
PARAMETRIC_REPRESENTATION_CONTEXT() REPRESENTATION_CONTEXT('2D SPACE',''
  ) );
#212 = PCURVE('',#213,#218);
#213 = PLANE('',#214);
#214 = AXIS2_PLACEMENT_3D('',#215,#216,#217);
#215 = CARTESIAN_POINT('',(-21.2,25.2,-13.));
#216 = DIRECTION('',(1.,0.,-0.));
#217 = DIRECTION('',(0.,-1.,0.));
#218 = DEFINITIONAL_REPRESENTATION('',(#219),#223);
#219 = LINE('',#220,#221);
#220 = CARTESIAN_POINT('',(42.4,0.));
#221 = VECTOR('',#222,1.);
#222 = DIRECTION('',(0.,-1.));
#223 = ( GEOMETRIC_REPRESENTATION_CONTEXT(2) 
PARAMETRIC_REPRESENTATION_CONTEXT() REPRESENTATION_CONTEXT('2D SPACE',''
  ) );
#224 = ORIENTED_EDGE('',*,*,#225,.T.);
#225 = EDGE_CURVE('',#198,#50,#226,.T.);
#226 = SURFACE_CURVE('',#227,(#232,#239),.PCURVE_S1.);
#227 = CIRCLE('',#228,8.);
#228 = AXIS2_PLACEMENT_3D('',#229,#230,#231);
#229 = CARTESIAN_POINT('',(-13.2,-17.2,-0.65));
#230 = DIRECTION('',(0.,0.,1.));
#231 = DIRECTION('',(-1.,0.,0.));
#232 = PCURVE('',#70,#233);
#233 = DEFINITIONAL_REPRESENTATION('',(#234),#238);
#234 = LINE('',#235,#236);
#235 = CARTESIAN_POINT('',(-1.570796326795,12.35));
#236 = VECTOR('',#237,1.);
#237 = DIRECTION('',(1.,-0.));
#238 = ( GEOMETRIC_REPRESENTATION_CONTEXT(2) 
PARAMETRIC_REPRESENTATION_CONTEXT() REPRESENTATION_CONTEXT('2D SPACE',''
  ) );
#239 = PCURVE('',#240,#245);
#240 = TOROIDAL_SURFACE('',#241,7.35,0.65);
#241 = AXIS2_PLACEMENT_3D('',#242,#243,#244);
#242 = CARTESIAN_POINT('',(-13.2,-17.2,-0.65));
#243 = DIRECTION('',(0.,0.,1.));
#244 = DIRECTION('',(-1.,0.,0.));
#245 = DEFINITIONAL_REPRESENTATION('',(#246),#250);
#246 = LINE('',#247,#248);
#247 = CARTESIAN_POINT('',(0.,0.));
#248 = VECTOR('',#249,1.);
#249 = DIRECTION('',(1.,0.));
#250 = ( GEOMETRIC_REPRESENTATION_CONTEXT(2) 
PARAMETRIC_REPRESENTATION_CONTEXT() REPRESENTATION_CONTEXT('2D SPACE',''
  ) );
#251 = ADVANCED_FACE('',(#252),#152,.T.);
#252 = FACE_BOUND('',#253,.T.);
#253 = EDGE_LOOP('',(#254,#276,#304,#329));
#254 = ORIENTED_EDGE('',*,*,#255,.T.);
#255 = EDGE_CURVE('',#48,#256,#258,.T.);
#256 = VERTEX_POINT('',#257);
#257 = CARTESIAN_POINT('',(-13.2,-24.55,-13.));
#258 = SURFACE_CURVE('',#259,(#264,#270),.PCURVE_S1.);
#259 = CIRCLE('',#260,0.65);
#260 = AXIS2_PLACEMENT_3D('',#261,#262,#263);
#261 = CARTESIAN_POINT('',(-13.2,-24.55,-12.35));
#262 = DIRECTION('',(1.,0.,0.));
#263 = DIRECTION('',(0.,-1.,-0.));
#264 = PCURVE('',#152,#265);
#265 = DEFINITIONAL_REPRESENTATION('',(#266),#269);
#266 = B_SPLINE_CURVE_WITH_KNOTS('',1,(#267,#268),.UNSPECIFIED.,.F.,.F.,
  (2,2),(0.,1.570796326795),.PIECEWISE_BEZIER_KNOTS.);
#267 = CARTESIAN_POINT('',(0.,0.));
#268 = CARTESIAN_POINT('',(1.570796326795,0.));
#269 = ( GEOMETRIC_REPRESENTATION_CONTEXT(2) 
PARAMETRIC_REPRESENTATION_CONTEXT() REPRESENTATION_CONTEXT('2D SPACE',''
  ) );
#270 = PCURVE('',#185,#271);
#271 = DEFINITIONAL_REPRESENTATION('',(#272),#275);
#272 = B_SPLINE_CURVE_WITH_KNOTS('',1,(#273,#274),.UNSPECIFIED.,.F.,.F.,
  (2,2),(0.,1.570796326795),.PIECEWISE_BEZIER_KNOTS.);
#273 = CARTESIAN_POINT('',(-1.570796326795,0.));
#274 = CARTESIAN_POINT('',(-1.570796326795,1.570796326795));
#275 = ( GEOMETRIC_REPRESENTATION_CONTEXT(2) 
PARAMETRIC_REPRESENTATION_CONTEXT() REPRESENTATION_CONTEXT('2D SPACE',''
  ) );
#276 = ORIENTED_EDGE('',*,*,#277,.T.);
#277 = EDGE_CURVE('',#256,#278,#280,.T.);
#278 = VERTEX_POINT('',#279);
#279 = CARTESIAN_POINT('',(13.2,-24.55,-13.));
#280 = SURFACE_CURVE('',#281,(#285,#292),.PCURVE_S1.);
#281 = LINE('',#282,#283);
#282 = CARTESIAN_POINT('',(-13.2,-24.55,-13.));
#283 = VECTOR('',#284,1.);
#284 = DIRECTION('',(1.,0.,0.));
#285 = PCURVE('',#152,#286);
#286 = DEFINITIONAL_REPRESENTATION('',(#287),#291);
#287 = LINE('',#288,#289);
#288 = CARTESIAN_POINT('',(1.570796326795,0.));
#289 = VECTOR('',#290,1.);
#290 = DIRECTION('',(0.,1.));
#291 = ( GEOMETRIC_REPRESENTATION_CONTEXT(2) 
PARAMETRIC_REPRESENTATION_CONTEXT() REPRESENTATION_CONTEXT('2D SPACE',''
  ) );
#292 = PCURVE('',#293,#298);
#293 = PLANE('',#294);
#294 = AXIS2_PLACEMENT_3D('',#295,#296,#297);
#295 = CARTESIAN_POINT('',(0.,0.,-13.));
#296 = DIRECTION('',(0.,0.,1.));
#297 = DIRECTION('',(1.,0.,-0.));
#298 = DEFINITIONAL_REPRESENTATION('',(#299),#303);
#299 = LINE('',#300,#301);
#300 = CARTESIAN_POINT('',(-13.2,-24.55));
#301 = VECTOR('',#302,1.);
#302 = DIRECTION('',(1.,0.));
#303 = ( GEOMETRIC_REPRESENTATION_CONTEXT(2) 
PARAMETRIC_REPRESENTATION_CONTEXT() REPRESENTATION_CONTEXT('2D SPACE',''
  ) );
#304 = ORIENTED_EDGE('',*,*,#305,.F.);
#305 = EDGE_CURVE('',#111,#278,#306,.T.);
#306 = SURFACE_CURVE('',#307,(#312,#318),.PCURVE_S1.);
#307 = CIRCLE('',#308,0.65);
#308 = AXIS2_PLACEMENT_3D('',#309,#310,#311);
#309 = CARTESIAN_POINT('',(13.2,-24.55,-12.35));
#310 = DIRECTION('',(1.,0.,0.));
#311 = DIRECTION('',(0.,-1.,-0.));
#312 = PCURVE('',#152,#313);
#313 = DEFINITIONAL_REPRESENTATION('',(#314),#317);
#314 = B_SPLINE_CURVE_WITH_KNOTS('',1,(#315,#316),.UNSPECIFIED.,.F.,.F.,
  (2,2),(0.,1.570796326795),.PIECEWISE_BEZIER_KNOTS.);
#315 = CARTESIAN_POINT('',(0.,26.4));
#316 = CARTESIAN_POINT('',(1.570796326795,26.4));
#317 = ( GEOMETRIC_REPRESENTATION_CONTEXT(2) 
PARAMETRIC_REPRESENTATION_CONTEXT() REPRESENTATION_CONTEXT('2D SPACE',''
  ) );
#318 = PCURVE('',#319,#324);
#319 = TOROIDAL_SURFACE('',#320,7.35,0.65);
#320 = AXIS2_PLACEMENT_3D('',#321,#322,#323);
#321 = CARTESIAN_POINT('',(13.2,-17.2,-12.35));
#322 = DIRECTION('',(-0.,-0.,-1.));
#323 = DIRECTION('',(0.,-1.,0.));
#324 = DEFINITIONAL_REPRESENTATION('',(#325),#328);
#325 = B_SPLINE_CURVE_WITH_KNOTS('',1,(#326,#327),.UNSPECIFIED.,.F.,.F.,
  (2,2),(0.,1.570796326795),.PIECEWISE_BEZIER_KNOTS.);
#326 = CARTESIAN_POINT('',(0.,0.));
#327 = CARTESIAN_POINT('',(0.,1.570796326795));
#328 = ( GEOMETRIC_REPRESENTATION_CONTEXT(2) 
PARAMETRIC_REPRESENTATION_CONTEXT() REPRESENTATION_CONTEXT('2D SPACE',''
  ) );
#329 = ORIENTED_EDGE('',*,*,#138,.F.);
#330 = ADVANCED_FACE('',(#331),#98,.T.);
#331 = FACE_BOUND('',#332,.F.);
#332 = EDGE_LOOP('',(#333,#355,#383,#408));
#333 = ORIENTED_EDGE('',*,*,#334,.T.);
#334 = EDGE_CURVE('',#50,#335,#337,.T.);
#335 = VERTEX_POINT('',#336);
#336 = CARTESIAN_POINT('',(-13.2,-24.55,-1.665334536938E-15));
#337 = SURFACE_CURVE('',#338,(#343,#349),.PCURVE_S1.);
#338 = CIRCLE('',#339,0.65);
#339 = AXIS2_PLACEMENT_3D('',#340,#341,#342);
#340 = CARTESIAN_POINT('',(-13.2,-24.55,-0.65));
#341 = DIRECTION('',(-1.,-0.,0.));
#342 = DIRECTION('',(0.,-1.,0.));
#343 = PCURVE('',#98,#344);
#344 = DEFINITIONAL_REPRESENTATION('',(#345),#348);
#345 = B_SPLINE_CURVE_WITH_KNOTS('',1,(#346,#347),.UNSPECIFIED.,.F.,.F.,
  (2,2),(0.,1.570796326795),.PIECEWISE_BEZIER_KNOTS.);
#346 = CARTESIAN_POINT('',(0.,0.));
#347 = CARTESIAN_POINT('',(-1.570796326795,0.));
#348 = ( GEOMETRIC_REPRESENTATION_CONTEXT(2) 
PARAMETRIC_REPRESENTATION_CONTEXT() REPRESENTATION_CONTEXT('2D SPACE',''
  ) );
#349 = PCURVE('',#240,#350);
#350 = DEFINITIONAL_REPRESENTATION('',(#351),#354);
#351 = B_SPLINE_CURVE_WITH_KNOTS('',1,(#352,#353),.UNSPECIFIED.,.F.,.F.,
  (2,2),(0.,1.570796326795),.PIECEWISE_BEZIER_KNOTS.);
#352 = CARTESIAN_POINT('',(1.570796326795,0.));
#353 = CARTESIAN_POINT('',(1.570796326795,1.570796326795));
#354 = ( GEOMETRIC_REPRESENTATION_CONTEXT(2) 
PARAMETRIC_REPRESENTATION_CONTEXT() REPRESENTATION_CONTEXT('2D SPACE',''
  ) );
#355 = ORIENTED_EDGE('',*,*,#356,.T.);
#356 = EDGE_CURVE('',#335,#357,#359,.T.);
#357 = VERTEX_POINT('',#358);
#358 = CARTESIAN_POINT('',(13.2,-24.55,-1.665334536938E-15));
#359 = SURFACE_CURVE('',#360,(#364,#371),.PCURVE_S1.);
#360 = LINE('',#361,#362);
#361 = CARTESIAN_POINT('',(-13.2,-24.55,-1.665334536938E-15));
#362 = VECTOR('',#363,1.);
#363 = DIRECTION('',(1.,0.,0.));
#364 = PCURVE('',#98,#365);
#365 = DEFINITIONAL_REPRESENTATION('',(#366),#370);
#366 = LINE('',#367,#368);
#367 = CARTESIAN_POINT('',(-1.570796326795,0.));
#368 = VECTOR('',#369,1.);
#369 = DIRECTION('',(-0.,1.));
#370 = ( GEOMETRIC_REPRESENTATION_CONTEXT(2) 
PARAMETRIC_REPRESENTATION_CONTEXT() REPRESENTATION_CONTEXT('2D SPACE',''
  ) );
#371 = PCURVE('',#372,#377);
#372 = PLANE('',#373);
#373 = AXIS2_PLACEMENT_3D('',#374,#375,#376);
#374 = CARTESIAN_POINT('',(0.,0.,-1.7763568394E-15));
#375 = DIRECTION('',(0.,0.,1.));
#376 = DIRECTION('',(1.,0.,-0.));
#377 = DEFINITIONAL_REPRESENTATION('',(#378),#382);
#378 = LINE('',#379,#380);
#379 = CARTESIAN_POINT('',(-13.2,-24.55));
#380 = VECTOR('',#381,1.);
#381 = DIRECTION('',(1.,0.));
#382 = ( GEOMETRIC_REPRESENTATION_CONTEXT(2) 
PARAMETRIC_REPRESENTATION_CONTEXT() REPRESENTATION_CONTEXT('2D SPACE',''
  ) );
#383 = ORIENTED_EDGE('',*,*,#384,.F.);
#384 = EDGE_CURVE('',#83,#357,#385,.T.);
#385 = SURFACE_CURVE('',#386,(#391,#397),.PCURVE_S1.);
#386 = CIRCLE('',#387,0.65);
#387 = AXIS2_PLACEMENT_3D('',#388,#389,#390);
#388 = CARTESIAN_POINT('',(13.2,-24.55,-0.65));
#389 = DIRECTION('',(-1.,-0.,0.));
#390 = DIRECTION('',(0.,-1.,0.));
#391 = PCURVE('',#98,#392);
#392 = DEFINITIONAL_REPRESENTATION('',(#393),#396);
#393 = B_SPLINE_CURVE_WITH_KNOTS('',1,(#394,#395),.UNSPECIFIED.,.F.,.F.,
  (2,2),(0.,1.570796326795),.PIECEWISE_BEZIER_KNOTS.);
#394 = CARTESIAN_POINT('',(0.,26.4));
#395 = CARTESIAN_POINT('',(-1.570796326795,26.4));
#396 = ( GEOMETRIC_REPRESENTATION_CONTEXT(2) 
PARAMETRIC_REPRESENTATION_CONTEXT() REPRESENTATION_CONTEXT('2D SPACE',''
  ) );
#397 = PCURVE('',#398,#403);
#398 = TOROIDAL_SURFACE('',#399,7.35,0.65);
#399 = AXIS2_PLACEMENT_3D('',#400,#401,#402);
#400 = CARTESIAN_POINT('',(13.2,-17.2,-0.65));
#401 = DIRECTION('',(0.,0.,1.));
#402 = DIRECTION('',(0.,-1.,0.));
#403 = DEFINITIONAL_REPRESENTATION('',(#404),#407);
#404 = B_SPLINE_CURVE_WITH_KNOTS('',1,(#405,#406),.UNSPECIFIED.,.F.,.F.,
  (2,2),(0.,1.570796326795),.PIECEWISE_BEZIER_KNOTS.);
#405 = CARTESIAN_POINT('',(0.,0.));
#406 = CARTESIAN_POINT('',(0.,1.570796326795));
#407 = ( GEOMETRIC_REPRESENTATION_CONTEXT(2) 
PARAMETRIC_REPRESENTATION_CONTEXT() REPRESENTATION_CONTEXT('2D SPACE',''
  ) );
#408 = ORIENTED_EDGE('',*,*,#82,.F.);
#409 = ADVANCED_FACE('',(#410),#126,.T.);
#410 = FACE_BOUND('',#411,.T.);
#411 = EDGE_LOOP('',(#412,#413,#437,#465));
#412 = ORIENTED_EDGE('',*,*,#110,.F.);
#413 = ORIENTED_EDGE('',*,*,#414,.T.);
#414 = EDGE_CURVE('',#111,#415,#417,.T.);
#415 = VERTEX_POINT('',#416);
#416 = CARTESIAN_POINT('',(21.2,-17.2,-12.35));
#417 = SURFACE_CURVE('',#418,(#423,#430),.PCURVE_S1.);
#418 = CIRCLE('',#419,8.);
#419 = AXIS2_PLACEMENT_3D('',#420,#421,#422);
#420 = CARTESIAN_POINT('',(13.2,-17.2,-12.35));
#421 = DIRECTION('',(0.,0.,1.));
#422 = DIRECTION('',(0.,-1.,0.));
#423 = PCURVE('',#126,#424);
#424 = DEFINITIONAL_REPRESENTATION('',(#425),#429);
#425 = LINE('',#426,#427);
#426 = CARTESIAN_POINT('',(0.,0.65));
#427 = VECTOR('',#428,1.);
#428 = DIRECTION('',(1.,0.));
#429 = ( GEOMETRIC_REPRESENTATION_CONTEXT(2) 
PARAMETRIC_REPRESENTATION_CONTEXT() REPRESENTATION_CONTEXT('2D SPACE',''
  ) );
#430 = PCURVE('',#319,#431);
#431 = DEFINITIONAL_REPRESENTATION('',(#432),#436);
#432 = LINE('',#433,#434);
#433 = CARTESIAN_POINT('',(-0.,0.));
#434 = VECTOR('',#435,1.);
#435 = DIRECTION('',(-1.,0.));
#436 = ( GEOMETRIC_REPRESENTATION_CONTEXT(2) 
PARAMETRIC_REPRESENTATION_CONTEXT() REPRESENTATION_CONTEXT('2D SPACE',''
  ) );
#437 = ORIENTED_EDGE('',*,*,#438,.T.);
#438 = EDGE_CURVE('',#415,#439,#441,.T.);
#439 = VERTEX_POINT('',#440);
#440 = CARTESIAN_POINT('',(21.2,-17.2,-0.65));
#441 = SURFACE_CURVE('',#442,(#446,#453),.PCURVE_S1.);
#442 = LINE('',#443,#444);
#443 = CARTESIAN_POINT('',(21.2,-17.2,-13.));
#444 = VECTOR('',#445,1.);
#445 = DIRECTION('',(0.,0.,1.));
#446 = PCURVE('',#126,#447);
#447 = DEFINITIONAL_REPRESENTATION('',(#448),#452);
#448 = LINE('',#449,#450);
#449 = CARTESIAN_POINT('',(1.570796326795,0.));
#450 = VECTOR('',#451,1.);
#451 = DIRECTION('',(0.,1.));
#452 = ( GEOMETRIC_REPRESENTATION_CONTEXT(2) 
PARAMETRIC_REPRESENTATION_CONTEXT() REPRESENTATION_CONTEXT('2D SPACE',''
  ) );
#453 = PCURVE('',#454,#459);
#454 = PLANE('',#455);
#455 = AXIS2_PLACEMENT_3D('',#456,#457,#458);
#456 = CARTESIAN_POINT('',(21.2,-25.2,-13.));
#457 = DIRECTION('',(-1.,0.,0.));
#458 = DIRECTION('',(0.,1.,0.));
#459 = DEFINITIONAL_REPRESENTATION('',(#460),#464);
#460 = LINE('',#461,#462);
#461 = CARTESIAN_POINT('',(8.,0.));
#462 = VECTOR('',#463,1.);
#463 = DIRECTION('',(0.,-1.));
#464 = ( GEOMETRIC_REPRESENTATION_CONTEXT(2) 
PARAMETRIC_REPRESENTATION_CONTEXT() REPRESENTATION_CONTEXT('2D SPACE',''
  ) );
#465 = ORIENTED_EDGE('',*,*,#466,.F.);
#466 = EDGE_CURVE('',#83,#439,#467,.T.);
#467 = SURFACE_CURVE('',#468,(#473,#480),.PCURVE_S1.);
#468 = CIRCLE('',#469,8.);
#469 = AXIS2_PLACEMENT_3D('',#470,#471,#472);
#470 = CARTESIAN_POINT('',(13.2,-17.2,-0.65));
#471 = DIRECTION('',(0.,0.,1.));
#472 = DIRECTION('',(0.,-1.,0.));
#473 = PCURVE('',#126,#474);
#474 = DEFINITIONAL_REPRESENTATION('',(#475),#479);
#475 = LINE('',#476,#477);
#476 = CARTESIAN_POINT('',(0.,12.35));
#477 = VECTOR('',#478,1.);
#478 = DIRECTION('',(1.,0.));
#479 = ( GEOMETRIC_REPRESENTATION_CONTEXT(2) 
PARAMETRIC_REPRESENTATION_CONTEXT() REPRESENTATION_CONTEXT('2D SPACE',''
  ) );
#480 = PCURVE('',#398,#481);
#481 = DEFINITIONAL_REPRESENTATION('',(#482),#486);
#482 = LINE('',#483,#484);
#483 = CARTESIAN_POINT('',(0.,0.));
#484 = VECTOR('',#485,1.);
#485 = DIRECTION('',(1.,0.));
#486 = ( GEOMETRIC_REPRESENTATION_CONTEXT(2) 
PARAMETRIC_REPRESENTATION_CONTEXT() REPRESENTATION_CONTEXT('2D SPACE',''
  ) );
#487 = ADVANCED_FACE('',(#488),#185,.T.);
#488 = FACE_BOUND('',#489,.F.);
#489 = EDGE_LOOP('',(#490,#517,#518,#519));
#490 = ORIENTED_EDGE('',*,*,#491,.F.);
#491 = EDGE_CURVE('',#169,#492,#494,.T.);
#492 = VERTEX_POINT('',#493);
#493 = CARTESIAN_POINT('',(-20.55,-17.2,-13.));
#494 = SURFACE_CURVE('',#495,(#500,#506),.PCURVE_S1.);
#495 = CIRCLE('',#496,0.65);
#496 = AXIS2_PLACEMENT_3D('',#497,#498,#499);
#497 = CARTESIAN_POINT('',(-20.55,-17.2,-12.35));
#498 = DIRECTION('',(0.,-1.,0.));
#499 = DIRECTION('',(-1.,0.,0.));
#500 = PCURVE('',#185,#501);
#501 = DEFINITIONAL_REPRESENTATION('',(#502),#505);
#502 = B_SPLINE_CURVE_WITH_KNOTS('',1,(#503,#504),.UNSPECIFIED.,.F.,.F.,
  (2,2),(0.,1.570796326795),.PIECEWISE_BEZIER_KNOTS.);
#503 = CARTESIAN_POINT('',(0.,0.));
#504 = CARTESIAN_POINT('',(0.,1.570796326795));
#505 = ( GEOMETRIC_REPRESENTATION_CONTEXT(2) 
PARAMETRIC_REPRESENTATION_CONTEXT() REPRESENTATION_CONTEXT('2D SPACE',''
  ) );
#506 = PCURVE('',#507,#512);
#507 = CYLINDRICAL_SURFACE('',#508,0.65);
#508 = AXIS2_PLACEMENT_3D('',#509,#510,#511);
#509 = CARTESIAN_POINT('',(-20.55,17.2,-12.35));
#510 = DIRECTION('',(0.,-1.,0.));
#511 = DIRECTION('',(-1.,-0.,0.));
#512 = DEFINITIONAL_REPRESENTATION('',(#513),#516);
#513 = B_SPLINE_CURVE_WITH_KNOTS('',1,(#514,#515),.UNSPECIFIED.,.F.,.F.,
  (2,2),(0.,1.570796326795),.PIECEWISE_BEZIER_KNOTS.);
#514 = CARTESIAN_POINT('',(0.,34.4));
#515 = CARTESIAN_POINT('',(1.570796326795,34.4));
#516 = ( GEOMETRIC_REPRESENTATION_CONTEXT(2) 
PARAMETRIC_REPRESENTATION_CONTEXT() REPRESENTATION_CONTEXT('2D SPACE',''
  ) );
#517 = ORIENTED_EDGE('',*,*,#168,.T.);
#518 = ORIENTED_EDGE('',*,*,#255,.T.);
#519 = ORIENTED_EDGE('',*,*,#520,.F.);
#520 = EDGE_CURVE('',#492,#256,#521,.T.);
#521 = SURFACE_CURVE('',#522,(#527,#534),.PCURVE_S1.);
#522 = CIRCLE('',#523,7.35);
#523 = AXIS2_PLACEMENT_3D('',#524,#525,#526);
#524 = CARTESIAN_POINT('',(-13.2,-17.2,-13.));
#525 = DIRECTION('',(0.,0.,1.));
#526 = DIRECTION('',(-1.,0.,0.));
#527 = PCURVE('',#185,#528);
#528 = DEFINITIONAL_REPRESENTATION('',(#529),#533);
#529 = LINE('',#530,#531);
#530 = CARTESIAN_POINT('',(-0.,1.570796326795));
#531 = VECTOR('',#532,1.);
#532 = DIRECTION('',(-1.,0.));
#533 = ( GEOMETRIC_REPRESENTATION_CONTEXT(2) 
PARAMETRIC_REPRESENTATION_CONTEXT() REPRESENTATION_CONTEXT('2D SPACE',''
  ) );
#534 = PCURVE('',#293,#535);
#535 = DEFINITIONAL_REPRESENTATION('',(#536),#540);
#536 = CIRCLE('',#537,7.35);
#537 = AXIS2_PLACEMENT_2D('',#538,#539);
#538 = CARTESIAN_POINT('',(-13.2,-17.2));
#539 = DIRECTION('',(-1.,0.));
#540 = ( GEOMETRIC_REPRESENTATION_CONTEXT(2) 
PARAMETRIC_REPRESENTATION_CONTEXT() REPRESENTATION_CONTEXT('2D SPACE',''
  ) );
#541 = ADVANCED_FACE('',(#542),#240,.T.);
#542 = FACE_BOUND('',#543,.T.);
#543 = EDGE_LOOP('',(#544,#571,#572,#573));
#544 = ORIENTED_EDGE('',*,*,#545,.F.);
#545 = EDGE_CURVE('',#198,#546,#548,.T.);
#546 = VERTEX_POINT('',#547);
#547 = CARTESIAN_POINT('',(-20.55,-17.2,-1.665334536938E-15));
#548 = SURFACE_CURVE('',#549,(#554,#560),.PCURVE_S1.);
#549 = CIRCLE('',#550,0.65);
#550 = AXIS2_PLACEMENT_3D('',#551,#552,#553);
#551 = CARTESIAN_POINT('',(-20.55,-17.2,-0.65));
#552 = DIRECTION('',(-0.,1.,0.));
#553 = DIRECTION('',(-1.,-0.,0.));
#554 = PCURVE('',#240,#555);
#555 = DEFINITIONAL_REPRESENTATION('',(#556),#559);
#556 = B_SPLINE_CURVE_WITH_KNOTS('',1,(#557,#558),.UNSPECIFIED.,.F.,.F.,
  (2,2),(0.,1.570796326795),.PIECEWISE_BEZIER_KNOTS.);
#557 = CARTESIAN_POINT('',(0.,0.));
#558 = CARTESIAN_POINT('',(0.,1.570796326795));
#559 = ( GEOMETRIC_REPRESENTATION_CONTEXT(2) 
PARAMETRIC_REPRESENTATION_CONTEXT() REPRESENTATION_CONTEXT('2D SPACE',''
  ) );
#560 = PCURVE('',#561,#566);
#561 = CYLINDRICAL_SURFACE('',#562,0.65);
#562 = AXIS2_PLACEMENT_3D('',#563,#564,#565);
#563 = CARTESIAN_POINT('',(-20.55,17.2,-0.65));
#564 = DIRECTION('',(0.,-1.,0.));
#565 = DIRECTION('',(-1.,-0.,0.));
#566 = DEFINITIONAL_REPRESENTATION('',(#567),#570);
#567 = B_SPLINE_CURVE_WITH_KNOTS('',1,(#568,#569),.UNSPECIFIED.,.F.,.F.,
  (2,2),(0.,1.570796326795),.PIECEWISE_BEZIER_KNOTS.);
#568 = CARTESIAN_POINT('',(0.,34.4));
#569 = CARTESIAN_POINT('',(-1.570796326795,34.4));
#570 = ( GEOMETRIC_REPRESENTATION_CONTEXT(2) 
PARAMETRIC_REPRESENTATION_CONTEXT() REPRESENTATION_CONTEXT('2D SPACE',''
  ) );
#571 = ORIENTED_EDGE('',*,*,#225,.T.);
#572 = ORIENTED_EDGE('',*,*,#334,.T.);
#573 = ORIENTED_EDGE('',*,*,#574,.F.);
#574 = EDGE_CURVE('',#546,#335,#575,.T.);
#575 = SURFACE_CURVE('',#576,(#581,#588),.PCURVE_S1.);
#576 = CIRCLE('',#577,7.35);
#577 = AXIS2_PLACEMENT_3D('',#578,#579,#580);
#578 = CARTESIAN_POINT('',(-13.2,-17.2,-1.7763568394E-15));
#579 = DIRECTION('',(0.,0.,1.));
#580 = DIRECTION('',(-1.,0.,0.));
#581 = PCURVE('',#240,#582);
#582 = DEFINITIONAL_REPRESENTATION('',(#583),#587);
#583 = LINE('',#584,#585);
#584 = CARTESIAN_POINT('',(0.,1.570796326795));
#585 = VECTOR('',#586,1.);
#586 = DIRECTION('',(1.,0.));
#587 = ( GEOMETRIC_REPRESENTATION_CONTEXT(2) 
PARAMETRIC_REPRESENTATION_CONTEXT() REPRESENTATION_CONTEXT('2D SPACE',''
  ) );
#588 = PCURVE('',#372,#589);
#589 = DEFINITIONAL_REPRESENTATION('',(#590),#594);
#590 = CIRCLE('',#591,7.35);
#591 = AXIS2_PLACEMENT_2D('',#592,#593);
#592 = CARTESIAN_POINT('',(-13.2,-17.2));
#593 = DIRECTION('',(-1.,0.));
#594 = ( GEOMETRIC_REPRESENTATION_CONTEXT(2) 
PARAMETRIC_REPRESENTATION_CONTEXT() REPRESENTATION_CONTEXT('2D SPACE',''
  ) );
#595 = ADVANCED_FACE('',(#596,#671),#213,.F.);
#596 = FACE_BOUND('',#597,.F.);
#597 = EDGE_LOOP('',(#598,#628,#649,#650));
#598 = ORIENTED_EDGE('',*,*,#599,.T.);
#599 = EDGE_CURVE('',#600,#602,#604,.T.);
#600 = VERTEX_POINT('',#601);
#601 = CARTESIAN_POINT('',(-21.2,17.2,-12.35));
#602 = VERTEX_POINT('',#603);
#603 = CARTESIAN_POINT('',(-21.2,17.2,-0.65));
#604 = SURFACE_CURVE('',#605,(#609,#616),.PCURVE_S1.);
#605 = LINE('',#606,#607);
#606 = CARTESIAN_POINT('',(-21.2,17.2,-13.));
#607 = VECTOR('',#608,1.);
#608 = DIRECTION('',(0.,0.,1.));
#609 = PCURVE('',#213,#610);
#610 = DEFINITIONAL_REPRESENTATION('',(#611),#615);
#611 = LINE('',#612,#613);
#612 = CARTESIAN_POINT('',(8.,0.));
#613 = VECTOR('',#614,1.);
#614 = DIRECTION('',(0.,-1.));
#615 = ( GEOMETRIC_REPRESENTATION_CONTEXT(2) 
PARAMETRIC_REPRESENTATION_CONTEXT() REPRESENTATION_CONTEXT('2D SPACE',''
  ) );
#616 = PCURVE('',#617,#622);
#617 = CYLINDRICAL_SURFACE('',#618,8.);
#618 = AXIS2_PLACEMENT_3D('',#619,#620,#621);
#619 = CARTESIAN_POINT('',(-13.2,17.2,-13.));
#620 = DIRECTION('',(0.,0.,1.));
#621 = DIRECTION('',(-0.,1.,0.));
#622 = DEFINITIONAL_REPRESENTATION('',(#623),#627);
#623 = LINE('',#624,#625);
#624 = CARTESIAN_POINT('',(1.570796326795,0.));
#625 = VECTOR('',#626,1.);
#626 = DIRECTION('',(0.,1.));
#627 = ( GEOMETRIC_REPRESENTATION_CONTEXT(2) 
PARAMETRIC_REPRESENTATION_CONTEXT() REPRESENTATION_CONTEXT('2D SPACE',''
  ) );
#628 = ORIENTED_EDGE('',*,*,#629,.T.);
#629 = EDGE_CURVE('',#602,#198,#630,.T.);
#630 = SURFACE_CURVE('',#631,(#635,#642),.PCURVE_S1.);
#631 = LINE('',#632,#633);
#632 = CARTESIAN_POINT('',(-21.2,17.2,-0.65));
#633 = VECTOR('',#634,1.);
#634 = DIRECTION('',(0.,-1.,0.));
#635 = PCURVE('',#213,#636);
#636 = DEFINITIONAL_REPRESENTATION('',(#637),#641);
#637 = LINE('',#638,#639);
#638 = CARTESIAN_POINT('',(8.,-12.35));
#639 = VECTOR('',#640,1.);
#640 = DIRECTION('',(1.,0.));
#641 = ( GEOMETRIC_REPRESENTATION_CONTEXT(2) 
PARAMETRIC_REPRESENTATION_CONTEXT() REPRESENTATION_CONTEXT('2D SPACE',''
  ) );
#642 = PCURVE('',#561,#643);
#643 = DEFINITIONAL_REPRESENTATION('',(#644),#648);
#644 = LINE('',#645,#646);
#645 = CARTESIAN_POINT('',(-0.,0.));
#646 = VECTOR('',#647,1.);
#647 = DIRECTION('',(-0.,1.));
#648 = ( GEOMETRIC_REPRESENTATION_CONTEXT(2) 
PARAMETRIC_REPRESENTATION_CONTEXT() REPRESENTATION_CONTEXT('2D SPACE',''
  ) );
#649 = ORIENTED_EDGE('',*,*,#197,.F.);
#650 = ORIENTED_EDGE('',*,*,#651,.F.);
#651 = EDGE_CURVE('',#600,#169,#652,.T.);
#652 = SURFACE_CURVE('',#653,(#657,#664),.PCURVE_S1.);
#653 = LINE('',#654,#655);
#654 = CARTESIAN_POINT('',(-21.2,17.2,-12.35));
#655 = VECTOR('',#656,1.);
#656 = DIRECTION('',(0.,-1.,0.));
#657 = PCURVE('',#213,#658);
#658 = DEFINITIONAL_REPRESENTATION('',(#659),#663);
#659 = LINE('',#660,#661);
#660 = CARTESIAN_POINT('',(8.,-0.65));
#661 = VECTOR('',#662,1.);
#662 = DIRECTION('',(1.,0.));
#663 = ( GEOMETRIC_REPRESENTATION_CONTEXT(2) 
PARAMETRIC_REPRESENTATION_CONTEXT() REPRESENTATION_CONTEXT('2D SPACE',''
  ) );
#664 = PCURVE('',#507,#665);
#665 = DEFINITIONAL_REPRESENTATION('',(#666),#670);
#666 = LINE('',#667,#668);
#667 = CARTESIAN_POINT('',(0.,0.));
#668 = VECTOR('',#669,1.);
#669 = DIRECTION('',(0.,1.));
#670 = ( GEOMETRIC_REPRESENTATION_CONTEXT(2) 
PARAMETRIC_REPRESENTATION_CONTEXT() REPRESENTATION_CONTEXT('2D SPACE',''
  ) );
#671 = FACE_BOUND('',#672,.F.);
#672 = EDGE_LOOP('',(#673,#704,#730,#759,#785,#814,#840,#869));
#673 = ORIENTED_EDGE('',*,*,#674,.F.);
#674 = EDGE_CURVE('',#675,#677,#679,.T.);
#675 = VERTEX_POINT('',#676);
#676 = CARTESIAN_POINT('',(-21.2,5.958,-11.87));
#677 = VERTEX_POINT('',#678);
#678 = CARTESIAN_POINT('',(-21.2,6.758,-11.07));
#679 = SURFACE_CURVE('',#680,(#685,#692),.PCURVE_S1.);
#680 = CIRCLE('',#681,0.8);
#681 = AXIS2_PLACEMENT_3D('',#682,#683,#684);
#682 = CARTESIAN_POINT('',(-21.2,5.958,-11.07));
#683 = DIRECTION('',(1.,0.,0.));
#684 = DIRECTION('',(0.,0.,-1.));
#685 = PCURVE('',#213,#686);
#686 = DEFINITIONAL_REPRESENTATION('',(#687),#691);
#687 = CIRCLE('',#688,0.8);
#688 = AXIS2_PLACEMENT_2D('',#689,#690);
#689 = CARTESIAN_POINT('',(19.242,-1.93));
#690 = DIRECTION('',(0.,1.));
#691 = ( GEOMETRIC_REPRESENTATION_CONTEXT(2) 
PARAMETRIC_REPRESENTATION_CONTEXT() REPRESENTATION_CONTEXT('2D SPACE',''
  ) );
#692 = PCURVE('',#693,#698);
#693 = CYLINDRICAL_SURFACE('',#694,0.8);
#694 = AXIS2_PLACEMENT_3D('',#695,#696,#697);
#695 = CARTESIAN_POINT('',(-26.,5.958,-11.07));
#696 = DIRECTION('',(1.,0.,0.));
#697 = DIRECTION('',(0.,0.,-1.));
#698 = DEFINITIONAL_REPRESENTATION('',(#699),#703);
#699 = LINE('',#700,#701);
#700 = CARTESIAN_POINT('',(0.,4.8));
#701 = VECTOR('',#702,1.);
#702 = DIRECTION('',(1.,0.));
#703 = ( GEOMETRIC_REPRESENTATION_CONTEXT(2) 
PARAMETRIC_REPRESENTATION_CONTEXT() REPRESENTATION_CONTEXT('2D SPACE',''
  ) );
#704 = ORIENTED_EDGE('',*,*,#705,.T.);
#705 = EDGE_CURVE('',#675,#706,#708,.T.);
#706 = VERTEX_POINT('',#707);
#707 = CARTESIAN_POINT('',(-21.2,-5.442,-11.87));
#708 = SURFACE_CURVE('',#709,(#713,#719),.PCURVE_S1.);
#709 = LINE('',#710,#711);
#710 = CARTESIAN_POINT('',(-21.2,9.479,-11.87));
#711 = VECTOR('',#712,1.);
#712 = DIRECTION('',(0.,-1.,0.));
#713 = PCURVE('',#213,#714);
#714 = DEFINITIONAL_REPRESENTATION('',(#715),#718);
#715 = B_SPLINE_CURVE_WITH_KNOTS('',1,(#716,#717),.UNSPECIFIED.,.F.,.F.,
  (2,2),(3.521,14.921),.PIECEWISE_BEZIER_KNOTS.);
#716 = CARTESIAN_POINT('',(19.242,-1.13));
#717 = CARTESIAN_POINT('',(30.642,-1.13));
#718 = ( GEOMETRIC_REPRESENTATION_CONTEXT(2) 
PARAMETRIC_REPRESENTATION_CONTEXT() REPRESENTATION_CONTEXT('2D SPACE',''
  ) );
#719 = PCURVE('',#720,#725);
#720 = PLANE('',#721);
#721 = AXIS2_PLACEMENT_3D('',#722,#723,#724);
#722 = CARTESIAN_POINT('',(-26.,-6.242,-11.87));
#723 = DIRECTION('',(0.,0.,1.));
#724 = DIRECTION('',(0.,1.,0.));
#725 = DEFINITIONAL_REPRESENTATION('',(#726),#729);
#726 = B_SPLINE_CURVE_WITH_KNOTS('',1,(#727,#728),.UNSPECIFIED.,.F.,.F.,
  (2,2),(3.521,14.921),.PIECEWISE_BEZIER_KNOTS.);
#727 = CARTESIAN_POINT('',(12.2,-4.8));
#728 = CARTESIAN_POINT('',(0.8,-4.8));
#729 = ( GEOMETRIC_REPRESENTATION_CONTEXT(2) 
PARAMETRIC_REPRESENTATION_CONTEXT() REPRESENTATION_CONTEXT('2D SPACE',''
  ) );
#730 = ORIENTED_EDGE('',*,*,#731,.F.);
#731 = EDGE_CURVE('',#732,#706,#734,.T.);
#732 = VERTEX_POINT('',#733);
#733 = CARTESIAN_POINT('',(-21.2,-6.242,-11.07));
#734 = SURFACE_CURVE('',#735,(#740,#747),.PCURVE_S1.);
#735 = CIRCLE('',#736,0.8);
#736 = AXIS2_PLACEMENT_3D('',#737,#738,#739);
#737 = CARTESIAN_POINT('',(-21.2,-5.442,-11.07));
#738 = DIRECTION('',(1.,0.,0.));
#739 = DIRECTION('',(0.,0.,-1.));
#740 = PCURVE('',#213,#741);
#741 = DEFINITIONAL_REPRESENTATION('',(#742),#746);
#742 = CIRCLE('',#743,0.8);
#743 = AXIS2_PLACEMENT_2D('',#744,#745);
#744 = CARTESIAN_POINT('',(30.642,-1.93));
#745 = DIRECTION('',(0.,1.));
#746 = ( GEOMETRIC_REPRESENTATION_CONTEXT(2) 
PARAMETRIC_REPRESENTATION_CONTEXT() REPRESENTATION_CONTEXT('2D SPACE',''
  ) );
#747 = PCURVE('',#748,#753);
#748 = CYLINDRICAL_SURFACE('',#749,0.8);
#749 = AXIS2_PLACEMENT_3D('',#750,#751,#752);
#750 = CARTESIAN_POINT('',(-26.,-5.442,-11.07));
#751 = DIRECTION('',(1.,0.,0.));
#752 = DIRECTION('',(0.,0.,-1.));
#753 = DEFINITIONAL_REPRESENTATION('',(#754),#758);
#754 = LINE('',#755,#756);
#755 = CARTESIAN_POINT('',(-6.28318530718,4.8));
#756 = VECTOR('',#757,1.);
#757 = DIRECTION('',(1.,-0.));
#758 = ( GEOMETRIC_REPRESENTATION_CONTEXT(2) 
PARAMETRIC_REPRESENTATION_CONTEXT() REPRESENTATION_CONTEXT('2D SPACE',''
  ) );
#759 = ORIENTED_EDGE('',*,*,#760,.T.);
#760 = EDGE_CURVE('',#732,#761,#763,.T.);
#761 = VERTEX_POINT('',#762);
#762 = CARTESIAN_POINT('',(-21.2,-6.242,-5.67));
#763 = SURFACE_CURVE('',#764,(#768,#774),.PCURVE_S1.);
#764 = LINE('',#765,#766);
#765 = CARTESIAN_POINT('',(-21.2,-6.242,-8.935));
#766 = VECTOR('',#767,1.);
#767 = DIRECTION('',(0.,0.,1.));
#768 = PCURVE('',#213,#769);
#769 = DEFINITIONAL_REPRESENTATION('',(#770),#773);
#770 = B_SPLINE_CURVE_WITH_KNOTS('',1,(#771,#772),.UNSPECIFIED.,.F.,.F.,
  (2,2),(-2.135,3.265),.PIECEWISE_BEZIER_KNOTS.);
#771 = CARTESIAN_POINT('',(31.442,-1.93));
#772 = CARTESIAN_POINT('',(31.442,-7.33));
#773 = ( GEOMETRIC_REPRESENTATION_CONTEXT(2) 
PARAMETRIC_REPRESENTATION_CONTEXT() REPRESENTATION_CONTEXT('2D SPACE',''
  ) );
#774 = PCURVE('',#775,#780);
#775 = PLANE('',#776);
#776 = AXIS2_PLACEMENT_3D('',#777,#778,#779);
#777 = CARTESIAN_POINT('',(-26.,-6.242,-4.87));
#778 = DIRECTION('',(-0.,1.,0.));
#779 = DIRECTION('',(0.,0.,-1.));
#780 = DEFINITIONAL_REPRESENTATION('',(#781),#784);
#781 = B_SPLINE_CURVE_WITH_KNOTS('',1,(#782,#783),.UNSPECIFIED.,.F.,.F.,
  (2,2),(-2.135,3.265),.PIECEWISE_BEZIER_KNOTS.);
#782 = CARTESIAN_POINT('',(6.2,-4.8));
#783 = CARTESIAN_POINT('',(0.8,-4.8));
#784 = ( GEOMETRIC_REPRESENTATION_CONTEXT(2) 
PARAMETRIC_REPRESENTATION_CONTEXT() REPRESENTATION_CONTEXT('2D SPACE',''
  ) );
#785 = ORIENTED_EDGE('',*,*,#786,.F.);
#786 = EDGE_CURVE('',#787,#761,#789,.T.);
#787 = VERTEX_POINT('',#788);
#788 = CARTESIAN_POINT('',(-21.2,-5.442,-4.87));
#789 = SURFACE_CURVE('',#790,(#795,#802),.PCURVE_S1.);
#790 = CIRCLE('',#791,0.8);
#791 = AXIS2_PLACEMENT_3D('',#792,#793,#794);
#792 = CARTESIAN_POINT('',(-21.2,-5.442,-5.67));
#793 = DIRECTION('',(1.,0.,0.));
#794 = DIRECTION('',(0.,-0.,1.));
#795 = PCURVE('',#213,#796);
#796 = DEFINITIONAL_REPRESENTATION('',(#797),#801);
#797 = CIRCLE('',#798,0.8);
#798 = AXIS2_PLACEMENT_2D('',#799,#800);
#799 = CARTESIAN_POINT('',(30.642,-7.33));
#800 = DIRECTION('',(0.,-1.));
#801 = ( GEOMETRIC_REPRESENTATION_CONTEXT(2) 
PARAMETRIC_REPRESENTATION_CONTEXT() REPRESENTATION_CONTEXT('2D SPACE',''
  ) );
#802 = PCURVE('',#803,#808);
#803 = CYLINDRICAL_SURFACE('',#804,0.8);
#804 = AXIS2_PLACEMENT_3D('',#805,#806,#807);
#805 = CARTESIAN_POINT('',(-26.,-5.442,-5.67));
#806 = DIRECTION('',(1.,0.,0.));
#807 = DIRECTION('',(0.,-0.,1.));
#808 = DEFINITIONAL_REPRESENTATION('',(#809),#813);
#809 = LINE('',#810,#811);
#810 = CARTESIAN_POINT('',(0.,4.8));
#811 = VECTOR('',#812,1.);
#812 = DIRECTION('',(1.,0.));
#813 = ( GEOMETRIC_REPRESENTATION_CONTEXT(2) 
PARAMETRIC_REPRESENTATION_CONTEXT() REPRESENTATION_CONTEXT('2D SPACE',''
  ) );
#814 = ORIENTED_EDGE('',*,*,#815,.T.);
#815 = EDGE_CURVE('',#787,#816,#818,.T.);
#816 = VERTEX_POINT('',#817);
#817 = CARTESIAN_POINT('',(-21.2,5.958,-4.87));
#818 = SURFACE_CURVE('',#819,(#823,#829),.PCURVE_S1.);
#819 = LINE('',#820,#821);
#820 = CARTESIAN_POINT('',(-21.2,15.979,-4.87));
#821 = VECTOR('',#822,1.);
#822 = DIRECTION('',(0.,1.,0.));
#823 = PCURVE('',#213,#824);
#824 = DEFINITIONAL_REPRESENTATION('',(#825),#828);
#825 = B_SPLINE_CURVE_WITH_KNOTS('',1,(#826,#827),.UNSPECIFIED.,.F.,.F.,
  (2,2),(-21.421,-10.021),.PIECEWISE_BEZIER_KNOTS.);
#826 = CARTESIAN_POINT('',(30.642,-8.13));
#827 = CARTESIAN_POINT('',(19.242,-8.13));
#828 = ( GEOMETRIC_REPRESENTATION_CONTEXT(2) 
PARAMETRIC_REPRESENTATION_CONTEXT() REPRESENTATION_CONTEXT('2D SPACE',''
  ) );
#829 = PCURVE('',#830,#835);
#830 = PLANE('',#831);
#831 = AXIS2_PLACEMENT_3D('',#832,#833,#834);
#832 = CARTESIAN_POINT('',(-26.,6.758,-4.87));
#833 = DIRECTION('',(0.,0.,-1.));
#834 = DIRECTION('',(0.,-1.,0.));
#835 = DEFINITIONAL_REPRESENTATION('',(#836),#839);
#836 = B_SPLINE_CURVE_WITH_KNOTS('',1,(#837,#838),.UNSPECIFIED.,.F.,.F.,
  (2,2),(-21.421,-10.021),.PIECEWISE_BEZIER_KNOTS.);
#837 = CARTESIAN_POINT('',(12.2,-4.8));
#838 = CARTESIAN_POINT('',(0.8,-4.8));
#839 = ( GEOMETRIC_REPRESENTATION_CONTEXT(2) 
PARAMETRIC_REPRESENTATION_CONTEXT() REPRESENTATION_CONTEXT('2D SPACE',''
  ) );
#840 = ORIENTED_EDGE('',*,*,#841,.F.);
#841 = EDGE_CURVE('',#842,#816,#844,.T.);
#842 = VERTEX_POINT('',#843);
#843 = CARTESIAN_POINT('',(-21.2,6.758,-5.67));
#844 = SURFACE_CURVE('',#845,(#850,#857),.PCURVE_S1.);
#845 = CIRCLE('',#846,0.8);
#846 = AXIS2_PLACEMENT_3D('',#847,#848,#849);
#847 = CARTESIAN_POINT('',(-21.2,5.958,-5.67));
#848 = DIRECTION('',(1.,0.,0.));
#849 = DIRECTION('',(-0.,1.,0.));
#850 = PCURVE('',#213,#851);
#851 = DEFINITIONAL_REPRESENTATION('',(#852),#856);
#852 = CIRCLE('',#853,0.8);
#853 = AXIS2_PLACEMENT_2D('',#854,#855);
#854 = CARTESIAN_POINT('',(19.242,-7.33));
#855 = DIRECTION('',(-1.,-0.));
#856 = ( GEOMETRIC_REPRESENTATION_CONTEXT(2) 
PARAMETRIC_REPRESENTATION_CONTEXT() REPRESENTATION_CONTEXT('2D SPACE',''
  ) );
#857 = PCURVE('',#858,#863);
#858 = CYLINDRICAL_SURFACE('',#859,0.8);
#859 = AXIS2_PLACEMENT_3D('',#860,#861,#862);
#860 = CARTESIAN_POINT('',(-26.,5.958,-5.67));
#861 = DIRECTION('',(1.,0.,0.));
#862 = DIRECTION('',(-0.,1.,0.));
#863 = DEFINITIONAL_REPRESENTATION('',(#864),#868);
#864 = LINE('',#865,#866);
#865 = CARTESIAN_POINT('',(0.,4.8));
#866 = VECTOR('',#867,1.);
#867 = DIRECTION('',(1.,0.));
#868 = ( GEOMETRIC_REPRESENTATION_CONTEXT(2) 
PARAMETRIC_REPRESENTATION_CONTEXT() REPRESENTATION_CONTEXT('2D SPACE',''
  ) );
#869 = ORIENTED_EDGE('',*,*,#870,.T.);
#870 = EDGE_CURVE('',#842,#677,#871,.T.);
#871 = SURFACE_CURVE('',#872,(#876,#882),.PCURVE_S1.);
#872 = LINE('',#873,#874);
#873 = CARTESIAN_POINT('',(-21.2,6.758,-12.435));
#874 = VECTOR('',#875,1.);
#875 = DIRECTION('',(0.,-0.,-1.));
#876 = PCURVE('',#213,#877);
#877 = DEFINITIONAL_REPRESENTATION('',(#878),#881);
#878 = B_SPLINE_CURVE_WITH_KNOTS('',1,(#879,#880),.UNSPECIFIED.,.F.,.F.,
  (2,2),(-6.765,-1.365),.PIECEWISE_BEZIER_KNOTS.);
#879 = CARTESIAN_POINT('',(18.442,-7.33));
#880 = CARTESIAN_POINT('',(18.442,-1.93));
#881 = ( GEOMETRIC_REPRESENTATION_CONTEXT(2) 
PARAMETRIC_REPRESENTATION_CONTEXT() REPRESENTATION_CONTEXT('2D SPACE',''
  ) );
#882 = PCURVE('',#883,#888);
#883 = PLANE('',#884);
#884 = AXIS2_PLACEMENT_3D('',#885,#886,#887);
#885 = CARTESIAN_POINT('',(-26.,6.758,-11.87));
#886 = DIRECTION('',(0.,-1.,0.));
#887 = DIRECTION('',(0.,0.,1.));
#888 = DEFINITIONAL_REPRESENTATION('',(#889),#892);
#889 = B_SPLINE_CURVE_WITH_KNOTS('',1,(#890,#891),.UNSPECIFIED.,.F.,.F.,
  (2,2),(-6.765,-1.365),.PIECEWISE_BEZIER_KNOTS.);
#890 = CARTESIAN_POINT('',(6.2,-4.8));
#891 = CARTESIAN_POINT('',(0.8,-4.8));
#892 = ( GEOMETRIC_REPRESENTATION_CONTEXT(2) 
PARAMETRIC_REPRESENTATION_CONTEXT() REPRESENTATION_CONTEXT('2D SPACE',''
  ) );
#893 = ADVANCED_FACE('',(#894,#1301,#1336,#1371,#1406,#1628),#293,.F.);
#894 = FACE_BOUND('',#895,.F.);
#895 = EDGE_LOOP('',(#896,#919,#920,#921,#945,#973,#1002,#1030,#1063,
    #1091,#1124,#1152,#1185,#1213,#1246,#1274));
#896 = ORIENTED_EDGE('',*,*,#897,.T.);
#897 = EDGE_CURVE('',#898,#492,#900,.T.);
#898 = VERTEX_POINT('',#899);
#899 = CARTESIAN_POINT('',(-20.55,17.2,-13.));
#900 = SURFACE_CURVE('',#901,(#905,#912),.PCURVE_S1.);
#901 = LINE('',#902,#903);
#902 = CARTESIAN_POINT('',(-20.55,17.2,-13.));
#903 = VECTOR('',#904,1.);
#904 = DIRECTION('',(0.,-1.,0.));
#905 = PCURVE('',#293,#906);
#906 = DEFINITIONAL_REPRESENTATION('',(#907),#911);
#907 = LINE('',#908,#909);
#908 = CARTESIAN_POINT('',(-20.55,17.2));
#909 = VECTOR('',#910,1.);
#910 = DIRECTION('',(0.,-1.));
#911 = ( GEOMETRIC_REPRESENTATION_CONTEXT(2) 
PARAMETRIC_REPRESENTATION_CONTEXT() REPRESENTATION_CONTEXT('2D SPACE',''
  ) );
#912 = PCURVE('',#507,#913);
#913 = DEFINITIONAL_REPRESENTATION('',(#914),#918);
#914 = LINE('',#915,#916);
#915 = CARTESIAN_POINT('',(1.570796326795,0.));
#916 = VECTOR('',#917,1.);
#917 = DIRECTION('',(0.,1.));
#918 = ( GEOMETRIC_REPRESENTATION_CONTEXT(2) 
PARAMETRIC_REPRESENTATION_CONTEXT() REPRESENTATION_CONTEXT('2D SPACE',''
  ) );
#919 = ORIENTED_EDGE('',*,*,#520,.T.);
#920 = ORIENTED_EDGE('',*,*,#277,.T.);
#921 = ORIENTED_EDGE('',*,*,#922,.T.);
#922 = EDGE_CURVE('',#278,#923,#925,.T.);
#923 = VERTEX_POINT('',#924);
#924 = CARTESIAN_POINT('',(20.55,-17.2,-13.));
#925 = SURFACE_CURVE('',#926,(#931,#938),.PCURVE_S1.);
#926 = CIRCLE('',#927,7.35);
#927 = AXIS2_PLACEMENT_3D('',#928,#929,#930);
#928 = CARTESIAN_POINT('',(13.2,-17.2,-13.));
#929 = DIRECTION('',(0.,0.,1.));
#930 = DIRECTION('',(0.,-1.,0.));
#931 = PCURVE('',#293,#932);
#932 = DEFINITIONAL_REPRESENTATION('',(#933),#937);
#933 = CIRCLE('',#934,7.35);
#934 = AXIS2_PLACEMENT_2D('',#935,#936);
#935 = CARTESIAN_POINT('',(13.2,-17.2));
#936 = DIRECTION('',(0.,-1.));
#937 = ( GEOMETRIC_REPRESENTATION_CONTEXT(2) 
PARAMETRIC_REPRESENTATION_CONTEXT() REPRESENTATION_CONTEXT('2D SPACE',''
  ) );
#938 = PCURVE('',#319,#939);
#939 = DEFINITIONAL_REPRESENTATION('',(#940),#944);
#940 = LINE('',#941,#942);
#941 = CARTESIAN_POINT('',(-0.,1.570796326795));
#942 = VECTOR('',#943,1.);
#943 = DIRECTION('',(-1.,0.));
#944 = ( GEOMETRIC_REPRESENTATION_CONTEXT(2) 
PARAMETRIC_REPRESENTATION_CONTEXT() REPRESENTATION_CONTEXT('2D SPACE',''
  ) );
#945 = ORIENTED_EDGE('',*,*,#946,.T.);
#946 = EDGE_CURVE('',#923,#947,#949,.T.);
#947 = VERTEX_POINT('',#948);
#948 = CARTESIAN_POINT('',(20.55,17.2,-13.));
#949 = SURFACE_CURVE('',#950,(#954,#961),.PCURVE_S1.);
#950 = LINE('',#951,#952);
#951 = CARTESIAN_POINT('',(20.55,-17.2,-13.));
#952 = VECTOR('',#953,1.);
#953 = DIRECTION('',(0.,1.,0.));
#954 = PCURVE('',#293,#955);
#955 = DEFINITIONAL_REPRESENTATION('',(#956),#960);
#956 = LINE('',#957,#958);
#957 = CARTESIAN_POINT('',(20.55,-17.2));
#958 = VECTOR('',#959,1.);
#959 = DIRECTION('',(0.,1.));
#960 = ( GEOMETRIC_REPRESENTATION_CONTEXT(2) 
PARAMETRIC_REPRESENTATION_CONTEXT() REPRESENTATION_CONTEXT('2D SPACE',''
  ) );
#961 = PCURVE('',#962,#967);
#962 = CYLINDRICAL_SURFACE('',#963,0.65);
#963 = AXIS2_PLACEMENT_3D('',#964,#965,#966);
#964 = CARTESIAN_POINT('',(20.55,-17.2,-12.35));
#965 = DIRECTION('',(0.,1.,0.));
#966 = DIRECTION('',(1.,0.,-0.));
#967 = DEFINITIONAL_REPRESENTATION('',(#968),#972);
#968 = LINE('',#969,#970);
#969 = CARTESIAN_POINT('',(1.570796326795,0.));
#970 = VECTOR('',#971,1.);
#971 = DIRECTION('',(0.,1.));
#972 = ( GEOMETRIC_REPRESENTATION_CONTEXT(2) 
PARAMETRIC_REPRESENTATION_CONTEXT() REPRESENTATION_CONTEXT('2D SPACE',''
  ) );
#973 = ORIENTED_EDGE('',*,*,#974,.T.);
#974 = EDGE_CURVE('',#947,#975,#977,.T.);
#975 = VERTEX_POINT('',#976);
#976 = CARTESIAN_POINT('',(18.545963777017,22.244122450419,-13.));
#977 = SURFACE_CURVE('',#978,(#983,#990),.PCURVE_S1.);
#978 = CIRCLE('',#979,7.35);
#979 = AXIS2_PLACEMENT_3D('',#980,#981,#982);
#980 = CARTESIAN_POINT('',(13.2,17.2,-13.));
#981 = DIRECTION('',(0.,0.,1.));
#982 = DIRECTION('',(1.,0.,-0.));
#983 = PCURVE('',#293,#984);
#984 = DEFINITIONAL_REPRESENTATION('',(#985),#989);
#985 = CIRCLE('',#986,7.35);
#986 = AXIS2_PLACEMENT_2D('',#987,#988);
#987 = CARTESIAN_POINT('',(13.2,17.2));
#988 = DIRECTION('',(1.,0.));
#989 = ( GEOMETRIC_REPRESENTATION_CONTEXT(2) 
PARAMETRIC_REPRESENTATION_CONTEXT() REPRESENTATION_CONTEXT('2D SPACE',''
  ) );
#990 = PCURVE('',#991,#996);
#991 = TOROIDAL_SURFACE('',#992,7.35,0.65);
#992 = AXIS2_PLACEMENT_3D('',#993,#994,#995);
#993 = CARTESIAN_POINT('',(13.2,17.2,-12.35));
#994 = DIRECTION('',(-0.,-0.,-1.));
#995 = DIRECTION('',(1.,0.,-0.));
#996 = DEFINITIONAL_REPRESENTATION('',(#997),#1001);
#997 = LINE('',#998,#999);
#998 = CARTESIAN_POINT('',(-0.,1.570796326795));
#999 = VECTOR('',#1000,1.);
#1000 = DIRECTION('',(-1.,0.));
#1001 = ( GEOMETRIC_REPRESENTATION_CONTEXT(2) 
PARAMETRIC_REPRESENTATION_CONTEXT() REPRESENTATION_CONTEXT('2D SPACE',''
  ) );
#1002 = ORIENTED_EDGE('',*,*,#1003,.F.);
#1003 = EDGE_CURVE('',#1004,#975,#1006,.T.);
#1004 = VERTEX_POINT('',#1005);
#1005 = CARTESIAN_POINT('',(17.801499636269,30.261428581557,-13.));
#1006 = SURFACE_CURVE('',#1007,(#1011,#1018),.PCURVE_S1.);
#1007 = LINE('',#1008,#1009);
#1008 = CARTESIAN_POINT('',(17.801499636269,30.261428581557,-13.));
#1009 = VECTOR('',#1010,1.);
#1010 = DIRECTION('',(9.245938526191E-02,-0.995716456667,0.));
#1011 = PCURVE('',#293,#1012);
#1012 = DEFINITIONAL_REPRESENTATION('',(#1013),#1017);
#1013 = LINE('',#1014,#1015);
#1014 = CARTESIAN_POINT('',(17.801499636269,30.261428581557));
#1015 = VECTOR('',#1016,1.);
#1016 = DIRECTION('',(9.245938526191E-02,-0.995716456667));
#1017 = ( GEOMETRIC_REPRESENTATION_CONTEXT(2) 
PARAMETRIC_REPRESENTATION_CONTEXT() REPRESENTATION_CONTEXT('2D SPACE',''
  ) );
#1018 = PCURVE('',#1019,#1024);
#1019 = CYLINDRICAL_SURFACE('',#1020,0.65);
#1020 = AXIS2_PLACEMENT_3D('',#1021,#1022,#1023);
#1021 = CARTESIAN_POINT('',(17.801499636269,30.261428581557,-12.35));
#1022 = DIRECTION('',(9.245938526191E-02,-0.995716456667,0.));
#1023 = DIRECTION('',(0.995716456667,9.245938526191E-02,0.));
#1024 = DEFINITIONAL_REPRESENTATION('',(#1025),#1029);
#1025 = LINE('',#1026,#1027);
#1026 = CARTESIAN_POINT('',(-1.570796326795,0.));
#1027 = VECTOR('',#1028,1.);
#1028 = DIRECTION('',(-0.,1.));
#1029 = ( GEOMETRIC_REPRESENTATION_CONTEXT(2) 
PARAMETRIC_REPRESENTATION_CONTEXT() REPRESENTATION_CONTEXT('2D SPACE',''
  ) );
#1030 = ORIENTED_EDGE('',*,*,#1031,.F.);
#1031 = EDGE_CURVE('',#1032,#1004,#1034,.T.);
#1032 = VERTEX_POINT('',#1033);
#1033 = CARTESIAN_POINT('',(16.443418591244,30.861543147918,-13.));
#1034 = SURFACE_CURVE('',#1035,(#1040,#1051),.PCURVE_S1.);
#1035 = CIRCLE('',#1036,0.85);
#1036 = AXIS2_PLACEMENT_3D('',#1037,#1038,#1039);
#1037 = CARTESIAN_POINT('',(16.955140648102,30.182838104084,-13.));
#1038 = DIRECTION('',(0.,0.,-1.));
#1039 = DIRECTION('',(-0.602025949245,0.798476522157,0.));
#1040 = PCURVE('',#293,#1041);
#1041 = DEFINITIONAL_REPRESENTATION('',(#1042),#1050);
#1042 = ( BOUNDED_CURVE() B_SPLINE_CURVE(2,(#1043,#1044,#1045,#1046,
#1047,#1048,#1049),.UNSPECIFIED.,.T.,.F.) B_SPLINE_CURVE_WITH_KNOTS((1,2
    ,2,2,2,1),(-2.094395102393,0.,2.094395102393,4.188790204786,
6.28318530718,8.377580409573),.UNSPECIFIED.) CURVE() 
GEOMETRIC_REPRESENTATION_ITEM() RATIONAL_B_SPLINE_CURVE((1.,0.5,1.,0.5,
1.,0.5,1.)) REPRESENTATION_ITEM('') );
#1043 = CARTESIAN_POINT('',(16.443418591244,30.861543147918));
#1044 = CARTESIAN_POINT('',(17.618970210516,31.74787174975));
#1045 = CARTESIAN_POINT('',(17.798777486167,30.286649883084));
#1046 = CARTESIAN_POINT('',(17.978584761819,28.825428016418));
#1047 = CARTESIAN_POINT('',(16.623225866895,29.400321281252));
#1048 = CARTESIAN_POINT('',(15.267866971971,29.975214546085));
#1049 = CARTESIAN_POINT('',(16.443418591244,30.861543147918));
#1050 = ( GEOMETRIC_REPRESENTATION_CONTEXT(2) 
PARAMETRIC_REPRESENTATION_CONTEXT() REPRESENTATION_CONTEXT('2D SPACE',''
  ) );
#1051 = PCURVE('',#1052,#1057);
#1052 = TOROIDAL_SURFACE('',#1053,0.85,0.65);
#1053 = AXIS2_PLACEMENT_3D('',#1054,#1055,#1056);
#1054 = CARTESIAN_POINT('',(16.955140648102,30.182838104084,-12.35));
#1055 = DIRECTION('',(0.,0.,-1.));
#1056 = DIRECTION('',(-0.602025949245,0.798476522157,0.));
#1057 = DEFINITIONAL_REPRESENTATION('',(#1058),#1062);
#1058 = LINE('',#1059,#1060);
#1059 = CARTESIAN_POINT('',(0.,1.570796326795));
#1060 = VECTOR('',#1061,1.);
#1061 = DIRECTION('',(1.,0.));
#1062 = ( GEOMETRIC_REPRESENTATION_CONTEXT(2) 
PARAMETRIC_REPRESENTATION_CONTEXT() REPRESENTATION_CONTEXT('2D SPACE',''
  ) );
#1063 = ORIENTED_EDGE('',*,*,#1064,.F.);
#1064 = EDGE_CURVE('',#1065,#1032,#1067,.T.);
#1065 = VERTEX_POINT('',#1066);
#1066 = CARTESIAN_POINT('',(8.294360946275,24.717412383854,-13.));
#1067 = SURFACE_CURVE('',#1068,(#1072,#1079),.PCURVE_S1.);
#1068 = LINE('',#1069,#1070);
#1069 = CARTESIAN_POINT('',(8.294360946275,24.717412383854,-13.));
#1070 = VECTOR('',#1071,1.);
#1071 = DIRECTION('',(0.798476522157,0.602025949245,0.));
#1072 = PCURVE('',#293,#1073);
#1073 = DEFINITIONAL_REPRESENTATION('',(#1074),#1078);
#1074 = LINE('',#1075,#1076);
#1075 = CARTESIAN_POINT('',(8.294360946275,24.717412383854));
#1076 = VECTOR('',#1077,1.);
#1077 = DIRECTION('',(0.798476522157,0.602025949245));
#1078 = ( GEOMETRIC_REPRESENTATION_CONTEXT(2) 
PARAMETRIC_REPRESENTATION_CONTEXT() REPRESENTATION_CONTEXT('2D SPACE',''
  ) );
#1079 = PCURVE('',#1080,#1085);
#1080 = CYLINDRICAL_SURFACE('',#1081,0.65);
#1081 = AXIS2_PLACEMENT_3D('',#1082,#1083,#1084);
#1082 = CARTESIAN_POINT('',(8.294360946275,24.717412383854,-12.35));
#1083 = DIRECTION('',(0.798476522157,0.602025949245,0.));
#1084 = DIRECTION('',(-0.602025949245,0.798476522157,0.));
#1085 = DEFINITIONAL_REPRESENTATION('',(#1086),#1090);
#1086 = LINE('',#1087,#1088);
#1087 = CARTESIAN_POINT('',(-1.570796326795,0.));
#1088 = VECTOR('',#1089,1.);
#1089 = DIRECTION('',(-0.,1.));
#1090 = ( GEOMETRIC_REPRESENTATION_CONTEXT(2) 
PARAMETRIC_REPRESENTATION_CONTEXT() REPRESENTATION_CONTEXT('2D SPACE',''
  ) );
#1091 = ORIENTED_EDGE('',*,*,#1092,.F.);
#1092 = EDGE_CURVE('',#1093,#1065,#1095,.T.);
#1093 = VERTEX_POINT('',#1094);
#1094 = CARTESIAN_POINT('',(8.127054420634,24.55,-13.));
#1095 = SURFACE_CURVE('',#1096,(#1101,#1112),.PCURVE_S1.);
#1096 = CIRCLE('',#1097,0.85);
#1097 = AXIS2_PLACEMENT_3D('',#1098,#1099,#1100);
#1098 = CARTESIAN_POINT('',(8.806083003134,24.038707340021,-13.));
#1099 = DIRECTION('',(0.,0.,-1.));
#1100 = DIRECTION('',(-0.308002513919,-0.951385542995,-0.));
#1101 = PCURVE('',#293,#1102);
#1102 = DEFINITIONAL_REPRESENTATION('',(#1103),#1111);
#1103 = ( BOUNDED_CURVE() B_SPLINE_CURVE(2,(#1104,#1105,#1106,#1107,
#1108,#1109,#1110),.UNSPECIFIED.,.T.,.F.) B_SPLINE_CURVE_WITH_KNOTS((1,2
    ,2,2,2,1),(-2.094395102393,0.,2.094395102393,4.188790204786,
6.28318530718,8.377580409573),.UNSPECIFIED.) CURVE() 
GEOMETRIC_REPRESENTATION_ITEM() RATIONAL_B_SPLINE_CURVE((1.,0.5,1.,0.5,
1.,0.5,1.)) REPRESENTATION_ITEM('') );
#1104 = CARTESIAN_POINT('',(8.544280866303,23.230029628476));
#1105 = CARTESIAN_POINT('',(7.143609982957,23.683484230997));
#1106 = CARTESIAN_POINT('',(8.236648629877,24.669773497055));
#1107 = CARTESIAN_POINT('',(9.329687276796,25.656062763112));
#1108 = CARTESIAN_POINT('',(9.637319513222,24.216318894533));
#1109 = CARTESIAN_POINT('',(9.944951749648,22.776575025954));
#1110 = CARTESIAN_POINT('',(8.544280866303,23.230029628476));
#1111 = ( GEOMETRIC_REPRESENTATION_CONTEXT(2) 
PARAMETRIC_REPRESENTATION_CONTEXT() REPRESENTATION_CONTEXT('2D SPACE',''
  ) );
#1112 = PCURVE('',#1113,#1118);
#1113 = TOROIDAL_SURFACE('',#1114,0.85,0.65);
#1114 = AXIS2_PLACEMENT_3D('',#1115,#1116,#1117);
#1115 = CARTESIAN_POINT('',(8.806083003134,24.038707340021,-12.35));
#1116 = DIRECTION('',(0.,0.,-1.));
#1117 = DIRECTION('',(-0.308002513919,-0.951385542995,-0.));
#1118 = DEFINITIONAL_REPRESENTATION('',(#1119),#1123);
#1119 = LINE('',#1120,#1121);
#1120 = CARTESIAN_POINT('',(0.,1.570796326795));
#1121 = VECTOR('',#1122,1.);
#1122 = DIRECTION('',(1.,0.));
#1123 = ( GEOMETRIC_REPRESENTATION_CONTEXT(2) 
PARAMETRIC_REPRESENTATION_CONTEXT() REPRESENTATION_CONTEXT('2D SPACE',''
  ) );
#1124 = ORIENTED_EDGE('',*,*,#1125,.T.);
#1125 = EDGE_CURVE('',#1093,#1126,#1128,.T.);
#1126 = VERTEX_POINT('',#1127);
#1127 = CARTESIAN_POINT('',(-8.127054420634,24.55,-13.));
#1128 = SURFACE_CURVE('',#1129,(#1133,#1140),.PCURVE_S1.);
#1129 = LINE('',#1130,#1131);
#1130 = CARTESIAN_POINT('',(13.2,24.55,-13.));
#1131 = VECTOR('',#1132,1.);
#1132 = DIRECTION('',(-1.,0.,0.));
#1133 = PCURVE('',#293,#1134);
#1134 = DEFINITIONAL_REPRESENTATION('',(#1135),#1139);
#1135 = LINE('',#1136,#1137);
#1136 = CARTESIAN_POINT('',(13.2,24.55));
#1137 = VECTOR('',#1138,1.);
#1138 = DIRECTION('',(-1.,0.));
#1139 = ( GEOMETRIC_REPRESENTATION_CONTEXT(2) 
PARAMETRIC_REPRESENTATION_CONTEXT() REPRESENTATION_CONTEXT('2D SPACE',''
  ) );
#1140 = PCURVE('',#1141,#1146);
#1141 = CYLINDRICAL_SURFACE('',#1142,0.65);
#1142 = AXIS2_PLACEMENT_3D('',#1143,#1144,#1145);
#1143 = CARTESIAN_POINT('',(13.2,24.55,-12.35));
#1144 = DIRECTION('',(-1.,0.,0.));
#1145 = DIRECTION('',(0.,1.,-0.));
#1146 = DEFINITIONAL_REPRESENTATION('',(#1147),#1151);
#1147 = LINE('',#1148,#1149);
#1148 = CARTESIAN_POINT('',(1.570796326795,0.));
#1149 = VECTOR('',#1150,1.);
#1150 = DIRECTION('',(0.,1.));
#1151 = ( GEOMETRIC_REPRESENTATION_CONTEXT(2) 
PARAMETRIC_REPRESENTATION_CONTEXT() REPRESENTATION_CONTEXT('2D SPACE',''
  ) );
#1152 = ORIENTED_EDGE('',*,*,#1153,.F.);
#1153 = EDGE_CURVE('',#1154,#1126,#1156,.T.);
#1154 = VERTEX_POINT('',#1155);
#1155 = CARTESIAN_POINT('',(-8.294360946275,24.717412383854,-13.));
#1156 = SURFACE_CURVE('',#1157,(#1162,#1173),.PCURVE_S1.);
#1157 = CIRCLE('',#1158,0.85);
#1158 = AXIS2_PLACEMENT_3D('',#1159,#1160,#1161);
#1159 = CARTESIAN_POINT('',(-8.806083003134,24.038707340021,-13.));
#1160 = DIRECTION('',(0.,0.,-1.));
#1161 = DIRECTION('',(0.602025949245,0.798476522157,0.));
#1162 = PCURVE('',#293,#1163);
#1163 = DEFINITIONAL_REPRESENTATION('',(#1164),#1172);
#1164 = ( BOUNDED_CURVE() B_SPLINE_CURVE(2,(#1165,#1166,#1167,#1168,
#1169,#1170,#1171),.UNSPECIFIED.,.T.,.F.) B_SPLINE_CURVE_WITH_KNOTS((1,2
    ,2,2,2,1),(-2.094395102393,0.,2.094395102393,4.188790204786,
6.28318530718,8.377580409573),.UNSPECIFIED.) CURVE() 
GEOMETRIC_REPRESENTATION_ITEM() RATIONAL_B_SPLINE_CURVE((1.,0.5,1.,0.5,
1.,0.5,1.)) REPRESENTATION_ITEM('') );
#1165 = CARTESIAN_POINT('',(-8.294360946275,24.717412383854));
#1166 = CARTESIAN_POINT('',(-7.118809327003,23.831083782022));
#1167 = CARTESIAN_POINT('',(-8.474168221927,23.256190517188));
#1168 = CARTESIAN_POINT('',(-9.829527116851,22.681297252355));
#1169 = CARTESIAN_POINT('',(-9.649719841199,24.142519119021));
#1170 = CARTESIAN_POINT('',(-9.469912565548,25.603740985687));
#1171 = CARTESIAN_POINT('',(-8.294360946275,24.717412383854));
#1172 = ( GEOMETRIC_REPRESENTATION_CONTEXT(2) 
PARAMETRIC_REPRESENTATION_CONTEXT() REPRESENTATION_CONTEXT('2D SPACE',''
  ) );
#1173 = PCURVE('',#1174,#1179);
#1174 = TOROIDAL_SURFACE('',#1175,0.85,0.65);
#1175 = AXIS2_PLACEMENT_3D('',#1176,#1177,#1178);
#1176 = CARTESIAN_POINT('',(-8.806083003134,24.038707340021,-12.35));
#1177 = DIRECTION('',(0.,0.,-1.));
#1178 = DIRECTION('',(0.602025949245,0.798476522157,0.));
#1179 = DEFINITIONAL_REPRESENTATION('',(#1180),#1184);
#1180 = LINE('',#1181,#1182);
#1181 = CARTESIAN_POINT('',(0.,1.570796326795));
#1182 = VECTOR('',#1183,1.);
#1183 = DIRECTION('',(1.,0.));
#1184 = ( GEOMETRIC_REPRESENTATION_CONTEXT(2) 
PARAMETRIC_REPRESENTATION_CONTEXT() REPRESENTATION_CONTEXT('2D SPACE',''
  ) );
#1185 = ORIENTED_EDGE('',*,*,#1186,.F.);
#1186 = EDGE_CURVE('',#1187,#1154,#1189,.T.);
#1187 = VERTEX_POINT('',#1188);
#1188 = CARTESIAN_POINT('',(-16.44341859124,30.861543147918,-13.));
#1189 = SURFACE_CURVE('',#1190,(#1194,#1201),.PCURVE_S1.);
#1190 = LINE('',#1191,#1192);
#1191 = CARTESIAN_POINT('',(-16.44341859124,30.861543147918,-13.));
#1192 = VECTOR('',#1193,1.);
#1193 = DIRECTION('',(0.798476522157,-0.602025949245,0.));
#1194 = PCURVE('',#293,#1195);
#1195 = DEFINITIONAL_REPRESENTATION('',(#1196),#1200);
#1196 = LINE('',#1197,#1198);
#1197 = CARTESIAN_POINT('',(-16.44341859124,30.861543147918));
#1198 = VECTOR('',#1199,1.);
#1199 = DIRECTION('',(0.798476522157,-0.602025949245));
#1200 = ( GEOMETRIC_REPRESENTATION_CONTEXT(2) 
PARAMETRIC_REPRESENTATION_CONTEXT() REPRESENTATION_CONTEXT('2D SPACE',''
  ) );
#1201 = PCURVE('',#1202,#1207);
#1202 = CYLINDRICAL_SURFACE('',#1203,0.65);
#1203 = AXIS2_PLACEMENT_3D('',#1204,#1205,#1206);
#1204 = CARTESIAN_POINT('',(-16.44341859124,30.861543147918,-12.35));
#1205 = DIRECTION('',(0.798476522157,-0.602025949245,0.));
#1206 = DIRECTION('',(0.602025949245,0.798476522157,0.));
#1207 = DEFINITIONAL_REPRESENTATION('',(#1208),#1212);
#1208 = LINE('',#1209,#1210);
#1209 = CARTESIAN_POINT('',(-1.570796326795,0.));
#1210 = VECTOR('',#1211,1.);
#1211 = DIRECTION('',(-0.,1.));
#1212 = ( GEOMETRIC_REPRESENTATION_CONTEXT(2) 
PARAMETRIC_REPRESENTATION_CONTEXT() REPRESENTATION_CONTEXT('2D SPACE',''
  ) );
#1213 = ORIENTED_EDGE('',*,*,#1214,.F.);
#1214 = EDGE_CURVE('',#1215,#1187,#1217,.T.);
#1215 = VERTEX_POINT('',#1216);
#1216 = CARTESIAN_POINT('',(-17.80149963626,30.261428581557,-13.));
#1217 = SURFACE_CURVE('',#1218,(#1223,#1234),.PCURVE_S1.);
#1218 = CIRCLE('',#1219,0.85);
#1219 = AXIS2_PLACEMENT_3D('',#1220,#1221,#1222);
#1220 = CARTESIAN_POINT('',(-16.9551406481,30.182838104084,-13.));
#1221 = DIRECTION('',(0.,0.,-1.));
#1222 = DIRECTION('',(-0.995716456667,9.245938526191E-02,0.));
#1223 = PCURVE('',#293,#1224);
#1224 = DEFINITIONAL_REPRESENTATION('',(#1225),#1233);
#1225 = ( BOUNDED_CURVE() B_SPLINE_CURVE(2,(#1226,#1227,#1228,#1229,
#1230,#1231,#1232),.UNSPECIFIED.,.T.,.F.) B_SPLINE_CURVE_WITH_KNOTS((1,2
    ,2,2,2,1),(-2.094395102393,0.,2.094395102393,4.188790204786,
6.28318530718,8.377580409573),.UNSPECIFIED.) CURVE() 
GEOMETRIC_REPRESENTATION_ITEM() RATIONAL_B_SPLINE_CURVE((1.,0.5,1.,0.5,
1.,0.5,1.)) REPRESENTATION_ITEM('') );
#1226 = CARTESIAN_POINT('',(-17.80149963626,30.261428581557));
#1227 = CARTESIAN_POINT('',(-17.66537693629,31.727365350504));
#1228 = CARTESIAN_POINT('',(-16.46389980403,30.876511249822));
#1229 = CARTESIAN_POINT('',(-15.26242267176,30.025657149139));
#1230 = CARTESIAN_POINT('',(-16.600022504,29.410574480874));
#1231 = CARTESIAN_POINT('',(-17.93762233624,28.79549181261));
#1232 = CARTESIAN_POINT('',(-17.80149963626,30.261428581557));
#1233 = ( GEOMETRIC_REPRESENTATION_CONTEXT(2) 
PARAMETRIC_REPRESENTATION_CONTEXT() REPRESENTATION_CONTEXT('2D SPACE',''
  ) );
#1234 = PCURVE('',#1235,#1240);
#1235 = TOROIDAL_SURFACE('',#1236,0.85,0.65);
#1236 = AXIS2_PLACEMENT_3D('',#1237,#1238,#1239);
#1237 = CARTESIAN_POINT('',(-16.9551406481,30.182838104084,-12.35));
#1238 = DIRECTION('',(0.,0.,-1.));
#1239 = DIRECTION('',(-0.995716456667,9.245938526191E-02,0.));
#1240 = DEFINITIONAL_REPRESENTATION('',(#1241),#1245);
#1241 = LINE('',#1242,#1243);
#1242 = CARTESIAN_POINT('',(0.,1.570796326795));
#1243 = VECTOR('',#1244,1.);
#1244 = DIRECTION('',(1.,0.));
#1245 = ( GEOMETRIC_REPRESENTATION_CONTEXT(2) 
PARAMETRIC_REPRESENTATION_CONTEXT() REPRESENTATION_CONTEXT('2D SPACE',''
  ) );
#1246 = ORIENTED_EDGE('',*,*,#1247,.F.);
#1247 = EDGE_CURVE('',#1248,#1215,#1250,.T.);
#1248 = VERTEX_POINT('',#1249);
#1249 = CARTESIAN_POINT('',(-18.54596377701,22.244122450419,-13.));
#1250 = SURFACE_CURVE('',#1251,(#1255,#1262),.PCURVE_S1.);
#1251 = LINE('',#1252,#1253);
#1252 = CARTESIAN_POINT('',(-18.64227542503,21.206920087148,-13.));
#1253 = VECTOR('',#1254,1.);
#1254 = DIRECTION('',(9.245938526191E-02,0.995716456667,0.));
#1255 = PCURVE('',#293,#1256);
#1256 = DEFINITIONAL_REPRESENTATION('',(#1257),#1261);
#1257 = LINE('',#1258,#1259);
#1258 = CARTESIAN_POINT('',(-18.64227542503,21.206920087148));
#1259 = VECTOR('',#1260,1.);
#1260 = DIRECTION('',(9.245938526191E-02,0.995716456667));
#1261 = ( GEOMETRIC_REPRESENTATION_CONTEXT(2) 
PARAMETRIC_REPRESENTATION_CONTEXT() REPRESENTATION_CONTEXT('2D SPACE',''
  ) );
#1262 = PCURVE('',#1263,#1268);
#1263 = CYLINDRICAL_SURFACE('',#1264,0.65);
#1264 = AXIS2_PLACEMENT_3D('',#1265,#1266,#1267);
#1265 = CARTESIAN_POINT('',(-18.64227542503,21.206920087148,-12.35));
#1266 = DIRECTION('',(9.245938526191E-02,0.995716456667,0.));
#1267 = DIRECTION('',(-0.995716456667,9.245938526191E-02,0.));
#1268 = DEFINITIONAL_REPRESENTATION('',(#1269),#1273);
#1269 = LINE('',#1270,#1271);
#1270 = CARTESIAN_POINT('',(-1.570796326795,0.));
#1271 = VECTOR('',#1272,1.);
#1272 = DIRECTION('',(-0.,1.));
#1273 = ( GEOMETRIC_REPRESENTATION_CONTEXT(2) 
PARAMETRIC_REPRESENTATION_CONTEXT() REPRESENTATION_CONTEXT('2D SPACE',''
  ) );
#1274 = ORIENTED_EDGE('',*,*,#1275,.T.);
#1275 = EDGE_CURVE('',#1248,#898,#1276,.T.);
#1276 = SURFACE_CURVE('',#1277,(#1282,#1289),.PCURVE_S1.);
#1277 = CIRCLE('',#1278,7.35);
#1278 = AXIS2_PLACEMENT_3D('',#1279,#1280,#1281);
#1279 = CARTESIAN_POINT('',(-13.2,17.2,-13.));
#1280 = DIRECTION('',(0.,0.,1.));
#1281 = DIRECTION('',(0.,1.,-0.));
#1282 = PCURVE('',#293,#1283);
#1283 = DEFINITIONAL_REPRESENTATION('',(#1284),#1288);
#1284 = CIRCLE('',#1285,7.35);
#1285 = AXIS2_PLACEMENT_2D('',#1286,#1287);
#1286 = CARTESIAN_POINT('',(-13.2,17.2));
#1287 = DIRECTION('',(0.,1.));
#1288 = ( GEOMETRIC_REPRESENTATION_CONTEXT(2) 
PARAMETRIC_REPRESENTATION_CONTEXT() REPRESENTATION_CONTEXT('2D SPACE',''
  ) );
#1289 = PCURVE('',#1290,#1295);
#1290 = TOROIDAL_SURFACE('',#1291,7.35,0.65);
#1291 = AXIS2_PLACEMENT_3D('',#1292,#1293,#1294);
#1292 = CARTESIAN_POINT('',(-13.2,17.2,-12.35));
#1293 = DIRECTION('',(-0.,-0.,-1.));
#1294 = DIRECTION('',(0.,1.,-0.));
#1295 = DEFINITIONAL_REPRESENTATION('',(#1296),#1300);
#1296 = LINE('',#1297,#1298);
#1297 = CARTESIAN_POINT('',(-0.,1.570796326795));
#1298 = VECTOR('',#1299,1.);
#1299 = DIRECTION('',(-1.,0.));
#1300 = ( GEOMETRIC_REPRESENTATION_CONTEXT(2) 
PARAMETRIC_REPRESENTATION_CONTEXT() REPRESENTATION_CONTEXT('2D SPACE',''
  ) );
#1301 = FACE_BOUND('',#1302,.F.);
#1302 = EDGE_LOOP('',(#1303));
#1303 = ORIENTED_EDGE('',*,*,#1304,.T.);
#1304 = EDGE_CURVE('',#1305,#1305,#1307,.T.);
#1305 = VERTEX_POINT('',#1306);
#1306 = CARTESIAN_POINT('',(-18.05,-16.,-13.));
#1307 = SURFACE_CURVE('',#1308,(#1313,#1324),.PCURVE_S1.);
#1308 = CIRCLE('',#1309,0.85);
#1309 = AXIS2_PLACEMENT_3D('',#1310,#1311,#1312);
#1310 = CARTESIAN_POINT('',(-18.9,-16.,-13.));
#1311 = DIRECTION('',(0.,0.,-1.));
#1312 = DIRECTION('',(1.,0.,0.));
#1313 = PCURVE('',#293,#1314);
#1314 = DEFINITIONAL_REPRESENTATION('',(#1315),#1323);
#1315 = ( BOUNDED_CURVE() B_SPLINE_CURVE(2,(#1316,#1317,#1318,#1319,
#1320,#1321,#1322),.UNSPECIFIED.,.T.,.F.) B_SPLINE_CURVE_WITH_KNOTS((1,2
    ,2,2,2,1),(-2.094395102393,0.,2.094395102393,4.188790204786,
6.28318530718,8.377580409573),.UNSPECIFIED.) CURVE() 
GEOMETRIC_REPRESENTATION_ITEM() RATIONAL_B_SPLINE_CURVE((1.,0.5,1.,0.5,
1.,0.5,1.)) REPRESENTATION_ITEM('') );
#1316 = CARTESIAN_POINT('',(-18.05,-16.));
#1317 = CARTESIAN_POINT('',(-18.05,-17.47224318643));
#1318 = CARTESIAN_POINT('',(-19.325,-16.73612159321));
#1319 = CARTESIAN_POINT('',(-20.6,-16.));
#1320 = CARTESIAN_POINT('',(-19.325,-15.26387840678));
#1321 = CARTESIAN_POINT('',(-18.05,-14.52775681356));
#1322 = CARTESIAN_POINT('',(-18.05,-16.));
#1323 = ( GEOMETRIC_REPRESENTATION_CONTEXT(2) 
PARAMETRIC_REPRESENTATION_CONTEXT() REPRESENTATION_CONTEXT('2D SPACE',''
  ) );
#1324 = PCURVE('',#1325,#1330);
#1325 = CYLINDRICAL_SURFACE('',#1326,0.85);
#1326 = AXIS2_PLACEMENT_3D('',#1327,#1328,#1329);
#1327 = CARTESIAN_POINT('',(-18.9,-16.,-13.2));
#1328 = DIRECTION('',(-0.,-0.,-1.));
#1329 = DIRECTION('',(1.,0.,0.));
#1330 = DEFINITIONAL_REPRESENTATION('',(#1331),#1335);
#1331 = LINE('',#1332,#1333);
#1332 = CARTESIAN_POINT('',(-6.28318530718,-0.2));
#1333 = VECTOR('',#1334,1.);
#1334 = DIRECTION('',(1.,-0.));
#1335 = ( GEOMETRIC_REPRESENTATION_CONTEXT(2) 
PARAMETRIC_REPRESENTATION_CONTEXT() REPRESENTATION_CONTEXT('2D SPACE',''
  ) );
#1336 = FACE_BOUND('',#1337,.F.);
#1337 = EDGE_LOOP('',(#1338));
#1338 = ORIENTED_EDGE('',*,*,#1339,.T.);
#1339 = EDGE_CURVE('',#1340,#1340,#1342,.T.);
#1340 = VERTEX_POINT('',#1341);
#1341 = CARTESIAN_POINT('',(19.75,-16.,-13.));
#1342 = SURFACE_CURVE('',#1343,(#1348,#1359),.PCURVE_S1.);
#1343 = CIRCLE('',#1344,0.85);
#1344 = AXIS2_PLACEMENT_3D('',#1345,#1346,#1347);
#1345 = CARTESIAN_POINT('',(18.9,-16.,-13.));
#1346 = DIRECTION('',(0.,0.,-1.));
#1347 = DIRECTION('',(1.,0.,0.));
#1348 = PCURVE('',#293,#1349);
#1349 = DEFINITIONAL_REPRESENTATION('',(#1350),#1358);
#1350 = ( BOUNDED_CURVE() B_SPLINE_CURVE(2,(#1351,#1352,#1353,#1354,
#1355,#1356,#1357),.UNSPECIFIED.,.T.,.F.) B_SPLINE_CURVE_WITH_KNOTS((1,2
    ,2,2,2,1),(-2.094395102393,0.,2.094395102393,4.188790204786,
6.28318530718,8.377580409573),.UNSPECIFIED.) CURVE() 
GEOMETRIC_REPRESENTATION_ITEM() RATIONAL_B_SPLINE_CURVE((1.,0.5,1.,0.5,
1.,0.5,1.)) REPRESENTATION_ITEM('') );
#1351 = CARTESIAN_POINT('',(19.75,-16.));
#1352 = CARTESIAN_POINT('',(19.75,-17.47224318643));
#1353 = CARTESIAN_POINT('',(18.475,-16.73612159321));
#1354 = CARTESIAN_POINT('',(17.2,-16.));
#1355 = CARTESIAN_POINT('',(18.475,-15.26387840678));
#1356 = CARTESIAN_POINT('',(19.75,-14.52775681356));
#1357 = CARTESIAN_POINT('',(19.75,-16.));
#1358 = ( GEOMETRIC_REPRESENTATION_CONTEXT(2) 
PARAMETRIC_REPRESENTATION_CONTEXT() REPRESENTATION_CONTEXT('2D SPACE',''
  ) );
#1359 = PCURVE('',#1360,#1365);
#1360 = CYLINDRICAL_SURFACE('',#1361,0.85);
#1361 = AXIS2_PLACEMENT_3D('',#1362,#1363,#1364);
#1362 = CARTESIAN_POINT('',(18.9,-16.,-13.2));
#1363 = DIRECTION('',(-0.,-0.,-1.));
#1364 = DIRECTION('',(1.,0.,0.));
#1365 = DEFINITIONAL_REPRESENTATION('',(#1366),#1370);
#1366 = LINE('',#1367,#1368);
#1367 = CARTESIAN_POINT('',(-6.28318530718,-0.2));
#1368 = VECTOR('',#1369,1.);
#1369 = DIRECTION('',(1.,-0.));
#1370 = ( GEOMETRIC_REPRESENTATION_CONTEXT(2) 
PARAMETRIC_REPRESENTATION_CONTEXT() REPRESENTATION_CONTEXT('2D SPACE',''
  ) );
#1371 = FACE_BOUND('',#1372,.F.);
#1372 = EDGE_LOOP('',(#1373));
#1373 = ORIENTED_EDGE('',*,*,#1374,.T.);
#1374 = EDGE_CURVE('',#1375,#1375,#1377,.T.);
#1375 = VERTEX_POINT('',#1376);
#1376 = CARTESIAN_POINT('',(-18.05,16.,-13.));
#1377 = SURFACE_CURVE('',#1378,(#1383,#1394),.PCURVE_S1.);
#1378 = CIRCLE('',#1379,0.85);
#1379 = AXIS2_PLACEMENT_3D('',#1380,#1381,#1382);
#1380 = CARTESIAN_POINT('',(-18.9,16.,-13.));
#1381 = DIRECTION('',(0.,0.,-1.));
#1382 = DIRECTION('',(1.,0.,0.));
#1383 = PCURVE('',#293,#1384);
#1384 = DEFINITIONAL_REPRESENTATION('',(#1385),#1393);
#1385 = ( BOUNDED_CURVE() B_SPLINE_CURVE(2,(#1386,#1387,#1388,#1389,
#1390,#1391,#1392),.UNSPECIFIED.,.T.,.F.) B_SPLINE_CURVE_WITH_KNOTS((1,2
    ,2,2,2,1),(-2.094395102393,0.,2.094395102393,4.188790204786,
6.28318530718,8.377580409573),.UNSPECIFIED.) CURVE() 
GEOMETRIC_REPRESENTATION_ITEM() RATIONAL_B_SPLINE_CURVE((1.,0.5,1.,0.5,
1.,0.5,1.)) REPRESENTATION_ITEM('') );
#1386 = CARTESIAN_POINT('',(-18.05,16.));
#1387 = CARTESIAN_POINT('',(-18.05,14.527756813566));
#1388 = CARTESIAN_POINT('',(-19.325,15.263878406783));
#1389 = CARTESIAN_POINT('',(-20.6,16.));
#1390 = CARTESIAN_POINT('',(-19.325,16.736121593217));
#1391 = CARTESIAN_POINT('',(-18.05,17.472243186434));
#1392 = CARTESIAN_POINT('',(-18.05,16.));
#1393 = ( GEOMETRIC_REPRESENTATION_CONTEXT(2) 
PARAMETRIC_REPRESENTATION_CONTEXT() REPRESENTATION_CONTEXT('2D SPACE',''
  ) );
#1394 = PCURVE('',#1395,#1400);
#1395 = CYLINDRICAL_SURFACE('',#1396,0.85);
#1396 = AXIS2_PLACEMENT_3D('',#1397,#1398,#1399);
#1397 = CARTESIAN_POINT('',(-18.9,16.,-13.2));
#1398 = DIRECTION('',(-0.,-0.,-1.));
#1399 = DIRECTION('',(1.,0.,0.));
#1400 = DEFINITIONAL_REPRESENTATION('',(#1401),#1405);
#1401 = LINE('',#1402,#1403);
#1402 = CARTESIAN_POINT('',(-6.28318530718,-0.2));
#1403 = VECTOR('',#1404,1.);
#1404 = DIRECTION('',(1.,-0.));
#1405 = ( GEOMETRIC_REPRESENTATION_CONTEXT(2) 
PARAMETRIC_REPRESENTATION_CONTEXT() REPRESENTATION_CONTEXT('2D SPACE',''
  ) );
#1406 = FACE_BOUND('',#1407,.F.);
#1407 = EDGE_LOOP('',(#1408,#1439,#1465,#1494,#1520,#1549,#1575,#1604));
#1408 = ORIENTED_EDGE('',*,*,#1409,.F.);
#1409 = EDGE_CURVE('',#1410,#1412,#1414,.T.);
#1410 = VERTEX_POINT('',#1411);
#1411 = CARTESIAN_POINT('',(11.915,-20.915,-13.));
#1412 = VERTEX_POINT('',#1413);
#1413 = CARTESIAN_POINT('',(16.915,-15.915,-13.));
#1414 = SURFACE_CURVE('',#1415,(#1420,#1427),.PCURVE_S1.);
#1415 = CIRCLE('',#1416,5.);
#1416 = AXIS2_PLACEMENT_3D('',#1417,#1418,#1419);
#1417 = CARTESIAN_POINT('',(11.915,-15.915,-13.));
#1418 = DIRECTION('',(0.,0.,1.));
#1419 = DIRECTION('',(0.,-1.,0.));
#1420 = PCURVE('',#293,#1421);
#1421 = DEFINITIONAL_REPRESENTATION('',(#1422),#1426);
#1422 = CIRCLE('',#1423,5.);
#1423 = AXIS2_PLACEMENT_2D('',#1424,#1425);
#1424 = CARTESIAN_POINT('',(11.915,-15.915));
#1425 = DIRECTION('',(0.,-1.));
#1426 = ( GEOMETRIC_REPRESENTATION_CONTEXT(2) 
PARAMETRIC_REPRESENTATION_CONTEXT() REPRESENTATION_CONTEXT('2D SPACE',''
  ) );
#1427 = PCURVE('',#1428,#1433);
#1428 = CYLINDRICAL_SURFACE('',#1429,5.);
#1429 = AXIS2_PLACEMENT_3D('',#1430,#1431,#1432);
#1430 = CARTESIAN_POINT('',(11.915,-15.915,-13.2));
#1431 = DIRECTION('',(0.,0.,1.));
#1432 = DIRECTION('',(0.,-1.,0.));
#1433 = DEFINITIONAL_REPRESENTATION('',(#1434),#1438);
#1434 = LINE('',#1435,#1436);
#1435 = CARTESIAN_POINT('',(0.,0.2));
#1436 = VECTOR('',#1437,1.);
#1437 = DIRECTION('',(1.,0.));
#1438 = ( GEOMETRIC_REPRESENTATION_CONTEXT(2) 
PARAMETRIC_REPRESENTATION_CONTEXT() REPRESENTATION_CONTEXT('2D SPACE',''
  ) );
#1439 = ORIENTED_EDGE('',*,*,#1440,.T.);
#1440 = EDGE_CURVE('',#1410,#1441,#1443,.T.);
#1441 = VERTEX_POINT('',#1442);
#1442 = CARTESIAN_POINT('',(-11.915,-20.915,-13.));
#1443 = SURFACE_CURVE('',#1444,(#1448,#1454),.PCURVE_S1.);
#1444 = LINE('',#1445,#1446);
#1445 = CARTESIAN_POINT('',(-8.4575,-20.915,-13.));
#1446 = VECTOR('',#1447,1.);
#1447 = DIRECTION('',(-1.,0.,0.));
#1448 = PCURVE('',#293,#1449);
#1449 = DEFINITIONAL_REPRESENTATION('',(#1450),#1453);
#1450 = B_SPLINE_CURVE_WITH_KNOTS('',1,(#1451,#1452),.UNSPECIFIED.,.F.,
  .F.,(2,2),(-20.3725,3.4575),.PIECEWISE_BEZIER_KNOTS.);
#1451 = CARTESIAN_POINT('',(11.915,-20.915));
#1452 = CARTESIAN_POINT('',(-11.915,-20.915));
#1453 = ( GEOMETRIC_REPRESENTATION_CONTEXT(2) 
PARAMETRIC_REPRESENTATION_CONTEXT() REPRESENTATION_CONTEXT('2D SPACE',''
  ) );
#1454 = PCURVE('',#1455,#1460);
#1455 = PLANE('',#1456);
#1456 = AXIS2_PLACEMENT_3D('',#1457,#1458,#1459);
#1457 = CARTESIAN_POINT('',(-16.915,-20.915,-13.2));
#1458 = DIRECTION('',(0.,1.,0.));
#1459 = DIRECTION('',(1.,0.,0.));
#1460 = DEFINITIONAL_REPRESENTATION('',(#1461),#1464);
#1461 = B_SPLINE_CURVE_WITH_KNOTS('',1,(#1462,#1463),.UNSPECIFIED.,.F.,
  .F.,(2,2),(-20.3725,3.4575),.PIECEWISE_BEZIER_KNOTS.);
#1462 = CARTESIAN_POINT('',(28.83,-0.2));
#1463 = CARTESIAN_POINT('',(5.,-0.2));
#1464 = ( GEOMETRIC_REPRESENTATION_CONTEXT(2) 
PARAMETRIC_REPRESENTATION_CONTEXT() REPRESENTATION_CONTEXT('2D SPACE',''
  ) );
#1465 = ORIENTED_EDGE('',*,*,#1466,.F.);
#1466 = EDGE_CURVE('',#1467,#1441,#1469,.T.);
#1467 = VERTEX_POINT('',#1468);
#1468 = CARTESIAN_POINT('',(-16.915,-15.915,-13.));
#1469 = SURFACE_CURVE('',#1470,(#1475,#1482),.PCURVE_S1.);
#1470 = CIRCLE('',#1471,5.);
#1471 = AXIS2_PLACEMENT_3D('',#1472,#1473,#1474);
#1472 = CARTESIAN_POINT('',(-11.915,-15.915,-13.));
#1473 = DIRECTION('',(0.,0.,1.));
#1474 = DIRECTION('',(0.,-1.,0.));
#1475 = PCURVE('',#293,#1476);
#1476 = DEFINITIONAL_REPRESENTATION('',(#1477),#1481);
#1477 = CIRCLE('',#1478,5.);
#1478 = AXIS2_PLACEMENT_2D('',#1479,#1480);
#1479 = CARTESIAN_POINT('',(-11.915,-15.915));
#1480 = DIRECTION('',(0.,-1.));
#1481 = ( GEOMETRIC_REPRESENTATION_CONTEXT(2) 
PARAMETRIC_REPRESENTATION_CONTEXT() REPRESENTATION_CONTEXT('2D SPACE',''
  ) );
#1482 = PCURVE('',#1483,#1488);
#1483 = CYLINDRICAL_SURFACE('',#1484,5.);
#1484 = AXIS2_PLACEMENT_3D('',#1485,#1486,#1487);
#1485 = CARTESIAN_POINT('',(-11.915,-15.915,-13.2));
#1486 = DIRECTION('',(0.,0.,1.));
#1487 = DIRECTION('',(0.,-1.,0.));
#1488 = DEFINITIONAL_REPRESENTATION('',(#1489),#1493);
#1489 = LINE('',#1490,#1491);
#1490 = CARTESIAN_POINT('',(-6.28318530718,0.2));
#1491 = VECTOR('',#1492,1.);
#1492 = DIRECTION('',(1.,-0.));
#1493 = ( GEOMETRIC_REPRESENTATION_CONTEXT(2) 
PARAMETRIC_REPRESENTATION_CONTEXT() REPRESENTATION_CONTEXT('2D SPACE',''
  ) );
#1494 = ORIENTED_EDGE('',*,*,#1495,.T.);
#1495 = EDGE_CURVE('',#1467,#1496,#1498,.T.);
#1496 = VERTEX_POINT('',#1497);
#1497 = CARTESIAN_POINT('',(-16.915,15.915,-13.));
#1498 = SURFACE_CURVE('',#1499,(#1503,#1509),.PCURVE_S1.);
#1499 = LINE('',#1500,#1501);
#1500 = CARTESIAN_POINT('',(-16.915,10.4575,-13.));
#1501 = VECTOR('',#1502,1.);
#1502 = DIRECTION('',(-0.,1.,0.));
#1503 = PCURVE('',#293,#1504);
#1504 = DEFINITIONAL_REPRESENTATION('',(#1505),#1508);
#1505 = B_SPLINE_CURVE_WITH_KNOTS('',1,(#1506,#1507),.UNSPECIFIED.,.F.,
  .F.,(2,2),(-26.3725,5.4575),.PIECEWISE_BEZIER_KNOTS.);
#1506 = CARTESIAN_POINT('',(-16.915,-15.915));
#1507 = CARTESIAN_POINT('',(-16.915,15.915));
#1508 = ( GEOMETRIC_REPRESENTATION_CONTEXT(2) 
PARAMETRIC_REPRESENTATION_CONTEXT() REPRESENTATION_CONTEXT('2D SPACE',''
  ) );
#1509 = PCURVE('',#1510,#1515);
#1510 = PLANE('',#1511);
#1511 = AXIS2_PLACEMENT_3D('',#1512,#1513,#1514);
#1512 = CARTESIAN_POINT('',(-16.915,20.915,-13.2));
#1513 = DIRECTION('',(1.,0.,-0.));
#1514 = DIRECTION('',(0.,-1.,0.));
#1515 = DEFINITIONAL_REPRESENTATION('',(#1516),#1519);
#1516 = B_SPLINE_CURVE_WITH_KNOTS('',1,(#1517,#1518),.UNSPECIFIED.,.F.,
  .F.,(2,2),(-26.3725,5.4575),.PIECEWISE_BEZIER_KNOTS.);
#1517 = CARTESIAN_POINT('',(36.83,-0.2));
#1518 = CARTESIAN_POINT('',(5.,-0.2));
#1519 = ( GEOMETRIC_REPRESENTATION_CONTEXT(2) 
PARAMETRIC_REPRESENTATION_CONTEXT() REPRESENTATION_CONTEXT('2D SPACE',''
  ) );
#1520 = ORIENTED_EDGE('',*,*,#1521,.F.);
#1521 = EDGE_CURVE('',#1522,#1496,#1524,.T.);
#1522 = VERTEX_POINT('',#1523);
#1523 = CARTESIAN_POINT('',(-11.915,20.915,-13.));
#1524 = SURFACE_CURVE('',#1525,(#1530,#1537),.PCURVE_S1.);
#1525 = CIRCLE('',#1526,5.);
#1526 = AXIS2_PLACEMENT_3D('',#1527,#1528,#1529);
#1527 = CARTESIAN_POINT('',(-11.915,15.915,-13.));
#1528 = DIRECTION('',(0.,0.,1.));
#1529 = DIRECTION('',(-0.,1.,0.));
#1530 = PCURVE('',#293,#1531);
#1531 = DEFINITIONAL_REPRESENTATION('',(#1532),#1536);
#1532 = CIRCLE('',#1533,5.);
#1533 = AXIS2_PLACEMENT_2D('',#1534,#1535);
#1534 = CARTESIAN_POINT('',(-11.915,15.915));
#1535 = DIRECTION('',(0.,1.));
#1536 = ( GEOMETRIC_REPRESENTATION_CONTEXT(2) 
PARAMETRIC_REPRESENTATION_CONTEXT() REPRESENTATION_CONTEXT('2D SPACE',''
  ) );
#1537 = PCURVE('',#1538,#1543);
#1538 = CYLINDRICAL_SURFACE('',#1539,5.);
#1539 = AXIS2_PLACEMENT_3D('',#1540,#1541,#1542);
#1540 = CARTESIAN_POINT('',(-11.915,15.915,-13.2));
#1541 = DIRECTION('',(0.,0.,1.));
#1542 = DIRECTION('',(-0.,1.,0.));
#1543 = DEFINITIONAL_REPRESENTATION('',(#1544),#1548);
#1544 = LINE('',#1545,#1546);
#1545 = CARTESIAN_POINT('',(0.,0.2));
#1546 = VECTOR('',#1547,1.);
#1547 = DIRECTION('',(1.,0.));
#1548 = ( GEOMETRIC_REPRESENTATION_CONTEXT(2) 
PARAMETRIC_REPRESENTATION_CONTEXT() REPRESENTATION_CONTEXT('2D SPACE',''
  ) );
#1549 = ORIENTED_EDGE('',*,*,#1550,.T.);
#1550 = EDGE_CURVE('',#1522,#1551,#1553,.T.);
#1551 = VERTEX_POINT('',#1552);
#1552 = CARTESIAN_POINT('',(11.915,20.915,-13.));
#1553 = SURFACE_CURVE('',#1554,(#1558,#1564),.PCURVE_S1.);
#1554 = LINE('',#1555,#1556);
#1555 = CARTESIAN_POINT('',(8.4575,20.915,-13.));
#1556 = VECTOR('',#1557,1.);
#1557 = DIRECTION('',(1.,0.,-0.));
#1558 = PCURVE('',#293,#1559);
#1559 = DEFINITIONAL_REPRESENTATION('',(#1560),#1563);
#1560 = B_SPLINE_CURVE_WITH_KNOTS('',1,(#1561,#1562),.UNSPECIFIED.,.F.,
  .F.,(2,2),(-20.3725,3.4575),.PIECEWISE_BEZIER_KNOTS.);
#1561 = CARTESIAN_POINT('',(-11.915,20.915));
#1562 = CARTESIAN_POINT('',(11.915,20.915));
#1563 = ( GEOMETRIC_REPRESENTATION_CONTEXT(2) 
PARAMETRIC_REPRESENTATION_CONTEXT() REPRESENTATION_CONTEXT('2D SPACE',''
  ) );
#1564 = PCURVE('',#1565,#1570);
#1565 = PLANE('',#1566);
#1566 = AXIS2_PLACEMENT_3D('',#1567,#1568,#1569);
#1567 = CARTESIAN_POINT('',(16.915,20.915,-13.2));
#1568 = DIRECTION('',(0.,-1.,0.));
#1569 = DIRECTION('',(-1.,0.,0.));
#1570 = DEFINITIONAL_REPRESENTATION('',(#1571),#1574);
#1571 = B_SPLINE_CURVE_WITH_KNOTS('',1,(#1572,#1573),.UNSPECIFIED.,.F.,
  .F.,(2,2),(-20.3725,3.4575),.PIECEWISE_BEZIER_KNOTS.);
#1572 = CARTESIAN_POINT('',(28.83,-0.2));
#1573 = CARTESIAN_POINT('',(5.,-0.2));
#1574 = ( GEOMETRIC_REPRESENTATION_CONTEXT(2) 
PARAMETRIC_REPRESENTATION_CONTEXT() REPRESENTATION_CONTEXT('2D SPACE',''
  ) );
#1575 = ORIENTED_EDGE('',*,*,#1576,.F.);
#1576 = EDGE_CURVE('',#1577,#1551,#1579,.T.);
#1577 = VERTEX_POINT('',#1578);
#1578 = CARTESIAN_POINT('',(16.915,15.915,-13.));
#1579 = SURFACE_CURVE('',#1580,(#1585,#1592),.PCURVE_S1.);
#1580 = CIRCLE('',#1581,5.);
#1581 = AXIS2_PLACEMENT_3D('',#1582,#1583,#1584);
#1582 = CARTESIAN_POINT('',(11.915,15.915,-13.));
#1583 = DIRECTION('',(0.,0.,1.));
#1584 = DIRECTION('',(1.,0.,-0.));
#1585 = PCURVE('',#293,#1586);
#1586 = DEFINITIONAL_REPRESENTATION('',(#1587),#1591);
#1587 = CIRCLE('',#1588,5.);
#1588 = AXIS2_PLACEMENT_2D('',#1589,#1590);
#1589 = CARTESIAN_POINT('',(11.915,15.915));
#1590 = DIRECTION('',(1.,0.));
#1591 = ( GEOMETRIC_REPRESENTATION_CONTEXT(2) 
PARAMETRIC_REPRESENTATION_CONTEXT() REPRESENTATION_CONTEXT('2D SPACE',''
  ) );
#1592 = PCURVE('',#1593,#1598);
#1593 = CYLINDRICAL_SURFACE('',#1594,5.);
#1594 = AXIS2_PLACEMENT_3D('',#1595,#1596,#1597);
#1595 = CARTESIAN_POINT('',(11.915,15.915,-13.2));
#1596 = DIRECTION('',(0.,0.,1.));
#1597 = DIRECTION('',(1.,0.,-0.));
#1598 = DEFINITIONAL_REPRESENTATION('',(#1599),#1603);
#1599 = LINE('',#1600,#1601);
#1600 = CARTESIAN_POINT('',(0.,0.2));
#1601 = VECTOR('',#1602,1.);
#1602 = DIRECTION('',(1.,0.));
#1603 = ( GEOMETRIC_REPRESENTATION_CONTEXT(2) 
PARAMETRIC_REPRESENTATION_CONTEXT() REPRESENTATION_CONTEXT('2D SPACE',''
  ) );
#1604 = ORIENTED_EDGE('',*,*,#1605,.T.);
#1605 = EDGE_CURVE('',#1577,#1412,#1606,.T.);
#1606 = SURFACE_CURVE('',#1607,(#1611,#1617),.PCURVE_S1.);
#1607 = LINE('',#1608,#1609);
#1608 = CARTESIAN_POINT('',(16.915,-10.4575,-13.));
#1609 = VECTOR('',#1610,1.);
#1610 = DIRECTION('',(0.,-1.,0.));
#1611 = PCURVE('',#293,#1612);
#1612 = DEFINITIONAL_REPRESENTATION('',(#1613),#1616);
#1613 = B_SPLINE_CURVE_WITH_KNOTS('',1,(#1614,#1615),.UNSPECIFIED.,.F.,
  .F.,(2,2),(-26.3725,5.4575),.PIECEWISE_BEZIER_KNOTS.);
#1614 = CARTESIAN_POINT('',(16.915,15.915));
#1615 = CARTESIAN_POINT('',(16.915,-15.915));
#1616 = ( GEOMETRIC_REPRESENTATION_CONTEXT(2) 
PARAMETRIC_REPRESENTATION_CONTEXT() REPRESENTATION_CONTEXT('2D SPACE',''
  ) );
#1617 = PCURVE('',#1618,#1623);
#1618 = PLANE('',#1619);
#1619 = AXIS2_PLACEMENT_3D('',#1620,#1621,#1622);
#1620 = CARTESIAN_POINT('',(16.915,-20.915,-13.2));
#1621 = DIRECTION('',(-1.,0.,0.));
#1622 = DIRECTION('',(0.,1.,0.));
#1623 = DEFINITIONAL_REPRESENTATION('',(#1624),#1627);
#1624 = B_SPLINE_CURVE_WITH_KNOTS('',1,(#1625,#1626),.UNSPECIFIED.,.F.,
  .F.,(2,2),(-26.3725,5.4575),.PIECEWISE_BEZIER_KNOTS.);
#1625 = CARTESIAN_POINT('',(36.83,-0.2));
#1626 = CARTESIAN_POINT('',(5.,-0.2));
#1627 = ( GEOMETRIC_REPRESENTATION_CONTEXT(2) 
PARAMETRIC_REPRESENTATION_CONTEXT() REPRESENTATION_CONTEXT('2D SPACE',''
  ) );
#1628 = FACE_BOUND('',#1629,.F.);
#1629 = EDGE_LOOP('',(#1630));
#1630 = ORIENTED_EDGE('',*,*,#1631,.T.);
#1631 = EDGE_CURVE('',#1632,#1632,#1634,.T.);
#1632 = VERTEX_POINT('',#1633);
#1633 = CARTESIAN_POINT('',(19.75,16.,-13.));
#1634 = SURFACE_CURVE('',#1635,(#1640,#1651),.PCURVE_S1.);
#1635 = CIRCLE('',#1636,0.85);
#1636 = AXIS2_PLACEMENT_3D('',#1637,#1638,#1639);
#1637 = CARTESIAN_POINT('',(18.9,16.,-13.));
#1638 = DIRECTION('',(0.,0.,-1.));
#1639 = DIRECTION('',(1.,0.,0.));
#1640 = PCURVE('',#293,#1641);
#1641 = DEFINITIONAL_REPRESENTATION('',(#1642),#1650);
#1642 = ( BOUNDED_CURVE() B_SPLINE_CURVE(2,(#1643,#1644,#1645,#1646,
#1647,#1648,#1649),.UNSPECIFIED.,.T.,.F.) B_SPLINE_CURVE_WITH_KNOTS((1,2
    ,2,2,2,1),(-2.094395102393,0.,2.094395102393,4.188790204786,
6.28318530718,8.377580409573),.UNSPECIFIED.) CURVE() 
GEOMETRIC_REPRESENTATION_ITEM() RATIONAL_B_SPLINE_CURVE((1.,0.5,1.,0.5,
1.,0.5,1.)) REPRESENTATION_ITEM('') );
#1643 = CARTESIAN_POINT('',(19.75,16.));
#1644 = CARTESIAN_POINT('',(19.75,14.527756813566));
#1645 = CARTESIAN_POINT('',(18.475,15.263878406783));
#1646 = CARTESIAN_POINT('',(17.2,16.));
#1647 = CARTESIAN_POINT('',(18.475,16.736121593217));
#1648 = CARTESIAN_POINT('',(19.75,17.472243186434));
#1649 = CARTESIAN_POINT('',(19.75,16.));
#1650 = ( GEOMETRIC_REPRESENTATION_CONTEXT(2) 
PARAMETRIC_REPRESENTATION_CONTEXT() REPRESENTATION_CONTEXT('2D SPACE',''
  ) );
#1651 = PCURVE('',#1652,#1657);
#1652 = CYLINDRICAL_SURFACE('',#1653,0.85);
#1653 = AXIS2_PLACEMENT_3D('',#1654,#1655,#1656);
#1654 = CARTESIAN_POINT('',(18.9,16.,-13.2));
#1655 = DIRECTION('',(-0.,-0.,-1.));
#1656 = DIRECTION('',(1.,0.,0.));
#1657 = DEFINITIONAL_REPRESENTATION('',(#1658),#1662);
#1658 = LINE('',#1659,#1660);
#1659 = CARTESIAN_POINT('',(-6.28318530718,-0.2));
#1660 = VECTOR('',#1661,1.);
#1661 = DIRECTION('',(1.,-0.));
#1662 = ( GEOMETRIC_REPRESENTATION_CONTEXT(2) 
PARAMETRIC_REPRESENTATION_CONTEXT() REPRESENTATION_CONTEXT('2D SPACE',''
  ) );
#1663 = ADVANCED_FACE('',(#1664),#319,.T.);
#1664 = FACE_BOUND('',#1665,.F.);
#1665 = EDGE_LOOP('',(#1666,#1667,#1668,#1688));
#1666 = ORIENTED_EDGE('',*,*,#305,.F.);
#1667 = ORIENTED_EDGE('',*,*,#414,.T.);
#1668 = ORIENTED_EDGE('',*,*,#1669,.T.);
#1669 = EDGE_CURVE('',#415,#923,#1670,.T.);
#1670 = SURFACE_CURVE('',#1671,(#1676,#1682),.PCURVE_S1.);
#1671 = CIRCLE('',#1672,0.65);
#1672 = AXIS2_PLACEMENT_3D('',#1673,#1674,#1675);
#1673 = CARTESIAN_POINT('',(20.55,-17.2,-12.35));
#1674 = DIRECTION('',(6.123233995737E-17,1.,0.));
#1675 = DIRECTION('',(1.,-6.123233995737E-17,0.));
#1676 = PCURVE('',#319,#1677);
#1677 = DEFINITIONAL_REPRESENTATION('',(#1678),#1681);
#1678 = B_SPLINE_CURVE_WITH_KNOTS('',1,(#1679,#1680),.UNSPECIFIED.,.F.,
  .F.,(2,2),(0.,1.570796326795),.PIECEWISE_BEZIER_KNOTS.);
#1679 = CARTESIAN_POINT('',(-1.570796326795,0.));
#1680 = CARTESIAN_POINT('',(-1.570796326795,1.570796326795));
#1681 = ( GEOMETRIC_REPRESENTATION_CONTEXT(2) 
PARAMETRIC_REPRESENTATION_CONTEXT() REPRESENTATION_CONTEXT('2D SPACE',''
  ) );
#1682 = PCURVE('',#962,#1683);
#1683 = DEFINITIONAL_REPRESENTATION('',(#1684),#1687);
#1684 = B_SPLINE_CURVE_WITH_KNOTS('',1,(#1685,#1686),.UNSPECIFIED.,.F.,
  .F.,(2,2),(0.,1.570796326795),.PIECEWISE_BEZIER_KNOTS.);
#1685 = CARTESIAN_POINT('',(0.,0.));
#1686 = CARTESIAN_POINT('',(1.570796326795,0.));
#1687 = ( GEOMETRIC_REPRESENTATION_CONTEXT(2) 
PARAMETRIC_REPRESENTATION_CONTEXT() REPRESENTATION_CONTEXT('2D SPACE',''
  ) );
#1688 = ORIENTED_EDGE('',*,*,#922,.F.);
#1689 = ADVANCED_FACE('',(#1690,#2097),#372,.T.);
#1690 = FACE_BOUND('',#1691,.T.);
#1691 = EDGE_LOOP('',(#1692,#1715,#1716,#1717,#1741,#1769,#1798,#1826,
    #1859,#1887,#1920,#1948,#1981,#2009,#2042,#2070));
#1692 = ORIENTED_EDGE('',*,*,#1693,.T.);
#1693 = EDGE_CURVE('',#1694,#546,#1696,.T.);
#1694 = VERTEX_POINT('',#1695);
#1695 = CARTESIAN_POINT('',(-20.55,17.2,-1.7763568394E-15));
#1696 = SURFACE_CURVE('',#1697,(#1701,#1708),.PCURVE_S1.);
#1697 = LINE('',#1698,#1699);
#1698 = CARTESIAN_POINT('',(-20.55,17.2,-1.665334536938E-15));
#1699 = VECTOR('',#1700,1.);
#1700 = DIRECTION('',(0.,-1.,0.));
#1701 = PCURVE('',#372,#1702);
#1702 = DEFINITIONAL_REPRESENTATION('',(#1703),#1707);
#1703 = LINE('',#1704,#1705);
#1704 = CARTESIAN_POINT('',(-20.55,17.2));
#1705 = VECTOR('',#1706,1.);
#1706 = DIRECTION('',(0.,-1.));
#1707 = ( GEOMETRIC_REPRESENTATION_CONTEXT(2) 
PARAMETRIC_REPRESENTATION_CONTEXT() REPRESENTATION_CONTEXT('2D SPACE',''
  ) );
#1708 = PCURVE('',#561,#1709);
#1709 = DEFINITIONAL_REPRESENTATION('',(#1710),#1714);
#1710 = LINE('',#1711,#1712);
#1711 = CARTESIAN_POINT('',(-1.570796326795,0.));
#1712 = VECTOR('',#1713,1.);
#1713 = DIRECTION('',(-0.,1.));
#1714 = ( GEOMETRIC_REPRESENTATION_CONTEXT(2) 
PARAMETRIC_REPRESENTATION_CONTEXT() REPRESENTATION_CONTEXT('2D SPACE',''
  ) );
#1715 = ORIENTED_EDGE('',*,*,#574,.T.);
#1716 = ORIENTED_EDGE('',*,*,#356,.T.);
#1717 = ORIENTED_EDGE('',*,*,#1718,.T.);
#1718 = EDGE_CURVE('',#357,#1719,#1721,.T.);
#1719 = VERTEX_POINT('',#1720);
#1720 = CARTESIAN_POINT('',(20.55,-17.2,-1.7763568394E-15));
#1721 = SURFACE_CURVE('',#1722,(#1727,#1734),.PCURVE_S1.);
#1722 = CIRCLE('',#1723,7.35);
#1723 = AXIS2_PLACEMENT_3D('',#1724,#1725,#1726);
#1724 = CARTESIAN_POINT('',(13.2,-17.2,-1.7763568394E-15));
#1725 = DIRECTION('',(0.,0.,1.));
#1726 = DIRECTION('',(0.,-1.,0.));
#1727 = PCURVE('',#372,#1728);
#1728 = DEFINITIONAL_REPRESENTATION('',(#1729),#1733);
#1729 = CIRCLE('',#1730,7.35);
#1730 = AXIS2_PLACEMENT_2D('',#1731,#1732);
#1731 = CARTESIAN_POINT('',(13.2,-17.2));
#1732 = DIRECTION('',(0.,-1.));
#1733 = ( GEOMETRIC_REPRESENTATION_CONTEXT(2) 
PARAMETRIC_REPRESENTATION_CONTEXT() REPRESENTATION_CONTEXT('2D SPACE',''
  ) );
#1734 = PCURVE('',#398,#1735);
#1735 = DEFINITIONAL_REPRESENTATION('',(#1736),#1740);
#1736 = LINE('',#1737,#1738);
#1737 = CARTESIAN_POINT('',(0.,1.570796326795));
#1738 = VECTOR('',#1739,1.);
#1739 = DIRECTION('',(1.,0.));
#1740 = ( GEOMETRIC_REPRESENTATION_CONTEXT(2) 
PARAMETRIC_REPRESENTATION_CONTEXT() REPRESENTATION_CONTEXT('2D SPACE',''
  ) );
#1741 = ORIENTED_EDGE('',*,*,#1742,.T.);
#1742 = EDGE_CURVE('',#1719,#1743,#1745,.T.);
#1743 = VERTEX_POINT('',#1744);
#1744 = CARTESIAN_POINT('',(20.55,17.2,-1.665334536938E-15));
#1745 = SURFACE_CURVE('',#1746,(#1750,#1757),.PCURVE_S1.);
#1746 = LINE('',#1747,#1748);
#1747 = CARTESIAN_POINT('',(20.55,-17.2,-1.665334536938E-15));
#1748 = VECTOR('',#1749,1.);
#1749 = DIRECTION('',(0.,1.,0.));
#1750 = PCURVE('',#372,#1751);
#1751 = DEFINITIONAL_REPRESENTATION('',(#1752),#1756);
#1752 = LINE('',#1753,#1754);
#1753 = CARTESIAN_POINT('',(20.55,-17.2));
#1754 = VECTOR('',#1755,1.);
#1755 = DIRECTION('',(0.,1.));
#1756 = ( GEOMETRIC_REPRESENTATION_CONTEXT(2) 
PARAMETRIC_REPRESENTATION_CONTEXT() REPRESENTATION_CONTEXT('2D SPACE',''
  ) );
#1757 = PCURVE('',#1758,#1763);
#1758 = CYLINDRICAL_SURFACE('',#1759,0.65);
#1759 = AXIS2_PLACEMENT_3D('',#1760,#1761,#1762);
#1760 = CARTESIAN_POINT('',(20.55,-17.2,-0.65));
#1761 = DIRECTION('',(0.,1.,0.));
#1762 = DIRECTION('',(1.,0.,-0.));
#1763 = DEFINITIONAL_REPRESENTATION('',(#1764),#1768);
#1764 = LINE('',#1765,#1766);
#1765 = CARTESIAN_POINT('',(-1.570796326795,0.));
#1766 = VECTOR('',#1767,1.);
#1767 = DIRECTION('',(-0.,1.));
#1768 = ( GEOMETRIC_REPRESENTATION_CONTEXT(2) 
PARAMETRIC_REPRESENTATION_CONTEXT() REPRESENTATION_CONTEXT('2D SPACE',''
  ) );
#1769 = ORIENTED_EDGE('',*,*,#1770,.T.);
#1770 = EDGE_CURVE('',#1743,#1771,#1773,.T.);
#1771 = VERTEX_POINT('',#1772);
#1772 = CARTESIAN_POINT('',(18.545963777017,22.244122450419,
    -8.326672684689E-16));
#1773 = SURFACE_CURVE('',#1774,(#1779,#1786),.PCURVE_S1.);
#1774 = CIRCLE('',#1775,7.35);
#1775 = AXIS2_PLACEMENT_3D('',#1776,#1777,#1778);
#1776 = CARTESIAN_POINT('',(13.2,17.2,-1.7763568394E-15));
#1777 = DIRECTION('',(0.,0.,1.));
#1778 = DIRECTION('',(1.,0.,-0.));
#1779 = PCURVE('',#372,#1780);
#1780 = DEFINITIONAL_REPRESENTATION('',(#1781),#1785);
#1781 = CIRCLE('',#1782,7.35);
#1782 = AXIS2_PLACEMENT_2D('',#1783,#1784);
#1783 = CARTESIAN_POINT('',(13.2,17.2));
#1784 = DIRECTION('',(1.,0.));
#1785 = ( GEOMETRIC_REPRESENTATION_CONTEXT(2) 
PARAMETRIC_REPRESENTATION_CONTEXT() REPRESENTATION_CONTEXT('2D SPACE',''
  ) );
#1786 = PCURVE('',#1787,#1792);
#1787 = TOROIDAL_SURFACE('',#1788,7.35,0.65);
#1788 = AXIS2_PLACEMENT_3D('',#1789,#1790,#1791);
#1789 = CARTESIAN_POINT('',(13.2,17.2,-0.65));
#1790 = DIRECTION('',(0.,0.,1.));
#1791 = DIRECTION('',(1.,0.,-0.));
#1792 = DEFINITIONAL_REPRESENTATION('',(#1793),#1797);
#1793 = LINE('',#1794,#1795);
#1794 = CARTESIAN_POINT('',(0.,1.570796326795));
#1795 = VECTOR('',#1796,1.);
#1796 = DIRECTION('',(1.,0.));
#1797 = ( GEOMETRIC_REPRESENTATION_CONTEXT(2) 
PARAMETRIC_REPRESENTATION_CONTEXT() REPRESENTATION_CONTEXT('2D SPACE',''
  ) );
#1798 = ORIENTED_EDGE('',*,*,#1799,.F.);
#1799 = EDGE_CURVE('',#1800,#1771,#1802,.T.);
#1800 = VERTEX_POINT('',#1801);
#1801 = CARTESIAN_POINT('',(17.801499636269,30.261428581557,0.));
#1802 = SURFACE_CURVE('',#1803,(#1807,#1814),.PCURVE_S1.);
#1803 = LINE('',#1804,#1805);
#1804 = CARTESIAN_POINT('',(17.801499636269,30.261428581557,
    1.110223024625E-16));
#1805 = VECTOR('',#1806,1.);
#1806 = DIRECTION('',(9.245938526191E-02,-0.995716456667,0.));
#1807 = PCURVE('',#372,#1808);
#1808 = DEFINITIONAL_REPRESENTATION('',(#1809),#1813);
#1809 = LINE('',#1810,#1811);
#1810 = CARTESIAN_POINT('',(17.801499636269,30.261428581557));
#1811 = VECTOR('',#1812,1.);
#1812 = DIRECTION('',(9.245938526191E-02,-0.995716456667));
#1813 = ( GEOMETRIC_REPRESENTATION_CONTEXT(2) 
PARAMETRIC_REPRESENTATION_CONTEXT() REPRESENTATION_CONTEXT('2D SPACE',''
  ) );
#1814 = PCURVE('',#1815,#1820);
#1815 = CYLINDRICAL_SURFACE('',#1816,0.65);
#1816 = AXIS2_PLACEMENT_3D('',#1817,#1818,#1819);
#1817 = CARTESIAN_POINT('',(17.801499636269,30.261428581557,-0.65));
#1818 = DIRECTION('',(9.245938526191E-02,-0.995716456667,0.));
#1819 = DIRECTION('',(0.995716456667,9.245938526191E-02,0.));
#1820 = DEFINITIONAL_REPRESENTATION('',(#1821),#1825);
#1821 = LINE('',#1822,#1823);
#1822 = CARTESIAN_POINT('',(1.570796326795,0.));
#1823 = VECTOR('',#1824,1.);
#1824 = DIRECTION('',(0.,1.));
#1825 = ( GEOMETRIC_REPRESENTATION_CONTEXT(2) 
PARAMETRIC_REPRESENTATION_CONTEXT() REPRESENTATION_CONTEXT('2D SPACE',''
  ) );
#1826 = ORIENTED_EDGE('',*,*,#1827,.F.);
#1827 = EDGE_CURVE('',#1828,#1800,#1830,.T.);
#1828 = VERTEX_POINT('',#1829);
#1829 = CARTESIAN_POINT('',(16.443418591244,30.861543147918,
    1.110223024625E-16));
#1830 = SURFACE_CURVE('',#1831,(#1836,#1847),.PCURVE_S1.);
#1831 = CIRCLE('',#1832,0.85);
#1832 = AXIS2_PLACEMENT_3D('',#1833,#1834,#1835);
#1833 = CARTESIAN_POINT('',(16.955140648102,30.182838104084,0.));
#1834 = DIRECTION('',(0.,0.,-1.));
#1835 = DIRECTION('',(-0.602025949245,0.798476522157,0.));
#1836 = PCURVE('',#372,#1837);
#1837 = DEFINITIONAL_REPRESENTATION('',(#1838),#1846);
#1838 = ( BOUNDED_CURVE() B_SPLINE_CURVE(2,(#1839,#1840,#1841,#1842,
#1843,#1844,#1845),.UNSPECIFIED.,.T.,.F.) B_SPLINE_CURVE_WITH_KNOTS((1,2
    ,2,2,2,1),(-2.094395102393,0.,2.094395102393,4.188790204786,
6.28318530718,8.377580409573),.UNSPECIFIED.) CURVE() 
GEOMETRIC_REPRESENTATION_ITEM() RATIONAL_B_SPLINE_CURVE((1.,0.5,1.,0.5,
1.,0.5,1.)) REPRESENTATION_ITEM('') );
#1839 = CARTESIAN_POINT('',(16.443418591244,30.861543147918));
#1840 = CARTESIAN_POINT('',(17.618970210516,31.74787174975));
#1841 = CARTESIAN_POINT('',(17.798777486167,30.286649883084));
#1842 = CARTESIAN_POINT('',(17.978584761819,28.825428016418));
#1843 = CARTESIAN_POINT('',(16.623225866895,29.400321281252));
#1844 = CARTESIAN_POINT('',(15.267866971971,29.975214546085));
#1845 = CARTESIAN_POINT('',(16.443418591244,30.861543147918));
#1846 = ( GEOMETRIC_REPRESENTATION_CONTEXT(2) 
PARAMETRIC_REPRESENTATION_CONTEXT() REPRESENTATION_CONTEXT('2D SPACE',''
  ) );
#1847 = PCURVE('',#1848,#1853);
#1848 = TOROIDAL_SURFACE('',#1849,0.85,0.65);
#1849 = AXIS2_PLACEMENT_3D('',#1850,#1851,#1852);
#1850 = CARTESIAN_POINT('',(16.955140648102,30.182838104084,-0.65));
#1851 = DIRECTION('',(-0.,-0.,1.));
#1852 = DIRECTION('',(-0.602025949245,0.798476522157,0.));
#1853 = DEFINITIONAL_REPRESENTATION('',(#1854),#1858);
#1854 = LINE('',#1855,#1856);
#1855 = CARTESIAN_POINT('',(-0.,1.570796326795));
#1856 = VECTOR('',#1857,1.);
#1857 = DIRECTION('',(-1.,0.));
#1858 = ( GEOMETRIC_REPRESENTATION_CONTEXT(2) 
PARAMETRIC_REPRESENTATION_CONTEXT() REPRESENTATION_CONTEXT('2D SPACE',''
  ) );
#1859 = ORIENTED_EDGE('',*,*,#1860,.F.);
#1860 = EDGE_CURVE('',#1861,#1828,#1863,.T.);
#1861 = VERTEX_POINT('',#1862);
#1862 = CARTESIAN_POINT('',(8.294360946275,24.717412383854,
    1.110223024625E-16));
#1863 = SURFACE_CURVE('',#1864,(#1868,#1875),.PCURVE_S1.);
#1864 = LINE('',#1865,#1866);
#1865 = CARTESIAN_POINT('',(8.294360946275,24.717412383854,
    1.110223024625E-16));
#1866 = VECTOR('',#1867,1.);
#1867 = DIRECTION('',(0.798476522157,0.602025949245,0.));
#1868 = PCURVE('',#372,#1869);
#1869 = DEFINITIONAL_REPRESENTATION('',(#1870),#1874);
#1870 = LINE('',#1871,#1872);
#1871 = CARTESIAN_POINT('',(8.294360946275,24.717412383854));
#1872 = VECTOR('',#1873,1.);
#1873 = DIRECTION('',(0.798476522157,0.602025949245));
#1874 = ( GEOMETRIC_REPRESENTATION_CONTEXT(2) 
PARAMETRIC_REPRESENTATION_CONTEXT() REPRESENTATION_CONTEXT('2D SPACE',''
  ) );
#1875 = PCURVE('',#1876,#1881);
#1876 = CYLINDRICAL_SURFACE('',#1877,0.65);
#1877 = AXIS2_PLACEMENT_3D('',#1878,#1879,#1880);
#1878 = CARTESIAN_POINT('',(8.294360946275,24.717412383854,-0.65));
#1879 = DIRECTION('',(0.798476522157,0.602025949245,0.));
#1880 = DIRECTION('',(-0.602025949245,0.798476522157,0.));
#1881 = DEFINITIONAL_REPRESENTATION('',(#1882),#1886);
#1882 = LINE('',#1883,#1884);
#1883 = CARTESIAN_POINT('',(1.570796326795,0.));
#1884 = VECTOR('',#1885,1.);
#1885 = DIRECTION('',(0.,1.));
#1886 = ( GEOMETRIC_REPRESENTATION_CONTEXT(2) 
PARAMETRIC_REPRESENTATION_CONTEXT() REPRESENTATION_CONTEXT('2D SPACE',''
  ) );
#1887 = ORIENTED_EDGE('',*,*,#1888,.F.);
#1888 = EDGE_CURVE('',#1889,#1861,#1891,.T.);
#1889 = VERTEX_POINT('',#1890);
#1890 = CARTESIAN_POINT('',(8.127054420634,24.55,-8.326672684689E-16));
#1891 = SURFACE_CURVE('',#1892,(#1897,#1908),.PCURVE_S1.);
#1892 = CIRCLE('',#1893,0.85);
#1893 = AXIS2_PLACEMENT_3D('',#1894,#1895,#1896);
#1894 = CARTESIAN_POINT('',(8.806083003134,24.038707340021,0.));
#1895 = DIRECTION('',(0.,0.,-1.));
#1896 = DIRECTION('',(-0.308002513919,-0.951385542995,-0.));
#1897 = PCURVE('',#372,#1898);
#1898 = DEFINITIONAL_REPRESENTATION('',(#1899),#1907);
#1899 = ( BOUNDED_CURVE() B_SPLINE_CURVE(2,(#1900,#1901,#1902,#1903,
#1904,#1905,#1906),.UNSPECIFIED.,.T.,.F.) B_SPLINE_CURVE_WITH_KNOTS((1,2
    ,2,2,2,1),(-2.094395102393,0.,2.094395102393,4.188790204786,
6.28318530718,8.377580409573),.UNSPECIFIED.) CURVE() 
GEOMETRIC_REPRESENTATION_ITEM() RATIONAL_B_SPLINE_CURVE((1.,0.5,1.,0.5,
1.,0.5,1.)) REPRESENTATION_ITEM('') );
#1900 = CARTESIAN_POINT('',(8.544280866303,23.230029628476));
#1901 = CARTESIAN_POINT('',(7.143609982957,23.683484230997));
#1902 = CARTESIAN_POINT('',(8.236648629877,24.669773497055));
#1903 = CARTESIAN_POINT('',(9.329687276796,25.656062763112));
#1904 = CARTESIAN_POINT('',(9.637319513222,24.216318894533));
#1905 = CARTESIAN_POINT('',(9.944951749648,22.776575025954));
#1906 = CARTESIAN_POINT('',(8.544280866303,23.230029628476));
#1907 = ( GEOMETRIC_REPRESENTATION_CONTEXT(2) 
PARAMETRIC_REPRESENTATION_CONTEXT() REPRESENTATION_CONTEXT('2D SPACE',''
  ) );
#1908 = PCURVE('',#1909,#1914);
#1909 = TOROIDAL_SURFACE('',#1910,0.85,0.65);
#1910 = AXIS2_PLACEMENT_3D('',#1911,#1912,#1913);
#1911 = CARTESIAN_POINT('',(8.806083003134,24.038707340021,-0.65));
#1912 = DIRECTION('',(-0.,-0.,1.));
#1913 = DIRECTION('',(-0.308002513919,-0.951385542995,-0.));
#1914 = DEFINITIONAL_REPRESENTATION('',(#1915),#1919);
#1915 = LINE('',#1916,#1917);
#1916 = CARTESIAN_POINT('',(-0.,1.570796326795));
#1917 = VECTOR('',#1918,1.);
#1918 = DIRECTION('',(-1.,0.));
#1919 = ( GEOMETRIC_REPRESENTATION_CONTEXT(2) 
PARAMETRIC_REPRESENTATION_CONTEXT() REPRESENTATION_CONTEXT('2D SPACE',''
  ) );
#1920 = ORIENTED_EDGE('',*,*,#1921,.T.);
#1921 = EDGE_CURVE('',#1889,#1922,#1924,.T.);
#1922 = VERTEX_POINT('',#1923);
#1923 = CARTESIAN_POINT('',(-8.127054420634,24.55,-8.326672684689E-16));
#1924 = SURFACE_CURVE('',#1925,(#1929,#1936),.PCURVE_S1.);
#1925 = LINE('',#1926,#1927);
#1926 = CARTESIAN_POINT('',(13.2,24.55,-1.665334536938E-15));
#1927 = VECTOR('',#1928,1.);
#1928 = DIRECTION('',(-1.,0.,0.));
#1929 = PCURVE('',#372,#1930);
#1930 = DEFINITIONAL_REPRESENTATION('',(#1931),#1935);
#1931 = LINE('',#1932,#1933);
#1932 = CARTESIAN_POINT('',(13.2,24.55));
#1933 = VECTOR('',#1934,1.);
#1934 = DIRECTION('',(-1.,0.));
#1935 = ( GEOMETRIC_REPRESENTATION_CONTEXT(2) 
PARAMETRIC_REPRESENTATION_CONTEXT() REPRESENTATION_CONTEXT('2D SPACE',''
  ) );
#1936 = PCURVE('',#1937,#1942);
#1937 = CYLINDRICAL_SURFACE('',#1938,0.65);
#1938 = AXIS2_PLACEMENT_3D('',#1939,#1940,#1941);
#1939 = CARTESIAN_POINT('',(13.2,24.55,-0.65));
#1940 = DIRECTION('',(-1.,0.,0.));
#1941 = DIRECTION('',(0.,1.,-0.));
#1942 = DEFINITIONAL_REPRESENTATION('',(#1943),#1947);
#1943 = LINE('',#1944,#1945);
#1944 = CARTESIAN_POINT('',(-1.570796326795,0.));
#1945 = VECTOR('',#1946,1.);
#1946 = DIRECTION('',(-0.,1.));
#1947 = ( GEOMETRIC_REPRESENTATION_CONTEXT(2) 
PARAMETRIC_REPRESENTATION_CONTEXT() REPRESENTATION_CONTEXT('2D SPACE',''
  ) );
#1948 = ORIENTED_EDGE('',*,*,#1949,.F.);
#1949 = EDGE_CURVE('',#1950,#1922,#1952,.T.);
#1950 = VERTEX_POINT('',#1951);
#1951 = CARTESIAN_POINT('',(-8.294360946275,24.717412383854,
    1.110223024625E-16));
#1952 = SURFACE_CURVE('',#1953,(#1958,#1969),.PCURVE_S1.);
#1953 = CIRCLE('',#1954,0.85);
#1954 = AXIS2_PLACEMENT_3D('',#1955,#1956,#1957);
#1955 = CARTESIAN_POINT('',(-8.806083003134,24.038707340021,0.));
#1956 = DIRECTION('',(0.,0.,-1.));
#1957 = DIRECTION('',(0.602025949245,0.798476522157,0.));
#1958 = PCURVE('',#372,#1959);
#1959 = DEFINITIONAL_REPRESENTATION('',(#1960),#1968);
#1960 = ( BOUNDED_CURVE() B_SPLINE_CURVE(2,(#1961,#1962,#1963,#1964,
#1965,#1966,#1967),.UNSPECIFIED.,.T.,.F.) B_SPLINE_CURVE_WITH_KNOTS((1,2
    ,2,2,2,1),(-2.094395102393,0.,2.094395102393,4.188790204786,
6.28318530718,8.377580409573),.UNSPECIFIED.) CURVE() 
GEOMETRIC_REPRESENTATION_ITEM() RATIONAL_B_SPLINE_CURVE((1.,0.5,1.,0.5,
1.,0.5,1.)) REPRESENTATION_ITEM('') );
#1961 = CARTESIAN_POINT('',(-8.294360946275,24.717412383854));
#1962 = CARTESIAN_POINT('',(-7.118809327003,23.831083782022));
#1963 = CARTESIAN_POINT('',(-8.474168221927,23.256190517188));
#1964 = CARTESIAN_POINT('',(-9.829527116851,22.681297252355));
#1965 = CARTESIAN_POINT('',(-9.649719841199,24.142519119021));
#1966 = CARTESIAN_POINT('',(-9.469912565548,25.603740985687));
#1967 = CARTESIAN_POINT('',(-8.294360946275,24.717412383854));
#1968 = ( GEOMETRIC_REPRESENTATION_CONTEXT(2) 
PARAMETRIC_REPRESENTATION_CONTEXT() REPRESENTATION_CONTEXT('2D SPACE',''
  ) );
#1969 = PCURVE('',#1970,#1975);
#1970 = TOROIDAL_SURFACE('',#1971,0.85,0.65);
#1971 = AXIS2_PLACEMENT_3D('',#1972,#1973,#1974);
#1972 = CARTESIAN_POINT('',(-8.806083003134,24.038707340021,-0.65));
#1973 = DIRECTION('',(-0.,-0.,1.));
#1974 = DIRECTION('',(0.602025949245,0.798476522157,0.));
#1975 = DEFINITIONAL_REPRESENTATION('',(#1976),#1980);
#1976 = LINE('',#1977,#1978);
#1977 = CARTESIAN_POINT('',(-0.,1.570796326795));
#1978 = VECTOR('',#1979,1.);
#1979 = DIRECTION('',(-1.,0.));
#1980 = ( GEOMETRIC_REPRESENTATION_CONTEXT(2) 
PARAMETRIC_REPRESENTATION_CONTEXT() REPRESENTATION_CONTEXT('2D SPACE',''
  ) );
#1981 = ORIENTED_EDGE('',*,*,#1982,.F.);
#1982 = EDGE_CURVE('',#1983,#1950,#1985,.T.);
#1983 = VERTEX_POINT('',#1984);
#1984 = CARTESIAN_POINT('',(-16.44341859124,30.861543147918,0.));
#1985 = SURFACE_CURVE('',#1986,(#1990,#1997),.PCURVE_S1.);
#1986 = LINE('',#1987,#1988);
#1987 = CARTESIAN_POINT('',(-16.44341859124,30.861543147918,
    1.110223024625E-16));
#1988 = VECTOR('',#1989,1.);
#1989 = DIRECTION('',(0.798476522157,-0.602025949245,0.));
#1990 = PCURVE('',#372,#1991);
#1991 = DEFINITIONAL_REPRESENTATION('',(#1992),#1996);
#1992 = LINE('',#1993,#1994);
#1993 = CARTESIAN_POINT('',(-16.44341859124,30.861543147918));
#1994 = VECTOR('',#1995,1.);
#1995 = DIRECTION('',(0.798476522157,-0.602025949245));
#1996 = ( GEOMETRIC_REPRESENTATION_CONTEXT(2) 
PARAMETRIC_REPRESENTATION_CONTEXT() REPRESENTATION_CONTEXT('2D SPACE',''
  ) );
#1997 = PCURVE('',#1998,#2003);
#1998 = CYLINDRICAL_SURFACE('',#1999,0.65);
#1999 = AXIS2_PLACEMENT_3D('',#2000,#2001,#2002);
#2000 = CARTESIAN_POINT('',(-16.44341859124,30.861543147918,-0.65));
#2001 = DIRECTION('',(0.798476522157,-0.602025949245,0.));
#2002 = DIRECTION('',(0.602025949245,0.798476522157,0.));
#2003 = DEFINITIONAL_REPRESENTATION('',(#2004),#2008);
#2004 = LINE('',#2005,#2006);
#2005 = CARTESIAN_POINT('',(1.570796326795,0.));
#2006 = VECTOR('',#2007,1.);
#2007 = DIRECTION('',(0.,1.));
#2008 = ( GEOMETRIC_REPRESENTATION_CONTEXT(2) 
PARAMETRIC_REPRESENTATION_CONTEXT() REPRESENTATION_CONTEXT('2D SPACE',''
  ) );
#2009 = ORIENTED_EDGE('',*,*,#2010,.F.);
#2010 = EDGE_CURVE('',#2011,#1983,#2013,.T.);
#2011 = VERTEX_POINT('',#2012);
#2012 = CARTESIAN_POINT('',(-17.80149963626,30.261428581557,
    1.110223024625E-16));
#2013 = SURFACE_CURVE('',#2014,(#2019,#2030),.PCURVE_S1.);
#2014 = CIRCLE('',#2015,0.85);
#2015 = AXIS2_PLACEMENT_3D('',#2016,#2017,#2018);
#2016 = CARTESIAN_POINT('',(-16.9551406481,30.182838104084,0.));
#2017 = DIRECTION('',(0.,0.,-1.));
#2018 = DIRECTION('',(-0.995716456667,9.245938526191E-02,0.));
#2019 = PCURVE('',#372,#2020);
#2020 = DEFINITIONAL_REPRESENTATION('',(#2021),#2029);
#2021 = ( BOUNDED_CURVE() B_SPLINE_CURVE(2,(#2022,#2023,#2024,#2025,
#2026,#2027,#2028),.UNSPECIFIED.,.T.,.F.) B_SPLINE_CURVE_WITH_KNOTS((1,2
    ,2,2,2,1),(-2.094395102393,0.,2.094395102393,4.188790204786,
6.28318530718,8.377580409573),.UNSPECIFIED.) CURVE() 
GEOMETRIC_REPRESENTATION_ITEM() RATIONAL_B_SPLINE_CURVE((1.,0.5,1.,0.5,
1.,0.5,1.)) REPRESENTATION_ITEM('') );
#2022 = CARTESIAN_POINT('',(-17.80149963626,30.261428581557));
#2023 = CARTESIAN_POINT('',(-17.66537693629,31.727365350504));
#2024 = CARTESIAN_POINT('',(-16.46389980403,30.876511249822));
#2025 = CARTESIAN_POINT('',(-15.26242267176,30.025657149139));
#2026 = CARTESIAN_POINT('',(-16.600022504,29.410574480874));
#2027 = CARTESIAN_POINT('',(-17.93762233624,28.79549181261));
#2028 = CARTESIAN_POINT('',(-17.80149963626,30.261428581557));
#2029 = ( GEOMETRIC_REPRESENTATION_CONTEXT(2) 
PARAMETRIC_REPRESENTATION_CONTEXT() REPRESENTATION_CONTEXT('2D SPACE',''
  ) );
#2030 = PCURVE('',#2031,#2036);
#2031 = TOROIDAL_SURFACE('',#2032,0.85,0.65);
#2032 = AXIS2_PLACEMENT_3D('',#2033,#2034,#2035);
#2033 = CARTESIAN_POINT('',(-16.9551406481,30.182838104084,-0.65));
#2034 = DIRECTION('',(-0.,-0.,1.));
#2035 = DIRECTION('',(-0.995716456667,9.245938526191E-02,0.));
#2036 = DEFINITIONAL_REPRESENTATION('',(#2037),#2041);
#2037 = LINE('',#2038,#2039);
#2038 = CARTESIAN_POINT('',(-0.,1.570796326795));
#2039 = VECTOR('',#2040,1.);
#2040 = DIRECTION('',(-1.,0.));
#2041 = ( GEOMETRIC_REPRESENTATION_CONTEXT(2) 
PARAMETRIC_REPRESENTATION_CONTEXT() REPRESENTATION_CONTEXT('2D SPACE',''
  ) );
#2042 = ORIENTED_EDGE('',*,*,#2043,.F.);
#2043 = EDGE_CURVE('',#2044,#2011,#2046,.T.);
#2044 = VERTEX_POINT('',#2045);
#2045 = CARTESIAN_POINT('',(-18.54596377701,22.244122450419,
    -8.326672684689E-16));
#2046 = SURFACE_CURVE('',#2047,(#2051,#2058),.PCURVE_S1.);
#2047 = LINE('',#2048,#2049);
#2048 = CARTESIAN_POINT('',(-18.64227542503,21.206920087148,
    1.110223024625E-16));
#2049 = VECTOR('',#2050,1.);
#2050 = DIRECTION('',(9.245938526191E-02,0.995716456667,0.));
#2051 = PCURVE('',#372,#2052);
#2052 = DEFINITIONAL_REPRESENTATION('',(#2053),#2057);
#2053 = LINE('',#2054,#2055);
#2054 = CARTESIAN_POINT('',(-18.64227542503,21.206920087148));
#2055 = VECTOR('',#2056,1.);
#2056 = DIRECTION('',(9.245938526191E-02,0.995716456667));
#2057 = ( GEOMETRIC_REPRESENTATION_CONTEXT(2) 
PARAMETRIC_REPRESENTATION_CONTEXT() REPRESENTATION_CONTEXT('2D SPACE',''
  ) );
#2058 = PCURVE('',#2059,#2064);
#2059 = CYLINDRICAL_SURFACE('',#2060,0.65);
#2060 = AXIS2_PLACEMENT_3D('',#2061,#2062,#2063);
#2061 = CARTESIAN_POINT('',(-18.64227542503,21.206920087148,-0.65));
#2062 = DIRECTION('',(9.245938526191E-02,0.995716456667,0.));
#2063 = DIRECTION('',(-0.995716456667,9.245938526191E-02,0.));
#2064 = DEFINITIONAL_REPRESENTATION('',(#2065),#2069);
#2065 = LINE('',#2066,#2067);
#2066 = CARTESIAN_POINT('',(1.570796326795,0.));
#2067 = VECTOR('',#2068,1.);
#2068 = DIRECTION('',(0.,1.));
#2069 = ( GEOMETRIC_REPRESENTATION_CONTEXT(2) 
PARAMETRIC_REPRESENTATION_CONTEXT() REPRESENTATION_CONTEXT('2D SPACE',''
  ) );
#2070 = ORIENTED_EDGE('',*,*,#2071,.T.);
#2071 = EDGE_CURVE('',#2044,#1694,#2072,.T.);
#2072 = SURFACE_CURVE('',#2073,(#2078,#2085),.PCURVE_S1.);
#2073 = CIRCLE('',#2074,7.35);
#2074 = AXIS2_PLACEMENT_3D('',#2075,#2076,#2077);
#2075 = CARTESIAN_POINT('',(-13.2,17.2,-1.7763568394E-15));
#2076 = DIRECTION('',(0.,0.,1.));
#2077 = DIRECTION('',(0.,1.,-0.));
#2078 = PCURVE('',#372,#2079);
#2079 = DEFINITIONAL_REPRESENTATION('',(#2080),#2084);
#2080 = CIRCLE('',#2081,7.35);
#2081 = AXIS2_PLACEMENT_2D('',#2082,#2083);
#2082 = CARTESIAN_POINT('',(-13.2,17.2));
#2083 = DIRECTION('',(0.,1.));
#2084 = ( GEOMETRIC_REPRESENTATION_CONTEXT(2) 
PARAMETRIC_REPRESENTATION_CONTEXT() REPRESENTATION_CONTEXT('2D SPACE',''
  ) );
#2085 = PCURVE('',#2086,#2091);
#2086 = TOROIDAL_SURFACE('',#2087,7.35,0.65);
#2087 = AXIS2_PLACEMENT_3D('',#2088,#2089,#2090);
#2088 = CARTESIAN_POINT('',(-13.2,17.2,-0.65));
#2089 = DIRECTION('',(0.,0.,1.));
#2090 = DIRECTION('',(0.,1.,-0.));
#2091 = DEFINITIONAL_REPRESENTATION('',(#2092),#2096);
#2092 = LINE('',#2093,#2094);
#2093 = CARTESIAN_POINT('',(0.,1.570796326795));
#2094 = VECTOR('',#2095,1.);
#2095 = DIRECTION('',(1.,0.));
#2096 = ( GEOMETRIC_REPRESENTATION_CONTEXT(2) 
PARAMETRIC_REPRESENTATION_CONTEXT() REPRESENTATION_CONTEXT('2D SPACE',''
  ) );
#2097 = FACE_BOUND('',#2098,.T.);
#2098 = EDGE_LOOP('',(#2099,#2130,#2156,#2185,#2211,#2240,#2266,#2295));
#2099 = ORIENTED_EDGE('',*,*,#2100,.F.);
#2100 = EDGE_CURVE('',#2101,#2103,#2105,.T.);
#2101 = VERTEX_POINT('',#2102);
#2102 = CARTESIAN_POINT('',(11.565,-19.865,-1.7763568394E-15));
#2103 = VERTEX_POINT('',#2104);
#2104 = CARTESIAN_POINT('',(15.865,-15.565,-1.7763568394E-15));
#2105 = SURFACE_CURVE('',#2106,(#2111,#2118),.PCURVE_S1.);
#2106 = CIRCLE('',#2107,4.3);
#2107 = AXIS2_PLACEMENT_3D('',#2108,#2109,#2110);
#2108 = CARTESIAN_POINT('',(11.565,-15.565,-1.7763568394E-15));
#2109 = DIRECTION('',(0.,0.,1.));
#2110 = DIRECTION('',(0.,-1.,0.));
#2111 = PCURVE('',#372,#2112);
#2112 = DEFINITIONAL_REPRESENTATION('',(#2113),#2117);
#2113 = CIRCLE('',#2114,4.3);
#2114 = AXIS2_PLACEMENT_2D('',#2115,#2116);
#2115 = CARTESIAN_POINT('',(11.565,-15.565));
#2116 = DIRECTION('',(0.,-1.));
#2117 = ( GEOMETRIC_REPRESENTATION_CONTEXT(2) 
PARAMETRIC_REPRESENTATION_CONTEXT() REPRESENTATION_CONTEXT('2D SPACE',''
  ) );
#2118 = PCURVE('',#2119,#2124);
#2119 = CYLINDRICAL_SURFACE('',#2120,4.3);
#2120 = AXIS2_PLACEMENT_3D('',#2121,#2122,#2123);
#2121 = CARTESIAN_POINT('',(11.565,-15.565,-1.));
#2122 = DIRECTION('',(0.,0.,1.));
#2123 = DIRECTION('',(0.,-1.,0.));
#2124 = DEFINITIONAL_REPRESENTATION('',(#2125),#2129);
#2125 = LINE('',#2126,#2127);
#2126 = CARTESIAN_POINT('',(0.,1.));
#2127 = VECTOR('',#2128,1.);
#2128 = DIRECTION('',(1.,0.));
#2129 = ( GEOMETRIC_REPRESENTATION_CONTEXT(2) 
PARAMETRIC_REPRESENTATION_CONTEXT() REPRESENTATION_CONTEXT('2D SPACE',''
  ) );
#2130 = ORIENTED_EDGE('',*,*,#2131,.T.);
#2131 = EDGE_CURVE('',#2101,#2132,#2134,.T.);
#2132 = VERTEX_POINT('',#2133);
#2133 = CARTESIAN_POINT('',(-11.565,-19.865,-1.7763568394E-15));
#2134 = SURFACE_CURVE('',#2135,(#2139,#2145),.PCURVE_S1.);
#2135 = LINE('',#2136,#2137);
#2136 = CARTESIAN_POINT('',(-7.9325,-19.865,-1.7763568394E-15));
#2137 = VECTOR('',#2138,1.);
#2138 = DIRECTION('',(-1.,0.,0.));
#2139 = PCURVE('',#372,#2140);
#2140 = DEFINITIONAL_REPRESENTATION('',(#2141),#2144);
#2141 = B_SPLINE_CURVE_WITH_KNOTS('',1,(#2142,#2143),.UNSPECIFIED.,.F.,
  .F.,(2,2),(-19.4975,3.6325),.PIECEWISE_BEZIER_KNOTS.);
#2142 = CARTESIAN_POINT('',(11.565,-19.865));
#2143 = CARTESIAN_POINT('',(-11.565,-19.865));
#2144 = ( GEOMETRIC_REPRESENTATION_CONTEXT(2) 
PARAMETRIC_REPRESENTATION_CONTEXT() REPRESENTATION_CONTEXT('2D SPACE',''
  ) );
#2145 = PCURVE('',#2146,#2151);
#2146 = PLANE('',#2147);
#2147 = AXIS2_PLACEMENT_3D('',#2148,#2149,#2150);
#2148 = CARTESIAN_POINT('',(-15.865,-19.865,-1.));
#2149 = DIRECTION('',(0.,1.,0.));
#2150 = DIRECTION('',(1.,0.,0.));
#2151 = DEFINITIONAL_REPRESENTATION('',(#2152),#2155);
#2152 = B_SPLINE_CURVE_WITH_KNOTS('',1,(#2153,#2154),.UNSPECIFIED.,.F.,
  .F.,(2,2),(-19.4975,3.6325),.PIECEWISE_BEZIER_KNOTS.);
#2153 = CARTESIAN_POINT('',(27.43,-1.));
#2154 = CARTESIAN_POINT('',(4.3,-1.));
#2155 = ( GEOMETRIC_REPRESENTATION_CONTEXT(2) 
PARAMETRIC_REPRESENTATION_CONTEXT() REPRESENTATION_CONTEXT('2D SPACE',''
  ) );
#2156 = ORIENTED_EDGE('',*,*,#2157,.F.);
#2157 = EDGE_CURVE('',#2158,#2132,#2160,.T.);
#2158 = VERTEX_POINT('',#2159);
#2159 = CARTESIAN_POINT('',(-15.865,-15.565,-1.7763568394E-15));
#2160 = SURFACE_CURVE('',#2161,(#2166,#2173),.PCURVE_S1.);
#2161 = CIRCLE('',#2162,4.3);
#2162 = AXIS2_PLACEMENT_3D('',#2163,#2164,#2165);
#2163 = CARTESIAN_POINT('',(-11.565,-15.565,-1.7763568394E-15));
#2164 = DIRECTION('',(0.,0.,1.));
#2165 = DIRECTION('',(0.,-1.,0.));
#2166 = PCURVE('',#372,#2167);
#2167 = DEFINITIONAL_REPRESENTATION('',(#2168),#2172);
#2168 = CIRCLE('',#2169,4.3);
#2169 = AXIS2_PLACEMENT_2D('',#2170,#2171);
#2170 = CARTESIAN_POINT('',(-11.565,-15.565));
#2171 = DIRECTION('',(0.,-1.));
#2172 = ( GEOMETRIC_REPRESENTATION_CONTEXT(2) 
PARAMETRIC_REPRESENTATION_CONTEXT() REPRESENTATION_CONTEXT('2D SPACE',''
  ) );
#2173 = PCURVE('',#2174,#2179);
#2174 = CYLINDRICAL_SURFACE('',#2175,4.3);
#2175 = AXIS2_PLACEMENT_3D('',#2176,#2177,#2178);
#2176 = CARTESIAN_POINT('',(-11.565,-15.565,-1.));
#2177 = DIRECTION('',(0.,0.,1.));
#2178 = DIRECTION('',(0.,-1.,0.));
#2179 = DEFINITIONAL_REPRESENTATION('',(#2180),#2184);
#2180 = LINE('',#2181,#2182);
#2181 = CARTESIAN_POINT('',(-6.28318530718,1.));
#2182 = VECTOR('',#2183,1.);
#2183 = DIRECTION('',(1.,-0.));
#2184 = ( GEOMETRIC_REPRESENTATION_CONTEXT(2) 
PARAMETRIC_REPRESENTATION_CONTEXT() REPRESENTATION_CONTEXT('2D SPACE',''
  ) );
#2185 = ORIENTED_EDGE('',*,*,#2186,.T.);
#2186 = EDGE_CURVE('',#2158,#2187,#2189,.T.);
#2187 = VERTEX_POINT('',#2188);
#2188 = CARTESIAN_POINT('',(-15.865,15.565,-1.7763568394E-15));
#2189 = SURFACE_CURVE('',#2190,(#2194,#2200),.PCURVE_S1.);
#2190 = LINE('',#2191,#2192);
#2191 = CARTESIAN_POINT('',(-15.865,9.9325,-1.7763568394E-15));
#2192 = VECTOR('',#2193,1.);
#2193 = DIRECTION('',(-0.,1.,0.));
#2194 = PCURVE('',#372,#2195);
#2195 = DEFINITIONAL_REPRESENTATION('',(#2196),#2199);
#2196 = B_SPLINE_CURVE_WITH_KNOTS('',1,(#2197,#2198),.UNSPECIFIED.,.F.,
  .F.,(2,2),(-25.4975,5.6325),.PIECEWISE_BEZIER_KNOTS.);
#2197 = CARTESIAN_POINT('',(-15.865,-15.565));
#2198 = CARTESIAN_POINT('',(-15.865,15.565));
#2199 = ( GEOMETRIC_REPRESENTATION_CONTEXT(2) 
PARAMETRIC_REPRESENTATION_CONTEXT() REPRESENTATION_CONTEXT('2D SPACE',''
  ) );
#2200 = PCURVE('',#2201,#2206);
#2201 = PLANE('',#2202);
#2202 = AXIS2_PLACEMENT_3D('',#2203,#2204,#2205);
#2203 = CARTESIAN_POINT('',(-15.865,19.865,-1.));
#2204 = DIRECTION('',(1.,0.,-0.));
#2205 = DIRECTION('',(0.,-1.,0.));
#2206 = DEFINITIONAL_REPRESENTATION('',(#2207),#2210);
#2207 = B_SPLINE_CURVE_WITH_KNOTS('',1,(#2208,#2209),.UNSPECIFIED.,.F.,
  .F.,(2,2),(-25.4975,5.6325),.PIECEWISE_BEZIER_KNOTS.);
#2208 = CARTESIAN_POINT('',(35.43,-1.));
#2209 = CARTESIAN_POINT('',(4.3,-1.));
#2210 = ( GEOMETRIC_REPRESENTATION_CONTEXT(2) 
PARAMETRIC_REPRESENTATION_CONTEXT() REPRESENTATION_CONTEXT('2D SPACE',''
  ) );
#2211 = ORIENTED_EDGE('',*,*,#2212,.F.);
#2212 = EDGE_CURVE('',#2213,#2187,#2215,.T.);
#2213 = VERTEX_POINT('',#2214);
#2214 = CARTESIAN_POINT('',(-11.565,19.865,-1.7763568394E-15));
#2215 = SURFACE_CURVE('',#2216,(#2221,#2228),.PCURVE_S1.);
#2216 = CIRCLE('',#2217,4.3);
#2217 = AXIS2_PLACEMENT_3D('',#2218,#2219,#2220);
#2218 = CARTESIAN_POINT('',(-11.565,15.565,-1.7763568394E-15));
#2219 = DIRECTION('',(0.,0.,1.));
#2220 = DIRECTION('',(-0.,1.,0.));
#2221 = PCURVE('',#372,#2222);
#2222 = DEFINITIONAL_REPRESENTATION('',(#2223),#2227);
#2223 = CIRCLE('',#2224,4.3);
#2224 = AXIS2_PLACEMENT_2D('',#2225,#2226);
#2225 = CARTESIAN_POINT('',(-11.565,15.565));
#2226 = DIRECTION('',(0.,1.));
#2227 = ( GEOMETRIC_REPRESENTATION_CONTEXT(2) 
PARAMETRIC_REPRESENTATION_CONTEXT() REPRESENTATION_CONTEXT('2D SPACE',''
  ) );
#2228 = PCURVE('',#2229,#2234);
#2229 = CYLINDRICAL_SURFACE('',#2230,4.3);
#2230 = AXIS2_PLACEMENT_3D('',#2231,#2232,#2233);
#2231 = CARTESIAN_POINT('',(-11.565,15.565,-1.));
#2232 = DIRECTION('',(0.,0.,1.));
#2233 = DIRECTION('',(-0.,1.,0.));
#2234 = DEFINITIONAL_REPRESENTATION('',(#2235),#2239);
#2235 = LINE('',#2236,#2237);
#2236 = CARTESIAN_POINT('',(0.,1.));
#2237 = VECTOR('',#2238,1.);
#2238 = DIRECTION('',(1.,0.));
#2239 = ( GEOMETRIC_REPRESENTATION_CONTEXT(2) 
PARAMETRIC_REPRESENTATION_CONTEXT() REPRESENTATION_CONTEXT('2D SPACE',''
  ) );
#2240 = ORIENTED_EDGE('',*,*,#2241,.T.);
#2241 = EDGE_CURVE('',#2213,#2242,#2244,.T.);
#2242 = VERTEX_POINT('',#2243);
#2243 = CARTESIAN_POINT('',(11.565,19.865,-1.7763568394E-15));
#2244 = SURFACE_CURVE('',#2245,(#2249,#2255),.PCURVE_S1.);
#2245 = LINE('',#2246,#2247);
#2246 = CARTESIAN_POINT('',(7.9325,19.865,-1.7763568394E-15));
#2247 = VECTOR('',#2248,1.);
#2248 = DIRECTION('',(1.,0.,-0.));
#2249 = PCURVE('',#372,#2250);
#2250 = DEFINITIONAL_REPRESENTATION('',(#2251),#2254);
#2251 = B_SPLINE_CURVE_WITH_KNOTS('',1,(#2252,#2253),.UNSPECIFIED.,.F.,
  .F.,(2,2),(-19.4975,3.6325),.PIECEWISE_BEZIER_KNOTS.);
#2252 = CARTESIAN_POINT('',(-11.565,19.865));
#2253 = CARTESIAN_POINT('',(11.565,19.865));
#2254 = ( GEOMETRIC_REPRESENTATION_CONTEXT(2) 
PARAMETRIC_REPRESENTATION_CONTEXT() REPRESENTATION_CONTEXT('2D SPACE',''
  ) );
#2255 = PCURVE('',#2256,#2261);
#2256 = PLANE('',#2257);
#2257 = AXIS2_PLACEMENT_3D('',#2258,#2259,#2260);
#2258 = CARTESIAN_POINT('',(15.865,19.865,-1.));
#2259 = DIRECTION('',(0.,-1.,0.));
#2260 = DIRECTION('',(-1.,0.,0.));
#2261 = DEFINITIONAL_REPRESENTATION('',(#2262),#2265);
#2262 = B_SPLINE_CURVE_WITH_KNOTS('',1,(#2263,#2264),.UNSPECIFIED.,.F.,
  .F.,(2,2),(-19.4975,3.6325),.PIECEWISE_BEZIER_KNOTS.);
#2263 = CARTESIAN_POINT('',(27.43,-1.));
#2264 = CARTESIAN_POINT('',(4.3,-1.));
#2265 = ( GEOMETRIC_REPRESENTATION_CONTEXT(2) 
PARAMETRIC_REPRESENTATION_CONTEXT() REPRESENTATION_CONTEXT('2D SPACE',''
  ) );
#2266 = ORIENTED_EDGE('',*,*,#2267,.F.);
#2267 = EDGE_CURVE('',#2268,#2242,#2270,.T.);
#2268 = VERTEX_POINT('',#2269);
#2269 = CARTESIAN_POINT('',(15.865,15.565,-1.7763568394E-15));
#2270 = SURFACE_CURVE('',#2271,(#2276,#2283),.PCURVE_S1.);
#2271 = CIRCLE('',#2272,4.3);
#2272 = AXIS2_PLACEMENT_3D('',#2273,#2274,#2275);
#2273 = CARTESIAN_POINT('',(11.565,15.565,-1.7763568394E-15));
#2274 = DIRECTION('',(0.,0.,1.));
#2275 = DIRECTION('',(1.,0.,-0.));
#2276 = PCURVE('',#372,#2277);
#2277 = DEFINITIONAL_REPRESENTATION('',(#2278),#2282);
#2278 = CIRCLE('',#2279,4.3);
#2279 = AXIS2_PLACEMENT_2D('',#2280,#2281);
#2280 = CARTESIAN_POINT('',(11.565,15.565));
#2281 = DIRECTION('',(1.,0.));
#2282 = ( GEOMETRIC_REPRESENTATION_CONTEXT(2) 
PARAMETRIC_REPRESENTATION_CONTEXT() REPRESENTATION_CONTEXT('2D SPACE',''
  ) );
#2283 = PCURVE('',#2284,#2289);
#2284 = CYLINDRICAL_SURFACE('',#2285,4.3);
#2285 = AXIS2_PLACEMENT_3D('',#2286,#2287,#2288);
#2286 = CARTESIAN_POINT('',(11.565,15.565,-1.));
#2287 = DIRECTION('',(0.,0.,1.));
#2288 = DIRECTION('',(1.,0.,-0.));
#2289 = DEFINITIONAL_REPRESENTATION('',(#2290),#2294);
#2290 = LINE('',#2291,#2292);
#2291 = CARTESIAN_POINT('',(0.,1.));
#2292 = VECTOR('',#2293,1.);
#2293 = DIRECTION('',(1.,0.));
#2294 = ( GEOMETRIC_REPRESENTATION_CONTEXT(2) 
PARAMETRIC_REPRESENTATION_CONTEXT() REPRESENTATION_CONTEXT('2D SPACE',''
  ) );
#2295 = ORIENTED_EDGE('',*,*,#2296,.T.);
#2296 = EDGE_CURVE('',#2268,#2103,#2297,.T.);
#2297 = SURFACE_CURVE('',#2298,(#2302,#2308),.PCURVE_S1.);
#2298 = LINE('',#2299,#2300);
#2299 = CARTESIAN_POINT('',(15.865,-9.9325,-1.7763568394E-15));
#2300 = VECTOR('',#2301,1.);
#2301 = DIRECTION('',(0.,-1.,0.));
#2302 = PCURVE('',#372,#2303);
#2303 = DEFINITIONAL_REPRESENTATION('',(#2304),#2307);
#2304 = B_SPLINE_CURVE_WITH_KNOTS('',1,(#2305,#2306),.UNSPECIFIED.,.F.,
  .F.,(2,2),(-25.4975,5.6325),.PIECEWISE_BEZIER_KNOTS.);
#2305 = CARTESIAN_POINT('',(15.865,15.565));
#2306 = CARTESIAN_POINT('',(15.865,-15.565));
#2307 = ( GEOMETRIC_REPRESENTATION_CONTEXT(2) 
PARAMETRIC_REPRESENTATION_CONTEXT() REPRESENTATION_CONTEXT('2D SPACE',''
  ) );
#2308 = PCURVE('',#2309,#2314);
#2309 = PLANE('',#2310);
#2310 = AXIS2_PLACEMENT_3D('',#2311,#2312,#2313);
#2311 = CARTESIAN_POINT('',(15.865,-19.865,-1.));
#2312 = DIRECTION('',(-1.,0.,0.));
#2313 = DIRECTION('',(0.,1.,0.));
#2314 = DEFINITIONAL_REPRESENTATION('',(#2315),#2318);
#2315 = B_SPLINE_CURVE_WITH_KNOTS('',1,(#2316,#2317),.UNSPECIFIED.,.F.,
  .F.,(2,2),(-25.4975,5.6325),.PIECEWISE_BEZIER_KNOTS.);
#2316 = CARTESIAN_POINT('',(35.43,-1.));
#2317 = CARTESIAN_POINT('',(4.3,-1.));
#2318 = ( GEOMETRIC_REPRESENTATION_CONTEXT(2) 
PARAMETRIC_REPRESENTATION_CONTEXT() REPRESENTATION_CONTEXT('2D SPACE',''
  ) );
#2319 = ADVANCED_FACE('',(#2320),#398,.T.);
#2320 = FACE_BOUND('',#2321,.T.);
#2321 = EDGE_LOOP('',(#2322,#2323,#2324,#2344));
#2322 = ORIENTED_EDGE('',*,*,#384,.F.);
#2323 = ORIENTED_EDGE('',*,*,#466,.T.);
#2324 = ORIENTED_EDGE('',*,*,#2325,.T.);
#2325 = EDGE_CURVE('',#439,#1719,#2326,.T.);
#2326 = SURFACE_CURVE('',#2327,(#2332,#2338),.PCURVE_S1.);
#2327 = CIRCLE('',#2328,0.65);
#2328 = AXIS2_PLACEMENT_3D('',#2329,#2330,#2331);
#2329 = CARTESIAN_POINT('',(20.55,-17.2,-0.65));
#2330 = DIRECTION('',(-6.123233995737E-17,-1.,0.));
#2331 = DIRECTION('',(1.,-6.123233995737E-17,0.));
#2332 = PCURVE('',#398,#2333);
#2333 = DEFINITIONAL_REPRESENTATION('',(#2334),#2337);
#2334 = B_SPLINE_CURVE_WITH_KNOTS('',1,(#2335,#2336),.UNSPECIFIED.,.F.,
  .F.,(2,2),(0.,1.570796326795),.PIECEWISE_BEZIER_KNOTS.);
#2335 = CARTESIAN_POINT('',(1.570796326795,0.));
#2336 = CARTESIAN_POINT('',(1.570796326795,1.570796326795));
#2337 = ( GEOMETRIC_REPRESENTATION_CONTEXT(2) 
PARAMETRIC_REPRESENTATION_CONTEXT() REPRESENTATION_CONTEXT('2D SPACE',''
  ) );
#2338 = PCURVE('',#1758,#2339);
#2339 = DEFINITIONAL_REPRESENTATION('',(#2340),#2343);
#2340 = B_SPLINE_CURVE_WITH_KNOTS('',1,(#2341,#2342),.UNSPECIFIED.,.F.,
  .F.,(2,2),(0.,1.570796326795),.PIECEWISE_BEZIER_KNOTS.);
#2341 = CARTESIAN_POINT('',(0.,0.));
#2342 = CARTESIAN_POINT('',(-1.570796326795,0.));
#2343 = ( GEOMETRIC_REPRESENTATION_CONTEXT(2) 
PARAMETRIC_REPRESENTATION_CONTEXT() REPRESENTATION_CONTEXT('2D SPACE',''
  ) );
#2344 = ORIENTED_EDGE('',*,*,#1718,.F.);
#2345 = ADVANCED_FACE('',(#2346,#2421,#2659,#2897),#454,.F.);
#2346 = FACE_BOUND('',#2347,.F.);
#2347 = EDGE_LOOP('',(#2348,#2349,#2372,#2400));
#2348 = ORIENTED_EDGE('',*,*,#438,.T.);
#2349 = ORIENTED_EDGE('',*,*,#2350,.T.);
#2350 = EDGE_CURVE('',#439,#2351,#2353,.T.);
#2351 = VERTEX_POINT('',#2352);
#2352 = CARTESIAN_POINT('',(21.2,17.2,-0.65));
#2353 = SURFACE_CURVE('',#2354,(#2358,#2365),.PCURVE_S1.);
#2354 = LINE('',#2355,#2356);
#2355 = CARTESIAN_POINT('',(21.2,-17.2,-0.65));
#2356 = VECTOR('',#2357,1.);
#2357 = DIRECTION('',(0.,1.,0.));
#2358 = PCURVE('',#454,#2359);
#2359 = DEFINITIONAL_REPRESENTATION('',(#2360),#2364);
#2360 = LINE('',#2361,#2362);
#2361 = CARTESIAN_POINT('',(8.,-12.35));
#2362 = VECTOR('',#2363,1.);
#2363 = DIRECTION('',(1.,0.));
#2364 = ( GEOMETRIC_REPRESENTATION_CONTEXT(2) 
PARAMETRIC_REPRESENTATION_CONTEXT() REPRESENTATION_CONTEXT('2D SPACE',''
  ) );
#2365 = PCURVE('',#1758,#2366);
#2366 = DEFINITIONAL_REPRESENTATION('',(#2367),#2371);
#2367 = LINE('',#2368,#2369);
#2368 = CARTESIAN_POINT('',(-0.,0.));
#2369 = VECTOR('',#2370,1.);
#2370 = DIRECTION('',(-0.,1.));
#2371 = ( GEOMETRIC_REPRESENTATION_CONTEXT(2) 
PARAMETRIC_REPRESENTATION_CONTEXT() REPRESENTATION_CONTEXT('2D SPACE',''
  ) );
#2372 = ORIENTED_EDGE('',*,*,#2373,.F.);
#2373 = EDGE_CURVE('',#2374,#2351,#2376,.T.);
#2374 = VERTEX_POINT('',#2375);
#2375 = CARTESIAN_POINT('',(21.2,17.2,-12.35));
#2376 = SURFACE_CURVE('',#2377,(#2381,#2388),.PCURVE_S1.);
#2377 = LINE('',#2378,#2379);
#2378 = CARTESIAN_POINT('',(21.2,17.2,-13.));
#2379 = VECTOR('',#2380,1.);
#2380 = DIRECTION('',(0.,0.,1.));
#2381 = PCURVE('',#454,#2382);
#2382 = DEFINITIONAL_REPRESENTATION('',(#2383),#2387);
#2383 = LINE('',#2384,#2385);
#2384 = CARTESIAN_POINT('',(42.4,0.));
#2385 = VECTOR('',#2386,1.);
#2386 = DIRECTION('',(0.,-1.));
#2387 = ( GEOMETRIC_REPRESENTATION_CONTEXT(2) 
PARAMETRIC_REPRESENTATION_CONTEXT() REPRESENTATION_CONTEXT('2D SPACE',''
  ) );
#2388 = PCURVE('',#2389,#2394);
#2389 = CYLINDRICAL_SURFACE('',#2390,8.);
#2390 = AXIS2_PLACEMENT_3D('',#2391,#2392,#2393);
#2391 = CARTESIAN_POINT('',(13.2,17.2,-13.));
#2392 = DIRECTION('',(0.,0.,1.));
#2393 = DIRECTION('',(1.,0.,-0.));
#2394 = DEFINITIONAL_REPRESENTATION('',(#2395),#2399);
#2395 = LINE('',#2396,#2397);
#2396 = CARTESIAN_POINT('',(0.,0.));
#2397 = VECTOR('',#2398,1.);
#2398 = DIRECTION('',(0.,1.));
#2399 = ( GEOMETRIC_REPRESENTATION_CONTEXT(2) 
PARAMETRIC_REPRESENTATION_CONTEXT() REPRESENTATION_CONTEXT('2D SPACE',''
  ) );
#2400 = ORIENTED_EDGE('',*,*,#2401,.F.);
#2401 = EDGE_CURVE('',#415,#2374,#2402,.T.);
#2402 = SURFACE_CURVE('',#2403,(#2407,#2414),.PCURVE_S1.);
#2403 = LINE('',#2404,#2405);
#2404 = CARTESIAN_POINT('',(21.2,-17.2,-12.35));
#2405 = VECTOR('',#2406,1.);
#2406 = DIRECTION('',(0.,1.,0.));
#2407 = PCURVE('',#454,#2408);
#2408 = DEFINITIONAL_REPRESENTATION('',(#2409),#2413);
#2409 = LINE('',#2410,#2411);
#2410 = CARTESIAN_POINT('',(8.,-0.65));
#2411 = VECTOR('',#2412,1.);
#2412 = DIRECTION('',(1.,0.));
#2413 = ( GEOMETRIC_REPRESENTATION_CONTEXT(2) 
PARAMETRIC_REPRESENTATION_CONTEXT() REPRESENTATION_CONTEXT('2D SPACE',''
  ) );
#2414 = PCURVE('',#962,#2415);
#2415 = DEFINITIONAL_REPRESENTATION('',(#2416),#2420);
#2416 = LINE('',#2417,#2418);
#2417 = CARTESIAN_POINT('',(0.,0.));
#2418 = VECTOR('',#2419,1.);
#2419 = DIRECTION('',(0.,1.));
#2420 = ( GEOMETRIC_REPRESENTATION_CONTEXT(2) 
PARAMETRIC_REPRESENTATION_CONTEXT() REPRESENTATION_CONTEXT('2D SPACE',''
  ) );
#2421 = FACE_BOUND('',#2422,.F.);
#2422 = EDGE_LOOP('',(#2423,#2458,#2484,#2517,#2543,#2576,#2602,#2635));
#2423 = ORIENTED_EDGE('',*,*,#2424,.T.);
#2424 = EDGE_CURVE('',#2425,#2427,#2429,.T.);
#2425 = VERTEX_POINT('',#2426);
#2426 = CARTESIAN_POINT('',(21.2,-11.7844,-9.4));
#2427 = VERTEX_POINT('',#2428);
#2428 = CARTESIAN_POINT('',(21.2,-10.9844,-10.2));
#2429 = SURFACE_CURVE('',#2430,(#2435,#2446),.PCURVE_S1.);
#2430 = CIRCLE('',#2431,0.8);
#2431 = AXIS2_PLACEMENT_3D('',#2432,#2433,#2434);
#2432 = CARTESIAN_POINT('',(21.2,-10.9844,-9.4));
#2433 = DIRECTION('',(1.,0.,0.));
#2434 = DIRECTION('',(0.,0.,-1.));
#2435 = PCURVE('',#454,#2436);
#2436 = DEFINITIONAL_REPRESENTATION('',(#2437),#2445);
#2437 = ( BOUNDED_CURVE() B_SPLINE_CURVE(2,(#2438,#2439,#2440,#2441,
#2442,#2443,#2444),.UNSPECIFIED.,.T.,.F.) B_SPLINE_CURVE_WITH_KNOTS((1,2
    ,2,2,2,1),(-2.094395102393,0.,2.094395102393,4.188790204786,
6.28318530718,8.377580409573),.UNSPECIFIED.) CURVE() 
GEOMETRIC_REPRESENTATION_ITEM() RATIONAL_B_SPLINE_CURVE((1.,0.5,1.,0.5,
1.,0.5,1.)) REPRESENTATION_ITEM('') );
#2438 = CARTESIAN_POINT('',(14.2156,-2.8));
#2439 = CARTESIAN_POINT('',(15.601240646055,-2.8));
#2440 = CARTESIAN_POINT('',(14.908420323028,-4.));
#2441 = CARTESIAN_POINT('',(14.2156,-5.2));
#2442 = CARTESIAN_POINT('',(13.522779676972,-4.));
#2443 = CARTESIAN_POINT('',(12.829959353945,-2.8));
#2444 = CARTESIAN_POINT('',(14.2156,-2.8));
#2445 = ( GEOMETRIC_REPRESENTATION_CONTEXT(2) 
PARAMETRIC_REPRESENTATION_CONTEXT() REPRESENTATION_CONTEXT('2D SPACE',''
  ) );
#2446 = PCURVE('',#2447,#2452);
#2447 = CYLINDRICAL_SURFACE('',#2448,0.8);
#2448 = AXIS2_PLACEMENT_3D('',#2449,#2450,#2451);
#2449 = CARTESIAN_POINT('',(14.5,-10.9844,-9.4));
#2450 = DIRECTION('',(1.,0.,0.));
#2451 = DIRECTION('',(0.,0.,-1.));
#2452 = DEFINITIONAL_REPRESENTATION('',(#2453),#2457);
#2453 = LINE('',#2454,#2455);
#2454 = CARTESIAN_POINT('',(-6.28318530718,6.7));
#2455 = VECTOR('',#2456,1.);
#2456 = DIRECTION('',(1.,-0.));
#2457 = ( GEOMETRIC_REPRESENTATION_CONTEXT(2) 
PARAMETRIC_REPRESENTATION_CONTEXT() REPRESENTATION_CONTEXT('2D SPACE',''
  ) );
#2458 = ORIENTED_EDGE('',*,*,#2459,.T.);
#2459 = EDGE_CURVE('',#2427,#2460,#2462,.T.);
#2460 = VERTEX_POINT('',#2461);
#2461 = CARTESIAN_POINT('',(21.2,-5.9844,-10.2));
#2462 = SURFACE_CURVE('',#2463,(#2467,#2473),.PCURVE_S1.);
#2463 = LINE('',#2464,#2465);
#2464 = CARTESIAN_POINT('',(21.2,-18.4922,-10.2));
#2465 = VECTOR('',#2466,1.);
#2466 = DIRECTION('',(0.,1.,-0.));
#2467 = PCURVE('',#454,#2468);
#2468 = DEFINITIONAL_REPRESENTATION('',(#2469),#2472);
#2469 = B_SPLINE_CURVE_WITH_KNOTS('',1,(#2470,#2471),.UNSPECIFIED.,.F.,
  .F.,(2,2),(7.5078,12.5078),.PIECEWISE_BEZIER_KNOTS.);
#2470 = CARTESIAN_POINT('',(14.2156,-2.8));
#2471 = CARTESIAN_POINT('',(19.2156,-2.8));
#2472 = ( GEOMETRIC_REPRESENTATION_CONTEXT(2) 
PARAMETRIC_REPRESENTATION_CONTEXT() REPRESENTATION_CONTEXT('2D SPACE',''
  ) );
#2473 = PCURVE('',#2474,#2479);
#2474 = PLANE('',#2475);
#2475 = AXIS2_PLACEMENT_3D('',#2476,#2477,#2478);
#2476 = CARTESIAN_POINT('',(14.5,-11.7844,-10.2));
#2477 = DIRECTION('',(0.,0.,1.));
#2478 = DIRECTION('',(0.,1.,0.));
#2479 = DEFINITIONAL_REPRESENTATION('',(#2480),#2483);
#2480 = B_SPLINE_CURVE_WITH_KNOTS('',1,(#2481,#2482),.UNSPECIFIED.,.F.,
  .F.,(2,2),(7.5078,12.5078),.PIECEWISE_BEZIER_KNOTS.);
#2481 = CARTESIAN_POINT('',(0.8,-6.7));
#2482 = CARTESIAN_POINT('',(5.8,-6.7));
#2483 = ( GEOMETRIC_REPRESENTATION_CONTEXT(2) 
PARAMETRIC_REPRESENTATION_CONTEXT() REPRESENTATION_CONTEXT('2D SPACE',''
  ) );
#2484 = ORIENTED_EDGE('',*,*,#2485,.T.);
#2485 = EDGE_CURVE('',#2460,#2486,#2488,.T.);
#2486 = VERTEX_POINT('',#2487);
#2487 = CARTESIAN_POINT('',(21.2,-5.1844,-9.4));
#2488 = SURFACE_CURVE('',#2489,(#2494,#2505),.PCURVE_S1.);
#2489 = CIRCLE('',#2490,0.8);
#2490 = AXIS2_PLACEMENT_3D('',#2491,#2492,#2493);
#2491 = CARTESIAN_POINT('',(21.2,-5.9844,-9.4));
#2492 = DIRECTION('',(1.,0.,0.));
#2493 = DIRECTION('',(0.,0.,-1.));
#2494 = PCURVE('',#454,#2495);
#2495 = DEFINITIONAL_REPRESENTATION('',(#2496),#2504);
#2496 = ( BOUNDED_CURVE() B_SPLINE_CURVE(2,(#2497,#2498,#2499,#2500,
#2501,#2502,#2503),.UNSPECIFIED.,.T.,.F.) B_SPLINE_CURVE_WITH_KNOTS((1,2
    ,2,2,2,1),(-2.094395102393,0.,2.094395102393,4.188790204786,
6.28318530718,8.377580409573),.UNSPECIFIED.) CURVE() 
GEOMETRIC_REPRESENTATION_ITEM() RATIONAL_B_SPLINE_CURVE((1.,0.5,1.,0.5,
1.,0.5,1.)) REPRESENTATION_ITEM('') );
#2497 = CARTESIAN_POINT('',(19.2156,-2.8));
#2498 = CARTESIAN_POINT('',(20.601240646055,-2.8));
#2499 = CARTESIAN_POINT('',(19.908420323028,-4.));
#2500 = CARTESIAN_POINT('',(19.2156,-5.2));
#2501 = CARTESIAN_POINT('',(18.522779676972,-4.));
#2502 = CARTESIAN_POINT('',(17.829959353945,-2.8));
#2503 = CARTESIAN_POINT('',(19.2156,-2.8));
#2504 = ( GEOMETRIC_REPRESENTATION_CONTEXT(2) 
PARAMETRIC_REPRESENTATION_CONTEXT() REPRESENTATION_CONTEXT('2D SPACE',''
  ) );
#2505 = PCURVE('',#2506,#2511);
#2506 = CYLINDRICAL_SURFACE('',#2507,0.8);
#2507 = AXIS2_PLACEMENT_3D('',#2508,#2509,#2510);
#2508 = CARTESIAN_POINT('',(14.5,-5.9844,-9.4));
#2509 = DIRECTION('',(1.,0.,0.));
#2510 = DIRECTION('',(0.,0.,-1.));
#2511 = DEFINITIONAL_REPRESENTATION('',(#2512),#2516);
#2512 = LINE('',#2513,#2514);
#2513 = CARTESIAN_POINT('',(0.,6.7));
#2514 = VECTOR('',#2515,1.);
#2515 = DIRECTION('',(1.,0.));
#2516 = ( GEOMETRIC_REPRESENTATION_CONTEXT(2) 
PARAMETRIC_REPRESENTATION_CONTEXT() REPRESENTATION_CONTEXT('2D SPACE',''
  ) );
#2517 = ORIENTED_EDGE('',*,*,#2518,.T.);
#2518 = EDGE_CURVE('',#2486,#2519,#2521,.T.);
#2519 = VERTEX_POINT('',#2520);
#2520 = CARTESIAN_POINT('',(21.2,-5.1844,-6.2));
#2521 = SURFACE_CURVE('',#2522,(#2526,#2532),.PCURVE_S1.);
#2522 = LINE('',#2523,#2524);
#2523 = CARTESIAN_POINT('',(21.2,-5.1844,-11.6));
#2524 = VECTOR('',#2525,1.);
#2525 = DIRECTION('',(0.,0.,1.));
#2526 = PCURVE('',#454,#2527);
#2527 = DEFINITIONAL_REPRESENTATION('',(#2528),#2531);
#2528 = B_SPLINE_CURVE_WITH_KNOTS('',1,(#2529,#2530),.UNSPECIFIED.,.F.,
  .F.,(2,2),(2.2,5.4),.PIECEWISE_BEZIER_KNOTS.);
#2529 = CARTESIAN_POINT('',(20.0156,-3.6));
#2530 = CARTESIAN_POINT('',(20.0156,-6.8));
#2531 = ( GEOMETRIC_REPRESENTATION_CONTEXT(2) 
PARAMETRIC_REPRESENTATION_CONTEXT() REPRESENTATION_CONTEXT('2D SPACE',''
  ) );
#2532 = PCURVE('',#2533,#2538);
#2533 = PLANE('',#2534);
#2534 = AXIS2_PLACEMENT_3D('',#2535,#2536,#2537);
#2535 = CARTESIAN_POINT('',(14.5,-5.1844,-10.2));
#2536 = DIRECTION('',(0.,-1.,0.));
#2537 = DIRECTION('',(0.,0.,1.));
#2538 = DEFINITIONAL_REPRESENTATION('',(#2539),#2542);
#2539 = B_SPLINE_CURVE_WITH_KNOTS('',1,(#2540,#2541),.UNSPECIFIED.,.F.,
  .F.,(2,2),(2.2,5.4),.PIECEWISE_BEZIER_KNOTS.);
#2540 = CARTESIAN_POINT('',(0.8,-6.7));
#2541 = CARTESIAN_POINT('',(4.,-6.7));
#2542 = ( GEOMETRIC_REPRESENTATION_CONTEXT(2) 
PARAMETRIC_REPRESENTATION_CONTEXT() REPRESENTATION_CONTEXT('2D SPACE',''
  ) );
#2543 = ORIENTED_EDGE('',*,*,#2544,.T.);
#2544 = EDGE_CURVE('',#2519,#2545,#2547,.T.);
#2545 = VERTEX_POINT('',#2546);
#2546 = CARTESIAN_POINT('',(21.2,-5.9844,-5.4));
#2547 = SURFACE_CURVE('',#2548,(#2553,#2564),.PCURVE_S1.);
#2548 = CIRCLE('',#2549,0.8);
#2549 = AXIS2_PLACEMENT_3D('',#2550,#2551,#2552);
#2550 = CARTESIAN_POINT('',(21.2,-5.9844,-6.2));
#2551 = DIRECTION('',(1.,0.,0.));
#2552 = DIRECTION('',(-0.,1.,0.));
#2553 = PCURVE('',#454,#2554);
#2554 = DEFINITIONAL_REPRESENTATION('',(#2555),#2563);
#2555 = ( BOUNDED_CURVE() B_SPLINE_CURVE(2,(#2556,#2557,#2558,#2559,
#2560,#2561,#2562),.UNSPECIFIED.,.T.,.F.) B_SPLINE_CURVE_WITH_KNOTS((1,2
    ,2,2,2,1),(-2.094395102393,0.,2.094395102393,4.188790204786,
6.28318530718,8.377580409573),.UNSPECIFIED.) CURVE() 
GEOMETRIC_REPRESENTATION_ITEM() RATIONAL_B_SPLINE_CURVE((1.,0.5,1.,0.5,
1.,0.5,1.)) REPRESENTATION_ITEM('') );
#2556 = CARTESIAN_POINT('',(20.0156,-6.8));
#2557 = CARTESIAN_POINT('',(20.0156,-8.185640646055));
#2558 = CARTESIAN_POINT('',(18.8156,-7.492820323028));
#2559 = CARTESIAN_POINT('',(17.6156,-6.8));
#2560 = CARTESIAN_POINT('',(18.8156,-6.107179676972));
#2561 = CARTESIAN_POINT('',(20.0156,-5.414359353945));
#2562 = CARTESIAN_POINT('',(20.0156,-6.8));
#2563 = ( GEOMETRIC_REPRESENTATION_CONTEXT(2) 
PARAMETRIC_REPRESENTATION_CONTEXT() REPRESENTATION_CONTEXT('2D SPACE',''
  ) );
#2564 = PCURVE('',#2565,#2570);
#2565 = CYLINDRICAL_SURFACE('',#2566,0.8);
#2566 = AXIS2_PLACEMENT_3D('',#2567,#2568,#2569);
#2567 = CARTESIAN_POINT('',(14.5,-5.9844,-6.2));
#2568 = DIRECTION('',(1.,0.,0.));
#2569 = DIRECTION('',(-0.,1.,0.));
#2570 = DEFINITIONAL_REPRESENTATION('',(#2571),#2575);
#2571 = LINE('',#2572,#2573);
#2572 = CARTESIAN_POINT('',(0.,6.7));
#2573 = VECTOR('',#2574,1.);
#2574 = DIRECTION('',(1.,0.));
#2575 = ( GEOMETRIC_REPRESENTATION_CONTEXT(2) 
PARAMETRIC_REPRESENTATION_CONTEXT() REPRESENTATION_CONTEXT('2D SPACE',''
  ) );
#2576 = ORIENTED_EDGE('',*,*,#2577,.T.);
#2577 = EDGE_CURVE('',#2545,#2578,#2580,.T.);
#2578 = VERTEX_POINT('',#2579);
#2579 = CARTESIAN_POINT('',(21.2,-10.9844,-5.4));
#2580 = SURFACE_CURVE('',#2581,(#2585,#2591),.PCURVE_S1.);
#2581 = LINE('',#2582,#2583);
#2582 = CARTESIAN_POINT('',(21.2,-15.1922,-5.4));
#2583 = VECTOR('',#2584,1.);
#2584 = DIRECTION('',(-0.,-1.,-0.));
#2585 = PCURVE('',#454,#2586);
#2586 = DEFINITIONAL_REPRESENTATION('',(#2587),#2590);
#2587 = B_SPLINE_CURVE_WITH_KNOTS('',1,(#2588,#2589),.UNSPECIFIED.,.F.,
  .F.,(2,2),(-9.2078,-4.2078),.PIECEWISE_BEZIER_KNOTS.);
#2588 = CARTESIAN_POINT('',(19.2156,-7.6));
#2589 = CARTESIAN_POINT('',(14.2156,-7.6));
#2590 = ( GEOMETRIC_REPRESENTATION_CONTEXT(2) 
PARAMETRIC_REPRESENTATION_CONTEXT() REPRESENTATION_CONTEXT('2D SPACE',''
  ) );
#2591 = PCURVE('',#2592,#2597);
#2592 = PLANE('',#2593);
#2593 = AXIS2_PLACEMENT_3D('',#2594,#2595,#2596);
#2594 = CARTESIAN_POINT('',(14.5,-5.1844,-5.4));
#2595 = DIRECTION('',(0.,0.,-1.));
#2596 = DIRECTION('',(0.,-1.,0.));
#2597 = DEFINITIONAL_REPRESENTATION('',(#2598),#2601);
#2598 = B_SPLINE_CURVE_WITH_KNOTS('',1,(#2599,#2600),.UNSPECIFIED.,.F.,
  .F.,(2,2),(-9.2078,-4.2078),.PIECEWISE_BEZIER_KNOTS.);
#2599 = CARTESIAN_POINT('',(0.8,-6.7));
#2600 = CARTESIAN_POINT('',(5.8,-6.7));
#2601 = ( GEOMETRIC_REPRESENTATION_CONTEXT(2) 
PARAMETRIC_REPRESENTATION_CONTEXT() REPRESENTATION_CONTEXT('2D SPACE',''
  ) );
#2602 = ORIENTED_EDGE('',*,*,#2603,.T.);
#2603 = EDGE_CURVE('',#2578,#2604,#2606,.T.);
#2604 = VERTEX_POINT('',#2605);
#2605 = CARTESIAN_POINT('',(21.2,-11.7844,-6.2));
#2606 = SURFACE_CURVE('',#2607,(#2612,#2623),.PCURVE_S1.);
#2607 = CIRCLE('',#2608,0.8);
#2608 = AXIS2_PLACEMENT_3D('',#2609,#2610,#2611);
#2609 = CARTESIAN_POINT('',(21.2,-10.9844,-6.2));
#2610 = DIRECTION('',(1.,0.,0.));
#2611 = DIRECTION('',(0.,-0.,1.));
#2612 = PCURVE('',#454,#2613);
#2613 = DEFINITIONAL_REPRESENTATION('',(#2614),#2622);
#2614 = ( BOUNDED_CURVE() B_SPLINE_CURVE(2,(#2615,#2616,#2617,#2618,
#2619,#2620,#2621),.UNSPECIFIED.,.T.,.F.) B_SPLINE_CURVE_WITH_KNOTS((1,2
    ,2,2,2,1),(-2.094395102393,0.,2.094395102393,4.188790204786,
6.28318530718,8.377580409573),.UNSPECIFIED.) CURVE() 
GEOMETRIC_REPRESENTATION_ITEM() RATIONAL_B_SPLINE_CURVE((1.,0.5,1.,0.5,
1.,0.5,1.)) REPRESENTATION_ITEM('') );
#2615 = CARTESIAN_POINT('',(14.2156,-7.6));
#2616 = CARTESIAN_POINT('',(12.829959353945,-7.6));
#2617 = CARTESIAN_POINT('',(13.522779676972,-6.4));
#2618 = CARTESIAN_POINT('',(14.2156,-5.2));
#2619 = CARTESIAN_POINT('',(14.908420323028,-6.4));
#2620 = CARTESIAN_POINT('',(15.601240646055,-7.6));
#2621 = CARTESIAN_POINT('',(14.2156,-7.6));
#2622 = ( GEOMETRIC_REPRESENTATION_CONTEXT(2) 
PARAMETRIC_REPRESENTATION_CONTEXT() REPRESENTATION_CONTEXT('2D SPACE',''
  ) );
#2623 = PCURVE('',#2624,#2629);
#2624 = CYLINDRICAL_SURFACE('',#2625,0.8);
#2625 = AXIS2_PLACEMENT_3D('',#2626,#2627,#2628);
#2626 = CARTESIAN_POINT('',(14.5,-10.9844,-6.2));
#2627 = DIRECTION('',(1.,0.,0.));
#2628 = DIRECTION('',(0.,-0.,1.));
#2629 = DEFINITIONAL_REPRESENTATION('',(#2630),#2634);
#2630 = LINE('',#2631,#2632);
#2631 = CARTESIAN_POINT('',(0.,6.7));
#2632 = VECTOR('',#2633,1.);
#2633 = DIRECTION('',(1.,0.));
#2634 = ( GEOMETRIC_REPRESENTATION_CONTEXT(2) 
PARAMETRIC_REPRESENTATION_CONTEXT() REPRESENTATION_CONTEXT('2D SPACE',''
  ) );
#2635 = ORIENTED_EDGE('',*,*,#2636,.T.);
#2636 = EDGE_CURVE('',#2604,#2425,#2637,.T.);
#2637 = SURFACE_CURVE('',#2638,(#2642,#2648),.PCURVE_S1.);
#2638 = LINE('',#2639,#2640);
#2639 = CARTESIAN_POINT('',(21.2,-11.7844,-9.2));
#2640 = VECTOR('',#2641,1.);
#2641 = DIRECTION('',(0.,0.,-1.));
#2642 = PCURVE('',#454,#2643);
#2643 = DEFINITIONAL_REPRESENTATION('',(#2644),#2647);
#2644 = B_SPLINE_CURVE_WITH_KNOTS('',1,(#2645,#2646),.UNSPECIFIED.,.F.,
  .F.,(2,2),(-3.,0.2),.PIECEWISE_BEZIER_KNOTS.);
#2645 = CARTESIAN_POINT('',(13.4156,-6.8));
#2646 = CARTESIAN_POINT('',(13.4156,-3.6));
#2647 = ( GEOMETRIC_REPRESENTATION_CONTEXT(2) 
PARAMETRIC_REPRESENTATION_CONTEXT() REPRESENTATION_CONTEXT('2D SPACE',''
  ) );
#2648 = PCURVE('',#2649,#2654);
#2649 = PLANE('',#2650);
#2650 = AXIS2_PLACEMENT_3D('',#2651,#2652,#2653);
#2651 = CARTESIAN_POINT('',(14.5,-11.7844,-5.4));
#2652 = DIRECTION('',(-0.,1.,0.));
#2653 = DIRECTION('',(0.,0.,-1.));
#2654 = DEFINITIONAL_REPRESENTATION('',(#2655),#2658);
#2655 = B_SPLINE_CURVE_WITH_KNOTS('',1,(#2656,#2657),.UNSPECIFIED.,.F.,
  .F.,(2,2),(-3.,0.2),.PIECEWISE_BEZIER_KNOTS.);
#2656 = CARTESIAN_POINT('',(0.8,-6.7));
#2657 = CARTESIAN_POINT('',(4.,-6.7));
#2658 = ( GEOMETRIC_REPRESENTATION_CONTEXT(2) 
PARAMETRIC_REPRESENTATION_CONTEXT() REPRESENTATION_CONTEXT('2D SPACE',''
  ) );
#2659 = FACE_BOUND('',#2660,.F.);
#2660 = EDGE_LOOP('',(#2661,#2696,#2722,#2755,#2781,#2814,#2840,#2873));
#2661 = ORIENTED_EDGE('',*,*,#2662,.T.);
#2662 = EDGE_CURVE('',#2663,#2665,#2667,.T.);
#2663 = VERTEX_POINT('',#2664);
#2664 = CARTESIAN_POINT('',(21.2,-2.8734,-9.4));
#2665 = VERTEX_POINT('',#2666);
#2666 = CARTESIAN_POINT('',(21.2,-2.0734,-10.2));
#2667 = SURFACE_CURVE('',#2668,(#2673,#2684),.PCURVE_S1.);
#2668 = CIRCLE('',#2669,0.8);
#2669 = AXIS2_PLACEMENT_3D('',#2670,#2671,#2672);
#2670 = CARTESIAN_POINT('',(21.2,-2.0734,-9.4));
#2671 = DIRECTION('',(1.,0.,0.));
#2672 = DIRECTION('',(0.,0.,-1.));
#2673 = PCURVE('',#454,#2674);
#2674 = DEFINITIONAL_REPRESENTATION('',(#2675),#2683);
#2675 = ( BOUNDED_CURVE() B_SPLINE_CURVE(2,(#2676,#2677,#2678,#2679,
#2680,#2681,#2682),.UNSPECIFIED.,.T.,.F.) B_SPLINE_CURVE_WITH_KNOTS((1,2
    ,2,2,2,1),(-2.094395102393,0.,2.094395102393,4.188790204786,
6.28318530718,8.377580409573),.UNSPECIFIED.) CURVE() 
GEOMETRIC_REPRESENTATION_ITEM() RATIONAL_B_SPLINE_CURVE((1.,0.5,1.,0.5,
1.,0.5,1.)) REPRESENTATION_ITEM('') );
#2676 = CARTESIAN_POINT('',(23.1266,-2.8));
#2677 = CARTESIAN_POINT('',(24.512240646055,-2.8));
#2678 = CARTESIAN_POINT('',(23.819420323028,-4.));
#2679 = CARTESIAN_POINT('',(23.1266,-5.2));
#2680 = CARTESIAN_POINT('',(22.433779676972,-4.));
#2681 = CARTESIAN_POINT('',(21.740959353945,-2.8));
#2682 = CARTESIAN_POINT('',(23.1266,-2.8));
#2683 = ( GEOMETRIC_REPRESENTATION_CONTEXT(2) 
PARAMETRIC_REPRESENTATION_CONTEXT() REPRESENTATION_CONTEXT('2D SPACE',''
  ) );
#2684 = PCURVE('',#2685,#2690);
#2685 = CYLINDRICAL_SURFACE('',#2686,0.8);
#2686 = AXIS2_PLACEMENT_3D('',#2687,#2688,#2689);
#2687 = CARTESIAN_POINT('',(14.5,-2.0734,-9.4));
#2688 = DIRECTION('',(1.,0.,0.));
#2689 = DIRECTION('',(0.,0.,-1.));
#2690 = DEFINITIONAL_REPRESENTATION('',(#2691),#2695);
#2691 = LINE('',#2692,#2693);
#2692 = CARTESIAN_POINT('',(-6.28318530718,6.7));
#2693 = VECTOR('',#2694,1.);
#2694 = DIRECTION('',(1.,-0.));
#2695 = ( GEOMETRIC_REPRESENTATION_CONTEXT(2) 
PARAMETRIC_REPRESENTATION_CONTEXT() REPRESENTATION_CONTEXT('2D SPACE',''
  ) );
#2696 = ORIENTED_EDGE('',*,*,#2697,.T.);
#2697 = EDGE_CURVE('',#2665,#2698,#2700,.T.);
#2698 = VERTEX_POINT('',#2699);
#2699 = CARTESIAN_POINT('',(21.2,2.9266,-10.2));
#2700 = SURFACE_CURVE('',#2701,(#2705,#2711),.PCURVE_S1.);
#2701 = LINE('',#2702,#2703);
#2702 = CARTESIAN_POINT('',(21.2,-14.0367,-10.2));
#2703 = VECTOR('',#2704,1.);
#2704 = DIRECTION('',(0.,1.,-0.));
#2705 = PCURVE('',#454,#2706);
#2706 = DEFINITIONAL_REPRESENTATION('',(#2707),#2710);
#2707 = B_SPLINE_CURVE_WITH_KNOTS('',1,(#2708,#2709),.UNSPECIFIED.,.F.,
  .F.,(2,2),(11.9633,16.9633),.PIECEWISE_BEZIER_KNOTS.);
#2708 = CARTESIAN_POINT('',(23.1266,-2.8));
#2709 = CARTESIAN_POINT('',(28.1266,-2.8));
#2710 = ( GEOMETRIC_REPRESENTATION_CONTEXT(2) 
PARAMETRIC_REPRESENTATION_CONTEXT() REPRESENTATION_CONTEXT('2D SPACE',''
  ) );
#2711 = PCURVE('',#2712,#2717);
#2712 = PLANE('',#2713);
#2713 = AXIS2_PLACEMENT_3D('',#2714,#2715,#2716);
#2714 = CARTESIAN_POINT('',(14.5,-2.8734,-10.2));
#2715 = DIRECTION('',(0.,0.,1.));
#2716 = DIRECTION('',(0.,1.,0.));
#2717 = DEFINITIONAL_REPRESENTATION('',(#2718),#2721);
#2718 = B_SPLINE_CURVE_WITH_KNOTS('',1,(#2719,#2720),.UNSPECIFIED.,.F.,
  .F.,(2,2),(11.9633,16.9633),.PIECEWISE_BEZIER_KNOTS.);
#2719 = CARTESIAN_POINT('',(0.8,-6.7));
#2720 = CARTESIAN_POINT('',(5.8,-6.7));
#2721 = ( GEOMETRIC_REPRESENTATION_CONTEXT(2) 
PARAMETRIC_REPRESENTATION_CONTEXT() REPRESENTATION_CONTEXT('2D SPACE',''
  ) );
#2722 = ORIENTED_EDGE('',*,*,#2723,.T.);
#2723 = EDGE_CURVE('',#2698,#2724,#2726,.T.);
#2724 = VERTEX_POINT('',#2725);
#2725 = CARTESIAN_POINT('',(21.2,3.7266,-9.4));
#2726 = SURFACE_CURVE('',#2727,(#2732,#2743),.PCURVE_S1.);
#2727 = CIRCLE('',#2728,0.8);
#2728 = AXIS2_PLACEMENT_3D('',#2729,#2730,#2731);
#2729 = CARTESIAN_POINT('',(21.2,2.9266,-9.4));
#2730 = DIRECTION('',(1.,0.,0.));
#2731 = DIRECTION('',(0.,0.,-1.));
#2732 = PCURVE('',#454,#2733);
#2733 = DEFINITIONAL_REPRESENTATION('',(#2734),#2742);
#2734 = ( BOUNDED_CURVE() B_SPLINE_CURVE(2,(#2735,#2736,#2737,#2738,
#2739,#2740,#2741),.UNSPECIFIED.,.T.,.F.) B_SPLINE_CURVE_WITH_KNOTS((1,2
    ,2,2,2,1),(-2.094395102393,0.,2.094395102393,4.188790204786,
6.28318530718,8.377580409573),.UNSPECIFIED.) CURVE() 
GEOMETRIC_REPRESENTATION_ITEM() RATIONAL_B_SPLINE_CURVE((1.,0.5,1.,0.5,
1.,0.5,1.)) REPRESENTATION_ITEM('') );
#2735 = CARTESIAN_POINT('',(28.1266,-2.8));
#2736 = CARTESIAN_POINT('',(29.512240646055,-2.8));
#2737 = CARTESIAN_POINT('',(28.819420323028,-4.));
#2738 = CARTESIAN_POINT('',(28.1266,-5.2));
#2739 = CARTESIAN_POINT('',(27.433779676972,-4.));
#2740 = CARTESIAN_POINT('',(26.740959353945,-2.8));
#2741 = CARTESIAN_POINT('',(28.1266,-2.8));
#2742 = ( GEOMETRIC_REPRESENTATION_CONTEXT(2) 
PARAMETRIC_REPRESENTATION_CONTEXT() REPRESENTATION_CONTEXT('2D SPACE',''
  ) );
#2743 = PCURVE('',#2744,#2749);
#2744 = CYLINDRICAL_SURFACE('',#2745,0.8);
#2745 = AXIS2_PLACEMENT_3D('',#2746,#2747,#2748);
#2746 = CARTESIAN_POINT('',(14.5,2.9266,-9.4));
#2747 = DIRECTION('',(1.,0.,0.));
#2748 = DIRECTION('',(0.,0.,-1.));
#2749 = DEFINITIONAL_REPRESENTATION('',(#2750),#2754);
#2750 = LINE('',#2751,#2752);
#2751 = CARTESIAN_POINT('',(0.,6.7));
#2752 = VECTOR('',#2753,1.);
#2753 = DIRECTION('',(1.,0.));
#2754 = ( GEOMETRIC_REPRESENTATION_CONTEXT(2) 
PARAMETRIC_REPRESENTATION_CONTEXT() REPRESENTATION_CONTEXT('2D SPACE',''
  ) );
#2755 = ORIENTED_EDGE('',*,*,#2756,.T.);
#2756 = EDGE_CURVE('',#2724,#2757,#2759,.T.);
#2757 = VERTEX_POINT('',#2758);
#2758 = CARTESIAN_POINT('',(21.2,3.7266,-6.2));
#2759 = SURFACE_CURVE('',#2760,(#2764,#2770),.PCURVE_S1.);
#2760 = LINE('',#2761,#2762);
#2761 = CARTESIAN_POINT('',(21.2,3.7266,-11.6));
#2762 = VECTOR('',#2763,1.);
#2763 = DIRECTION('',(0.,0.,1.));
#2764 = PCURVE('',#454,#2765);
#2765 = DEFINITIONAL_REPRESENTATION('',(#2766),#2769);
#2766 = B_SPLINE_CURVE_WITH_KNOTS('',1,(#2767,#2768),.UNSPECIFIED.,.F.,
  .F.,(2,2),(2.2,5.4),.PIECEWISE_BEZIER_KNOTS.);
#2767 = CARTESIAN_POINT('',(28.9266,-3.6));
#2768 = CARTESIAN_POINT('',(28.9266,-6.8));
#2769 = ( GEOMETRIC_REPRESENTATION_CONTEXT(2) 
PARAMETRIC_REPRESENTATION_CONTEXT() REPRESENTATION_CONTEXT('2D SPACE',''
  ) );
#2770 = PCURVE('',#2771,#2776);
#2771 = PLANE('',#2772);
#2772 = AXIS2_PLACEMENT_3D('',#2773,#2774,#2775);
#2773 = CARTESIAN_POINT('',(14.5,3.7266,-10.2));
#2774 = DIRECTION('',(0.,-1.,0.));
#2775 = DIRECTION('',(0.,0.,1.));
#2776 = DEFINITIONAL_REPRESENTATION('',(#2777),#2780);
#2777 = B_SPLINE_CURVE_WITH_KNOTS('',1,(#2778,#2779),.UNSPECIFIED.,.F.,
  .F.,(2,2),(2.2,5.4),.PIECEWISE_BEZIER_KNOTS.);
#2778 = CARTESIAN_POINT('',(0.8,-6.7));
#2779 = CARTESIAN_POINT('',(4.,-6.7));
#2780 = ( GEOMETRIC_REPRESENTATION_CONTEXT(2) 
PARAMETRIC_REPRESENTATION_CONTEXT() REPRESENTATION_CONTEXT('2D SPACE',''
  ) );
#2781 = ORIENTED_EDGE('',*,*,#2782,.T.);
#2782 = EDGE_CURVE('',#2757,#2783,#2785,.T.);
#2783 = VERTEX_POINT('',#2784);
#2784 = CARTESIAN_POINT('',(21.2,2.9266,-5.4));
#2785 = SURFACE_CURVE('',#2786,(#2791,#2802),.PCURVE_S1.);
#2786 = CIRCLE('',#2787,0.8);
#2787 = AXIS2_PLACEMENT_3D('',#2788,#2789,#2790);
#2788 = CARTESIAN_POINT('',(21.2,2.9266,-6.2));
#2789 = DIRECTION('',(1.,0.,0.));
#2790 = DIRECTION('',(-0.,1.,0.));
#2791 = PCURVE('',#454,#2792);
#2792 = DEFINITIONAL_REPRESENTATION('',(#2793),#2801);
#2793 = ( BOUNDED_CURVE() B_SPLINE_CURVE(2,(#2794,#2795,#2796,#2797,
#2798,#2799,#2800),.UNSPECIFIED.,.T.,.F.) B_SPLINE_CURVE_WITH_KNOTS((1,2
    ,2,2,2,1),(-2.094395102393,0.,2.094395102393,4.188790204786,
6.28318530718,8.377580409573),.UNSPECIFIED.) CURVE() 
GEOMETRIC_REPRESENTATION_ITEM() RATIONAL_B_SPLINE_CURVE((1.,0.5,1.,0.5,
1.,0.5,1.)) REPRESENTATION_ITEM('') );
#2794 = CARTESIAN_POINT('',(28.9266,-6.8));
#2795 = CARTESIAN_POINT('',(28.9266,-8.185640646055));
#2796 = CARTESIAN_POINT('',(27.7266,-7.492820323028));
#2797 = CARTESIAN_POINT('',(26.5266,-6.8));
#2798 = CARTESIAN_POINT('',(27.7266,-6.107179676972));
#2799 = CARTESIAN_POINT('',(28.9266,-5.414359353945));
#2800 = CARTESIAN_POINT('',(28.9266,-6.8));
#2801 = ( GEOMETRIC_REPRESENTATION_CONTEXT(2) 
PARAMETRIC_REPRESENTATION_CONTEXT() REPRESENTATION_CONTEXT('2D SPACE',''
  ) );
#2802 = PCURVE('',#2803,#2808);
#2803 = CYLINDRICAL_SURFACE('',#2804,0.8);
#2804 = AXIS2_PLACEMENT_3D('',#2805,#2806,#2807);
#2805 = CARTESIAN_POINT('',(14.5,2.9266,-6.2));
#2806 = DIRECTION('',(1.,0.,0.));
#2807 = DIRECTION('',(-0.,1.,0.));
#2808 = DEFINITIONAL_REPRESENTATION('',(#2809),#2813);
#2809 = LINE('',#2810,#2811);
#2810 = CARTESIAN_POINT('',(0.,6.7));
#2811 = VECTOR('',#2812,1.);
#2812 = DIRECTION('',(1.,0.));
#2813 = ( GEOMETRIC_REPRESENTATION_CONTEXT(2) 
PARAMETRIC_REPRESENTATION_CONTEXT() REPRESENTATION_CONTEXT('2D SPACE',''
  ) );
#2814 = ORIENTED_EDGE('',*,*,#2815,.T.);
#2815 = EDGE_CURVE('',#2783,#2816,#2818,.T.);
#2816 = VERTEX_POINT('',#2817);
#2817 = CARTESIAN_POINT('',(21.2,-2.0734,-5.4));
#2818 = SURFACE_CURVE('',#2819,(#2823,#2829),.PCURVE_S1.);
#2819 = LINE('',#2820,#2821);
#2820 = CARTESIAN_POINT('',(21.2,-10.7367,-5.4));
#2821 = VECTOR('',#2822,1.);
#2822 = DIRECTION('',(-0.,-1.,-0.));
#2823 = PCURVE('',#454,#2824);
#2824 = DEFINITIONAL_REPRESENTATION('',(#2825),#2828);
#2825 = B_SPLINE_CURVE_WITH_KNOTS('',1,(#2826,#2827),.UNSPECIFIED.,.F.,
  .F.,(2,2),(-13.6633,-8.6633),.PIECEWISE_BEZIER_KNOTS.);
#2826 = CARTESIAN_POINT('',(28.1266,-7.6));
#2827 = CARTESIAN_POINT('',(23.1266,-7.6));
#2828 = ( GEOMETRIC_REPRESENTATION_CONTEXT(2) 
PARAMETRIC_REPRESENTATION_CONTEXT() REPRESENTATION_CONTEXT('2D SPACE',''
  ) );
#2829 = PCURVE('',#2830,#2835);
#2830 = PLANE('',#2831);
#2831 = AXIS2_PLACEMENT_3D('',#2832,#2833,#2834);
#2832 = CARTESIAN_POINT('',(14.5,3.7266,-5.4));
#2833 = DIRECTION('',(0.,0.,-1.));
#2834 = DIRECTION('',(0.,-1.,0.));
#2835 = DEFINITIONAL_REPRESENTATION('',(#2836),#2839);
#2836 = B_SPLINE_CURVE_WITH_KNOTS('',1,(#2837,#2838),.UNSPECIFIED.,.F.,
  .F.,(2,2),(-13.6633,-8.6633),.PIECEWISE_BEZIER_KNOTS.);
#2837 = CARTESIAN_POINT('',(0.8,-6.7));
#2838 = CARTESIAN_POINT('',(5.8,-6.7));
#2839 = ( GEOMETRIC_REPRESENTATION_CONTEXT(2) 
PARAMETRIC_REPRESENTATION_CONTEXT() REPRESENTATION_CONTEXT('2D SPACE',''
  ) );
#2840 = ORIENTED_EDGE('',*,*,#2841,.T.);
#2841 = EDGE_CURVE('',#2816,#2842,#2844,.T.);
#2842 = VERTEX_POINT('',#2843);
#2843 = CARTESIAN_POINT('',(21.2,-2.8734,-6.2));
#2844 = SURFACE_CURVE('',#2845,(#2850,#2861),.PCURVE_S1.);
#2845 = CIRCLE('',#2846,0.8);
#2846 = AXIS2_PLACEMENT_3D('',#2847,#2848,#2849);
#2847 = CARTESIAN_POINT('',(21.2,-2.0734,-6.2));
#2848 = DIRECTION('',(1.,0.,0.));
#2849 = DIRECTION('',(0.,-0.,1.));
#2850 = PCURVE('',#454,#2851);
#2851 = DEFINITIONAL_REPRESENTATION('',(#2852),#2860);
#2852 = ( BOUNDED_CURVE() B_SPLINE_CURVE(2,(#2853,#2854,#2855,#2856,
#2857,#2858,#2859),.UNSPECIFIED.,.T.,.F.) B_SPLINE_CURVE_WITH_KNOTS((1,2
    ,2,2,2,1),(-2.094395102393,0.,2.094395102393,4.188790204786,
6.28318530718,8.377580409573),.UNSPECIFIED.) CURVE() 
GEOMETRIC_REPRESENTATION_ITEM() RATIONAL_B_SPLINE_CURVE((1.,0.5,1.,0.5,
1.,0.5,1.)) REPRESENTATION_ITEM('') );
#2853 = CARTESIAN_POINT('',(23.1266,-7.6));
#2854 = CARTESIAN_POINT('',(21.740959353945,-7.6));
#2855 = CARTESIAN_POINT('',(22.433779676972,-6.4));
#2856 = CARTESIAN_POINT('',(23.1266,-5.2));
#2857 = CARTESIAN_POINT('',(23.819420323028,-6.4));
#2858 = CARTESIAN_POINT('',(24.512240646055,-7.6));
#2859 = CARTESIAN_POINT('',(23.1266,-7.6));
#2860 = ( GEOMETRIC_REPRESENTATION_CONTEXT(2) 
PARAMETRIC_REPRESENTATION_CONTEXT() REPRESENTATION_CONTEXT('2D SPACE',''
  ) );
#2861 = PCURVE('',#2862,#2867);
#2862 = CYLINDRICAL_SURFACE('',#2863,0.8);
#2863 = AXIS2_PLACEMENT_3D('',#2864,#2865,#2866);
#2864 = CARTESIAN_POINT('',(14.5,-2.0734,-6.2));
#2865 = DIRECTION('',(1.,0.,0.));
#2866 = DIRECTION('',(0.,-0.,1.));
#2867 = DEFINITIONAL_REPRESENTATION('',(#2868),#2872);
#2868 = LINE('',#2869,#2870);
#2869 = CARTESIAN_POINT('',(0.,6.7));
#2870 = VECTOR('',#2871,1.);
#2871 = DIRECTION('',(1.,0.));
#2872 = ( GEOMETRIC_REPRESENTATION_CONTEXT(2) 
PARAMETRIC_REPRESENTATION_CONTEXT() REPRESENTATION_CONTEXT('2D SPACE',''
  ) );
#2873 = ORIENTED_EDGE('',*,*,#2874,.T.);
#2874 = EDGE_CURVE('',#2842,#2663,#2875,.T.);
#2875 = SURFACE_CURVE('',#2876,(#2880,#2886),.PCURVE_S1.);
#2876 = LINE('',#2877,#2878);
#2877 = CARTESIAN_POINT('',(21.2,-2.8734,-9.2));
#2878 = VECTOR('',#2879,1.);
#2879 = DIRECTION('',(0.,0.,-1.));
#2880 = PCURVE('',#454,#2881);
#2881 = DEFINITIONAL_REPRESENTATION('',(#2882),#2885);
#2882 = B_SPLINE_CURVE_WITH_KNOTS('',1,(#2883,#2884),.UNSPECIFIED.,.F.,
  .F.,(2,2),(-3.,0.2),.PIECEWISE_BEZIER_KNOTS.);
#2883 = CARTESIAN_POINT('',(22.3266,-6.8));
#2884 = CARTESIAN_POINT('',(22.3266,-3.6));
#2885 = ( GEOMETRIC_REPRESENTATION_CONTEXT(2) 
PARAMETRIC_REPRESENTATION_CONTEXT() REPRESENTATION_CONTEXT('2D SPACE',''
  ) );
#2886 = PCURVE('',#2887,#2892);
#2887 = PLANE('',#2888);
#2888 = AXIS2_PLACEMENT_3D('',#2889,#2890,#2891);
#2889 = CARTESIAN_POINT('',(14.5,-2.8734,-5.4));
#2890 = DIRECTION('',(-0.,1.,0.));
#2891 = DIRECTION('',(0.,0.,-1.));
#2892 = DEFINITIONAL_REPRESENTATION('',(#2893),#2896);
#2893 = B_SPLINE_CURVE_WITH_KNOTS('',1,(#2894,#2895),.UNSPECIFIED.,.F.,
  .F.,(2,2),(-3.,0.2),.PIECEWISE_BEZIER_KNOTS.);
#2894 = CARTESIAN_POINT('',(0.8,-6.7));
#2895 = CARTESIAN_POINT('',(4.,-6.7));
#2896 = ( GEOMETRIC_REPRESENTATION_CONTEXT(2) 
PARAMETRIC_REPRESENTATION_CONTEXT() REPRESENTATION_CONTEXT('2D SPACE',''
  ) );
#2897 = FACE_BOUND('',#2898,.F.);
#2898 = EDGE_LOOP('',(#2899,#2934,#2960,#2993,#3019,#3052,#3078,#3111));
#2899 = ORIENTED_EDGE('',*,*,#2900,.T.);
#2900 = EDGE_CURVE('',#2901,#2903,#2905,.T.);
#2901 = VERTEX_POINT('',#2902);
#2902 = CARTESIAN_POINT('',(21.2,6.0381,-9.4));
#2903 = VERTEX_POINT('',#2904);
#2904 = CARTESIAN_POINT('',(21.2,6.8381,-10.2));
#2905 = SURFACE_CURVE('',#2906,(#2911,#2922),.PCURVE_S1.);
#2906 = CIRCLE('',#2907,0.8);
#2907 = AXIS2_PLACEMENT_3D('',#2908,#2909,#2910);
#2908 = CARTESIAN_POINT('',(21.2,6.8381,-9.4));
#2909 = DIRECTION('',(1.,0.,0.));
#2910 = DIRECTION('',(0.,0.,-1.));
#2911 = PCURVE('',#454,#2912);
#2912 = DEFINITIONAL_REPRESENTATION('',(#2913),#2921);
#2913 = ( BOUNDED_CURVE() B_SPLINE_CURVE(2,(#2914,#2915,#2916,#2917,
#2918,#2919,#2920),.UNSPECIFIED.,.T.,.F.) B_SPLINE_CURVE_WITH_KNOTS((1,2
    ,2,2,2,1),(-2.094395102393,0.,2.094395102393,4.188790204786,
6.28318530718,8.377580409573),.UNSPECIFIED.) CURVE() 
GEOMETRIC_REPRESENTATION_ITEM() RATIONAL_B_SPLINE_CURVE((1.,0.5,1.,0.5,
1.,0.5,1.)) REPRESENTATION_ITEM('') );
#2914 = CARTESIAN_POINT('',(32.0381,-2.8));
#2915 = CARTESIAN_POINT('',(33.423740646055,-2.8));
#2916 = CARTESIAN_POINT('',(32.730920323028,-4.));
#2917 = CARTESIAN_POINT('',(32.0381,-5.2));
#2918 = CARTESIAN_POINT('',(31.345279676972,-4.));
#2919 = CARTESIAN_POINT('',(30.652459353945,-2.8));
#2920 = CARTESIAN_POINT('',(32.0381,-2.8));
#2921 = ( GEOMETRIC_REPRESENTATION_CONTEXT(2) 
PARAMETRIC_REPRESENTATION_CONTEXT() REPRESENTATION_CONTEXT('2D SPACE',''
  ) );
#2922 = PCURVE('',#2923,#2928);
#2923 = CYLINDRICAL_SURFACE('',#2924,0.8);
#2924 = AXIS2_PLACEMENT_3D('',#2925,#2926,#2927);
#2925 = CARTESIAN_POINT('',(14.5,6.8381,-9.4));
#2926 = DIRECTION('',(1.,0.,0.));
#2927 = DIRECTION('',(0.,0.,-1.));
#2928 = DEFINITIONAL_REPRESENTATION('',(#2929),#2933);
#2929 = LINE('',#2930,#2931);
#2930 = CARTESIAN_POINT('',(-6.28318530718,6.7));
#2931 = VECTOR('',#2932,1.);
#2932 = DIRECTION('',(1.,-0.));
#2933 = ( GEOMETRIC_REPRESENTATION_CONTEXT(2) 
PARAMETRIC_REPRESENTATION_CONTEXT() REPRESENTATION_CONTEXT('2D SPACE',''
  ) );
#2934 = ORIENTED_EDGE('',*,*,#2935,.T.);
#2935 = EDGE_CURVE('',#2903,#2936,#2938,.T.);
#2936 = VERTEX_POINT('',#2937);
#2937 = CARTESIAN_POINT('',(21.2,11.8381,-10.2));
#2938 = SURFACE_CURVE('',#2939,(#2943,#2949),.PCURVE_S1.);
#2939 = LINE('',#2940,#2941);
#2940 = CARTESIAN_POINT('',(21.2,-9.58095,-10.2));
#2941 = VECTOR('',#2942,1.);
#2942 = DIRECTION('',(0.,1.,-0.));
#2943 = PCURVE('',#454,#2944);
#2944 = DEFINITIONAL_REPRESENTATION('',(#2945),#2948);
#2945 = B_SPLINE_CURVE_WITH_KNOTS('',1,(#2946,#2947),.UNSPECIFIED.,.F.,
  .F.,(2,2),(16.41905,21.41905),.PIECEWISE_BEZIER_KNOTS.);
#2946 = CARTESIAN_POINT('',(32.0381,-2.8));
#2947 = CARTESIAN_POINT('',(37.0381,-2.8));
#2948 = ( GEOMETRIC_REPRESENTATION_CONTEXT(2) 
PARAMETRIC_REPRESENTATION_CONTEXT() REPRESENTATION_CONTEXT('2D SPACE',''
  ) );
#2949 = PCURVE('',#2950,#2955);
#2950 = PLANE('',#2951);
#2951 = AXIS2_PLACEMENT_3D('',#2952,#2953,#2954);
#2952 = CARTESIAN_POINT('',(14.5,6.0381,-10.2));
#2953 = DIRECTION('',(0.,0.,1.));
#2954 = DIRECTION('',(0.,1.,0.));
#2955 = DEFINITIONAL_REPRESENTATION('',(#2956),#2959);
#2956 = B_SPLINE_CURVE_WITH_KNOTS('',1,(#2957,#2958),.UNSPECIFIED.,.F.,
  .F.,(2,2),(16.41905,21.41905),.PIECEWISE_BEZIER_KNOTS.);
#2957 = CARTESIAN_POINT('',(0.8,-6.7));
#2958 = CARTESIAN_POINT('',(5.8,-6.7));
#2959 = ( GEOMETRIC_REPRESENTATION_CONTEXT(2) 
PARAMETRIC_REPRESENTATION_CONTEXT() REPRESENTATION_CONTEXT('2D SPACE',''
  ) );
#2960 = ORIENTED_EDGE('',*,*,#2961,.T.);
#2961 = EDGE_CURVE('',#2936,#2962,#2964,.T.);
#2962 = VERTEX_POINT('',#2963);
#2963 = CARTESIAN_POINT('',(21.2,12.6381,-9.4));
#2964 = SURFACE_CURVE('',#2965,(#2970,#2981),.PCURVE_S1.);
#2965 = CIRCLE('',#2966,0.8);
#2966 = AXIS2_PLACEMENT_3D('',#2967,#2968,#2969);
#2967 = CARTESIAN_POINT('',(21.2,11.8381,-9.4));
#2968 = DIRECTION('',(1.,0.,0.));
#2969 = DIRECTION('',(0.,0.,-1.));
#2970 = PCURVE('',#454,#2971);
#2971 = DEFINITIONAL_REPRESENTATION('',(#2972),#2980);
#2972 = ( BOUNDED_CURVE() B_SPLINE_CURVE(2,(#2973,#2974,#2975,#2976,
#2977,#2978,#2979),.UNSPECIFIED.,.T.,.F.) B_SPLINE_CURVE_WITH_KNOTS((1,2
    ,2,2,2,1),(-2.094395102393,0.,2.094395102393,4.188790204786,
6.28318530718,8.377580409573),.UNSPECIFIED.) CURVE() 
GEOMETRIC_REPRESENTATION_ITEM() RATIONAL_B_SPLINE_CURVE((1.,0.5,1.,0.5,
1.,0.5,1.)) REPRESENTATION_ITEM('') );
#2973 = CARTESIAN_POINT('',(37.0381,-2.8));
#2974 = CARTESIAN_POINT('',(38.423740646055,-2.8));
#2975 = CARTESIAN_POINT('',(37.730920323028,-4.));
#2976 = CARTESIAN_POINT('',(37.0381,-5.2));
#2977 = CARTESIAN_POINT('',(36.345279676972,-4.));
#2978 = CARTESIAN_POINT('',(35.652459353945,-2.8));
#2979 = CARTESIAN_POINT('',(37.0381,-2.8));
#2980 = ( GEOMETRIC_REPRESENTATION_CONTEXT(2) 
PARAMETRIC_REPRESENTATION_CONTEXT() REPRESENTATION_CONTEXT('2D SPACE',''
  ) );
#2981 = PCURVE('',#2982,#2987);
#2982 = CYLINDRICAL_SURFACE('',#2983,0.8);
#2983 = AXIS2_PLACEMENT_3D('',#2984,#2985,#2986);
#2984 = CARTESIAN_POINT('',(14.5,11.8381,-9.4));
#2985 = DIRECTION('',(1.,0.,0.));
#2986 = DIRECTION('',(0.,0.,-1.));
#2987 = DEFINITIONAL_REPRESENTATION('',(#2988),#2992);
#2988 = LINE('',#2989,#2990);
#2989 = CARTESIAN_POINT('',(0.,6.7));
#2990 = VECTOR('',#2991,1.);
#2991 = DIRECTION('',(1.,0.));
#2992 = ( GEOMETRIC_REPRESENTATION_CONTEXT(2) 
PARAMETRIC_REPRESENTATION_CONTEXT() REPRESENTATION_CONTEXT('2D SPACE',''
  ) );
#2993 = ORIENTED_EDGE('',*,*,#2994,.T.);
#2994 = EDGE_CURVE('',#2962,#2995,#2997,.T.);
#2995 = VERTEX_POINT('',#2996);
#2996 = CARTESIAN_POINT('',(21.2,12.6381,-6.2));
#2997 = SURFACE_CURVE('',#2998,(#3002,#3008),.PCURVE_S1.);
#2998 = LINE('',#2999,#3000);
#2999 = CARTESIAN_POINT('',(21.2,12.6381,-11.6));
#3000 = VECTOR('',#3001,1.);
#3001 = DIRECTION('',(0.,0.,1.));
#3002 = PCURVE('',#454,#3003);
#3003 = DEFINITIONAL_REPRESENTATION('',(#3004),#3007);
#3004 = B_SPLINE_CURVE_WITH_KNOTS('',1,(#3005,#3006),.UNSPECIFIED.,.F.,
  .F.,(2,2),(2.2,5.4),.PIECEWISE_BEZIER_KNOTS.);
#3005 = CARTESIAN_POINT('',(37.8381,-3.6));
#3006 = CARTESIAN_POINT('',(37.8381,-6.8));
#3007 = ( GEOMETRIC_REPRESENTATION_CONTEXT(2) 
PARAMETRIC_REPRESENTATION_CONTEXT() REPRESENTATION_CONTEXT('2D SPACE',''
  ) );
#3008 = PCURVE('',#3009,#3014);
#3009 = PLANE('',#3010);
#3010 = AXIS2_PLACEMENT_3D('',#3011,#3012,#3013);
#3011 = CARTESIAN_POINT('',(14.5,12.6381,-10.2));
#3012 = DIRECTION('',(0.,-1.,0.));
#3013 = DIRECTION('',(0.,0.,1.));
#3014 = DEFINITIONAL_REPRESENTATION('',(#3015),#3018);
#3015 = B_SPLINE_CURVE_WITH_KNOTS('',1,(#3016,#3017),.UNSPECIFIED.,.F.,
  .F.,(2,2),(2.2,5.4),.PIECEWISE_BEZIER_KNOTS.);
#3016 = CARTESIAN_POINT('',(0.8,-6.7));
#3017 = CARTESIAN_POINT('',(4.,-6.7));
#3018 = ( GEOMETRIC_REPRESENTATION_CONTEXT(2) 
PARAMETRIC_REPRESENTATION_CONTEXT() REPRESENTATION_CONTEXT('2D SPACE',''
  ) );
#3019 = ORIENTED_EDGE('',*,*,#3020,.T.);
#3020 = EDGE_CURVE('',#2995,#3021,#3023,.T.);
#3021 = VERTEX_POINT('',#3022);
#3022 = CARTESIAN_POINT('',(21.2,11.8381,-5.4));
#3023 = SURFACE_CURVE('',#3024,(#3029,#3040),.PCURVE_S1.);
#3024 = CIRCLE('',#3025,0.8);
#3025 = AXIS2_PLACEMENT_3D('',#3026,#3027,#3028);
#3026 = CARTESIAN_POINT('',(21.2,11.8381,-6.2));
#3027 = DIRECTION('',(1.,0.,0.));
#3028 = DIRECTION('',(-0.,1.,0.));
#3029 = PCURVE('',#454,#3030);
#3030 = DEFINITIONAL_REPRESENTATION('',(#3031),#3039);
#3031 = ( BOUNDED_CURVE() B_SPLINE_CURVE(2,(#3032,#3033,#3034,#3035,
#3036,#3037,#3038),.UNSPECIFIED.,.T.,.F.) B_SPLINE_CURVE_WITH_KNOTS((1,2
    ,2,2,2,1),(-2.094395102393,0.,2.094395102393,4.188790204786,
6.28318530718,8.377580409573),.UNSPECIFIED.) CURVE() 
GEOMETRIC_REPRESENTATION_ITEM() RATIONAL_B_SPLINE_CURVE((1.,0.5,1.,0.5,
1.,0.5,1.)) REPRESENTATION_ITEM('') );
#3032 = CARTESIAN_POINT('',(37.8381,-6.8));
#3033 = CARTESIAN_POINT('',(37.8381,-8.185640646055));
#3034 = CARTESIAN_POINT('',(36.6381,-7.492820323028));
#3035 = CARTESIAN_POINT('',(35.4381,-6.8));
#3036 = CARTESIAN_POINT('',(36.6381,-6.107179676972));
#3037 = CARTESIAN_POINT('',(37.8381,-5.414359353945));
#3038 = CARTESIAN_POINT('',(37.8381,-6.8));
#3039 = ( GEOMETRIC_REPRESENTATION_CONTEXT(2) 
PARAMETRIC_REPRESENTATION_CONTEXT() REPRESENTATION_CONTEXT('2D SPACE',''
  ) );
#3040 = PCURVE('',#3041,#3046);
#3041 = CYLINDRICAL_SURFACE('',#3042,0.8);
#3042 = AXIS2_PLACEMENT_3D('',#3043,#3044,#3045);
#3043 = CARTESIAN_POINT('',(14.5,11.8381,-6.2));
#3044 = DIRECTION('',(1.,0.,0.));
#3045 = DIRECTION('',(-0.,1.,0.));
#3046 = DEFINITIONAL_REPRESENTATION('',(#3047),#3051);
#3047 = LINE('',#3048,#3049);
#3048 = CARTESIAN_POINT('',(0.,6.7));
#3049 = VECTOR('',#3050,1.);
#3050 = DIRECTION('',(1.,0.));
#3051 = ( GEOMETRIC_REPRESENTATION_CONTEXT(2) 
PARAMETRIC_REPRESENTATION_CONTEXT() REPRESENTATION_CONTEXT('2D SPACE',''
  ) );
#3052 = ORIENTED_EDGE('',*,*,#3053,.T.);
#3053 = EDGE_CURVE('',#3021,#3054,#3056,.T.);
#3054 = VERTEX_POINT('',#3055);
#3055 = CARTESIAN_POINT('',(21.2,6.8381,-5.4));
#3056 = SURFACE_CURVE('',#3057,(#3061,#3067),.PCURVE_S1.);
#3057 = LINE('',#3058,#3059);
#3058 = CARTESIAN_POINT('',(21.2,-6.28095,-5.4));
#3059 = VECTOR('',#3060,1.);
#3060 = DIRECTION('',(-0.,-1.,-0.));
#3061 = PCURVE('',#454,#3062);
#3062 = DEFINITIONAL_REPRESENTATION('',(#3063),#3066);
#3063 = B_SPLINE_CURVE_WITH_KNOTS('',1,(#3064,#3065),.UNSPECIFIED.,.F.,
  .F.,(2,2),(-18.11905,-13.11905),.PIECEWISE_BEZIER_KNOTS.);
#3064 = CARTESIAN_POINT('',(37.0381,-7.6));
#3065 = CARTESIAN_POINT('',(32.0381,-7.6));
#3066 = ( GEOMETRIC_REPRESENTATION_CONTEXT(2) 
PARAMETRIC_REPRESENTATION_CONTEXT() REPRESENTATION_CONTEXT('2D SPACE',''
  ) );
#3067 = PCURVE('',#3068,#3073);
#3068 = PLANE('',#3069);
#3069 = AXIS2_PLACEMENT_3D('',#3070,#3071,#3072);
#3070 = CARTESIAN_POINT('',(14.5,12.6381,-5.4));
#3071 = DIRECTION('',(0.,0.,-1.));
#3072 = DIRECTION('',(0.,-1.,0.));
#3073 = DEFINITIONAL_REPRESENTATION('',(#3074),#3077);
#3074 = B_SPLINE_CURVE_WITH_KNOTS('',1,(#3075,#3076),.UNSPECIFIED.,.F.,
  .F.,(2,2),(-18.11905,-13.11905),.PIECEWISE_BEZIER_KNOTS.);
#3075 = CARTESIAN_POINT('',(0.8,-6.7));
#3076 = CARTESIAN_POINT('',(5.8,-6.7));
#3077 = ( GEOMETRIC_REPRESENTATION_CONTEXT(2) 
PARAMETRIC_REPRESENTATION_CONTEXT() REPRESENTATION_CONTEXT('2D SPACE',''
  ) );
#3078 = ORIENTED_EDGE('',*,*,#3079,.T.);
#3079 = EDGE_CURVE('',#3054,#3080,#3082,.T.);
#3080 = VERTEX_POINT('',#3081);
#3081 = CARTESIAN_POINT('',(21.2,6.0381,-6.2));
#3082 = SURFACE_CURVE('',#3083,(#3088,#3099),.PCURVE_S1.);
#3083 = CIRCLE('',#3084,0.8);
#3084 = AXIS2_PLACEMENT_3D('',#3085,#3086,#3087);
#3085 = CARTESIAN_POINT('',(21.2,6.8381,-6.2));
#3086 = DIRECTION('',(1.,0.,0.));
#3087 = DIRECTION('',(0.,-0.,1.));
#3088 = PCURVE('',#454,#3089);
#3089 = DEFINITIONAL_REPRESENTATION('',(#3090),#3098);
#3090 = ( BOUNDED_CURVE() B_SPLINE_CURVE(2,(#3091,#3092,#3093,#3094,
#3095,#3096,#3097),.UNSPECIFIED.,.T.,.F.) B_SPLINE_CURVE_WITH_KNOTS((1,2
    ,2,2,2,1),(-2.094395102393,0.,2.094395102393,4.188790204786,
6.28318530718,8.377580409573),.UNSPECIFIED.) CURVE() 
GEOMETRIC_REPRESENTATION_ITEM() RATIONAL_B_SPLINE_CURVE((1.,0.5,1.,0.5,
1.,0.5,1.)) REPRESENTATION_ITEM('') );
#3091 = CARTESIAN_POINT('',(32.0381,-7.6));
#3092 = CARTESIAN_POINT('',(30.652459353945,-7.6));
#3093 = CARTESIAN_POINT('',(31.345279676972,-6.4));
#3094 = CARTESIAN_POINT('',(32.0381,-5.2));
#3095 = CARTESIAN_POINT('',(32.730920323028,-6.4));
#3096 = CARTESIAN_POINT('',(33.423740646055,-7.6));
#3097 = CARTESIAN_POINT('',(32.0381,-7.6));
#3098 = ( GEOMETRIC_REPRESENTATION_CONTEXT(2) 
PARAMETRIC_REPRESENTATION_CONTEXT() REPRESENTATION_CONTEXT('2D SPACE',''
  ) );
#3099 = PCURVE('',#3100,#3105);
#3100 = CYLINDRICAL_SURFACE('',#3101,0.8);
#3101 = AXIS2_PLACEMENT_3D('',#3102,#3103,#3104);
#3102 = CARTESIAN_POINT('',(14.5,6.8381,-6.2));
#3103 = DIRECTION('',(1.,0.,0.));
#3104 = DIRECTION('',(0.,-0.,1.));
#3105 = DEFINITIONAL_REPRESENTATION('',(#3106),#3110);
#3106 = LINE('',#3107,#3108);
#3107 = CARTESIAN_POINT('',(0.,6.7));
#3108 = VECTOR('',#3109,1.);
#3109 = DIRECTION('',(1.,0.));
#3110 = ( GEOMETRIC_REPRESENTATION_CONTEXT(2) 
PARAMETRIC_REPRESENTATION_CONTEXT() REPRESENTATION_CONTEXT('2D SPACE',''
  ) );
#3111 = ORIENTED_EDGE('',*,*,#3112,.T.);
#3112 = EDGE_CURVE('',#3080,#2901,#3113,.T.);
#3113 = SURFACE_CURVE('',#3114,(#3118,#3124),.PCURVE_S1.);
#3114 = LINE('',#3115,#3116);
#3115 = CARTESIAN_POINT('',(21.2,6.0381,-9.2));
#3116 = VECTOR('',#3117,1.);
#3117 = DIRECTION('',(0.,0.,-1.));
#3118 = PCURVE('',#454,#3119);
#3119 = DEFINITIONAL_REPRESENTATION('',(#3120),#3123);
#3120 = B_SPLINE_CURVE_WITH_KNOTS('',1,(#3121,#3122),.UNSPECIFIED.,.F.,
  .F.,(2,2),(-3.,0.2),.PIECEWISE_BEZIER_KNOTS.);
#3121 = CARTESIAN_POINT('',(31.2381,-6.8));
#3122 = CARTESIAN_POINT('',(31.2381,-3.6));
#3123 = ( GEOMETRIC_REPRESENTATION_CONTEXT(2) 
PARAMETRIC_REPRESENTATION_CONTEXT() REPRESENTATION_CONTEXT('2D SPACE',''
  ) );
#3124 = PCURVE('',#3125,#3130);
#3125 = PLANE('',#3126);
#3126 = AXIS2_PLACEMENT_3D('',#3127,#3128,#3129);
#3127 = CARTESIAN_POINT('',(14.5,6.0381,-5.4));
#3128 = DIRECTION('',(-0.,1.,0.));
#3129 = DIRECTION('',(0.,0.,-1.));
#3130 = DEFINITIONAL_REPRESENTATION('',(#3131),#3134);
#3131 = B_SPLINE_CURVE_WITH_KNOTS('',1,(#3132,#3133),.UNSPECIFIED.,.F.,
  .F.,(2,2),(-3.,0.2),.PIECEWISE_BEZIER_KNOTS.);
#3132 = CARTESIAN_POINT('',(0.8,-6.7));
#3133 = CARTESIAN_POINT('',(4.,-6.7));
#3134 = ( GEOMETRIC_REPRESENTATION_CONTEXT(2) 
PARAMETRIC_REPRESENTATION_CONTEXT() REPRESENTATION_CONTEXT('2D SPACE',''
  ) );
#3135 = ADVANCED_FACE('',(#3136),#507,.T.);
#3136 = FACE_BOUND('',#3137,.T.);
#3137 = EDGE_LOOP('',(#3138,#3158,#3159,#3160));
#3138 = ORIENTED_EDGE('',*,*,#3139,.T.);
#3139 = EDGE_CURVE('',#600,#898,#3140,.T.);
#3140 = SURFACE_CURVE('',#3141,(#3146,#3152),.PCURVE_S1.);
#3141 = CIRCLE('',#3142,0.65);
#3142 = AXIS2_PLACEMENT_3D('',#3143,#3144,#3145);
#3143 = CARTESIAN_POINT('',(-20.55,17.2,-12.35));
#3144 = DIRECTION('',(-6.123233995737E-17,-1.,0.));
#3145 = DIRECTION('',(-1.,6.123233995737E-17,0.));
#3146 = PCURVE('',#507,#3147);
#3147 = DEFINITIONAL_REPRESENTATION('',(#3148),#3151);
#3148 = B_SPLINE_CURVE_WITH_KNOTS('',1,(#3149,#3150),.UNSPECIFIED.,.F.,
  .F.,(2,2),(0.,1.570796326795),.PIECEWISE_BEZIER_KNOTS.);
#3149 = CARTESIAN_POINT('',(0.,0.));
#3150 = CARTESIAN_POINT('',(1.570796326795,0.));
#3151 = ( GEOMETRIC_REPRESENTATION_CONTEXT(2) 
PARAMETRIC_REPRESENTATION_CONTEXT() REPRESENTATION_CONTEXT('2D SPACE',''
  ) );
#3152 = PCURVE('',#1290,#3153);
#3153 = DEFINITIONAL_REPRESENTATION('',(#3154),#3157);
#3154 = B_SPLINE_CURVE_WITH_KNOTS('',1,(#3155,#3156),.UNSPECIFIED.,.F.,
  .F.,(2,2),(0.,1.570796326795),.PIECEWISE_BEZIER_KNOTS.);
#3155 = CARTESIAN_POINT('',(-1.570796326795,0.));
#3156 = CARTESIAN_POINT('',(-1.570796326795,1.570796326795));
#3157 = ( GEOMETRIC_REPRESENTATION_CONTEXT(2) 
PARAMETRIC_REPRESENTATION_CONTEXT() REPRESENTATION_CONTEXT('2D SPACE',''
  ) );
#3158 = ORIENTED_EDGE('',*,*,#897,.T.);
#3159 = ORIENTED_EDGE('',*,*,#491,.F.);
#3160 = ORIENTED_EDGE('',*,*,#651,.F.);
#3161 = ADVANCED_FACE('',(#3162),#561,.T.);
#3162 = FACE_BOUND('',#3163,.F.);
#3163 = EDGE_LOOP('',(#3164,#3184,#3185,#3186));
#3164 = ORIENTED_EDGE('',*,*,#3165,.T.);
#3165 = EDGE_CURVE('',#602,#1694,#3166,.T.);
#3166 = SURFACE_CURVE('',#3167,(#3172,#3178),.PCURVE_S1.);
#3167 = CIRCLE('',#3168,0.65);
#3168 = AXIS2_PLACEMENT_3D('',#3169,#3170,#3171);
#3169 = CARTESIAN_POINT('',(-20.55,17.2,-0.65));
#3170 = DIRECTION('',(6.123233995737E-17,1.,-0.));
#3171 = DIRECTION('',(-1.,6.123233995737E-17,0.));
#3172 = PCURVE('',#561,#3173);
#3173 = DEFINITIONAL_REPRESENTATION('',(#3174),#3177);
#3174 = B_SPLINE_CURVE_WITH_KNOTS('',1,(#3175,#3176),.UNSPECIFIED.,.F.,
  .F.,(2,2),(0.,1.570796326795),.PIECEWISE_BEZIER_KNOTS.);
#3175 = CARTESIAN_POINT('',(0.,0.));
#3176 = CARTESIAN_POINT('',(-1.570796326795,0.));
#3177 = ( GEOMETRIC_REPRESENTATION_CONTEXT(2) 
PARAMETRIC_REPRESENTATION_CONTEXT() REPRESENTATION_CONTEXT('2D SPACE',''
  ) );
#3178 = PCURVE('',#2086,#3179);
#3179 = DEFINITIONAL_REPRESENTATION('',(#3180),#3183);
#3180 = B_SPLINE_CURVE_WITH_KNOTS('',1,(#3181,#3182),.UNSPECIFIED.,.F.,
  .F.,(2,2),(0.,1.570796326795),.PIECEWISE_BEZIER_KNOTS.);
#3181 = CARTESIAN_POINT('',(1.570796326795,0.));
#3182 = CARTESIAN_POINT('',(1.570796326795,1.570796326795));
#3183 = ( GEOMETRIC_REPRESENTATION_CONTEXT(2) 
PARAMETRIC_REPRESENTATION_CONTEXT() REPRESENTATION_CONTEXT('2D SPACE',''
  ) );
#3184 = ORIENTED_EDGE('',*,*,#1693,.T.);
#3185 = ORIENTED_EDGE('',*,*,#545,.F.);
#3186 = ORIENTED_EDGE('',*,*,#629,.F.);
#3187 = ADVANCED_FACE('',(#3188),#617,.T.);
#3188 = FACE_BOUND('',#3189,.T.);
#3189 = EDGE_LOOP('',(#3190,#3218,#3240,#3241));
#3190 = ORIENTED_EDGE('',*,*,#3191,.F.);
#3191 = EDGE_CURVE('',#3192,#3194,#3196,.T.);
#3192 = VERTEX_POINT('',#3193);
#3193 = CARTESIAN_POINT('',(-19.17295617901,22.522010379886,-12.35));
#3194 = VERTEX_POINT('',#3195);
#3195 = CARTESIAN_POINT('',(-19.17295617901,22.522010379886,-0.65));
#3196 = SURFACE_CURVE('',#3197,(#3201,#3207),.PCURVE_S1.);
#3197 = LINE('',#3198,#3199);
#3198 = CARTESIAN_POINT('',(-19.17295617901,22.522010379887,-13.));
#3199 = VECTOR('',#3200,1.);
#3200 = DIRECTION('',(0.,0.,1.));
#3201 = PCURVE('',#617,#3202);
#3202 = DEFINITIONAL_REPRESENTATION('',(#3203),#3206);
#3203 = B_SPLINE_CURVE_WITH_KNOTS('',1,(#3204,#3205),.UNSPECIFIED.,.F.,
  .F.,(2,2),(0.6499994,12.3500006),.PIECEWISE_BEZIER_KNOTS.);
#3204 = CARTESIAN_POINT('',(0.842965978858,0.6499994));
#3205 = CARTESIAN_POINT('',(0.842965978858,12.3500006));
#3206 = ( GEOMETRIC_REPRESENTATION_CONTEXT(2) 
PARAMETRIC_REPRESENTATION_CONTEXT() REPRESENTATION_CONTEXT('2D SPACE',''
  ) );
#3207 = PCURVE('',#3208,#3213);
#3208 = PLANE('',#3209);
#3209 = AXIS2_PLACEMENT_3D('',#3210,#3211,#3212);
#3210 = CARTESIAN_POINT('',(-19.28949112186,21.267018687568,-13.));
#3211 = DIRECTION('',(-0.995716456667,9.245938526191E-02,0.));
#3212 = DIRECTION('',(9.245938526191E-02,0.995716456667,0.));
#3213 = DEFINITIONAL_REPRESENTATION('',(#3214),#3217);
#3214 = B_SPLINE_CURVE_WITH_KNOTS('',1,(#3215,#3216),.UNSPECIFIED.,.F.,
  .F.,(2,2),(0.6499994,12.3500006),.PIECEWISE_BEZIER_KNOTS.);
#3215 = CARTESIAN_POINT('',(1.2603906302,-0.6499994));
#3216 = CARTESIAN_POINT('',(1.2603906302,-12.3500006));
#3217 = ( GEOMETRIC_REPRESENTATION_CONTEXT(2) 
PARAMETRIC_REPRESENTATION_CONTEXT() REPRESENTATION_CONTEXT('2D SPACE',''
  ) );
#3218 = ORIENTED_EDGE('',*,*,#3219,.T.);
#3219 = EDGE_CURVE('',#3192,#600,#3220,.T.);
#3220 = SURFACE_CURVE('',#3221,(#3226,#3233),.PCURVE_S1.);
#3221 = CIRCLE('',#3222,8.);
#3222 = AXIS2_PLACEMENT_3D('',#3223,#3224,#3225);
#3223 = CARTESIAN_POINT('',(-13.2,17.2,-12.35));
#3224 = DIRECTION('',(0.,0.,1.));
#3225 = DIRECTION('',(0.,1.,-0.));
#3226 = PCURVE('',#617,#3227);
#3227 = DEFINITIONAL_REPRESENTATION('',(#3228),#3232);
#3228 = LINE('',#3229,#3230);
#3229 = CARTESIAN_POINT('',(0.,0.65));
#3230 = VECTOR('',#3231,1.);
#3231 = DIRECTION('',(1.,0.));
#3232 = ( GEOMETRIC_REPRESENTATION_CONTEXT(2) 
PARAMETRIC_REPRESENTATION_CONTEXT() REPRESENTATION_CONTEXT('2D SPACE',''
  ) );
#3233 = PCURVE('',#1290,#3234);
#3234 = DEFINITIONAL_REPRESENTATION('',(#3235),#3239);
#3235 = LINE('',#3236,#3237);
#3236 = CARTESIAN_POINT('',(-0.,0.));
#3237 = VECTOR('',#3238,1.);
#3238 = DIRECTION('',(-1.,0.));
#3239 = ( GEOMETRIC_REPRESENTATION_CONTEXT(2) 
PARAMETRIC_REPRESENTATION_CONTEXT() REPRESENTATION_CONTEXT('2D SPACE',''
  ) );
#3240 = ORIENTED_EDGE('',*,*,#599,.T.);
#3241 = ORIENTED_EDGE('',*,*,#3242,.F.);
#3242 = EDGE_CURVE('',#3194,#602,#3243,.T.);
#3243 = SURFACE_CURVE('',#3244,(#3249,#3256),.PCURVE_S1.);
#3244 = CIRCLE('',#3245,8.);
#3245 = AXIS2_PLACEMENT_3D('',#3246,#3247,#3248);
#3246 = CARTESIAN_POINT('',(-13.2,17.2,-0.65));
#3247 = DIRECTION('',(0.,0.,1.));
#3248 = DIRECTION('',(0.,1.,-0.));
#3249 = PCURVE('',#617,#3250);
#3250 = DEFINITIONAL_REPRESENTATION('',(#3251),#3255);
#3251 = LINE('',#3252,#3253);
#3252 = CARTESIAN_POINT('',(0.,12.35));
#3253 = VECTOR('',#3254,1.);
#3254 = DIRECTION('',(1.,0.));
#3255 = ( GEOMETRIC_REPRESENTATION_CONTEXT(2) 
PARAMETRIC_REPRESENTATION_CONTEXT() REPRESENTATION_CONTEXT('2D SPACE',''
  ) );
#3256 = PCURVE('',#2086,#3257);
#3257 = DEFINITIONAL_REPRESENTATION('',(#3258),#3262);
#3258 = LINE('',#3259,#3260);
#3259 = CARTESIAN_POINT('',(0.,0.));
#3260 = VECTOR('',#3261,1.);
#3261 = DIRECTION('',(1.,0.));
#3262 = ( GEOMETRIC_REPRESENTATION_CONTEXT(2) 
PARAMETRIC_REPRESENTATION_CONTEXT() REPRESENTATION_CONTEXT('2D SPACE',''
  ) );
#3263 = ADVANCED_FACE('',(#3264),#693,.F.);
#3264 = FACE_BOUND('',#3265,.F.);
#3265 = EDGE_LOOP('',(#3266,#3289,#3290,#3313));
#3266 = ORIENTED_EDGE('',*,*,#3267,.F.);
#3267 = EDGE_CURVE('',#675,#3268,#3270,.T.);
#3268 = VERTEX_POINT('',#3269);
#3269 = CARTESIAN_POINT('',(-16.915,5.958,-11.87));
#3270 = SURFACE_CURVE('',#3271,(#3275,#3282),.PCURVE_S1.);
#3271 = LINE('',#3272,#3273);
#3272 = CARTESIAN_POINT('',(-26.,5.958,-11.87));
#3273 = VECTOR('',#3274,1.);
#3274 = DIRECTION('',(1.,0.,0.));
#3275 = PCURVE('',#693,#3276);
#3276 = DEFINITIONAL_REPRESENTATION('',(#3277),#3281);
#3277 = LINE('',#3278,#3279);
#3278 = CARTESIAN_POINT('',(0.,0.));
#3279 = VECTOR('',#3280,1.);
#3280 = DIRECTION('',(0.,1.));
#3281 = ( GEOMETRIC_REPRESENTATION_CONTEXT(2) 
PARAMETRIC_REPRESENTATION_CONTEXT() REPRESENTATION_CONTEXT('2D SPACE',''
  ) );
#3282 = PCURVE('',#720,#3283);
#3283 = DEFINITIONAL_REPRESENTATION('',(#3284),#3288);
#3284 = LINE('',#3285,#3286);
#3285 = CARTESIAN_POINT('',(12.2,0.));
#3286 = VECTOR('',#3287,1.);
#3287 = DIRECTION('',(0.,-1.));
#3288 = ( GEOMETRIC_REPRESENTATION_CONTEXT(2) 
PARAMETRIC_REPRESENTATION_CONTEXT() REPRESENTATION_CONTEXT('2D SPACE',''
  ) );
#3289 = ORIENTED_EDGE('',*,*,#674,.T.);
#3290 = ORIENTED_EDGE('',*,*,#3291,.T.);
#3291 = EDGE_CURVE('',#677,#3292,#3294,.T.);
#3292 = VERTEX_POINT('',#3293);
#3293 = CARTESIAN_POINT('',(-16.915,6.758,-11.07));
#3294 = SURFACE_CURVE('',#3295,(#3299,#3306),.PCURVE_S1.);
#3295 = LINE('',#3296,#3297);
#3296 = CARTESIAN_POINT('',(-26.,6.758,-11.07));
#3297 = VECTOR('',#3298,1.);
#3298 = DIRECTION('',(1.,0.,0.));
#3299 = PCURVE('',#693,#3300);
#3300 = DEFINITIONAL_REPRESENTATION('',(#3301),#3305);
#3301 = LINE('',#3302,#3303);
#3302 = CARTESIAN_POINT('',(1.570796326795,0.));
#3303 = VECTOR('',#3304,1.);
#3304 = DIRECTION('',(0.,1.));
#3305 = ( GEOMETRIC_REPRESENTATION_CONTEXT(2) 
PARAMETRIC_REPRESENTATION_CONTEXT() REPRESENTATION_CONTEXT('2D SPACE',''
  ) );
#3306 = PCURVE('',#883,#3307);
#3307 = DEFINITIONAL_REPRESENTATION('',(#3308),#3312);
#3308 = LINE('',#3309,#3310);
#3309 = CARTESIAN_POINT('',(0.8,0.));
#3310 = VECTOR('',#3311,1.);
#3311 = DIRECTION('',(0.,-1.));
#3312 = ( GEOMETRIC_REPRESENTATION_CONTEXT(2) 
PARAMETRIC_REPRESENTATION_CONTEXT() REPRESENTATION_CONTEXT('2D SPACE',''
  ) );
#3313 = ORIENTED_EDGE('',*,*,#3314,.F.);
#3314 = EDGE_CURVE('',#3268,#3292,#3315,.T.);
#3315 = SURFACE_CURVE('',#3316,(#3321,#3328),.PCURVE_S1.);
#3316 = CIRCLE('',#3317,0.8);
#3317 = AXIS2_PLACEMENT_3D('',#3318,#3319,#3320);
#3318 = CARTESIAN_POINT('',(-16.915,5.958,-11.07));
#3319 = DIRECTION('',(1.,0.,0.));
#3320 = DIRECTION('',(0.,0.,-1.));
#3321 = PCURVE('',#693,#3322);
#3322 = DEFINITIONAL_REPRESENTATION('',(#3323),#3327);
#3323 = LINE('',#3324,#3325);
#3324 = CARTESIAN_POINT('',(0.,9.085));
#3325 = VECTOR('',#3326,1.);
#3326 = DIRECTION('',(1.,0.));
#3327 = ( GEOMETRIC_REPRESENTATION_CONTEXT(2) 
PARAMETRIC_REPRESENTATION_CONTEXT() REPRESENTATION_CONTEXT('2D SPACE',''
  ) );
#3328 = PCURVE('',#1510,#3329);
#3329 = DEFINITIONAL_REPRESENTATION('',(#3330),#3334);
#3330 = CIRCLE('',#3331,0.8);
#3331 = AXIS2_PLACEMENT_2D('',#3332,#3333);
#3332 = CARTESIAN_POINT('',(14.957,-2.13));
#3333 = DIRECTION('',(0.,1.));
#3334 = ( GEOMETRIC_REPRESENTATION_CONTEXT(2) 
PARAMETRIC_REPRESENTATION_CONTEXT() REPRESENTATION_CONTEXT('2D SPACE',''
  ) );
#3335 = ADVANCED_FACE('',(#3336),#883,.T.);
#3336 = FACE_BOUND('',#3337,.T.);
#3337 = EDGE_LOOP('',(#3338,#3339,#3340,#3361));
#3338 = ORIENTED_EDGE('',*,*,#870,.T.);
#3339 = ORIENTED_EDGE('',*,*,#3291,.T.);
#3340 = ORIENTED_EDGE('',*,*,#3341,.F.);
#3341 = EDGE_CURVE('',#3342,#3292,#3344,.T.);
#3342 = VERTEX_POINT('',#3343);
#3343 = CARTESIAN_POINT('',(-16.915,6.758,-5.67));
#3344 = SURFACE_CURVE('',#3345,(#3349,#3355),.PCURVE_S1.);
#3345 = LINE('',#3346,#3347);
#3346 = CARTESIAN_POINT('',(-16.915,6.758,-12.535));
#3347 = VECTOR('',#3348,1.);
#3348 = DIRECTION('',(0.,-0.,-1.));
#3349 = PCURVE('',#883,#3350);
#3350 = DEFINITIONAL_REPRESENTATION('',(#3351),#3354);
#3351 = B_SPLINE_CURVE_WITH_KNOTS('',1,(#3352,#3353),.UNSPECIFIED.,.F.,
  .F.,(2,2),(-6.865,-1.465),.PIECEWISE_BEZIER_KNOTS.);
#3352 = CARTESIAN_POINT('',(6.2,-9.085));
#3353 = CARTESIAN_POINT('',(0.8,-9.085));
#3354 = ( GEOMETRIC_REPRESENTATION_CONTEXT(2) 
PARAMETRIC_REPRESENTATION_CONTEXT() REPRESENTATION_CONTEXT('2D SPACE',''
  ) );
#3355 = PCURVE('',#1510,#3356);
#3356 = DEFINITIONAL_REPRESENTATION('',(#3357),#3360);
#3357 = B_SPLINE_CURVE_WITH_KNOTS('',1,(#3358,#3359),.UNSPECIFIED.,.F.,
  .F.,(2,2),(-6.865,-1.465),.PIECEWISE_BEZIER_KNOTS.);
#3358 = CARTESIAN_POINT('',(14.157,-7.53));
#3359 = CARTESIAN_POINT('',(14.157,-2.13));
#3360 = ( GEOMETRIC_REPRESENTATION_CONTEXT(2) 
PARAMETRIC_REPRESENTATION_CONTEXT() REPRESENTATION_CONTEXT('2D SPACE',''
  ) );
#3361 = ORIENTED_EDGE('',*,*,#3362,.F.);
#3362 = EDGE_CURVE('',#842,#3342,#3363,.T.);
#3363 = SURFACE_CURVE('',#3364,(#3368,#3375),.PCURVE_S1.);
#3364 = LINE('',#3365,#3366);
#3365 = CARTESIAN_POINT('',(-26.,6.758,-5.67));
#3366 = VECTOR('',#3367,1.);
#3367 = DIRECTION('',(1.,0.,0.));
#3368 = PCURVE('',#883,#3369);
#3369 = DEFINITIONAL_REPRESENTATION('',(#3370),#3374);
#3370 = LINE('',#3371,#3372);
#3371 = CARTESIAN_POINT('',(6.2,0.));
#3372 = VECTOR('',#3373,1.);
#3373 = DIRECTION('',(0.,-1.));
#3374 = ( GEOMETRIC_REPRESENTATION_CONTEXT(2) 
PARAMETRIC_REPRESENTATION_CONTEXT() REPRESENTATION_CONTEXT('2D SPACE',''
  ) );
#3375 = PCURVE('',#858,#3376);
#3376 = DEFINITIONAL_REPRESENTATION('',(#3377),#3381);
#3377 = LINE('',#3378,#3379);
#3378 = CARTESIAN_POINT('',(0.,0.));
#3379 = VECTOR('',#3380,1.);
#3380 = DIRECTION('',(0.,1.));
#3381 = ( GEOMETRIC_REPRESENTATION_CONTEXT(2) 
PARAMETRIC_REPRESENTATION_CONTEXT() REPRESENTATION_CONTEXT('2D SPACE',''
  ) );
#3382 = ADVANCED_FACE('',(#3383),#858,.F.);
#3383 = FACE_BOUND('',#3384,.F.);
#3384 = EDGE_LOOP('',(#3385,#3386,#3387,#3410));
#3385 = ORIENTED_EDGE('',*,*,#3362,.F.);
#3386 = ORIENTED_EDGE('',*,*,#841,.T.);
#3387 = ORIENTED_EDGE('',*,*,#3388,.T.);
#3388 = EDGE_CURVE('',#816,#3389,#3391,.T.);
#3389 = VERTEX_POINT('',#3390);
#3390 = CARTESIAN_POINT('',(-16.915,5.958,-4.87));
#3391 = SURFACE_CURVE('',#3392,(#3396,#3403),.PCURVE_S1.);
#3392 = LINE('',#3393,#3394);
#3393 = CARTESIAN_POINT('',(-26.,5.958,-4.87));
#3394 = VECTOR('',#3395,1.);
#3395 = DIRECTION('',(1.,0.,0.));
#3396 = PCURVE('',#858,#3397);
#3397 = DEFINITIONAL_REPRESENTATION('',(#3398),#3402);
#3398 = LINE('',#3399,#3400);
#3399 = CARTESIAN_POINT('',(1.570796326795,0.));
#3400 = VECTOR('',#3401,1.);
#3401 = DIRECTION('',(0.,1.));
#3402 = ( GEOMETRIC_REPRESENTATION_CONTEXT(2) 
PARAMETRIC_REPRESENTATION_CONTEXT() REPRESENTATION_CONTEXT('2D SPACE',''
  ) );
#3403 = PCURVE('',#830,#3404);
#3404 = DEFINITIONAL_REPRESENTATION('',(#3405),#3409);
#3405 = LINE('',#3406,#3407);
#3406 = CARTESIAN_POINT('',(0.8,0.));
#3407 = VECTOR('',#3408,1.);
#3408 = DIRECTION('',(0.,-1.));
#3409 = ( GEOMETRIC_REPRESENTATION_CONTEXT(2) 
PARAMETRIC_REPRESENTATION_CONTEXT() REPRESENTATION_CONTEXT('2D SPACE',''
  ) );
#3410 = ORIENTED_EDGE('',*,*,#3411,.F.);
#3411 = EDGE_CURVE('',#3342,#3389,#3412,.T.);
#3412 = SURFACE_CURVE('',#3413,(#3418,#3425),.PCURVE_S1.);
#3413 = CIRCLE('',#3414,0.8);
#3414 = AXIS2_PLACEMENT_3D('',#3415,#3416,#3417);
#3415 = CARTESIAN_POINT('',(-16.915,5.958,-5.67));
#3416 = DIRECTION('',(1.,0.,0.));
#3417 = DIRECTION('',(-0.,1.,0.));
#3418 = PCURVE('',#858,#3419);
#3419 = DEFINITIONAL_REPRESENTATION('',(#3420),#3424);
#3420 = LINE('',#3421,#3422);
#3421 = CARTESIAN_POINT('',(0.,9.085));
#3422 = VECTOR('',#3423,1.);
#3423 = DIRECTION('',(1.,0.));
#3424 = ( GEOMETRIC_REPRESENTATION_CONTEXT(2) 
PARAMETRIC_REPRESENTATION_CONTEXT() REPRESENTATION_CONTEXT('2D SPACE',''
  ) );
#3425 = PCURVE('',#1510,#3426);
#3426 = DEFINITIONAL_REPRESENTATION('',(#3427),#3431);
#3427 = CIRCLE('',#3428,0.8);
#3428 = AXIS2_PLACEMENT_2D('',#3429,#3430);
#3429 = CARTESIAN_POINT('',(14.957,-7.53));
#3430 = DIRECTION('',(-1.,-0.));
#3431 = ( GEOMETRIC_REPRESENTATION_CONTEXT(2) 
PARAMETRIC_REPRESENTATION_CONTEXT() REPRESENTATION_CONTEXT('2D SPACE',''
  ) );
#3432 = ADVANCED_FACE('',(#3433),#830,.T.);
#3433 = FACE_BOUND('',#3434,.T.);
#3434 = EDGE_LOOP('',(#3435,#3436,#3437,#3458));
#3435 = ORIENTED_EDGE('',*,*,#815,.T.);
#3436 = ORIENTED_EDGE('',*,*,#3388,.T.);
#3437 = ORIENTED_EDGE('',*,*,#3438,.F.);
#3438 = EDGE_CURVE('',#3439,#3389,#3441,.T.);
#3439 = VERTEX_POINT('',#3440);
#3440 = CARTESIAN_POINT('',(-16.915,-5.442,-4.87));
#3441 = SURFACE_CURVE('',#3442,(#3446,#3452),.PCURVE_S1.);
#3442 = LINE('',#3443,#3444);
#3443 = CARTESIAN_POINT('',(-16.915,13.8365,-4.87));
#3444 = VECTOR('',#3445,1.);
#3445 = DIRECTION('',(0.,1.,0.));
#3446 = PCURVE('',#830,#3447);
#3447 = DEFINITIONAL_REPRESENTATION('',(#3448),#3451);
#3448 = B_SPLINE_CURVE_WITH_KNOTS('',1,(#3449,#3450),.UNSPECIFIED.,.F.,
  .F.,(2,2),(-19.2785,-7.8785),.PIECEWISE_BEZIER_KNOTS.);
#3449 = CARTESIAN_POINT('',(12.2,-9.085));
#3450 = CARTESIAN_POINT('',(0.8,-9.085));
#3451 = ( GEOMETRIC_REPRESENTATION_CONTEXT(2) 
PARAMETRIC_REPRESENTATION_CONTEXT() REPRESENTATION_CONTEXT('2D SPACE',''
  ) );
#3452 = PCURVE('',#1510,#3453);
#3453 = DEFINITIONAL_REPRESENTATION('',(#3454),#3457);
#3454 = B_SPLINE_CURVE_WITH_KNOTS('',1,(#3455,#3456),.UNSPECIFIED.,.F.,
  .F.,(2,2),(-19.2785,-7.8785),.PIECEWISE_BEZIER_KNOTS.);
#3455 = CARTESIAN_POINT('',(26.357,-8.33));
#3456 = CARTESIAN_POINT('',(14.957,-8.33));
#3457 = ( GEOMETRIC_REPRESENTATION_CONTEXT(2) 
PARAMETRIC_REPRESENTATION_CONTEXT() REPRESENTATION_CONTEXT('2D SPACE',''
  ) );
#3458 = ORIENTED_EDGE('',*,*,#3459,.F.);
#3459 = EDGE_CURVE('',#787,#3439,#3460,.T.);
#3460 = SURFACE_CURVE('',#3461,(#3465,#3472),.PCURVE_S1.);
#3461 = LINE('',#3462,#3463);
#3462 = CARTESIAN_POINT('',(-26.,-5.442,-4.87));
#3463 = VECTOR('',#3464,1.);
#3464 = DIRECTION('',(1.,0.,0.));
#3465 = PCURVE('',#830,#3466);
#3466 = DEFINITIONAL_REPRESENTATION('',(#3467),#3471);
#3467 = LINE('',#3468,#3469);
#3468 = CARTESIAN_POINT('',(12.2,0.));
#3469 = VECTOR('',#3470,1.);
#3470 = DIRECTION('',(0.,-1.));
#3471 = ( GEOMETRIC_REPRESENTATION_CONTEXT(2) 
PARAMETRIC_REPRESENTATION_CONTEXT() REPRESENTATION_CONTEXT('2D SPACE',''
  ) );
#3472 = PCURVE('',#803,#3473);
#3473 = DEFINITIONAL_REPRESENTATION('',(#3474),#3478);
#3474 = LINE('',#3475,#3476);
#3475 = CARTESIAN_POINT('',(0.,0.));
#3476 = VECTOR('',#3477,1.);
#3477 = DIRECTION('',(0.,1.));
#3478 = ( GEOMETRIC_REPRESENTATION_CONTEXT(2) 
PARAMETRIC_REPRESENTATION_CONTEXT() REPRESENTATION_CONTEXT('2D SPACE',''
  ) );
#3479 = ADVANCED_FACE('',(#3480),#803,.F.);
#3480 = FACE_BOUND('',#3481,.F.);
#3481 = EDGE_LOOP('',(#3482,#3483,#3484,#3507));
#3482 = ORIENTED_EDGE('',*,*,#3459,.F.);
#3483 = ORIENTED_EDGE('',*,*,#786,.T.);
#3484 = ORIENTED_EDGE('',*,*,#3485,.T.);
#3485 = EDGE_CURVE('',#761,#3486,#3488,.T.);
#3486 = VERTEX_POINT('',#3487);
#3487 = CARTESIAN_POINT('',(-16.915,-6.242,-5.67));
#3488 = SURFACE_CURVE('',#3489,(#3493,#3500),.PCURVE_S1.);
#3489 = LINE('',#3490,#3491);
#3490 = CARTESIAN_POINT('',(-26.,-6.242,-5.67));
#3491 = VECTOR('',#3492,1.);
#3492 = DIRECTION('',(1.,0.,0.));
#3493 = PCURVE('',#803,#3494);
#3494 = DEFINITIONAL_REPRESENTATION('',(#3495),#3499);
#3495 = LINE('',#3496,#3497);
#3496 = CARTESIAN_POINT('',(1.570796326795,0.));
#3497 = VECTOR('',#3498,1.);
#3498 = DIRECTION('',(0.,1.));
#3499 = ( GEOMETRIC_REPRESENTATION_CONTEXT(2) 
PARAMETRIC_REPRESENTATION_CONTEXT() REPRESENTATION_CONTEXT('2D SPACE',''
  ) );
#3500 = PCURVE('',#775,#3501);
#3501 = DEFINITIONAL_REPRESENTATION('',(#3502),#3506);
#3502 = LINE('',#3503,#3504);
#3503 = CARTESIAN_POINT('',(0.8,0.));
#3504 = VECTOR('',#3505,1.);
#3505 = DIRECTION('',(0.,-1.));
#3506 = ( GEOMETRIC_REPRESENTATION_CONTEXT(2) 
PARAMETRIC_REPRESENTATION_CONTEXT() REPRESENTATION_CONTEXT('2D SPACE',''
  ) );
#3507 = ORIENTED_EDGE('',*,*,#3508,.F.);
#3508 = EDGE_CURVE('',#3439,#3486,#3509,.T.);
#3509 = SURFACE_CURVE('',#3510,(#3515,#3522),.PCURVE_S1.);
#3510 = CIRCLE('',#3511,0.8);
#3511 = AXIS2_PLACEMENT_3D('',#3512,#3513,#3514);
#3512 = CARTESIAN_POINT('',(-16.915,-5.442,-5.67));
#3513 = DIRECTION('',(1.,0.,0.));
#3514 = DIRECTION('',(0.,-0.,1.));
#3515 = PCURVE('',#803,#3516);
#3516 = DEFINITIONAL_REPRESENTATION('',(#3517),#3521);
#3517 = LINE('',#3518,#3519);
#3518 = CARTESIAN_POINT('',(0.,9.085));
#3519 = VECTOR('',#3520,1.);
#3520 = DIRECTION('',(1.,0.));
#3521 = ( GEOMETRIC_REPRESENTATION_CONTEXT(2) 
PARAMETRIC_REPRESENTATION_CONTEXT() REPRESENTATION_CONTEXT('2D SPACE',''
  ) );
#3522 = PCURVE('',#1510,#3523);
#3523 = DEFINITIONAL_REPRESENTATION('',(#3524),#3528);
#3524 = CIRCLE('',#3525,0.8);
#3525 = AXIS2_PLACEMENT_2D('',#3526,#3527);
#3526 = CARTESIAN_POINT('',(26.357,-7.53));
#3527 = DIRECTION('',(0.,-1.));
#3528 = ( GEOMETRIC_REPRESENTATION_CONTEXT(2) 
PARAMETRIC_REPRESENTATION_CONTEXT() REPRESENTATION_CONTEXT('2D SPACE',''
  ) );
#3529 = ADVANCED_FACE('',(#3530),#775,.T.);
#3530 = FACE_BOUND('',#3531,.T.);
#3531 = EDGE_LOOP('',(#3532,#3533,#3534,#3555));
#3532 = ORIENTED_EDGE('',*,*,#760,.T.);
#3533 = ORIENTED_EDGE('',*,*,#3485,.T.);
#3534 = ORIENTED_EDGE('',*,*,#3535,.F.);
#3535 = EDGE_CURVE('',#3536,#3486,#3538,.T.);
#3536 = VERTEX_POINT('',#3537);
#3537 = CARTESIAN_POINT('',(-16.915,-6.242,-11.07));
#3538 = SURFACE_CURVE('',#3539,(#3543,#3549),.PCURVE_S1.);
#3539 = LINE('',#3540,#3541);
#3540 = CARTESIAN_POINT('',(-16.915,-6.242,-9.035));
#3541 = VECTOR('',#3542,1.);
#3542 = DIRECTION('',(0.,0.,1.));
#3543 = PCURVE('',#775,#3544);
#3544 = DEFINITIONAL_REPRESENTATION('',(#3545),#3548);
#3545 = B_SPLINE_CURVE_WITH_KNOTS('',1,(#3546,#3547),.UNSPECIFIED.,.F.,
  .F.,(2,2),(-2.035,3.365),.PIECEWISE_BEZIER_KNOTS.);
#3546 = CARTESIAN_POINT('',(6.2,-9.085));
#3547 = CARTESIAN_POINT('',(0.8,-9.085));
#3548 = ( GEOMETRIC_REPRESENTATION_CONTEXT(2) 
PARAMETRIC_REPRESENTATION_CONTEXT() REPRESENTATION_CONTEXT('2D SPACE',''
  ) );
#3549 = PCURVE('',#1510,#3550);
#3550 = DEFINITIONAL_REPRESENTATION('',(#3551),#3554);
#3551 = B_SPLINE_CURVE_WITH_KNOTS('',1,(#3552,#3553),.UNSPECIFIED.,.F.,
  .F.,(2,2),(-2.035,3.365),.PIECEWISE_BEZIER_KNOTS.);
#3552 = CARTESIAN_POINT('',(27.157,-2.13));
#3553 = CARTESIAN_POINT('',(27.157,-7.53));
#3554 = ( GEOMETRIC_REPRESENTATION_CONTEXT(2) 
PARAMETRIC_REPRESENTATION_CONTEXT() REPRESENTATION_CONTEXT('2D SPACE',''
  ) );
#3555 = ORIENTED_EDGE('',*,*,#3556,.F.);
#3556 = EDGE_CURVE('',#732,#3536,#3557,.T.);
#3557 = SURFACE_CURVE('',#3558,(#3562,#3569),.PCURVE_S1.);
#3558 = LINE('',#3559,#3560);
#3559 = CARTESIAN_POINT('',(-26.,-6.242,-11.07));
#3560 = VECTOR('',#3561,1.);
#3561 = DIRECTION('',(1.,0.,0.));
#3562 = PCURVE('',#775,#3563);
#3563 = DEFINITIONAL_REPRESENTATION('',(#3564),#3568);
#3564 = LINE('',#3565,#3566);
#3565 = CARTESIAN_POINT('',(6.2,0.));
#3566 = VECTOR('',#3567,1.);
#3567 = DIRECTION('',(0.,-1.));
#3568 = ( GEOMETRIC_REPRESENTATION_CONTEXT(2) 
PARAMETRIC_REPRESENTATION_CONTEXT() REPRESENTATION_CONTEXT('2D SPACE',''
  ) );
#3569 = PCURVE('',#748,#3570);
#3570 = DEFINITIONAL_REPRESENTATION('',(#3571),#3575);
#3571 = LINE('',#3572,#3573);
#3572 = CARTESIAN_POINT('',(-1.570796326795,0.));
#3573 = VECTOR('',#3574,1.);
#3574 = DIRECTION('',(-0.,1.));
#3575 = ( GEOMETRIC_REPRESENTATION_CONTEXT(2) 
PARAMETRIC_REPRESENTATION_CONTEXT() REPRESENTATION_CONTEXT('2D SPACE',''
  ) );
#3576 = ADVANCED_FACE('',(#3577),#748,.F.);
#3577 = FACE_BOUND('',#3578,.T.);
#3578 = EDGE_LOOP('',(#3579,#3602,#3603,#3604));
#3579 = ORIENTED_EDGE('',*,*,#3580,.F.);
#3580 = EDGE_CURVE('',#706,#3581,#3583,.T.);
#3581 = VERTEX_POINT('',#3582);
#3582 = CARTESIAN_POINT('',(-16.915,-5.442,-11.87));
#3583 = SURFACE_CURVE('',#3584,(#3588,#3595),.PCURVE_S1.);
#3584 = LINE('',#3585,#3586);
#3585 = CARTESIAN_POINT('',(-26.,-5.442,-11.87));
#3586 = VECTOR('',#3587,1.);
#3587 = DIRECTION('',(1.,0.,0.));
#3588 = PCURVE('',#748,#3589);
#3589 = DEFINITIONAL_REPRESENTATION('',(#3590),#3594);
#3590 = LINE('',#3591,#3592);
#3591 = CARTESIAN_POINT('',(-0.,0.));
#3592 = VECTOR('',#3593,1.);
#3593 = DIRECTION('',(-0.,1.));
#3594 = ( GEOMETRIC_REPRESENTATION_CONTEXT(2) 
PARAMETRIC_REPRESENTATION_CONTEXT() REPRESENTATION_CONTEXT('2D SPACE',''
  ) );
#3595 = PCURVE('',#720,#3596);
#3596 = DEFINITIONAL_REPRESENTATION('',(#3597),#3601);
#3597 = LINE('',#3598,#3599);
#3598 = CARTESIAN_POINT('',(0.8,0.));
#3599 = VECTOR('',#3600,1.);
#3600 = DIRECTION('',(0.,-1.));
#3601 = ( GEOMETRIC_REPRESENTATION_CONTEXT(2) 
PARAMETRIC_REPRESENTATION_CONTEXT() REPRESENTATION_CONTEXT('2D SPACE',''
  ) );
#3602 = ORIENTED_EDGE('',*,*,#731,.F.);
#3603 = ORIENTED_EDGE('',*,*,#3556,.T.);
#3604 = ORIENTED_EDGE('',*,*,#3605,.T.);
#3605 = EDGE_CURVE('',#3536,#3581,#3606,.T.);
#3606 = SURFACE_CURVE('',#3607,(#3612,#3619),.PCURVE_S1.);
#3607 = CIRCLE('',#3608,0.8);
#3608 = AXIS2_PLACEMENT_3D('',#3609,#3610,#3611);
#3609 = CARTESIAN_POINT('',(-16.915,-5.442,-11.07));
#3610 = DIRECTION('',(1.,0.,0.));
#3611 = DIRECTION('',(0.,0.,-1.));
#3612 = PCURVE('',#748,#3613);
#3613 = DEFINITIONAL_REPRESENTATION('',(#3614),#3618);
#3614 = LINE('',#3615,#3616);
#3615 = CARTESIAN_POINT('',(-6.28318530718,9.085));
#3616 = VECTOR('',#3617,1.);
#3617 = DIRECTION('',(1.,-0.));
#3618 = ( GEOMETRIC_REPRESENTATION_CONTEXT(2) 
PARAMETRIC_REPRESENTATION_CONTEXT() REPRESENTATION_CONTEXT('2D SPACE',''
  ) );
#3619 = PCURVE('',#1510,#3620);
#3620 = DEFINITIONAL_REPRESENTATION('',(#3621),#3625);
#3621 = CIRCLE('',#3622,0.8);
#3622 = AXIS2_PLACEMENT_2D('',#3623,#3624);
#3623 = CARTESIAN_POINT('',(26.357,-2.13));
#3624 = DIRECTION('',(0.,1.));
#3625 = ( GEOMETRIC_REPRESENTATION_CONTEXT(2) 
PARAMETRIC_REPRESENTATION_CONTEXT() REPRESENTATION_CONTEXT('2D SPACE',''
  ) );
#3626 = ADVANCED_FACE('',(#3627),#720,.T.);
#3627 = FACE_BOUND('',#3628,.T.);
#3628 = EDGE_LOOP('',(#3629,#3630,#3631,#3650));
#3629 = ORIENTED_EDGE('',*,*,#705,.T.);
#3630 = ORIENTED_EDGE('',*,*,#3580,.T.);
#3631 = ORIENTED_EDGE('',*,*,#3632,.F.);
#3632 = EDGE_CURVE('',#3268,#3581,#3633,.T.);
#3633 = SURFACE_CURVE('',#3634,(#3638,#3644),.PCURVE_S1.);
#3634 = LINE('',#3635,#3636);
#3635 = CARTESIAN_POINT('',(-16.915,7.3365,-11.87));
#3636 = VECTOR('',#3637,1.);
#3637 = DIRECTION('',(0.,-1.,0.));
#3638 = PCURVE('',#720,#3639);
#3639 = DEFINITIONAL_REPRESENTATION('',(#3640),#3643);
#3640 = B_SPLINE_CURVE_WITH_KNOTS('',1,(#3641,#3642),.UNSPECIFIED.,.F.,
  .F.,(2,2),(1.3785,12.7785),.PIECEWISE_BEZIER_KNOTS.);
#3641 = CARTESIAN_POINT('',(12.2,-9.085));
#3642 = CARTESIAN_POINT('',(0.8,-9.085));
#3643 = ( GEOMETRIC_REPRESENTATION_CONTEXT(2) 
PARAMETRIC_REPRESENTATION_CONTEXT() REPRESENTATION_CONTEXT('2D SPACE',''
  ) );
#3644 = PCURVE('',#1510,#3645);
#3645 = DEFINITIONAL_REPRESENTATION('',(#3646),#3649);
#3646 = B_SPLINE_CURVE_WITH_KNOTS('',1,(#3647,#3648),.UNSPECIFIED.,.F.,
  .F.,(2,2),(1.3785,12.7785),.PIECEWISE_BEZIER_KNOTS.);
#3647 = CARTESIAN_POINT('',(14.957,-1.33));
#3648 = CARTESIAN_POINT('',(26.357,-1.33));
#3649 = ( GEOMETRIC_REPRESENTATION_CONTEXT(2) 
PARAMETRIC_REPRESENTATION_CONTEXT() REPRESENTATION_CONTEXT('2D SPACE',''
  ) );
#3650 = ORIENTED_EDGE('',*,*,#3267,.F.);
#3651 = ADVANCED_FACE('',(#3652),#1290,.T.);
#3652 = FACE_BOUND('',#3653,.F.);
#3653 = EDGE_LOOP('',(#3654,#3720,#3721,#3722));
#3654 = ORIENTED_EDGE('',*,*,#3655,.F.);
#3655 = EDGE_CURVE('',#3192,#1248,#3656,.T.);
#3656 = SURFACE_CURVE('',#3657,(#3676,#3698),.PCURVE_S1.);
#3657 = B_SPLINE_CURVE_WITH_KNOTS('',5,(#3658,#3659,#3660,#3661,#3662,
    #3663,#3664,#3665,#3666,#3667,#3668,#3669,#3670,#3671,#3672,#3673,
    #3674,#3675),.UNSPECIFIED.,.F.,.F.,(6,4,4,4,6),(0.,0.259321950581,
    0.519436405659,0.759400520046,1.),.UNSPECIFIED.);
#3658 = CARTESIAN_POINT('',(-19.17295617901,22.522010379887,-12.35));
#3659 = CARTESIAN_POINT('',(-19.17295617901,22.522010379887,
    -12.40348164284));
#3660 = CARTESIAN_POINT('',(-19.16764640401,22.519701232958,
    -12.45696505288));
#3661 = CARTESIAN_POINT('',(-19.1570260512,22.51508272544,
    -12.50966175833));
#3662 = CARTESIAN_POINT('',(-19.14127214618,22.508224231661,
    -12.56079711792));
#3663 = CARTESIAN_POINT('',(-19.10008956633,22.49025989167,
    -12.6587048836));
#3664 = CARTESIAN_POINT('',(-19.07463027581,22.479140621405,
    -12.70546618142));
#3665 = CARTESIAN_POINT('',(-19.0446635591,22.466028705625,
    -12.74925919039));
#3666 = CARTESIAN_POINT('',(-19.0106597812,22.451111731488,
    -12.78948320955));
#3667 = CARTESIAN_POINT('',(-18.93858902856,22.419396732448,
    -12.85904661551));
#3668 = CARTESIAN_POINT('',(-18.90103988765,22.402833518092,
    -12.88898871578));
#3669 = CARTESIAN_POINT('',(-18.86095860396,22.385102318755,
    -12.91512255873));
#3670 = CARTESIAN_POINT('',(-18.81883208379,22.366404478819,
    -12.93717487977));
#3671 = CARTESIAN_POINT('',(-18.73138620139,22.327454520249,
    -12.97280580382));
#3672 = CARTESIAN_POINT('',(-18.68605827742,22.307198238552,
    -12.9863619646));
#3673 = CARTESIAN_POINT('',(-18.63969365153,22.286403199482,
    -12.99545507322));
#3674 = CARTESIAN_POINT('',(-18.59282072475,22.265299397057,
    -13.00000000882));
#3675 = CARTESIAN_POINT('',(-18.54596377701,22.244122450419,-13.));
#3676 = PCURVE('',#1290,#3677);
#3677 = DEFINITIONAL_REPRESENTATION('',(#3678),#3697);
#3678 = B_SPLINE_CURVE_WITH_KNOTS('',5,(#3679,#3680,#3681,#3682,#3683,
    #3684,#3685,#3686,#3687,#3688,#3689,#3690,#3691,#3692,#3693,#3694,
    #3695,#3696),.UNSPECIFIED.,.F.,.F.,(6,4,4,4,6),(0.,0.259321950581,
    0.519436405659,0.759400520046,1.),.UNSPECIFIED.);
#3679 = CARTESIAN_POINT('',(-0.842965978858,0.));
#3680 = CARTESIAN_POINT('',(-0.842965978858,8.227945053631E-02));
#3681 = CARTESIAN_POINT('',(-0.842739935108,0.164561517724));
#3682 = CARTESIAN_POINT('',(-0.842287856833,0.246794319053));
#3683 = CARTESIAN_POINT('',(-0.841614685868,0.328944431643));
#3684 = CARTESIAN_POINT('',(-0.839842738642,0.493253390032));
#3685 = CARTESIAN_POINT('',(-0.838742620502,0.575415933203));
#3686 = CARTESIAN_POINT('',(-0.837439435576,0.657425443946));
#3687 = CARTESIAN_POINT('',(-0.835947282871,0.739272049398));
#3688 = CARTESIAN_POINT('',(-0.832750111538,0.896303071205));
#3689 = CARTESIAN_POINT('',(-0.831070496422,0.971514560097));
#3690 = CARTESIAN_POINT('',(-0.829259627428,1.04658518287));
#3691 = CARTESIAN_POINT('',(-0.827334357618,1.12153042921));
#3692 = CARTESIAN_POINT('',(-0.823288625189,1.271410712328));
#3693 = CARTESIAN_POINT('',(-0.82116764119,1.346345947086));
#3694 = CARTESIAN_POINT('',(-0.818970815427,1.42119987656));
#3695 = CARTESIAN_POINT('',(-0.816720329498,1.496005211011));
#3696 = CARTESIAN_POINT('',(-0.814440892159,1.570796326795));
#3697 = ( GEOMETRIC_REPRESENTATION_CONTEXT(2) 
PARAMETRIC_REPRESENTATION_CONTEXT() REPRESENTATION_CONTEXT('2D SPACE',''
  ) );
#3698 = PCURVE('',#1263,#3699);
#3699 = DEFINITIONAL_REPRESENTATION('',(#3700),#3719);
#3700 = B_SPLINE_CURVE_WITH_KNOTS('',5,(#3701,#3702,#3703,#3704,#3705,
    #3706,#3707,#3708,#3709,#3710,#3711,#3712,#3713,#3714,#3715,#3716,
    #3717,#3718),.UNSPECIFIED.,.F.,.F.,(6,4,4,4,6),(0.,0.259321950581,
    0.519436405659,0.759400520046,1.),.UNSPECIFIED.);
#3701 = CARTESIAN_POINT('',(0.,1.2603906302));
#3702 = CARTESIAN_POINT('',(-8.227945053631E-02,1.2603906302));
#3703 = CARTESIAN_POINT('',(-0.164561517724,1.258582313134));
#3704 = CARTESIAN_POINT('',(-0.246794319053,1.254965540484));
#3705 = CARTESIAN_POINT('',(-0.328944431643,1.249593021736));
#3706 = CARTESIAN_POINT('',(-0.493253390032,1.235513348789));
#3707 = CARTESIAN_POINT('',(-0.575415933203,1.226795658751));
#3708 = CARTESIAN_POINT('',(-0.657425443946,1.216510612636));
#3709 = CARTESIAN_POINT('',(-0.739272049398,1.204801504405));
#3710 = CARTESIAN_POINT('',(-0.896303071205,1.179885975422));
#3711 = CARTESIAN_POINT('',(-0.971514560097,1.166865480798));
#3712 = CARTESIAN_POINT('',(-1.04658518287,1.152916124673));
#3713 = CARTESIAN_POINT('',(-1.12153042921,1.138193369903));
#3714 = CARTESIAN_POINT('',(-1.271410712328,1.107495447698));
#3715 = CARTESIAN_POINT('',(-1.346345947086,1.091516926647));
#3716 = CARTESIAN_POINT('',(-1.42119987656,1.075097808836));
#3717 = CARTESIAN_POINT('',(-1.496005211011,1.058418247458));
#3718 = CARTESIAN_POINT('',(-1.570796326795,1.041664377772));
#3719 = ( GEOMETRIC_REPRESENTATION_CONTEXT(2) 
PARAMETRIC_REPRESENTATION_CONTEXT() REPRESENTATION_CONTEXT('2D SPACE',''
  ) );
#3720 = ORIENTED_EDGE('',*,*,#3219,.T.);
#3721 = ORIENTED_EDGE('',*,*,#3139,.T.);
#3722 = ORIENTED_EDGE('',*,*,#1275,.F.);
#3723 = ADVANCED_FACE('',(#3724),#1263,.T.);
#3724 = FACE_BOUND('',#3725,.F.);
#3725 = EDGE_LOOP('',(#3726,#3749,#3750,#3751));
#3726 = ORIENTED_EDGE('',*,*,#3727,.F.);
#3727 = EDGE_CURVE('',#3192,#3728,#3730,.T.);
#3728 = VERTEX_POINT('',#3729);
#3729 = CARTESIAN_POINT('',(-18.4487153331,30.321527181977,-12.35));
#3730 = SURFACE_CURVE('',#3731,(#3735,#3742),.PCURVE_S1.);
#3731 = LINE('',#3732,#3733);
#3732 = CARTESIAN_POINT('',(-19.28949112186,21.267018687568,-12.35));
#3733 = VECTOR('',#3734,1.);
#3734 = DIRECTION('',(9.245938526191E-02,0.995716456667,0.));
#3735 = PCURVE('',#1263,#3736);
#3736 = DEFINITIONAL_REPRESENTATION('',(#3737),#3741);
#3737 = LINE('',#3738,#3739);
#3738 = CARTESIAN_POINT('',(-0.,0.));
#3739 = VECTOR('',#3740,1.);
#3740 = DIRECTION('',(-0.,1.));
#3741 = ( GEOMETRIC_REPRESENTATION_CONTEXT(2) 
PARAMETRIC_REPRESENTATION_CONTEXT() REPRESENTATION_CONTEXT('2D SPACE',''
  ) );
#3742 = PCURVE('',#3208,#3743);
#3743 = DEFINITIONAL_REPRESENTATION('',(#3744),#3748);
#3744 = LINE('',#3745,#3746);
#3745 = CARTESIAN_POINT('',(0.,-0.65));
#3746 = VECTOR('',#3747,1.);
#3747 = DIRECTION('',(1.,0.));
#3748 = ( GEOMETRIC_REPRESENTATION_CONTEXT(2) 
PARAMETRIC_REPRESENTATION_CONTEXT() REPRESENTATION_CONTEXT('2D SPACE',''
  ) );
#3749 = ORIENTED_EDGE('',*,*,#3655,.T.);
#3750 = ORIENTED_EDGE('',*,*,#1247,.T.);
#3751 = ORIENTED_EDGE('',*,*,#3752,.F.);
#3752 = EDGE_CURVE('',#3728,#1215,#3753,.T.);
#3753 = SURFACE_CURVE('',#3754,(#3759,#3765),.PCURVE_S1.);
#3754 = CIRCLE('',#3755,0.65);
#3755 = AXIS2_PLACEMENT_3D('',#3756,#3757,#3758);
#3756 = CARTESIAN_POINT('',(-17.80149963626,30.261428581557,-12.35));
#3757 = DIRECTION('',(-9.245938526191E-02,-0.995716456667,-0.));
#3758 = DIRECTION('',(-0.995716456667,9.245938526191E-02,0.));
#3759 = PCURVE('',#1263,#3760);
#3760 = DEFINITIONAL_REPRESENTATION('',(#3761),#3764);
#3761 = B_SPLINE_CURVE_WITH_KNOTS('',1,(#3762,#3763),.UNSPECIFIED.,.F.,
  .F.,(2,2),(0.,1.570796326795),.PIECEWISE_BEZIER_KNOTS.);
#3762 = CARTESIAN_POINT('',(0.,9.093460727484));
#3763 = CARTESIAN_POINT('',(-1.570796326795,9.093460727484));
#3764 = ( GEOMETRIC_REPRESENTATION_CONTEXT(2) 
PARAMETRIC_REPRESENTATION_CONTEXT() REPRESENTATION_CONTEXT('2D SPACE',''
  ) );
#3765 = PCURVE('',#1235,#3766);
#3766 = DEFINITIONAL_REPRESENTATION('',(#3767),#3770);
#3767 = B_SPLINE_CURVE_WITH_KNOTS('',1,(#3768,#3769),.UNSPECIFIED.,.F.,
  .F.,(2,2),(0.,1.570796326795),.PIECEWISE_BEZIER_KNOTS.);
#3768 = CARTESIAN_POINT('',(-5.96744875736E-16,0.));
#3769 = CARTESIAN_POINT('',(-5.96744875736E-16,1.570796326795));
#3770 = ( GEOMETRIC_REPRESENTATION_CONTEXT(2) 
PARAMETRIC_REPRESENTATION_CONTEXT() REPRESENTATION_CONTEXT('2D SPACE',''
  ) );
#3771 = ADVANCED_FACE('',(#3772),#1235,.T.);
#3772 = FACE_BOUND('',#3773,.T.);
#3773 = EDGE_LOOP('',(#3774,#3775,#3804,#3824));
#3774 = ORIENTED_EDGE('',*,*,#3752,.F.);
#3775 = ORIENTED_EDGE('',*,*,#3776,.T.);
#3776 = EDGE_CURVE('',#3728,#3777,#3779,.T.);
#3777 = VERTEX_POINT('',#3778);
#3778 = CARTESIAN_POINT('',(-16.05210172423,31.380552887319,-12.35));
#3779 = SURFACE_CURVE('',#3780,(#3785,#3792),.PCURVE_S1.);
#3780 = CIRCLE('',#3781,1.5);
#3781 = AXIS2_PLACEMENT_3D('',#3782,#3783,#3784);
#3782 = CARTESIAN_POINT('',(-16.9551406481,30.182838104084,-12.35));
#3783 = DIRECTION('',(0.,0.,-1.));
#3784 = DIRECTION('',(-0.995716456667,9.245938526191E-02,0.));
#3785 = PCURVE('',#1235,#3786);
#3786 = DEFINITIONAL_REPRESENTATION('',(#3787),#3791);
#3787 = LINE('',#3788,#3789);
#3788 = CARTESIAN_POINT('',(0.,0.));
#3789 = VECTOR('',#3790,1.);
#3790 = DIRECTION('',(1.,0.));
#3791 = ( GEOMETRIC_REPRESENTATION_CONTEXT(2) 
PARAMETRIC_REPRESENTATION_CONTEXT() REPRESENTATION_CONTEXT('2D SPACE',''
  ) );
#3792 = PCURVE('',#3793,#3798);
#3793 = CYLINDRICAL_SURFACE('',#3794,1.5);
#3794 = AXIS2_PLACEMENT_3D('',#3795,#3796,#3797);
#3795 = CARTESIAN_POINT('',(-16.9551406481,30.182838104084,-13.));
#3796 = DIRECTION('',(0.,0.,-1.));
#3797 = DIRECTION('',(-1.,0.,0.));
#3798 = DEFINITIONAL_REPRESENTATION('',(#3799),#3803);
#3799 = LINE('',#3800,#3801);
#3800 = CARTESIAN_POINT('',(9.259162980755E-02,-0.65));
#3801 = VECTOR('',#3802,1.);
#3802 = DIRECTION('',(1.,0.));
#3803 = ( GEOMETRIC_REPRESENTATION_CONTEXT(2) 
PARAMETRIC_REPRESENTATION_CONTEXT() REPRESENTATION_CONTEXT('2D SPACE',''
  ) );
#3804 = ORIENTED_EDGE('',*,*,#3805,.T.);
#3805 = EDGE_CURVE('',#3777,#1187,#3806,.T.);
#3806 = SURFACE_CURVE('',#3807,(#3812,#3818),.PCURVE_S1.);
#3807 = CIRCLE('',#3808,0.65);
#3808 = AXIS2_PLACEMENT_3D('',#3809,#3810,#3811);
#3809 = CARTESIAN_POINT('',(-16.44341859124,30.861543147918,-12.35));
#3810 = DIRECTION('',(-0.798476522157,0.602025949245,0.));
#3811 = DIRECTION('',(0.602025949245,0.798476522157,0.));
#3812 = PCURVE('',#1235,#3813);
#3813 = DEFINITIONAL_REPRESENTATION('',(#3814),#3817);
#3814 = B_SPLINE_CURVE_WITH_KNOTS('',1,(#3815,#3816),.UNSPECIFIED.,.F.,
  .F.,(2,2),(0.,1.570796326795),.PIECEWISE_BEZIER_KNOTS.);
#3815 = CARTESIAN_POINT('',(2.124240654597,0.));
#3816 = CARTESIAN_POINT('',(2.124240654597,1.570796326795));
#3817 = ( GEOMETRIC_REPRESENTATION_CONTEXT(2) 
PARAMETRIC_REPRESENTATION_CONTEXT() REPRESENTATION_CONTEXT('2D SPACE',''
  ) );
#3818 = PCURVE('',#1202,#3819);
#3819 = DEFINITIONAL_REPRESENTATION('',(#3820),#3823);
#3820 = B_SPLINE_CURVE_WITH_KNOTS('',1,(#3821,#3822),.UNSPECIFIED.,.F.,
  .F.,(2,2),(0.,1.570796326795),.PIECEWISE_BEZIER_KNOTS.);
#3821 = CARTESIAN_POINT('',(0.,0.));
#3822 = CARTESIAN_POINT('',(-1.570796326795,0.));
#3823 = ( GEOMETRIC_REPRESENTATION_CONTEXT(2) 
PARAMETRIC_REPRESENTATION_CONTEXT() REPRESENTATION_CONTEXT('2D SPACE',''
  ) );
#3824 = ORIENTED_EDGE('',*,*,#1214,.F.);
#3825 = ADVANCED_FACE('',(#3826),#1202,.T.);
#3826 = FACE_BOUND('',#3827,.F.);
#3827 = EDGE_LOOP('',(#3828,#3829,#3830,#3852));
#3828 = ORIENTED_EDGE('',*,*,#3805,.T.);
#3829 = ORIENTED_EDGE('',*,*,#1186,.T.);
#3830 = ORIENTED_EDGE('',*,*,#3831,.F.);
#3831 = EDGE_CURVE('',#3832,#1154,#3834,.T.);
#3832 = VERTEX_POINT('',#3833);
#3833 = CARTESIAN_POINT('',(-7.903044079266,25.236422123256,-12.35));
#3834 = SURFACE_CURVE('',#3835,(#3840,#3846),.PCURVE_S1.);
#3835 = CIRCLE('',#3836,0.65);
#3836 = AXIS2_PLACEMENT_3D('',#3837,#3838,#3839);
#3837 = CARTESIAN_POINT('',(-8.294360946275,24.717412383854,-12.35));
#3838 = DIRECTION('',(-0.798476522157,0.602025949245,0.));
#3839 = DIRECTION('',(0.602025949245,0.798476522157,0.));
#3840 = PCURVE('',#1202,#3841);
#3841 = DEFINITIONAL_REPRESENTATION('',(#3842),#3845);
#3842 = B_SPLINE_CURVE_WITH_KNOTS('',1,(#3843,#3844),.UNSPECIFIED.,.F.,
  .F.,(2,2),(0.,1.570796326795),.PIECEWISE_BEZIER_KNOTS.);
#3843 = CARTESIAN_POINT('',(0.,10.20575736273));
#3844 = CARTESIAN_POINT('',(-1.570796326795,10.20575736273));
#3845 = ( GEOMETRIC_REPRESENTATION_CONTEXT(2) 
PARAMETRIC_REPRESENTATION_CONTEXT() REPRESENTATION_CONTEXT('2D SPACE',''
  ) );
#3846 = PCURVE('',#1174,#3847);
#3847 = DEFINITIONAL_REPRESENTATION('',(#3848),#3851);
#3848 = B_SPLINE_CURVE_WITH_KNOTS('',1,(#3849,#3850),.UNSPECIFIED.,.F.,
  .F.,(2,2),(0.,1.570796326795),.PIECEWISE_BEZIER_KNOTS.);
#3849 = CARTESIAN_POINT('',(0.,0.));
#3850 = CARTESIAN_POINT('',(0.,1.570796326795));
#3851 = ( GEOMETRIC_REPRESENTATION_CONTEXT(2) 
PARAMETRIC_REPRESENTATION_CONTEXT() REPRESENTATION_CONTEXT('2D SPACE',''
  ) );
#3852 = ORIENTED_EDGE('',*,*,#3853,.F.);
#3853 = EDGE_CURVE('',#3777,#3832,#3854,.T.);
#3854 = SURFACE_CURVE('',#3855,(#3859,#3866),.PCURVE_S1.);
#3855 = LINE('',#3856,#3857);
#3856 = CARTESIAN_POINT('',(-16.05210172423,31.380552887319,-12.35));
#3857 = VECTOR('',#3858,1.);
#3858 = DIRECTION('',(0.798476522157,-0.602025949245,0.));
#3859 = PCURVE('',#1202,#3860);
#3860 = DEFINITIONAL_REPRESENTATION('',(#3861),#3865);
#3861 = LINE('',#3862,#3863);
#3862 = CARTESIAN_POINT('',(-0.,0.));
#3863 = VECTOR('',#3864,1.);
#3864 = DIRECTION('',(-0.,1.));
#3865 = ( GEOMETRIC_REPRESENTATION_CONTEXT(2) 
PARAMETRIC_REPRESENTATION_CONTEXT() REPRESENTATION_CONTEXT('2D SPACE',''
  ) );
#3866 = PCURVE('',#3867,#3872);
#3867 = PLANE('',#3868);
#3868 = AXIS2_PLACEMENT_3D('',#3869,#3870,#3871);
#3869 = CARTESIAN_POINT('',(-16.05210172423,31.380552887319,-13.));
#3870 = DIRECTION('',(0.602025949245,0.798476522157,-0.));
#3871 = DIRECTION('',(0.798476522157,-0.602025949245,0.));
#3872 = DEFINITIONAL_REPRESENTATION('',(#3873),#3877);
#3873 = LINE('',#3874,#3875);
#3874 = CARTESIAN_POINT('',(0.,-0.65));
#3875 = VECTOR('',#3876,1.);
#3876 = DIRECTION('',(1.,0.));
#3877 = ( GEOMETRIC_REPRESENTATION_CONTEXT(2) 
PARAMETRIC_REPRESENTATION_CONTEXT() REPRESENTATION_CONTEXT('2D SPACE',''
  ) );
#3878 = ADVANCED_FACE('',(#3879),#962,.T.);
#3879 = FACE_BOUND('',#3880,.T.);
#3880 = EDGE_LOOP('',(#3881,#3882,#3883,#3903));
#3881 = ORIENTED_EDGE('',*,*,#1669,.T.);
#3882 = ORIENTED_EDGE('',*,*,#946,.T.);
#3883 = ORIENTED_EDGE('',*,*,#3884,.F.);
#3884 = EDGE_CURVE('',#2374,#947,#3885,.T.);
#3885 = SURFACE_CURVE('',#3886,(#3891,#3897),.PCURVE_S1.);
#3886 = CIRCLE('',#3887,0.65);
#3887 = AXIS2_PLACEMENT_3D('',#3888,#3889,#3890);
#3888 = CARTESIAN_POINT('',(20.55,17.2,-12.35));
#3889 = DIRECTION('',(0.,1.,0.));
#3890 = DIRECTION('',(1.,0.,-0.));
#3891 = PCURVE('',#962,#3892);
#3892 = DEFINITIONAL_REPRESENTATION('',(#3893),#3896);
#3893 = B_SPLINE_CURVE_WITH_KNOTS('',1,(#3894,#3895),.UNSPECIFIED.,.F.,
  .F.,(2,2),(0.,1.570796326795),.PIECEWISE_BEZIER_KNOTS.);
#3894 = CARTESIAN_POINT('',(0.,34.4));
#3895 = CARTESIAN_POINT('',(1.570796326795,34.4));
#3896 = ( GEOMETRIC_REPRESENTATION_CONTEXT(2) 
PARAMETRIC_REPRESENTATION_CONTEXT() REPRESENTATION_CONTEXT('2D SPACE',''
  ) );
#3897 = PCURVE('',#991,#3898);
#3898 = DEFINITIONAL_REPRESENTATION('',(#3899),#3902);
#3899 = B_SPLINE_CURVE_WITH_KNOTS('',1,(#3900,#3901),.UNSPECIFIED.,.F.,
  .F.,(2,2),(0.,1.570796326795),.PIECEWISE_BEZIER_KNOTS.);
#3900 = CARTESIAN_POINT('',(0.,0.));
#3901 = CARTESIAN_POINT('',(0.,1.570796326795));
#3902 = ( GEOMETRIC_REPRESENTATION_CONTEXT(2) 
PARAMETRIC_REPRESENTATION_CONTEXT() REPRESENTATION_CONTEXT('2D SPACE',''
  ) );
#3903 = ORIENTED_EDGE('',*,*,#2401,.F.);
#3904 = ADVANCED_FACE('',(#3905),#1174,.T.);
#3905 = FACE_BOUND('',#3906,.T.);
#3906 = EDGE_LOOP('',(#3907,#3908,#3937,#4003));
#3907 = ORIENTED_EDGE('',*,*,#3831,.F.);
#3908 = ORIENTED_EDGE('',*,*,#3909,.T.);
#3909 = EDGE_CURVE('',#3832,#3910,#3912,.T.);
#3910 = VERTEX_POINT('',#3911);
#3911 = CARTESIAN_POINT('',(-7.856662465185,25.2,-12.35));
#3912 = SURFACE_CURVE('',#3913,(#3918,#3925),.PCURVE_S1.);
#3913 = CIRCLE('',#3914,1.5);
#3914 = AXIS2_PLACEMENT_3D('',#3915,#3916,#3917);
#3915 = CARTESIAN_POINT('',(-8.806083003134,24.038707340021,-12.35));
#3916 = DIRECTION('',(0.,0.,-1.));
#3917 = DIRECTION('',(0.602025949245,0.798476522157,0.));
#3918 = PCURVE('',#1174,#3919);
#3919 = DEFINITIONAL_REPRESENTATION('',(#3920),#3924);
#3920 = LINE('',#3921,#3922);
#3921 = CARTESIAN_POINT('',(0.,0.));
#3922 = VECTOR('',#3923,1.);
#3923 = DIRECTION('',(1.,0.));
#3924 = ( GEOMETRIC_REPRESENTATION_CONTEXT(2) 
PARAMETRIC_REPRESENTATION_CONTEXT() REPRESENTATION_CONTEXT('2D SPACE',''
  ) );
#3925 = PCURVE('',#3926,#3931);
#3926 = CYLINDRICAL_SURFACE('',#3927,1.5);
#3927 = AXIS2_PLACEMENT_3D('',#3928,#3929,#3930);
#3928 = CARTESIAN_POINT('',(-8.806083003134,24.038707340021,-13.));
#3929 = DIRECTION('',(0.,0.,-1.));
#3930 = DIRECTION('',(-1.,0.,0.));
#3931 = DEFINITIONAL_REPRESENTATION('',(#3932),#3936);
#3932 = LINE('',#3933,#3934);
#3933 = CARTESIAN_POINT('',(2.216832284405,-0.65));
#3934 = VECTOR('',#3935,1.);
#3935 = DIRECTION('',(1.,0.));
#3936 = ( GEOMETRIC_REPRESENTATION_CONTEXT(2) 
PARAMETRIC_REPRESENTATION_CONTEXT() REPRESENTATION_CONTEXT('2D SPACE',''
  ) );
#3937 = ORIENTED_EDGE('',*,*,#3938,.T.);
#3938 = EDGE_CURVE('',#3910,#1126,#3939,.T.);
#3939 = SURFACE_CURVE('',#3940,(#3959,#3981),.PCURVE_S1.);
#3940 = B_SPLINE_CURVE_WITH_KNOTS('',5,(#3941,#3942,#3943,#3944,#3945,
    #3946,#3947,#3948,#3949,#3950,#3951,#3952,#3953,#3954,#3955,#3956,
    #3957,#3958),.UNSPECIFIED.,.F.,.F.,(6,4,4,4,6),(0.,0.223842393815,
    0.448608405313,0.821661129571,1.),.UNSPECIFIED.);
#3941 = CARTESIAN_POINT('',(-7.856662465185,25.2,-12.35));
#3942 = CARTESIAN_POINT('',(-7.856662465185,25.2,-12.39674189246));
#3943 = CARTESIAN_POINT('',(-7.858161394253,25.19579847186,
    -12.44348453104));
#3944 = CARTESIAN_POINT('',(-7.861159216296,25.187395031312,
    -12.48969476573));
#3945 = CARTESIAN_POINT('',(-7.865640278566,25.174901566751,
    -12.53484498278));
#3946 = CARTESIAN_POINT('',(-7.877531933573,25.142091943327,
    -12.62224016614));
#3947 = CARTESIAN_POINT('',(-7.88495470857,25.121743228551,
    -12.66447365344));
#3948 = CARTESIAN_POINT('',(-7.893811055341,25.097698753775,
    -12.70466442059));
#3949 = CARTESIAN_POINT('',(-7.904055823899,25.070271032754,
    -12.74237885751));
#3950 = CARTESIAN_POINT('',(-7.934842340605,24.98933413797,
    -12.83516927037));
#3951 = CARTESIAN_POINT('',(-7.957719629792,24.930553154473,
    -12.88528740237));
#3952 = CARTESIAN_POINT('',(-7.983994355326,24.865238418823,
    -12.92600858322));
#3953 = CARTESIAN_POINT('',(-8.013319882791,24.795600878713,
    -12.9564016356));
#3954 = CARTESIAN_POINT('',(-8.060522982768,24.689570113744,
    -12.98583558335));
#3955 = CARTESIAN_POINT('',(-8.076386864801,24.654795292379,
    -12.99296082247));
#3956 = CARTESIAN_POINT('',(-8.092799937547,24.619783352508,
    -12.99767459533));
#3957 = CARTESIAN_POINT('',(-8.109708834716,24.584773417237,
    -13.00000000117));
#3958 = CARTESIAN_POINT('',(-8.127054420634,24.55,-13.));
#3959 = PCURVE('',#1174,#3960);
#3960 = DEFINITIONAL_REPRESENTATION('',(#3961),#3980);
#3961 = B_SPLINE_CURVE_WITH_KNOTS('',5,(#3962,#3963,#3964,#3965,#3966,
    #3967,#3968,#3969,#3970,#3971,#3972,#3973,#3974,#3975,#3976,#3977,
    #3978,#3979),.UNSPECIFIED.,.F.,.F.,(6,4,4,4,6),(0.,0.223842393815,
    0.448608405313,0.821661129571,1.),.UNSPECIFIED.);
#3962 = CARTESIAN_POINT('',(3.9317924962E-02,0.));
#3963 = CARTESIAN_POINT('',(3.9317924962E-02,7.191060378683E-02));
#3964 = CARTESIAN_POINT('',(4.031720100742E-02,0.143822326735));
#3965 = CARTESIAN_POINT('',(4.231579295829E-02,0.215689839906));
#3966 = CARTESIAN_POINT('',(4.533103760248E-02,0.287475530008));
#3967 = CARTESIAN_POINT('',(5.348421284367E-02,0.431092290446));
#3968 = CARTESIAN_POINT('',(5.863096356964E-02,0.502924384525));
#3969 = CARTESIAN_POINT('',(6.487637294854E-02,0.574589184226));
#3970 = CARTESIAN_POINT('',(7.227738319311E-02,0.646051929993));
#3971 = CARTESIAN_POINT('',(9.52551284154E-02,0.835481729363));
#3972 = CARTESIAN_POINT('',(0.113005228613,0.95303109101));
#3973 = CARTESIAN_POINT('',(0.134543991133,1.069739894438));
#3974 = CARTESIAN_POINT('',(0.160454275208,1.185478446403));
#3975 = CARTESIAN_POINT('',(0.206557171795,1.354771304943));
#3976 = CARTESIAN_POINT('',(0.222675629975,1.40925306367));
#3977 = CARTESIAN_POINT('',(0.240101121038,1.463438489971));
#3978 = CARTESIAN_POINT('',(0.258950356099,1.517298180196));
#3979 = CARTESIAN_POINT('',(0.279356931617,1.570796326795));
#3980 = ( GEOMETRIC_REPRESENTATION_CONTEXT(2) 
PARAMETRIC_REPRESENTATION_CONTEXT() REPRESENTATION_CONTEXT('2D SPACE',''
  ) );
#3981 = PCURVE('',#1141,#3982);
#3982 = DEFINITIONAL_REPRESENTATION('',(#3983),#4002);
#3983 = B_SPLINE_CURVE_WITH_KNOTS('',5,(#3984,#3985,#3986,#3987,#3988,
    #3989,#3990,#3991,#3992,#3993,#3994,#3995,#3996,#3997,#3998,#3999,
    #4000,#4001),.UNSPECIFIED.,.F.,.F.,(6,4,4,4,6),(0.,0.223842393815,
    0.448608405313,0.821661129571,1.),.UNSPECIFIED.);
#3984 = CARTESIAN_POINT('',(-2.6645352591E-15,21.056662465185));
#3985 = CARTESIAN_POINT('',(7.191060378683E-02,21.056662465185));
#3986 = CARTESIAN_POINT('',(0.143822326735,21.058161394253));
#3987 = CARTESIAN_POINT('',(0.215689839906,21.061159216296));
#3988 = CARTESIAN_POINT('',(0.287475530008,21.065640278566));
#3989 = CARTESIAN_POINT('',(0.431092290446,21.077531933573));
#3990 = CARTESIAN_POINT('',(0.502924384525,21.08495470857));
#3991 = CARTESIAN_POINT('',(0.574589184226,21.093811055341));
#3992 = CARTESIAN_POINT('',(0.646051929993,21.104055823899));
#3993 = CARTESIAN_POINT('',(0.835481729363,21.134842340605));
#3994 = CARTESIAN_POINT('',(0.95303109101,21.157719629792));
#3995 = CARTESIAN_POINT('',(1.069739894438,21.183994355326));
#3996 = CARTESIAN_POINT('',(1.185478446403,21.213319882791));
#3997 = CARTESIAN_POINT('',(1.354771304943,21.260522982768));
#3998 = CARTESIAN_POINT('',(1.40925306367,21.276386864801));
#3999 = CARTESIAN_POINT('',(1.463438489971,21.292799937547));
#4000 = CARTESIAN_POINT('',(1.517298180195,21.309708834716));
#4001 = CARTESIAN_POINT('',(1.570796326795,21.327054420634));
#4002 = ( GEOMETRIC_REPRESENTATION_CONTEXT(2) 
PARAMETRIC_REPRESENTATION_CONTEXT() REPRESENTATION_CONTEXT('2D SPACE',''
  ) );
#4003 = ORIENTED_EDGE('',*,*,#1153,.F.);
#4004 = ADVANCED_FACE('',(#4005),#991,.T.);
#4005 = FACE_BOUND('',#4006,.F.);
#4006 = EDGE_LOOP('',(#4007,#4008,#4032,#4098));
#4007 = ORIENTED_EDGE('',*,*,#3884,.F.);
#4008 = ORIENTED_EDGE('',*,*,#4009,.T.);
#4009 = EDGE_CURVE('',#2374,#4010,#4012,.T.);
#4010 = VERTEX_POINT('',#4011);
#4011 = CARTESIAN_POINT('',(19.172956179011,22.522010379886,-12.35));
#4012 = SURFACE_CURVE('',#4013,(#4018,#4025),.PCURVE_S1.);
#4013 = CIRCLE('',#4014,8.);
#4014 = AXIS2_PLACEMENT_3D('',#4015,#4016,#4017);
#4015 = CARTESIAN_POINT('',(13.2,17.2,-12.35));
#4016 = DIRECTION('',(0.,0.,1.));
#4017 = DIRECTION('',(1.,0.,-0.));
#4018 = PCURVE('',#991,#4019);
#4019 = DEFINITIONAL_REPRESENTATION('',(#4020),#4024);
#4020 = LINE('',#4021,#4022);
#4021 = CARTESIAN_POINT('',(-0.,0.));
#4022 = VECTOR('',#4023,1.);
#4023 = DIRECTION('',(-1.,0.));
#4024 = ( GEOMETRIC_REPRESENTATION_CONTEXT(2) 
PARAMETRIC_REPRESENTATION_CONTEXT() REPRESENTATION_CONTEXT('2D SPACE',''
  ) );
#4025 = PCURVE('',#2389,#4026);
#4026 = DEFINITIONAL_REPRESENTATION('',(#4027),#4031);
#4027 = LINE('',#4028,#4029);
#4028 = CARTESIAN_POINT('',(0.,0.65));
#4029 = VECTOR('',#4030,1.);
#4030 = DIRECTION('',(1.,0.));
#4031 = ( GEOMETRIC_REPRESENTATION_CONTEXT(2) 
PARAMETRIC_REPRESENTATION_CONTEXT() REPRESENTATION_CONTEXT('2D SPACE',''
  ) );
#4032 = ORIENTED_EDGE('',*,*,#4033,.T.);
#4033 = EDGE_CURVE('',#4010,#975,#4034,.T.);
#4034 = SURFACE_CURVE('',#4035,(#4054,#4076),.PCURVE_S1.);
#4035 = B_SPLINE_CURVE_WITH_KNOTS('',5,(#4036,#4037,#4038,#4039,#4040,
    #4041,#4042,#4043,#4044,#4045,#4046,#4047,#4048,#4049,#4050,#4051,
    #4052,#4053),.UNSPECIFIED.,.F.,.F.,(6,4,4,4,6),(0.,0.259321950452,
    0.51943640553,0.759400519916,1.),.UNSPECIFIED.);
#4036 = CARTESIAN_POINT('',(19.17295617901,22.522010379887,-12.35));
#4037 = CARTESIAN_POINT('',(19.17295617901,22.522010379887,
    -12.40348164282));
#4038 = CARTESIAN_POINT('',(19.167646404019,22.51970123296,
    -12.45696505282));
#4039 = CARTESIAN_POINT('',(19.157026051224,22.515082725447,
    -12.50966175825));
#4040 = CARTESIAN_POINT('',(19.141272146212,22.508224231675,
    -12.56079711782));
#4041 = CARTESIAN_POINT('',(19.1000895664,22.490259891697,
    -12.65870488348));
#4042 = CARTESIAN_POINT('',(19.074630275889,22.479140621436,
    -12.70546618131));
#4043 = CARTESIAN_POINT('',(19.044663559179,22.466028705659,
    -12.74925919029));
#4044 = CARTESIAN_POINT('',(19.010659781286,22.451111731525,
    -12.78948320945));
#4045 = CARTESIAN_POINT('',(18.938589028665,22.419396732492,
    -12.85904661543));
#4046 = CARTESIAN_POINT('',(18.901039887761,22.402833518139,
    -12.8889887157));
#4047 = CARTESIAN_POINT('',(18.860958604078,22.385102318804,
    -12.91512255867));
#4048 = CARTESIAN_POINT('',(18.818832083905,22.36640447887,
    -12.93717487972));
#4049 = CARTESIAN_POINT('',(18.731386201498,22.327454520293,
    -12.97280580379));
#4050 = CARTESIAN_POINT('',(18.686058277496,22.307198238586,
    -12.98636196458));
#4051 = CARTESIAN_POINT('',(18.639693651581,22.286403199505,
    -12.99545507322));
#4052 = CARTESIAN_POINT('',(18.592820724778,22.265299397068,
    -13.00000000882));
#4053 = CARTESIAN_POINT('',(18.545963777017,22.244122450419,-13.));
#4054 = PCURVE('',#991,#4055);
#4055 = DEFINITIONAL_REPRESENTATION('',(#4056),#4075);
#4056 = B_SPLINE_CURVE_WITH_KNOTS('',5,(#4057,#4058,#4059,#4060,#4061,
    #4062,#4063,#4064,#4065,#4066,#4067,#4068,#4069,#4070,#4071,#4072,
    #4073,#4074),.UNSPECIFIED.,.F.,.F.,(6,4,4,4,6),(0.,0.259321950452,
    0.51943640553,0.759400519916,1.),.UNSPECIFIED.);
#4057 = CARTESIAN_POINT('',(-0.727830347937,0.));
#4058 = CARTESIAN_POINT('',(-0.727830347937,8.227945049553E-02));
#4059 = CARTESIAN_POINT('',(-0.728056391686,0.164561517643));
#4060 = CARTESIAN_POINT('',(-0.728508469962,0.246794318931));
#4061 = CARTESIAN_POINT('',(-0.729181640926,0.32894443148));
#4062 = CARTESIAN_POINT('',(-0.730953588151,0.493253389829));
#4063 = CARTESIAN_POINT('',(-0.73205370629,0.575415932999));
#4064 = CARTESIAN_POINT('',(-0.733356891216,0.657425443742));
#4065 = CARTESIAN_POINT('',(-0.73484904392,0.739272049194));
#4066 = CARTESIAN_POINT('',(-0.738046215253,0.896303071002));
#4067 = CARTESIAN_POINT('',(-0.739725830368,0.971514559894));
#4068 = CARTESIAN_POINT('',(-0.741536699362,1.046585182667));
#4069 = CARTESIAN_POINT('',(-0.743461969171,1.121530429007));
#4070 = CARTESIAN_POINT('',(-0.747507701601,1.271410712165));
#4071 = CARTESIAN_POINT('',(-0.749628685601,1.346345946965));
#4072 = CARTESIAN_POINT('',(-0.751825511366,1.421199876479));
#4073 = CARTESIAN_POINT('',(-0.754075997295,1.49600521097));
#4074 = CARTESIAN_POINT('',(-0.756355434636,1.570796326795));
#4075 = ( GEOMETRIC_REPRESENTATION_CONTEXT(2) 
PARAMETRIC_REPRESENTATION_CONTEXT() REPRESENTATION_CONTEXT('2D SPACE',''
  ) );
#4076 = PCURVE('',#1019,#4077);
#4077 = DEFINITIONAL_REPRESENTATION('',(#4078),#4097);
#4078 = B_SPLINE_CURVE_WITH_KNOTS('',5,(#4079,#4080,#4081,#4082,#4083,
    #4084,#4085,#4086,#4087,#4088,#4089,#4090,#4091,#4092,#4093,#4094,
    #4095,#4096),.UNSPECIFIED.,.F.,.F.,(6,4,4,4,6),(0.,0.259321950452,
    0.51943640553,0.759400519916,1.),.UNSPECIFIED.);
#4079 = CARTESIAN_POINT('',(0.,7.833070097285));
#4080 = CARTESIAN_POINT('',(-8.227945049553E-02,7.833070097285));
#4081 = CARTESIAN_POINT('',(-0.164561517643,7.834878414349));
#4082 = CARTESIAN_POINT('',(-0.246794318931,7.838495186995));
#4083 = CARTESIAN_POINT('',(-0.32894443148,7.843867705738));
#4084 = CARTESIAN_POINT('',(-0.493253389829,7.857947378674));
#4085 = CARTESIAN_POINT('',(-0.575415932999,7.86666506871));
#4086 = CARTESIAN_POINT('',(-0.657425443742,7.876950114822));
#4087 = CARTESIAN_POINT('',(-0.739272049194,7.88865922305));
#4088 = CARTESIAN_POINT('',(-0.896303071002,7.913574752028));
#4089 = CARTESIAN_POINT('',(-0.971514559894,7.926595246649));
#4090 = CARTESIAN_POINT('',(-1.046585182667,7.940544602773));
#4091 = CARTESIAN_POINT('',(-1.121530429007,7.955267357541));
#4092 = CARTESIAN_POINT('',(-1.271410712165,7.985965279752));
#4093 = CARTESIAN_POINT('',(-1.346345946965,8.00194380081));
#4094 = CARTESIAN_POINT('',(-1.421199876479,8.01836291863));
#4095 = CARTESIAN_POINT('',(-1.49600521097,8.035042480017));
#4096 = CARTESIAN_POINT('',(-1.570796326795,8.051796349713));
#4097 = ( GEOMETRIC_REPRESENTATION_CONTEXT(2) 
PARAMETRIC_REPRESENTATION_CONTEXT() REPRESENTATION_CONTEXT('2D SPACE',''
  ) );
#4098 = ORIENTED_EDGE('',*,*,#974,.F.);
#4099 = ADVANCED_FACE('',(#4100),#1141,.T.);
#4100 = FACE_BOUND('',#4101,.T.);
#4101 = EDGE_LOOP('',(#4102,#4130,#4196,#4197));
#4102 = ORIENTED_EDGE('',*,*,#4103,.F.);
#4103 = EDGE_CURVE('',#4104,#3910,#4106,.T.);
#4104 = VERTEX_POINT('',#4105);
#4105 = CARTESIAN_POINT('',(7.856662465185,25.2,-12.35));
#4106 = SURFACE_CURVE('',#4107,(#4111,#4118),.PCURVE_S1.);
#4107 = LINE('',#4108,#4109);
#4108 = CARTESIAN_POINT('',(13.2,25.2,-12.35));
#4109 = VECTOR('',#4110,1.);
#4110 = DIRECTION('',(-1.,0.,0.));
#4111 = PCURVE('',#1141,#4112);
#4112 = DEFINITIONAL_REPRESENTATION('',(#4113),#4117);
#4113 = LINE('',#4114,#4115);
#4114 = CARTESIAN_POINT('',(0.,0.));
#4115 = VECTOR('',#4116,1.);
#4116 = DIRECTION('',(0.,1.));
#4117 = ( GEOMETRIC_REPRESENTATION_CONTEXT(2) 
PARAMETRIC_REPRESENTATION_CONTEXT() REPRESENTATION_CONTEXT('2D SPACE',''
  ) );
#4118 = PCURVE('',#4119,#4124);
#4119 = PLANE('',#4120);
#4120 = AXIS2_PLACEMENT_3D('',#4121,#4122,#4123);
#4121 = CARTESIAN_POINT('',(21.2,25.2,-13.));
#4122 = DIRECTION('',(0.,-1.,0.));
#4123 = DIRECTION('',(-1.,0.,0.));
#4124 = DEFINITIONAL_REPRESENTATION('',(#4125),#4129);
#4125 = LINE('',#4126,#4127);
#4126 = CARTESIAN_POINT('',(8.,-0.65));
#4127 = VECTOR('',#4128,1.);
#4128 = DIRECTION('',(1.,0.));
#4129 = ( GEOMETRIC_REPRESENTATION_CONTEXT(2) 
PARAMETRIC_REPRESENTATION_CONTEXT() REPRESENTATION_CONTEXT('2D SPACE',''
  ) );
#4130 = ORIENTED_EDGE('',*,*,#4131,.T.);
#4131 = EDGE_CURVE('',#4104,#1093,#4132,.T.);
#4132 = SURFACE_CURVE('',#4133,(#4152,#4174),.PCURVE_S1.);
#4133 = B_SPLINE_CURVE_WITH_KNOTS('',5,(#4134,#4135,#4136,#4137,#4138,
    #4139,#4140,#4141,#4142,#4143,#4144,#4145,#4146,#4147,#4148,#4149,
    #4150,#4151),.UNSPECIFIED.,.F.,.F.,(6,4,4,4,6),(0.,0.223842398134,
    0.448608415428,0.821661149283,1.),.UNSPECIFIED.);
#4134 = CARTESIAN_POINT('',(7.856662465185,25.2,-12.35));
#4135 = CARTESIAN_POINT('',(7.856662465185,25.2,-12.39674189215));
#4136 = CARTESIAN_POINT('',(7.858161394234,25.195798471916,
    -12.44348453042));
#4137 = CARTESIAN_POINT('',(7.861159216237,25.187395031477,
    -12.48969476482));
#4138 = CARTESIAN_POINT('',(7.865640278448,25.174901567079,
    -12.53484498159));
#4139 = CARTESIAN_POINT('',(7.877531933339,25.142091943968,
    -12.62224016474));
#4140 = CARTESIAN_POINT('',(7.884954708298,25.121743229292,
    -12.66447365209));
#4141 = CARTESIAN_POINT('',(7.893811055032,25.09769875461,-12.7046644193
    ));
#4142 = CARTESIAN_POINT('',(7.904055823552,25.070271033677,
    -12.74237885629));
#4143 = CARTESIAN_POINT('',(7.934842340162,24.989334139113,
    -12.83516926934));
#4144 = CARTESIAN_POINT('',(7.957719629291,24.930553155735,
    -12.88528740147));
#4145 = CARTESIAN_POINT('',(7.983994354769,24.865238420182,
    -12.92600858248));
#4146 = CARTESIAN_POINT('',(8.013319882183,24.795600880142,
    -12.95640163503));
#4147 = CARTESIAN_POINT('',(8.060522980009,24.689570119911,
    -12.98583558173));
#4148 = CARTESIAN_POINT('',(8.076386882513,24.654795312711,
    -12.99296082049));
#4149 = CARTESIAN_POINT('',(8.092799926226,24.619783364842,
    -12.99767459347));
#4150 = CARTESIAN_POINT('',(8.109708780669,24.584773415941,
    -12.99999999986));
#4151 = CARTESIAN_POINT('',(8.127054453871,24.55000004414,-13.));
#4152 = PCURVE('',#1141,#4153);
#4153 = DEFINITIONAL_REPRESENTATION('',(#4154),#4173);
#4154 = B_SPLINE_CURVE_WITH_KNOTS('',5,(#4155,#4156,#4157,#4158,#4159,
    #4160,#4161,#4162,#4163,#4164,#4165,#4166,#4167,#4168,#4169,#4170,
    #4171,#4172),.UNSPECIFIED.,.F.,.F.,(6,4,4,4,6),(0.,0.223842398134,
    0.448608415428,0.821661149283,1.),.UNSPECIFIED.);
#4155 = CARTESIAN_POINT('',(2.6645352591E-15,5.343337534815));
#4156 = CARTESIAN_POINT('',(7.191060331482E-02,5.343337534815));
#4157 = CARTESIAN_POINT('',(0.143822325791,5.341838605766));
#4158 = CARTESIAN_POINT('',(0.21568983849,5.338840783763));
#4159 = CARTESIAN_POINT('',(0.287475528124,5.334359721552));
#4160 = CARTESIAN_POINT('',(0.431092288093,5.322468066661));
#4161 = CARTESIAN_POINT('',(0.502924382171,5.315045291702));
#4162 = CARTESIAN_POINT('',(0.574589181872,5.306188944968));
#4163 = CARTESIAN_POINT('',(0.646051927639,5.295944176448));
#4164 = CARTESIAN_POINT('',(0.835481727007,5.265157659838));
#4165 = CARTESIAN_POINT('',(0.953031088651,5.242280370709));
#4166 = CARTESIAN_POINT('',(1.069739892079,5.216005645231));
#4167 = CARTESIAN_POINT('',(1.185478444046,5.186680117817));
#4168 = CARTESIAN_POINT('',(1.354771295133,5.139477019991));
#4169 = CARTESIAN_POINT('',(1.409253032129,5.123613117487));
#4170 = CARTESIAN_POINT('',(1.463438470881,5.107200073774));
#4171 = CARTESIAN_POINT('',(1.517298182176,5.090291219331));
#4172 = CARTESIAN_POINT('',(1.570796258887,5.072945546129));
#4173 = ( GEOMETRIC_REPRESENTATION_CONTEXT(2) 
PARAMETRIC_REPRESENTATION_CONTEXT() REPRESENTATION_CONTEXT('2D SPACE',''
  ) );
#4174 = PCURVE('',#1113,#4175);
#4175 = DEFINITIONAL_REPRESENTATION('',(#4176),#4195);
#4176 = B_SPLINE_CURVE_WITH_KNOTS('',5,(#4177,#4178,#4179,#4180,#4181,
    #4182,#4183,#4184,#4185,#4186,#4187,#4188,#4189,#4190,#4191,#4192,
    #4193,#4194),.UNSPECIFIED.,.F.,.F.,(6,4,4,4,6),(0.,0.223842398134,
    0.448608415428,0.821661149283,1.),.UNSPECIFIED.);
#4177 = CARTESIAN_POINT('',(2.143146008951,0.));
#4178 = CARTESIAN_POINT('',(2.143146008951,7.191060331482E-02));
#4179 = CARTESIAN_POINT('',(2.142146732919,0.143822325791));
#4180 = CARTESIAN_POINT('',(2.140148140994,0.21568983849));
#4181 = CARTESIAN_POINT('',(2.13713289639,0.287475528124));
#4182 = CARTESIAN_POINT('',(2.128979721231,0.431092288093));
#4183 = CARTESIAN_POINT('',(2.123832970534,0.502924382171));
#4184 = CARTESIAN_POINT('',(2.117587561185,0.574589181872));
#4185 = CARTESIAN_POINT('',(2.110186550972,0.646051927639));
#4186 = CARTESIAN_POINT('',(2.087208805839,0.835481727007));
#4187 = CARTESIAN_POINT('',(2.069458705703,0.953031088651));
#4188 = CARTESIAN_POINT('',(2.047919943252,1.069739892079));
#4189 = CARTESIAN_POINT('',(2.022009659254,1.185478444046));
#4190 = CARTESIAN_POINT('',(1.975906764833,1.354771295133));
#4191 = CARTESIAN_POINT('',(1.959788334086,1.409253065852));
#4192 = CARTESIAN_POINT('',(1.942362814912,1.463438464014));
#4193 = CARTESIAN_POINT('',(1.923513537183,1.517298114576));
#4194 = CARTESIAN_POINT('',(1.903107067301,1.570796326795));
#4195 = ( GEOMETRIC_REPRESENTATION_CONTEXT(2) 
PARAMETRIC_REPRESENTATION_CONTEXT() REPRESENTATION_CONTEXT('2D SPACE',''
  ) );
#4196 = ORIENTED_EDGE('',*,*,#1125,.T.);
#4197 = ORIENTED_EDGE('',*,*,#3938,.F.);
#4198 = ADVANCED_FACE('',(#4199),#1019,.T.);
#4199 = FACE_BOUND('',#4200,.F.);
#4200 = EDGE_LOOP('',(#4201,#4229,#4249,#4250));
#4201 = ORIENTED_EDGE('',*,*,#4202,.F.);
#4202 = EDGE_CURVE('',#4203,#4010,#4205,.T.);
#4203 = VERTEX_POINT('',#4204);
#4204 = CARTESIAN_POINT('',(18.448715333102,30.321527181977,-12.35));
#4205 = SURFACE_CURVE('',#4206,(#4210,#4217),.PCURVE_S1.);
#4206 = LINE('',#4207,#4208);
#4207 = CARTESIAN_POINT('',(18.448715333102,30.321527181977,-12.35));
#4208 = VECTOR('',#4209,1.);
#4209 = DIRECTION('',(9.245938526191E-02,-0.995716456667,0.));
#4210 = PCURVE('',#1019,#4211);
#4211 = DEFINITIONAL_REPRESENTATION('',(#4212),#4216);
#4212 = LINE('',#4213,#4214);
#4213 = CARTESIAN_POINT('',(-0.,0.));
#4214 = VECTOR('',#4215,1.);
#4215 = DIRECTION('',(-0.,1.));
#4216 = ( GEOMETRIC_REPRESENTATION_CONTEXT(2) 
PARAMETRIC_REPRESENTATION_CONTEXT() REPRESENTATION_CONTEXT('2D SPACE',''
  ) );
#4217 = PCURVE('',#4218,#4223);
#4218 = PLANE('',#4219);
#4219 = AXIS2_PLACEMENT_3D('',#4220,#4221,#4222);
#4220 = CARTESIAN_POINT('',(18.448715333102,30.321527181977,-13.));
#4221 = DIRECTION('',(0.995716456667,9.245938526191E-02,-0.));
#4222 = DIRECTION('',(9.245938526191E-02,-0.995716456667,0.));
#4223 = DEFINITIONAL_REPRESENTATION('',(#4224),#4228);
#4224 = LINE('',#4225,#4226);
#4225 = CARTESIAN_POINT('',(0.,-0.65));
#4226 = VECTOR('',#4227,1.);
#4227 = DIRECTION('',(1.,0.));
#4228 = ( GEOMETRIC_REPRESENTATION_CONTEXT(2) 
PARAMETRIC_REPRESENTATION_CONTEXT() REPRESENTATION_CONTEXT('2D SPACE',''
  ) );
#4229 = ORIENTED_EDGE('',*,*,#4230,.T.);
#4230 = EDGE_CURVE('',#4203,#1004,#4231,.T.);
#4231 = SURFACE_CURVE('',#4232,(#4237,#4243),.PCURVE_S1.);
#4232 = CIRCLE('',#4233,0.65);
#4233 = AXIS2_PLACEMENT_3D('',#4234,#4235,#4236);
#4234 = CARTESIAN_POINT('',(17.801499636269,30.261428581557,-12.35));
#4235 = DIRECTION('',(-9.245938526191E-02,0.995716456667,0.));
#4236 = DIRECTION('',(0.995716456667,9.245938526191E-02,0.));
#4237 = PCURVE('',#1019,#4238);
#4238 = DEFINITIONAL_REPRESENTATION('',(#4239),#4242);
#4239 = B_SPLINE_CURVE_WITH_KNOTS('',1,(#4240,#4241),.UNSPECIFIED.,.F.,
  .F.,(2,2),(0.,1.570796326795),.PIECEWISE_BEZIER_KNOTS.);
#4240 = CARTESIAN_POINT('',(0.,0.));
#4241 = CARTESIAN_POINT('',(-1.570796326795,0.));
#4242 = ( GEOMETRIC_REPRESENTATION_CONTEXT(2) 
PARAMETRIC_REPRESENTATION_CONTEXT() REPRESENTATION_CONTEXT('2D SPACE',''
  ) );
#4243 = PCURVE('',#1052,#4244);
#4244 = DEFINITIONAL_REPRESENTATION('',(#4245),#4248);
#4245 = B_SPLINE_CURVE_WITH_KNOTS('',1,(#4246,#4247),.UNSPECIFIED.,.F.,
  .F.,(2,2),(0.,1.570796326795),.PIECEWISE_BEZIER_KNOTS.);
#4246 = CARTESIAN_POINT('',(2.124240654597,0.));
#4247 = CARTESIAN_POINT('',(2.124240654597,1.570796326795));
#4248 = ( GEOMETRIC_REPRESENTATION_CONTEXT(2) 
PARAMETRIC_REPRESENTATION_CONTEXT() REPRESENTATION_CONTEXT('2D SPACE',''
  ) );
#4249 = ORIENTED_EDGE('',*,*,#1003,.T.);
#4250 = ORIENTED_EDGE('',*,*,#4033,.F.);
#4251 = ADVANCED_FACE('',(#4252),#1113,.T.);
#4252 = FACE_BOUND('',#4253,.T.);
#4253 = EDGE_LOOP('',(#4254,#4255,#4284,#4304));
#4254 = ORIENTED_EDGE('',*,*,#4131,.F.);
#4255 = ORIENTED_EDGE('',*,*,#4256,.T.);
#4256 = EDGE_CURVE('',#4104,#4257,#4259,.T.);
#4257 = VERTEX_POINT('',#4258);
#4258 = CARTESIAN_POINT('',(7.903044079266,25.236422123256,-12.35));
#4259 = SURFACE_CURVE('',#4260,(#4265,#4272),.PCURVE_S1.);
#4260 = CIRCLE('',#4261,1.5);
#4261 = AXIS2_PLACEMENT_3D('',#4262,#4263,#4264);
#4262 = CARTESIAN_POINT('',(8.806083003134,24.038707340021,-12.35));
#4263 = DIRECTION('',(0.,0.,-1.));
#4264 = DIRECTION('',(-0.308002513919,-0.951385542995,-0.));
#4265 = PCURVE('',#1113,#4266);
#4266 = DEFINITIONAL_REPRESENTATION('',(#4267),#4271);
#4267 = LINE('',#4268,#4269);
#4268 = CARTESIAN_POINT('',(0.,0.));
#4269 = VECTOR('',#4270,1.);
#4270 = DIRECTION('',(1.,0.));
#4271 = ( GEOMETRIC_REPRESENTATION_CONTEXT(2) 
PARAMETRIC_REPRESENTATION_CONTEXT() REPRESENTATION_CONTEXT('2D SPACE',''
  ) );
#4272 = PCURVE('',#4273,#4278);
#4273 = CYLINDRICAL_SURFACE('',#4274,1.5);
#4274 = AXIS2_PLACEMENT_3D('',#4275,#4276,#4277);
#4275 = CARTESIAN_POINT('',(8.806083003134,24.038707340021,-13.));
#4276 = DIRECTION('',(0.,0.,-1.));
#4277 = DIRECTION('',(-1.,0.,0.));
#4278 = DEFINITIONAL_REPRESENTATION('',(#4279),#4283);
#4279 = LINE('',#4280,#4281);
#4280 = CARTESIAN_POINT('',(5.025481742452,-0.65));
#4281 = VECTOR('',#4282,1.);
#4282 = DIRECTION('',(1.,0.));
#4283 = ( GEOMETRIC_REPRESENTATION_CONTEXT(2) 
PARAMETRIC_REPRESENTATION_CONTEXT() REPRESENTATION_CONTEXT('2D SPACE',''
  ) );
#4284 = ORIENTED_EDGE('',*,*,#4285,.T.);
#4285 = EDGE_CURVE('',#4257,#1065,#4286,.T.);
#4286 = SURFACE_CURVE('',#4287,(#4292,#4298),.PCURVE_S1.);
#4287 = CIRCLE('',#4288,0.65);
#4288 = AXIS2_PLACEMENT_3D('',#4289,#4290,#4291);
#4289 = CARTESIAN_POINT('',(8.294360946275,24.717412383854,-12.35));
#4290 = DIRECTION('',(-0.798476522157,-0.602025949245,-0.));
#4291 = DIRECTION('',(-0.602025949245,0.798476522157,0.));
#4292 = PCURVE('',#1113,#4293);
#4293 = DEFINITIONAL_REPRESENTATION('',(#4294),#4297);
#4294 = B_SPLINE_CURVE_WITH_KNOTS('',1,(#4295,#4296),.UNSPECIFIED.,.F.,
  .F.,(2,2),(0.,1.570796326795),.PIECEWISE_BEZIER_KNOTS.);
#4295 = CARTESIAN_POINT('',(2.182463933913,0.));
#4296 = CARTESIAN_POINT('',(2.182463933913,1.570796326795));
#4297 = ( GEOMETRIC_REPRESENTATION_CONTEXT(2) 
PARAMETRIC_REPRESENTATION_CONTEXT() REPRESENTATION_CONTEXT('2D SPACE',''
  ) );
#4298 = PCURVE('',#1080,#4299);
#4299 = DEFINITIONAL_REPRESENTATION('',(#4300),#4303);
#4300 = B_SPLINE_CURVE_WITH_KNOTS('',1,(#4301,#4302),.UNSPECIFIED.,.F.,
  .F.,(2,2),(0.,1.570796326795),.PIECEWISE_BEZIER_KNOTS.);
#4301 = CARTESIAN_POINT('',(0.,0.));
#4302 = CARTESIAN_POINT('',(-1.570796326795,0.));
#4303 = ( GEOMETRIC_REPRESENTATION_CONTEXT(2) 
PARAMETRIC_REPRESENTATION_CONTEXT() REPRESENTATION_CONTEXT('2D SPACE',''
  ) );
#4304 = ORIENTED_EDGE('',*,*,#1092,.F.);
#4305 = ADVANCED_FACE('',(#4306),#1052,.T.);
#4306 = FACE_BOUND('',#4307,.T.);
#4307 = EDGE_LOOP('',(#4308,#4330,#4357,#4358));
#4308 = ORIENTED_EDGE('',*,*,#4309,.F.);
#4309 = EDGE_CURVE('',#4310,#1032,#4312,.T.);
#4310 = VERTEX_POINT('',#4311);
#4311 = CARTESIAN_POINT('',(16.052101724234,31.380552887319,-12.35));
#4312 = SURFACE_CURVE('',#4313,(#4318,#4324),.PCURVE_S1.);
#4313 = CIRCLE('',#4314,0.65);
#4314 = AXIS2_PLACEMENT_3D('',#4315,#4316,#4317);
#4315 = CARTESIAN_POINT('',(16.443418591244,30.861543147918,-12.35));
#4316 = DIRECTION('',(-0.798476522157,-0.602025949245,-0.));
#4317 = DIRECTION('',(-0.602025949245,0.798476522157,0.));
#4318 = PCURVE('',#1052,#4319);
#4319 = DEFINITIONAL_REPRESENTATION('',(#4320),#4323);
#4320 = B_SPLINE_CURVE_WITH_KNOTS('',1,(#4321,#4322),.UNSPECIFIED.,.F.,
  .F.,(2,2),(0.,1.570796326795),.PIECEWISE_BEZIER_KNOTS.);
#4321 = CARTESIAN_POINT('',(0.,0.));
#4322 = CARTESIAN_POINT('',(0.,1.570796326795));
#4323 = ( GEOMETRIC_REPRESENTATION_CONTEXT(2) 
PARAMETRIC_REPRESENTATION_CONTEXT() REPRESENTATION_CONTEXT('2D SPACE',''
  ) );
#4324 = PCURVE('',#1080,#4325);
#4325 = DEFINITIONAL_REPRESENTATION('',(#4326),#4329);
#4326 = B_SPLINE_CURVE_WITH_KNOTS('',1,(#4327,#4328),.UNSPECIFIED.,.F.,
  .F.,(2,2),(0.,1.570796326795),.PIECEWISE_BEZIER_KNOTS.);
#4327 = CARTESIAN_POINT('',(0.,10.20575736273));
#4328 = CARTESIAN_POINT('',(-1.570796326795,10.20575736273));
#4329 = ( GEOMETRIC_REPRESENTATION_CONTEXT(2) 
PARAMETRIC_REPRESENTATION_CONTEXT() REPRESENTATION_CONTEXT('2D SPACE',''
  ) );
#4330 = ORIENTED_EDGE('',*,*,#4331,.T.);
#4331 = EDGE_CURVE('',#4310,#4203,#4332,.T.);
#4332 = SURFACE_CURVE('',#4333,(#4338,#4345),.PCURVE_S1.);
#4333 = CIRCLE('',#4334,1.5);
#4334 = AXIS2_PLACEMENT_3D('',#4335,#4336,#4337);
#4335 = CARTESIAN_POINT('',(16.955140648102,30.182838104084,-12.35));
#4336 = DIRECTION('',(0.,0.,-1.));
#4337 = DIRECTION('',(-0.602025949245,0.798476522157,0.));
#4338 = PCURVE('',#1052,#4339);
#4339 = DEFINITIONAL_REPRESENTATION('',(#4340),#4344);
#4340 = LINE('',#4341,#4342);
#4341 = CARTESIAN_POINT('',(0.,0.));
#4342 = VECTOR('',#4343,1.);
#4343 = DIRECTION('',(1.,0.));
#4344 = ( GEOMETRIC_REPRESENTATION_CONTEXT(2) 
PARAMETRIC_REPRESENTATION_CONTEXT() REPRESENTATION_CONTEXT('2D SPACE',''
  ) );
#4345 = PCURVE('',#4346,#4351);
#4346 = CYLINDRICAL_SURFACE('',#4347,1.5);
#4347 = AXIS2_PLACEMENT_3D('',#4348,#4349,#4350);
#4348 = CARTESIAN_POINT('',(16.955140648102,30.182838104084,-13.));
#4349 = DIRECTION('',(0.,0.,-1.));
#4350 = DIRECTION('',(-1.,0.,0.));
#4351 = DEFINITIONAL_REPRESENTATION('',(#4352),#4356);
#4352 = LINE('',#4353,#4354);
#4353 = CARTESIAN_POINT('',(0.924760369185,-0.65));
#4354 = VECTOR('',#4355,1.);
#4355 = DIRECTION('',(1.,0.));
#4356 = ( GEOMETRIC_REPRESENTATION_CONTEXT(2) 
PARAMETRIC_REPRESENTATION_CONTEXT() REPRESENTATION_CONTEXT('2D SPACE',''
  ) );
#4357 = ORIENTED_EDGE('',*,*,#4230,.T.);
#4358 = ORIENTED_EDGE('',*,*,#1031,.F.);
#4359 = ADVANCED_FACE('',(#4360),#1080,.T.);
#4360 = FACE_BOUND('',#4361,.F.);
#4361 = EDGE_LOOP('',(#4362,#4363,#4364,#4365));
#4362 = ORIENTED_EDGE('',*,*,#4285,.T.);
#4363 = ORIENTED_EDGE('',*,*,#1064,.T.);
#4364 = ORIENTED_EDGE('',*,*,#4309,.F.);
#4365 = ORIENTED_EDGE('',*,*,#4366,.F.);
#4366 = EDGE_CURVE('',#4257,#4310,#4367,.T.);
#4367 = SURFACE_CURVE('',#4368,(#4372,#4379),.PCURVE_S1.);
#4368 = LINE('',#4369,#4370);
#4369 = CARTESIAN_POINT('',(7.903044079266,25.236422123256,-12.35));
#4370 = VECTOR('',#4371,1.);
#4371 = DIRECTION('',(0.798476522157,0.602025949245,0.));
#4372 = PCURVE('',#1080,#4373);
#4373 = DEFINITIONAL_REPRESENTATION('',(#4374),#4378);
#4374 = LINE('',#4375,#4376);
#4375 = CARTESIAN_POINT('',(-0.,0.));
#4376 = VECTOR('',#4377,1.);
#4377 = DIRECTION('',(-0.,1.));
#4378 = ( GEOMETRIC_REPRESENTATION_CONTEXT(2) 
PARAMETRIC_REPRESENTATION_CONTEXT() REPRESENTATION_CONTEXT('2D SPACE',''
  ) );
#4379 = PCURVE('',#4380,#4385);
#4380 = PLANE('',#4381);
#4381 = AXIS2_PLACEMENT_3D('',#4382,#4383,#4384);
#4382 = CARTESIAN_POINT('',(7.903044079266,25.236422123256,-13.));
#4383 = DIRECTION('',(-0.602025949245,0.798476522157,0.));
#4384 = DIRECTION('',(0.798476522157,0.602025949245,0.));
#4385 = DEFINITIONAL_REPRESENTATION('',(#4386),#4390);
#4386 = LINE('',#4387,#4388);
#4387 = CARTESIAN_POINT('',(0.,-0.65));
#4388 = VECTOR('',#4389,1.);
#4389 = DIRECTION('',(1.,0.));
#4390 = ( GEOMETRIC_REPRESENTATION_CONTEXT(2) 
PARAMETRIC_REPRESENTATION_CONTEXT() REPRESENTATION_CONTEXT('2D SPACE',''
  ) );
#4391 = ADVANCED_FACE('',(#4392),#1325,.F.);
#4392 = FACE_BOUND('',#4393,.T.);
#4393 = EDGE_LOOP('',(#4394,#4395,#4418,#4445));
#4394 = ORIENTED_EDGE('',*,*,#1304,.T.);
#4395 = ORIENTED_EDGE('',*,*,#4396,.T.);
#4396 = EDGE_CURVE('',#1305,#4397,#4399,.T.);
#4397 = VERTEX_POINT('',#4398);
#4398 = CARTESIAN_POINT('',(-18.05,-16.,-7.7));
#4399 = SEAM_CURVE('',#4400,(#4404,#4411),.PCURVE_S1.);
#4400 = LINE('',#4401,#4402);
#4401 = CARTESIAN_POINT('',(-18.05,-16.,-13.2));
#4402 = VECTOR('',#4403,1.);
#4403 = DIRECTION('',(0.,0.,1.));
#4404 = PCURVE('',#1325,#4405);
#4405 = DEFINITIONAL_REPRESENTATION('',(#4406),#4410);
#4406 = LINE('',#4407,#4408);
#4407 = CARTESIAN_POINT('',(-6.28318530718,0.));
#4408 = VECTOR('',#4409,1.);
#4409 = DIRECTION('',(-0.,-1.));
#4410 = ( GEOMETRIC_REPRESENTATION_CONTEXT(2) 
PARAMETRIC_REPRESENTATION_CONTEXT() REPRESENTATION_CONTEXT('2D SPACE',''
  ) );
#4411 = PCURVE('',#1325,#4412);
#4412 = DEFINITIONAL_REPRESENTATION('',(#4413),#4417);
#4413 = LINE('',#4414,#4415);
#4414 = CARTESIAN_POINT('',(-0.,0.));
#4415 = VECTOR('',#4416,1.);
#4416 = DIRECTION('',(-0.,-1.));
#4417 = ( GEOMETRIC_REPRESENTATION_CONTEXT(2) 
PARAMETRIC_REPRESENTATION_CONTEXT() REPRESENTATION_CONTEXT('2D SPACE',''
  ) );
#4418 = ORIENTED_EDGE('',*,*,#4419,.T.);
#4419 = EDGE_CURVE('',#4397,#4397,#4420,.T.);
#4420 = SURFACE_CURVE('',#4421,(#4426,#4433),.PCURVE_S1.);
#4421 = CIRCLE('',#4422,0.85);
#4422 = AXIS2_PLACEMENT_3D('',#4423,#4424,#4425);
#4423 = CARTESIAN_POINT('',(-18.9,-16.,-7.7));
#4424 = DIRECTION('',(0.,0.,1.));
#4425 = DIRECTION('',(1.,0.,0.));
#4426 = PCURVE('',#1325,#4427);
#4427 = DEFINITIONAL_REPRESENTATION('',(#4428),#4432);
#4428 = LINE('',#4429,#4430);
#4429 = CARTESIAN_POINT('',(-0.,-5.5));
#4430 = VECTOR('',#4431,1.);
#4431 = DIRECTION('',(-1.,0.));
#4432 = ( GEOMETRIC_REPRESENTATION_CONTEXT(2) 
PARAMETRIC_REPRESENTATION_CONTEXT() REPRESENTATION_CONTEXT('2D SPACE',''
  ) );
#4433 = PCURVE('',#4434,#4439);
#4434 = PLANE('',#4435);
#4435 = AXIS2_PLACEMENT_3D('',#4436,#4437,#4438);
#4436 = CARTESIAN_POINT('',(-18.9,-16.,-7.7));
#4437 = DIRECTION('',(0.,0.,1.));
#4438 = DIRECTION('',(1.,0.,-0.));
#4439 = DEFINITIONAL_REPRESENTATION('',(#4440),#4444);
#4440 = CIRCLE('',#4441,0.85);
#4441 = AXIS2_PLACEMENT_2D('',#4442,#4443);
#4442 = CARTESIAN_POINT('',(0.,0.));
#4443 = DIRECTION('',(1.,0.));
#4444 = ( GEOMETRIC_REPRESENTATION_CONTEXT(2) 
PARAMETRIC_REPRESENTATION_CONTEXT() REPRESENTATION_CONTEXT('2D SPACE',''
  ) );
#4445 = ORIENTED_EDGE('',*,*,#4396,.F.);
#4446 = ADVANCED_FACE('',(#4447),#1360,.F.);
#4447 = FACE_BOUND('',#4448,.T.);
#4448 = EDGE_LOOP('',(#4449,#4450,#4473,#4500));
#4449 = ORIENTED_EDGE('',*,*,#1339,.T.);
#4450 = ORIENTED_EDGE('',*,*,#4451,.T.);
#4451 = EDGE_CURVE('',#1340,#4452,#4454,.T.);
#4452 = VERTEX_POINT('',#4453);
#4453 = CARTESIAN_POINT('',(19.75,-16.,-7.7));
#4454 = SEAM_CURVE('',#4455,(#4459,#4466),.PCURVE_S1.);
#4455 = LINE('',#4456,#4457);
#4456 = CARTESIAN_POINT('',(19.75,-16.,-13.2));
#4457 = VECTOR('',#4458,1.);
#4458 = DIRECTION('',(0.,0.,1.));
#4459 = PCURVE('',#1360,#4460);
#4460 = DEFINITIONAL_REPRESENTATION('',(#4461),#4465);
#4461 = LINE('',#4462,#4463);
#4462 = CARTESIAN_POINT('',(-6.28318530718,0.));
#4463 = VECTOR('',#4464,1.);
#4464 = DIRECTION('',(-0.,-1.));
#4465 = ( GEOMETRIC_REPRESENTATION_CONTEXT(2) 
PARAMETRIC_REPRESENTATION_CONTEXT() REPRESENTATION_CONTEXT('2D SPACE',''
  ) );
#4466 = PCURVE('',#1360,#4467);
#4467 = DEFINITIONAL_REPRESENTATION('',(#4468),#4472);
#4468 = LINE('',#4469,#4470);
#4469 = CARTESIAN_POINT('',(-0.,0.));
#4470 = VECTOR('',#4471,1.);
#4471 = DIRECTION('',(-0.,-1.));
#4472 = ( GEOMETRIC_REPRESENTATION_CONTEXT(2) 
PARAMETRIC_REPRESENTATION_CONTEXT() REPRESENTATION_CONTEXT('2D SPACE',''
  ) );
#4473 = ORIENTED_EDGE('',*,*,#4474,.T.);
#4474 = EDGE_CURVE('',#4452,#4452,#4475,.T.);
#4475 = SURFACE_CURVE('',#4476,(#4481,#4488),.PCURVE_S1.);
#4476 = CIRCLE('',#4477,0.85);
#4477 = AXIS2_PLACEMENT_3D('',#4478,#4479,#4480);
#4478 = CARTESIAN_POINT('',(18.9,-16.,-7.7));
#4479 = DIRECTION('',(0.,0.,1.));
#4480 = DIRECTION('',(1.,0.,0.));
#4481 = PCURVE('',#1360,#4482);
#4482 = DEFINITIONAL_REPRESENTATION('',(#4483),#4487);
#4483 = LINE('',#4484,#4485);
#4484 = CARTESIAN_POINT('',(-0.,-5.5));
#4485 = VECTOR('',#4486,1.);
#4486 = DIRECTION('',(-1.,0.));
#4487 = ( GEOMETRIC_REPRESENTATION_CONTEXT(2) 
PARAMETRIC_REPRESENTATION_CONTEXT() REPRESENTATION_CONTEXT('2D SPACE',''
  ) );
#4488 = PCURVE('',#4489,#4494);
#4489 = PLANE('',#4490);
#4490 = AXIS2_PLACEMENT_3D('',#4491,#4492,#4493);
#4491 = CARTESIAN_POINT('',(18.9,-16.,-7.7));
#4492 = DIRECTION('',(0.,0.,1.));
#4493 = DIRECTION('',(1.,0.,-0.));
#4494 = DEFINITIONAL_REPRESENTATION('',(#4495),#4499);
#4495 = CIRCLE('',#4496,0.85);
#4496 = AXIS2_PLACEMENT_2D('',#4497,#4498);
#4497 = CARTESIAN_POINT('',(0.,0.));
#4498 = DIRECTION('',(1.,0.));
#4499 = ( GEOMETRIC_REPRESENTATION_CONTEXT(2) 
PARAMETRIC_REPRESENTATION_CONTEXT() REPRESENTATION_CONTEXT('2D SPACE',''
  ) );
#4500 = ORIENTED_EDGE('',*,*,#4451,.F.);
#4501 = ADVANCED_FACE('',(#4502),#1395,.F.);
#4502 = FACE_BOUND('',#4503,.T.);
#4503 = EDGE_LOOP('',(#4504,#4505,#4528,#4555));
#4504 = ORIENTED_EDGE('',*,*,#1374,.T.);
#4505 = ORIENTED_EDGE('',*,*,#4506,.T.);
#4506 = EDGE_CURVE('',#1375,#4507,#4509,.T.);
#4507 = VERTEX_POINT('',#4508);
#4508 = CARTESIAN_POINT('',(-18.05,16.,-7.7));
#4509 = SEAM_CURVE('',#4510,(#4514,#4521),.PCURVE_S1.);
#4510 = LINE('',#4511,#4512);
#4511 = CARTESIAN_POINT('',(-18.05,16.,-13.2));
#4512 = VECTOR('',#4513,1.);
#4513 = DIRECTION('',(0.,0.,1.));
#4514 = PCURVE('',#1395,#4515);
#4515 = DEFINITIONAL_REPRESENTATION('',(#4516),#4520);
#4516 = LINE('',#4517,#4518);
#4517 = CARTESIAN_POINT('',(-6.28318530718,0.));
#4518 = VECTOR('',#4519,1.);
#4519 = DIRECTION('',(-0.,-1.));
#4520 = ( GEOMETRIC_REPRESENTATION_CONTEXT(2) 
PARAMETRIC_REPRESENTATION_CONTEXT() REPRESENTATION_CONTEXT('2D SPACE',''
  ) );
#4521 = PCURVE('',#1395,#4522);
#4522 = DEFINITIONAL_REPRESENTATION('',(#4523),#4527);
#4523 = LINE('',#4524,#4525);
#4524 = CARTESIAN_POINT('',(-0.,0.));
#4525 = VECTOR('',#4526,1.);
#4526 = DIRECTION('',(-0.,-1.));
#4527 = ( GEOMETRIC_REPRESENTATION_CONTEXT(2) 
PARAMETRIC_REPRESENTATION_CONTEXT() REPRESENTATION_CONTEXT('2D SPACE',''
  ) );
#4528 = ORIENTED_EDGE('',*,*,#4529,.T.);
#4529 = EDGE_CURVE('',#4507,#4507,#4530,.T.);
#4530 = SURFACE_CURVE('',#4531,(#4536,#4543),.PCURVE_S1.);
#4531 = CIRCLE('',#4532,0.85);
#4532 = AXIS2_PLACEMENT_3D('',#4533,#4534,#4535);
#4533 = CARTESIAN_POINT('',(-18.9,16.,-7.7));
#4534 = DIRECTION('',(0.,0.,1.));
#4535 = DIRECTION('',(1.,0.,0.));
#4536 = PCURVE('',#1395,#4537);
#4537 = DEFINITIONAL_REPRESENTATION('',(#4538),#4542);
#4538 = LINE('',#4539,#4540);
#4539 = CARTESIAN_POINT('',(-0.,-5.5));
#4540 = VECTOR('',#4541,1.);
#4541 = DIRECTION('',(-1.,0.));
#4542 = ( GEOMETRIC_REPRESENTATION_CONTEXT(2) 
PARAMETRIC_REPRESENTATION_CONTEXT() REPRESENTATION_CONTEXT('2D SPACE',''
  ) );
#4543 = PCURVE('',#4544,#4549);
#4544 = PLANE('',#4545);
#4545 = AXIS2_PLACEMENT_3D('',#4546,#4547,#4548);
#4546 = CARTESIAN_POINT('',(-18.9,16.,-7.7));
#4547 = DIRECTION('',(0.,0.,1.));
#4548 = DIRECTION('',(1.,0.,-0.));
#4549 = DEFINITIONAL_REPRESENTATION('',(#4550),#4554);
#4550 = CIRCLE('',#4551,0.85);
#4551 = AXIS2_PLACEMENT_2D('',#4552,#4553);
#4552 = CARTESIAN_POINT('',(0.,0.));
#4553 = DIRECTION('',(1.,0.));
#4554 = ( GEOMETRIC_REPRESENTATION_CONTEXT(2) 
PARAMETRIC_REPRESENTATION_CONTEXT() REPRESENTATION_CONTEXT('2D SPACE',''
  ) );
#4555 = ORIENTED_EDGE('',*,*,#4506,.F.);
#4556 = ADVANCED_FACE('',(#4557),#1428,.F.);
#4557 = FACE_BOUND('',#4558,.F.);
#4558 = EDGE_LOOP('',(#4559,#4582,#4583,#4606));
#4559 = ORIENTED_EDGE('',*,*,#4560,.F.);
#4560 = EDGE_CURVE('',#1410,#4561,#4563,.T.);
#4561 = VERTEX_POINT('',#4562);
#4562 = CARTESIAN_POINT('',(11.915,-20.915,-0.8));
#4563 = SURFACE_CURVE('',#4564,(#4568,#4575),.PCURVE_S1.);
#4564 = LINE('',#4565,#4566);
#4565 = CARTESIAN_POINT('',(11.915,-20.915,-13.2));
#4566 = VECTOR('',#4567,1.);
#4567 = DIRECTION('',(0.,0.,1.));
#4568 = PCURVE('',#1428,#4569);
#4569 = DEFINITIONAL_REPRESENTATION('',(#4570),#4574);
#4570 = LINE('',#4571,#4572);
#4571 = CARTESIAN_POINT('',(0.,0.));
#4572 = VECTOR('',#4573,1.);
#4573 = DIRECTION('',(0.,1.));
#4574 = ( GEOMETRIC_REPRESENTATION_CONTEXT(2) 
PARAMETRIC_REPRESENTATION_CONTEXT() REPRESENTATION_CONTEXT('2D SPACE',''
  ) );
#4575 = PCURVE('',#1455,#4576);
#4576 = DEFINITIONAL_REPRESENTATION('',(#4577),#4581);
#4577 = LINE('',#4578,#4579);
#4578 = CARTESIAN_POINT('',(28.83,0.));
#4579 = VECTOR('',#4580,1.);
#4580 = DIRECTION('',(0.,-1.));
#4581 = ( GEOMETRIC_REPRESENTATION_CONTEXT(2) 
PARAMETRIC_REPRESENTATION_CONTEXT() REPRESENTATION_CONTEXT('2D SPACE',''
  ) );
#4582 = ORIENTED_EDGE('',*,*,#1409,.T.);
#4583 = ORIENTED_EDGE('',*,*,#4584,.T.);
#4584 = EDGE_CURVE('',#1412,#4585,#4587,.T.);
#4585 = VERTEX_POINT('',#4586);
#4586 = CARTESIAN_POINT('',(16.915,-15.915,-0.8));
#4587 = SURFACE_CURVE('',#4588,(#4592,#4599),.PCURVE_S1.);
#4588 = LINE('',#4589,#4590);
#4589 = CARTESIAN_POINT('',(16.915,-15.915,-13.2));
#4590 = VECTOR('',#4591,1.);
#4591 = DIRECTION('',(0.,0.,1.));
#4592 = PCURVE('',#1428,#4593);
#4593 = DEFINITIONAL_REPRESENTATION('',(#4594),#4598);
#4594 = LINE('',#4595,#4596);
#4595 = CARTESIAN_POINT('',(1.570796326795,0.));
#4596 = VECTOR('',#4597,1.);
#4597 = DIRECTION('',(0.,1.));
#4598 = ( GEOMETRIC_REPRESENTATION_CONTEXT(2) 
PARAMETRIC_REPRESENTATION_CONTEXT() REPRESENTATION_CONTEXT('2D SPACE',''
  ) );
#4599 = PCURVE('',#1618,#4600);
#4600 = DEFINITIONAL_REPRESENTATION('',(#4601),#4605);
#4601 = LINE('',#4602,#4603);
#4602 = CARTESIAN_POINT('',(5.,0.));
#4603 = VECTOR('',#4604,1.);
#4604 = DIRECTION('',(0.,-1.));
#4605 = ( GEOMETRIC_REPRESENTATION_CONTEXT(2) 
PARAMETRIC_REPRESENTATION_CONTEXT() REPRESENTATION_CONTEXT('2D SPACE',''
  ) );
#4606 = ORIENTED_EDGE('',*,*,#4607,.F.);
#4607 = EDGE_CURVE('',#4561,#4585,#4608,.T.);
#4608 = SURFACE_CURVE('',#4609,(#4614,#4621),.PCURVE_S1.);
#4609 = CIRCLE('',#4610,5.);
#4610 = AXIS2_PLACEMENT_3D('',#4611,#4612,#4613);
#4611 = CARTESIAN_POINT('',(11.915,-15.915,-0.8));
#4612 = DIRECTION('',(0.,0.,1.));
#4613 = DIRECTION('',(0.,-1.,0.));
#4614 = PCURVE('',#1428,#4615);
#4615 = DEFINITIONAL_REPRESENTATION('',(#4616),#4620);
#4616 = LINE('',#4617,#4618);
#4617 = CARTESIAN_POINT('',(0.,12.4));
#4618 = VECTOR('',#4619,1.);
#4619 = DIRECTION('',(1.,0.));
#4620 = ( GEOMETRIC_REPRESENTATION_CONTEXT(2) 
PARAMETRIC_REPRESENTATION_CONTEXT() REPRESENTATION_CONTEXT('2D SPACE',''
  ) );
#4621 = PCURVE('',#4622,#4627);
#4622 = PLANE('',#4623);
#4623 = AXIS2_PLACEMENT_3D('',#4624,#4625,#4626);
#4624 = CARTESIAN_POINT('',(0.,7.513008043987E-16,-0.8));
#4625 = DIRECTION('',(0.,0.,1.));
#4626 = DIRECTION('',(1.,0.,-0.));
#4627 = DEFINITIONAL_REPRESENTATION('',(#4628),#4632);
#4628 = CIRCLE('',#4629,5.);
#4629 = AXIS2_PLACEMENT_2D('',#4630,#4631);
#4630 = CARTESIAN_POINT('',(11.915,-15.915));
#4631 = DIRECTION('',(0.,-1.));
#4632 = ( GEOMETRIC_REPRESENTATION_CONTEXT(2) 
PARAMETRIC_REPRESENTATION_CONTEXT() REPRESENTATION_CONTEXT('2D SPACE',''
  ) );
#4633 = ADVANCED_FACE('',(#4634),#1455,.T.);
#4634 = FACE_BOUND('',#4635,.T.);
#4635 = EDGE_LOOP('',(#4636,#4637,#4660,#4681));
#4636 = ORIENTED_EDGE('',*,*,#1440,.T.);
#4637 = ORIENTED_EDGE('',*,*,#4638,.T.);
#4638 = EDGE_CURVE('',#1441,#4639,#4641,.T.);
#4639 = VERTEX_POINT('',#4640);
#4640 = CARTESIAN_POINT('',(-11.915,-20.915,-0.8));
#4641 = SURFACE_CURVE('',#4642,(#4646,#4653),.PCURVE_S1.);
#4642 = LINE('',#4643,#4644);
#4643 = CARTESIAN_POINT('',(-11.915,-20.915,-13.2));
#4644 = VECTOR('',#4645,1.);
#4645 = DIRECTION('',(0.,0.,1.));
#4646 = PCURVE('',#1455,#4647);
#4647 = DEFINITIONAL_REPRESENTATION('',(#4648),#4652);
#4648 = LINE('',#4649,#4650);
#4649 = CARTESIAN_POINT('',(5.,0.));
#4650 = VECTOR('',#4651,1.);
#4651 = DIRECTION('',(0.,-1.));
#4652 = ( GEOMETRIC_REPRESENTATION_CONTEXT(2) 
PARAMETRIC_REPRESENTATION_CONTEXT() REPRESENTATION_CONTEXT('2D SPACE',''
  ) );
#4653 = PCURVE('',#1483,#4654);
#4654 = DEFINITIONAL_REPRESENTATION('',(#4655),#4659);
#4655 = LINE('',#4656,#4657);
#4656 = CARTESIAN_POINT('',(-0.,0.));
#4657 = VECTOR('',#4658,1.);
#4658 = DIRECTION('',(-0.,1.));
#4659 = ( GEOMETRIC_REPRESENTATION_CONTEXT(2) 
PARAMETRIC_REPRESENTATION_CONTEXT() REPRESENTATION_CONTEXT('2D SPACE',''
  ) );
#4660 = ORIENTED_EDGE('',*,*,#4661,.T.);
#4661 = EDGE_CURVE('',#4639,#4561,#4662,.T.);
#4662 = SURFACE_CURVE('',#4663,(#4667,#4674),.PCURVE_S1.);
#4663 = LINE('',#4664,#4665);
#4664 = CARTESIAN_POINT('',(-16.915,-20.915,-0.8));
#4665 = VECTOR('',#4666,1.);
#4666 = DIRECTION('',(1.,0.,0.));
#4667 = PCURVE('',#1455,#4668);
#4668 = DEFINITIONAL_REPRESENTATION('',(#4669),#4673);
#4669 = LINE('',#4670,#4671);
#4670 = CARTESIAN_POINT('',(0.,-12.4));
#4671 = VECTOR('',#4672,1.);
#4672 = DIRECTION('',(1.,0.));
#4673 = ( GEOMETRIC_REPRESENTATION_CONTEXT(2) 
PARAMETRIC_REPRESENTATION_CONTEXT() REPRESENTATION_CONTEXT('2D SPACE',''
  ) );
#4674 = PCURVE('',#4622,#4675);
#4675 = DEFINITIONAL_REPRESENTATION('',(#4676),#4680);
#4676 = LINE('',#4677,#4678);
#4677 = CARTESIAN_POINT('',(-16.915,-20.915));
#4678 = VECTOR('',#4679,1.);
#4679 = DIRECTION('',(1.,0.));
#4680 = ( GEOMETRIC_REPRESENTATION_CONTEXT(2) 
PARAMETRIC_REPRESENTATION_CONTEXT() REPRESENTATION_CONTEXT('2D SPACE',''
  ) );
#4681 = ORIENTED_EDGE('',*,*,#4560,.F.);
#4682 = ADVANCED_FACE('',(#4683,#4731,#4929,#5127),#1618,.T.);
#4683 = FACE_BOUND('',#4684,.T.);
#4684 = EDGE_LOOP('',(#4685,#4686,#4687,#4710));
#4685 = ORIENTED_EDGE('',*,*,#1605,.T.);
#4686 = ORIENTED_EDGE('',*,*,#4584,.T.);
#4687 = ORIENTED_EDGE('',*,*,#4688,.T.);
#4688 = EDGE_CURVE('',#4585,#4689,#4691,.T.);
#4689 = VERTEX_POINT('',#4690);
#4690 = CARTESIAN_POINT('',(16.915,15.915,-0.8));
#4691 = SURFACE_CURVE('',#4692,(#4696,#4703),.PCURVE_S1.);
#4692 = LINE('',#4693,#4694);
#4693 = CARTESIAN_POINT('',(16.915,-20.915,-0.8));
#4694 = VECTOR('',#4695,1.);
#4695 = DIRECTION('',(0.,1.,0.));
#4696 = PCURVE('',#1618,#4697);
#4697 = DEFINITIONAL_REPRESENTATION('',(#4698),#4702);
#4698 = LINE('',#4699,#4700);
#4699 = CARTESIAN_POINT('',(0.,-12.4));
#4700 = VECTOR('',#4701,1.);
#4701 = DIRECTION('',(1.,0.));
#4702 = ( GEOMETRIC_REPRESENTATION_CONTEXT(2) 
PARAMETRIC_REPRESENTATION_CONTEXT() REPRESENTATION_CONTEXT('2D SPACE',''
  ) );
#4703 = PCURVE('',#4622,#4704);
#4704 = DEFINITIONAL_REPRESENTATION('',(#4705),#4709);
#4705 = LINE('',#4706,#4707);
#4706 = CARTESIAN_POINT('',(16.915,-20.915));
#4707 = VECTOR('',#4708,1.);
#4708 = DIRECTION('',(0.,1.));
#4709 = ( GEOMETRIC_REPRESENTATION_CONTEXT(2) 
PARAMETRIC_REPRESENTATION_CONTEXT() REPRESENTATION_CONTEXT('2D SPACE',''
  ) );
#4710 = ORIENTED_EDGE('',*,*,#4711,.F.);
#4711 = EDGE_CURVE('',#1577,#4689,#4712,.T.);
#4712 = SURFACE_CURVE('',#4713,(#4717,#4724),.PCURVE_S1.);
#4713 = LINE('',#4714,#4715);
#4714 = CARTESIAN_POINT('',(16.915,15.915,-13.2));
#4715 = VECTOR('',#4716,1.);
#4716 = DIRECTION('',(0.,0.,1.));
#4717 = PCURVE('',#1618,#4718);
#4718 = DEFINITIONAL_REPRESENTATION('',(#4719),#4723);
#4719 = LINE('',#4720,#4721);
#4720 = CARTESIAN_POINT('',(36.83,0.));
#4721 = VECTOR('',#4722,1.);
#4722 = DIRECTION('',(0.,-1.));
#4723 = ( GEOMETRIC_REPRESENTATION_CONTEXT(2) 
PARAMETRIC_REPRESENTATION_CONTEXT() REPRESENTATION_CONTEXT('2D SPACE',''
  ) );
#4724 = PCURVE('',#1593,#4725);
#4725 = DEFINITIONAL_REPRESENTATION('',(#4726),#4730);
#4726 = LINE('',#4727,#4728);
#4727 = CARTESIAN_POINT('',(0.,0.));
#4728 = VECTOR('',#4729,1.);
#4729 = DIRECTION('',(0.,1.));
#4730 = ( GEOMETRIC_REPRESENTATION_CONTEXT(2) 
PARAMETRIC_REPRESENTATION_CONTEXT() REPRESENTATION_CONTEXT('2D SPACE',''
  ) );
#4731 = FACE_BOUND('',#4732,.T.);
#4732 = EDGE_LOOP('',(#4733,#4763,#4784,#4812,#4833,#4861,#4882,#4910));
#4733 = ORIENTED_EDGE('',*,*,#4734,.T.);
#4734 = EDGE_CURVE('',#4735,#4737,#4739,.T.);
#4735 = VERTEX_POINT('',#4736);
#4736 = CARTESIAN_POINT('',(16.915,-11.7844,-9.4));
#4737 = VERTEX_POINT('',#4738);
#4738 = CARTESIAN_POINT('',(16.915,-10.9844,-10.2));
#4739 = SURFACE_CURVE('',#4740,(#4745,#4756),.PCURVE_S1.);
#4740 = CIRCLE('',#4741,0.8);
#4741 = AXIS2_PLACEMENT_3D('',#4742,#4743,#4744);
#4742 = CARTESIAN_POINT('',(16.915,-10.9844,-9.4));
#4743 = DIRECTION('',(1.,0.,0.));
#4744 = DIRECTION('',(0.,0.,-1.));
#4745 = PCURVE('',#1618,#4746);
#4746 = DEFINITIONAL_REPRESENTATION('',(#4747),#4755);
#4747 = ( BOUNDED_CURVE() B_SPLINE_CURVE(2,(#4748,#4749,#4750,#4751,
#4752,#4753,#4754),.UNSPECIFIED.,.T.,.F.) B_SPLINE_CURVE_WITH_KNOTS((1,2
    ,2,2,2,1),(-2.094395102393,0.,2.094395102393,4.188790204786,
6.28318530718,8.377580409573),.UNSPECIFIED.) CURVE() 
GEOMETRIC_REPRESENTATION_ITEM() RATIONAL_B_SPLINE_CURVE((1.,0.5,1.,0.5,
1.,0.5,1.)) REPRESENTATION_ITEM('') );
#4748 = CARTESIAN_POINT('',(9.9306,-3.));
#4749 = CARTESIAN_POINT('',(11.316240646055,-3.));
#4750 = CARTESIAN_POINT('',(10.623420323028,-4.2));
#4751 = CARTESIAN_POINT('',(9.9306,-5.4));
#4752 = CARTESIAN_POINT('',(9.237779676972,-4.2));
#4753 = CARTESIAN_POINT('',(8.544959353945,-3.));
#4754 = CARTESIAN_POINT('',(9.9306,-3.));
#4755 = ( GEOMETRIC_REPRESENTATION_CONTEXT(2) 
PARAMETRIC_REPRESENTATION_CONTEXT() REPRESENTATION_CONTEXT('2D SPACE',''
  ) );
#4756 = PCURVE('',#2447,#4757);
#4757 = DEFINITIONAL_REPRESENTATION('',(#4758),#4762);
#4758 = LINE('',#4759,#4760);
#4759 = CARTESIAN_POINT('',(-6.28318530718,2.415));
#4760 = VECTOR('',#4761,1.);
#4761 = DIRECTION('',(1.,-0.));
#4762 = ( GEOMETRIC_REPRESENTATION_CONTEXT(2) 
PARAMETRIC_REPRESENTATION_CONTEXT() REPRESENTATION_CONTEXT('2D SPACE',''
  ) );
#4763 = ORIENTED_EDGE('',*,*,#4764,.T.);
#4764 = EDGE_CURVE('',#4737,#4765,#4767,.T.);
#4765 = VERTEX_POINT('',#4766);
#4766 = CARTESIAN_POINT('',(16.915,-5.9844,-10.2));
#4767 = SURFACE_CURVE('',#4768,(#4772,#4778),.PCURVE_S1.);
#4768 = LINE('',#4769,#4770);
#4769 = CARTESIAN_POINT('',(16.915,-16.3497,-10.2));
#4770 = VECTOR('',#4771,1.);
#4771 = DIRECTION('',(0.,1.,-0.));
#4772 = PCURVE('',#1618,#4773);
#4773 = DEFINITIONAL_REPRESENTATION('',(#4774),#4777);
#4774 = B_SPLINE_CURVE_WITH_KNOTS('',1,(#4775,#4776),.UNSPECIFIED.,.F.,
  .F.,(2,2),(5.3653,10.3653),.PIECEWISE_BEZIER_KNOTS.);
#4775 = CARTESIAN_POINT('',(9.9306,-3.));
#4776 = CARTESIAN_POINT('',(14.9306,-3.));
#4777 = ( GEOMETRIC_REPRESENTATION_CONTEXT(2) 
PARAMETRIC_REPRESENTATION_CONTEXT() REPRESENTATION_CONTEXT('2D SPACE',''
  ) );
#4778 = PCURVE('',#2474,#4779);
#4779 = DEFINITIONAL_REPRESENTATION('',(#4780),#4783);
#4780 = B_SPLINE_CURVE_WITH_KNOTS('',1,(#4781,#4782),.UNSPECIFIED.,.F.,
  .F.,(2,2),(5.3653,10.3653),.PIECEWISE_BEZIER_KNOTS.);
#4781 = CARTESIAN_POINT('',(0.8,-2.415));
#4782 = CARTESIAN_POINT('',(5.8,-2.415));
#4783 = ( GEOMETRIC_REPRESENTATION_CONTEXT(2) 
PARAMETRIC_REPRESENTATION_CONTEXT() REPRESENTATION_CONTEXT('2D SPACE',''
  ) );
#4784 = ORIENTED_EDGE('',*,*,#4785,.T.);
#4785 = EDGE_CURVE('',#4765,#4786,#4788,.T.);
#4786 = VERTEX_POINT('',#4787);
#4787 = CARTESIAN_POINT('',(16.915,-5.1844,-9.4));
#4788 = SURFACE_CURVE('',#4789,(#4794,#4805),.PCURVE_S1.);
#4789 = CIRCLE('',#4790,0.8);
#4790 = AXIS2_PLACEMENT_3D('',#4791,#4792,#4793);
#4791 = CARTESIAN_POINT('',(16.915,-5.9844,-9.4));
#4792 = DIRECTION('',(1.,0.,0.));
#4793 = DIRECTION('',(0.,0.,-1.));
#4794 = PCURVE('',#1618,#4795);
#4795 = DEFINITIONAL_REPRESENTATION('',(#4796),#4804);
#4796 = ( BOUNDED_CURVE() B_SPLINE_CURVE(2,(#4797,#4798,#4799,#4800,
#4801,#4802,#4803),.UNSPECIFIED.,.T.,.F.) B_SPLINE_CURVE_WITH_KNOTS((1,2
    ,2,2,2,1),(-2.094395102393,0.,2.094395102393,4.188790204786,
6.28318530718,8.377580409573),.UNSPECIFIED.) CURVE() 
GEOMETRIC_REPRESENTATION_ITEM() RATIONAL_B_SPLINE_CURVE((1.,0.5,1.,0.5,
1.,0.5,1.)) REPRESENTATION_ITEM('') );
#4797 = CARTESIAN_POINT('',(14.9306,-3.));
#4798 = CARTESIAN_POINT('',(16.316240646055,-3.));
#4799 = CARTESIAN_POINT('',(15.623420323028,-4.2));
#4800 = CARTESIAN_POINT('',(14.9306,-5.4));
#4801 = CARTESIAN_POINT('',(14.237779676972,-4.2));
#4802 = CARTESIAN_POINT('',(13.544959353945,-3.));
#4803 = CARTESIAN_POINT('',(14.9306,-3.));
#4804 = ( GEOMETRIC_REPRESENTATION_CONTEXT(2) 
PARAMETRIC_REPRESENTATION_CONTEXT() REPRESENTATION_CONTEXT('2D SPACE',''
  ) );
#4805 = PCURVE('',#2506,#4806);
#4806 = DEFINITIONAL_REPRESENTATION('',(#4807),#4811);
#4807 = LINE('',#4808,#4809);
#4808 = CARTESIAN_POINT('',(0.,2.415));
#4809 = VECTOR('',#4810,1.);
#4810 = DIRECTION('',(1.,0.));
#4811 = ( GEOMETRIC_REPRESENTATION_CONTEXT(2) 
PARAMETRIC_REPRESENTATION_CONTEXT() REPRESENTATION_CONTEXT('2D SPACE',''
  ) );
#4812 = ORIENTED_EDGE('',*,*,#4813,.T.);
#4813 = EDGE_CURVE('',#4786,#4814,#4816,.T.);
#4814 = VERTEX_POINT('',#4815);
#4815 = CARTESIAN_POINT('',(16.915,-5.1844,-6.2));
#4816 = SURFACE_CURVE('',#4817,(#4821,#4827),.PCURVE_S1.);
#4817 = LINE('',#4818,#4819);
#4818 = CARTESIAN_POINT('',(16.915,-5.1844,-11.7));
#4819 = VECTOR('',#4820,1.);
#4820 = DIRECTION('',(0.,0.,1.));
#4821 = PCURVE('',#1618,#4822);
#4822 = DEFINITIONAL_REPRESENTATION('',(#4823),#4826);
#4823 = B_SPLINE_CURVE_WITH_KNOTS('',1,(#4824,#4825),.UNSPECIFIED.,.F.,
  .F.,(2,2),(2.3,5.5),.PIECEWISE_BEZIER_KNOTS.);
#4824 = CARTESIAN_POINT('',(15.7306,-3.8));
#4825 = CARTESIAN_POINT('',(15.7306,-7.));
#4826 = ( GEOMETRIC_REPRESENTATION_CONTEXT(2) 
PARAMETRIC_REPRESENTATION_CONTEXT() REPRESENTATION_CONTEXT('2D SPACE',''
  ) );
#4827 = PCURVE('',#2533,#4828);
#4828 = DEFINITIONAL_REPRESENTATION('',(#4829),#4832);
#4829 = B_SPLINE_CURVE_WITH_KNOTS('',1,(#4830,#4831),.UNSPECIFIED.,.F.,
  .F.,(2,2),(2.3,5.5),.PIECEWISE_BEZIER_KNOTS.);
#4830 = CARTESIAN_POINT('',(0.8,-2.415));
#4831 = CARTESIAN_POINT('',(4.,-2.415));
#4832 = ( GEOMETRIC_REPRESENTATION_CONTEXT(2) 
PARAMETRIC_REPRESENTATION_CONTEXT() REPRESENTATION_CONTEXT('2D SPACE',''
  ) );
#4833 = ORIENTED_EDGE('',*,*,#4834,.T.);
#4834 = EDGE_CURVE('',#4814,#4835,#4837,.T.);
#4835 = VERTEX_POINT('',#4836);
#4836 = CARTESIAN_POINT('',(16.915,-5.9844,-5.4));
#4837 = SURFACE_CURVE('',#4838,(#4843,#4854),.PCURVE_S1.);
#4838 = CIRCLE('',#4839,0.8);
#4839 = AXIS2_PLACEMENT_3D('',#4840,#4841,#4842);
#4840 = CARTESIAN_POINT('',(16.915,-5.9844,-6.2));
#4841 = DIRECTION('',(1.,0.,0.));
#4842 = DIRECTION('',(-0.,1.,0.));
#4843 = PCURVE('',#1618,#4844);
#4844 = DEFINITIONAL_REPRESENTATION('',(#4845),#4853);
#4845 = ( BOUNDED_CURVE() B_SPLINE_CURVE(2,(#4846,#4847,#4848,#4849,
#4850,#4851,#4852),.UNSPECIFIED.,.T.,.F.) B_SPLINE_CURVE_WITH_KNOTS((1,2
    ,2,2,2,1),(-2.094395102393,0.,2.094395102393,4.188790204786,
6.28318530718,8.377580409573),.UNSPECIFIED.) CURVE() 
GEOMETRIC_REPRESENTATION_ITEM() RATIONAL_B_SPLINE_CURVE((1.,0.5,1.,0.5,
1.,0.5,1.)) REPRESENTATION_ITEM('') );
#4846 = CARTESIAN_POINT('',(15.7306,-7.));
#4847 = CARTESIAN_POINT('',(15.7306,-8.385640646055));
#4848 = CARTESIAN_POINT('',(14.5306,-7.692820323028));
#4849 = CARTESIAN_POINT('',(13.3306,-7.));
#4850 = CARTESIAN_POINT('',(14.5306,-6.307179676972));
#4851 = CARTESIAN_POINT('',(15.7306,-5.614359353945));
#4852 = CARTESIAN_POINT('',(15.7306,-7.));
#4853 = ( GEOMETRIC_REPRESENTATION_CONTEXT(2) 
PARAMETRIC_REPRESENTATION_CONTEXT() REPRESENTATION_CONTEXT('2D SPACE',''
  ) );
#4854 = PCURVE('',#2565,#4855);
#4855 = DEFINITIONAL_REPRESENTATION('',(#4856),#4860);
#4856 = LINE('',#4857,#4858);
#4857 = CARTESIAN_POINT('',(0.,2.415));
#4858 = VECTOR('',#4859,1.);
#4859 = DIRECTION('',(1.,0.));
#4860 = ( GEOMETRIC_REPRESENTATION_CONTEXT(2) 
PARAMETRIC_REPRESENTATION_CONTEXT() REPRESENTATION_CONTEXT('2D SPACE',''
  ) );
#4861 = ORIENTED_EDGE('',*,*,#4862,.T.);
#4862 = EDGE_CURVE('',#4835,#4863,#4865,.T.);
#4863 = VERTEX_POINT('',#4864);
#4864 = CARTESIAN_POINT('',(16.915,-10.9844,-5.4));
#4865 = SURFACE_CURVE('',#4866,(#4870,#4876),.PCURVE_S1.);
#4866 = LINE('',#4867,#4868);
#4867 = CARTESIAN_POINT('',(16.915,-13.0497,-5.4));
#4868 = VECTOR('',#4869,1.);
#4869 = DIRECTION('',(-0.,-1.,-0.));
#4870 = PCURVE('',#1618,#4871);
#4871 = DEFINITIONAL_REPRESENTATION('',(#4872),#4875);
#4872 = B_SPLINE_CURVE_WITH_KNOTS('',1,(#4873,#4874),.UNSPECIFIED.,.F.,
  .F.,(2,2),(-7.0653,-2.0653),.PIECEWISE_BEZIER_KNOTS.);
#4873 = CARTESIAN_POINT('',(14.9306,-7.8));
#4874 = CARTESIAN_POINT('',(9.9306,-7.8));
#4875 = ( GEOMETRIC_REPRESENTATION_CONTEXT(2) 
PARAMETRIC_REPRESENTATION_CONTEXT() REPRESENTATION_CONTEXT('2D SPACE',''
  ) );
#4876 = PCURVE('',#2592,#4877);
#4877 = DEFINITIONAL_REPRESENTATION('',(#4878),#4881);
#4878 = B_SPLINE_CURVE_WITH_KNOTS('',1,(#4879,#4880),.UNSPECIFIED.,.F.,
  .F.,(2,2),(-7.0653,-2.0653),.PIECEWISE_BEZIER_KNOTS.);
#4879 = CARTESIAN_POINT('',(0.8,-2.415));
#4880 = CARTESIAN_POINT('',(5.8,-2.415));
#4881 = ( GEOMETRIC_REPRESENTATION_CONTEXT(2) 
PARAMETRIC_REPRESENTATION_CONTEXT() REPRESENTATION_CONTEXT('2D SPACE',''
  ) );
#4882 = ORIENTED_EDGE('',*,*,#4883,.T.);
#4883 = EDGE_CURVE('',#4863,#4884,#4886,.T.);
#4884 = VERTEX_POINT('',#4885);
#4885 = CARTESIAN_POINT('',(16.915,-11.7844,-6.2));
#4886 = SURFACE_CURVE('',#4887,(#4892,#4903),.PCURVE_S1.);
#4887 = CIRCLE('',#4888,0.8);
#4888 = AXIS2_PLACEMENT_3D('',#4889,#4890,#4891);
#4889 = CARTESIAN_POINT('',(16.915,-10.9844,-6.2));
#4890 = DIRECTION('',(1.,0.,0.));
#4891 = DIRECTION('',(0.,-0.,1.));
#4892 = PCURVE('',#1618,#4893);
#4893 = DEFINITIONAL_REPRESENTATION('',(#4894),#4902);
#4894 = ( BOUNDED_CURVE() B_SPLINE_CURVE(2,(#4895,#4896,#4897,#4898,
#4899,#4900,#4901),.UNSPECIFIED.,.T.,.F.) B_SPLINE_CURVE_WITH_KNOTS((1,2
    ,2,2,2,1),(-2.094395102393,0.,2.094395102393,4.188790204786,
6.28318530718,8.377580409573),.UNSPECIFIED.) CURVE() 
GEOMETRIC_REPRESENTATION_ITEM() RATIONAL_B_SPLINE_CURVE((1.,0.5,1.,0.5,
1.,0.5,1.)) REPRESENTATION_ITEM('') );
#4895 = CARTESIAN_POINT('',(9.9306,-7.8));
#4896 = CARTESIAN_POINT('',(8.544959353945,-7.8));
#4897 = CARTESIAN_POINT('',(9.237779676972,-6.6));
#4898 = CARTESIAN_POINT('',(9.9306,-5.4));
#4899 = CARTESIAN_POINT('',(10.623420323028,-6.6));
#4900 = CARTESIAN_POINT('',(11.316240646055,-7.8));
#4901 = CARTESIAN_POINT('',(9.9306,-7.8));
#4902 = ( GEOMETRIC_REPRESENTATION_CONTEXT(2) 
PARAMETRIC_REPRESENTATION_CONTEXT() REPRESENTATION_CONTEXT('2D SPACE',''
  ) );
#4903 = PCURVE('',#2624,#4904);
#4904 = DEFINITIONAL_REPRESENTATION('',(#4905),#4909);
#4905 = LINE('',#4906,#4907);
#4906 = CARTESIAN_POINT('',(0.,2.415));
#4907 = VECTOR('',#4908,1.);
#4908 = DIRECTION('',(1.,0.));
#4909 = ( GEOMETRIC_REPRESENTATION_CONTEXT(2) 
PARAMETRIC_REPRESENTATION_CONTEXT() REPRESENTATION_CONTEXT('2D SPACE',''
  ) );
#4910 = ORIENTED_EDGE('',*,*,#4911,.T.);
#4911 = EDGE_CURVE('',#4884,#4735,#4912,.T.);
#4912 = SURFACE_CURVE('',#4913,(#4917,#4923),.PCURVE_S1.);
#4913 = LINE('',#4914,#4915);
#4914 = CARTESIAN_POINT('',(16.915,-11.7844,-9.3));
#4915 = VECTOR('',#4916,1.);
#4916 = DIRECTION('',(0.,0.,-1.));
#4917 = PCURVE('',#1618,#4918);
#4918 = DEFINITIONAL_REPRESENTATION('',(#4919),#4922);
#4919 = B_SPLINE_CURVE_WITH_KNOTS('',1,(#4920,#4921),.UNSPECIFIED.,.F.,
  .F.,(2,2),(-3.1,1.E-01),.PIECEWISE_BEZIER_KNOTS.);
#4920 = CARTESIAN_POINT('',(9.1306,-7.));
#4921 = CARTESIAN_POINT('',(9.1306,-3.8));
#4922 = ( GEOMETRIC_REPRESENTATION_CONTEXT(2) 
PARAMETRIC_REPRESENTATION_CONTEXT() REPRESENTATION_CONTEXT('2D SPACE',''
  ) );
#4923 = PCURVE('',#2649,#4924);
#4924 = DEFINITIONAL_REPRESENTATION('',(#4925),#4928);
#4925 = B_SPLINE_CURVE_WITH_KNOTS('',1,(#4926,#4927),.UNSPECIFIED.,.F.,
  .F.,(2,2),(-3.1,1.E-01),.PIECEWISE_BEZIER_KNOTS.);
#4926 = CARTESIAN_POINT('',(0.8,-2.415));
#4927 = CARTESIAN_POINT('',(4.,-2.415));
#4928 = ( GEOMETRIC_REPRESENTATION_CONTEXT(2) 
PARAMETRIC_REPRESENTATION_CONTEXT() REPRESENTATION_CONTEXT('2D SPACE',''
  ) );
#4929 = FACE_BOUND('',#4930,.T.);
#4930 = EDGE_LOOP('',(#4931,#4961,#4982,#5010,#5031,#5059,#5080,#5108));
#4931 = ORIENTED_EDGE('',*,*,#4932,.T.);
#4932 = EDGE_CURVE('',#4933,#4935,#4937,.T.);
#4933 = VERTEX_POINT('',#4934);
#4934 = CARTESIAN_POINT('',(16.915,-2.8734,-9.4));
#4935 = VERTEX_POINT('',#4936);
#4936 = CARTESIAN_POINT('',(16.915,-2.0734,-10.2));
#4937 = SURFACE_CURVE('',#4938,(#4943,#4954),.PCURVE_S1.);
#4938 = CIRCLE('',#4939,0.8);
#4939 = AXIS2_PLACEMENT_3D('',#4940,#4941,#4942);
#4940 = CARTESIAN_POINT('',(16.915,-2.0734,-9.4));
#4941 = DIRECTION('',(1.,0.,0.));
#4942 = DIRECTION('',(0.,0.,-1.));
#4943 = PCURVE('',#1618,#4944);
#4944 = DEFINITIONAL_REPRESENTATION('',(#4945),#4953);
#4945 = ( BOUNDED_CURVE() B_SPLINE_CURVE(2,(#4946,#4947,#4948,#4949,
#4950,#4951,#4952),.UNSPECIFIED.,.T.,.F.) B_SPLINE_CURVE_WITH_KNOTS((1,2
    ,2,2,2,1),(-2.094395102393,0.,2.094395102393,4.188790204786,
6.28318530718,8.377580409573),.UNSPECIFIED.) CURVE() 
GEOMETRIC_REPRESENTATION_ITEM() RATIONAL_B_SPLINE_CURVE((1.,0.5,1.,0.5,
1.,0.5,1.)) REPRESENTATION_ITEM('') );
#4946 = CARTESIAN_POINT('',(18.8416,-3.));
#4947 = CARTESIAN_POINT('',(20.227240646055,-3.));
#4948 = CARTESIAN_POINT('',(19.534420323028,-4.2));
#4949 = CARTESIAN_POINT('',(18.8416,-5.4));
#4950 = CARTESIAN_POINT('',(18.148779676972,-4.2));
#4951 = CARTESIAN_POINT('',(17.455959353945,-3.));
#4952 = CARTESIAN_POINT('',(18.8416,-3.));
#4953 = ( GEOMETRIC_REPRESENTATION_CONTEXT(2) 
PARAMETRIC_REPRESENTATION_CONTEXT() REPRESENTATION_CONTEXT('2D SPACE',''
  ) );
#4954 = PCURVE('',#2685,#4955);
#4955 = DEFINITIONAL_REPRESENTATION('',(#4956),#4960);
#4956 = LINE('',#4957,#4958);
#4957 = CARTESIAN_POINT('',(-6.28318530718,2.415));
#4958 = VECTOR('',#4959,1.);
#4959 = DIRECTION('',(1.,-0.));
#4960 = ( GEOMETRIC_REPRESENTATION_CONTEXT(2) 
PARAMETRIC_REPRESENTATION_CONTEXT() REPRESENTATION_CONTEXT('2D SPACE',''
  ) );
#4961 = ORIENTED_EDGE('',*,*,#4962,.T.);
#4962 = EDGE_CURVE('',#4935,#4963,#4965,.T.);
#4963 = VERTEX_POINT('',#4964);
#4964 = CARTESIAN_POINT('',(16.915,2.9266,-10.2));
#4965 = SURFACE_CURVE('',#4966,(#4970,#4976),.PCURVE_S1.);
#4966 = LINE('',#4967,#4968);
#4967 = CARTESIAN_POINT('',(16.915,-11.8942,-10.2));
#4968 = VECTOR('',#4969,1.);
#4969 = DIRECTION('',(0.,1.,-0.));
#4970 = PCURVE('',#1618,#4971);
#4971 = DEFINITIONAL_REPRESENTATION('',(#4972),#4975);
#4972 = B_SPLINE_CURVE_WITH_KNOTS('',1,(#4973,#4974),.UNSPECIFIED.,.F.,
  .F.,(2,2),(9.8208,14.8208),.PIECEWISE_BEZIER_KNOTS.);
#4973 = CARTESIAN_POINT('',(18.8416,-3.));
#4974 = CARTESIAN_POINT('',(23.8416,-3.));
#4975 = ( GEOMETRIC_REPRESENTATION_CONTEXT(2) 
PARAMETRIC_REPRESENTATION_CONTEXT() REPRESENTATION_CONTEXT('2D SPACE',''
  ) );
#4976 = PCURVE('',#2712,#4977);
#4977 = DEFINITIONAL_REPRESENTATION('',(#4978),#4981);
#4978 = B_SPLINE_CURVE_WITH_KNOTS('',1,(#4979,#4980),.UNSPECIFIED.,.F.,
  .F.,(2,2),(9.8208,14.8208),.PIECEWISE_BEZIER_KNOTS.);
#4979 = CARTESIAN_POINT('',(0.8,-2.415));
#4980 = CARTESIAN_POINT('',(5.8,-2.415));
#4981 = ( GEOMETRIC_REPRESENTATION_CONTEXT(2) 
PARAMETRIC_REPRESENTATION_CONTEXT() REPRESENTATION_CONTEXT('2D SPACE',''
  ) );
#4982 = ORIENTED_EDGE('',*,*,#4983,.T.);
#4983 = EDGE_CURVE('',#4963,#4984,#4986,.T.);
#4984 = VERTEX_POINT('',#4985);
#4985 = CARTESIAN_POINT('',(16.915,3.7266,-9.4));
#4986 = SURFACE_CURVE('',#4987,(#4992,#5003),.PCURVE_S1.);
#4987 = CIRCLE('',#4988,0.8);
#4988 = AXIS2_PLACEMENT_3D('',#4989,#4990,#4991);
#4989 = CARTESIAN_POINT('',(16.915,2.9266,-9.4));
#4990 = DIRECTION('',(1.,0.,0.));
#4991 = DIRECTION('',(0.,0.,-1.));
#4992 = PCURVE('',#1618,#4993);
#4993 = DEFINITIONAL_REPRESENTATION('',(#4994),#5002);
#4994 = ( BOUNDED_CURVE() B_SPLINE_CURVE(2,(#4995,#4996,#4997,#4998,
#4999,#5000,#5001),.UNSPECIFIED.,.T.,.F.) B_SPLINE_CURVE_WITH_KNOTS((1,2
    ,2,2,2,1),(-2.094395102393,0.,2.094395102393,4.188790204786,
6.28318530718,8.377580409573),.UNSPECIFIED.) CURVE() 
GEOMETRIC_REPRESENTATION_ITEM() RATIONAL_B_SPLINE_CURVE((1.,0.5,1.,0.5,
1.,0.5,1.)) REPRESENTATION_ITEM('') );
#4995 = CARTESIAN_POINT('',(23.8416,-3.));
#4996 = CARTESIAN_POINT('',(25.227240646055,-3.));
#4997 = CARTESIAN_POINT('',(24.534420323028,-4.2));
#4998 = CARTESIAN_POINT('',(23.8416,-5.4));
#4999 = CARTESIAN_POINT('',(23.148779676972,-4.2));
#5000 = CARTESIAN_POINT('',(22.455959353945,-3.));
#5001 = CARTESIAN_POINT('',(23.8416,-3.));
#5002 = ( GEOMETRIC_REPRESENTATION_CONTEXT(2) 
PARAMETRIC_REPRESENTATION_CONTEXT() REPRESENTATION_CONTEXT('2D SPACE',''
  ) );
#5003 = PCURVE('',#2744,#5004);
#5004 = DEFINITIONAL_REPRESENTATION('',(#5005),#5009);
#5005 = LINE('',#5006,#5007);
#5006 = CARTESIAN_POINT('',(0.,2.415));
#5007 = VECTOR('',#5008,1.);
#5008 = DIRECTION('',(1.,0.));
#5009 = ( GEOMETRIC_REPRESENTATION_CONTEXT(2) 
PARAMETRIC_REPRESENTATION_CONTEXT() REPRESENTATION_CONTEXT('2D SPACE',''
  ) );
#5010 = ORIENTED_EDGE('',*,*,#5011,.T.);
#5011 = EDGE_CURVE('',#4984,#5012,#5014,.T.);
#5012 = VERTEX_POINT('',#5013);
#5013 = CARTESIAN_POINT('',(16.915,3.7266,-6.2));
#5014 = SURFACE_CURVE('',#5015,(#5019,#5025),.PCURVE_S1.);
#5015 = LINE('',#5016,#5017);
#5016 = CARTESIAN_POINT('',(16.915,3.7266,-11.7));
#5017 = VECTOR('',#5018,1.);
#5018 = DIRECTION('',(0.,0.,1.));
#5019 = PCURVE('',#1618,#5020);
#5020 = DEFINITIONAL_REPRESENTATION('',(#5021),#5024);
#5021 = B_SPLINE_CURVE_WITH_KNOTS('',1,(#5022,#5023),.UNSPECIFIED.,.F.,
  .F.,(2,2),(2.3,5.5),.PIECEWISE_BEZIER_KNOTS.);
#5022 = CARTESIAN_POINT('',(24.6416,-3.8));
#5023 = CARTESIAN_POINT('',(24.6416,-7.));
#5024 = ( GEOMETRIC_REPRESENTATION_CONTEXT(2) 
PARAMETRIC_REPRESENTATION_CONTEXT() REPRESENTATION_CONTEXT('2D SPACE',''
  ) );
#5025 = PCURVE('',#2771,#5026);
#5026 = DEFINITIONAL_REPRESENTATION('',(#5027),#5030);
#5027 = B_SPLINE_CURVE_WITH_KNOTS('',1,(#5028,#5029),.UNSPECIFIED.,.F.,
  .F.,(2,2),(2.3,5.5),.PIECEWISE_BEZIER_KNOTS.);
#5028 = CARTESIAN_POINT('',(0.8,-2.415));
#5029 = CARTESIAN_POINT('',(4.,-2.415));
#5030 = ( GEOMETRIC_REPRESENTATION_CONTEXT(2) 
PARAMETRIC_REPRESENTATION_CONTEXT() REPRESENTATION_CONTEXT('2D SPACE',''
  ) );
#5031 = ORIENTED_EDGE('',*,*,#5032,.T.);
#5032 = EDGE_CURVE('',#5012,#5033,#5035,.T.);
#5033 = VERTEX_POINT('',#5034);
#5034 = CARTESIAN_POINT('',(16.915,2.9266,-5.4));
#5035 = SURFACE_CURVE('',#5036,(#5041,#5052),.PCURVE_S1.);
#5036 = CIRCLE('',#5037,0.8);
#5037 = AXIS2_PLACEMENT_3D('',#5038,#5039,#5040);
#5038 = CARTESIAN_POINT('',(16.915,2.9266,-6.2));
#5039 = DIRECTION('',(1.,0.,0.));
#5040 = DIRECTION('',(-0.,1.,0.));
#5041 = PCURVE('',#1618,#5042);
#5042 = DEFINITIONAL_REPRESENTATION('',(#5043),#5051);
#5043 = ( BOUNDED_CURVE() B_SPLINE_CURVE(2,(#5044,#5045,#5046,#5047,
#5048,#5049,#5050),.UNSPECIFIED.,.T.,.F.) B_SPLINE_CURVE_WITH_KNOTS((1,2
    ,2,2,2,1),(-2.094395102393,0.,2.094395102393,4.188790204786,
6.28318530718,8.377580409573),.UNSPECIFIED.) CURVE() 
GEOMETRIC_REPRESENTATION_ITEM() RATIONAL_B_SPLINE_CURVE((1.,0.5,1.,0.5,
1.,0.5,1.)) REPRESENTATION_ITEM('') );
#5044 = CARTESIAN_POINT('',(24.6416,-7.));
#5045 = CARTESIAN_POINT('',(24.6416,-8.385640646055));
#5046 = CARTESIAN_POINT('',(23.4416,-7.692820323028));
#5047 = CARTESIAN_POINT('',(22.2416,-7.));
#5048 = CARTESIAN_POINT('',(23.4416,-6.307179676972));
#5049 = CARTESIAN_POINT('',(24.6416,-5.614359353945));
#5050 = CARTESIAN_POINT('',(24.6416,-7.));
#5051 = ( GEOMETRIC_REPRESENTATION_CONTEXT(2) 
PARAMETRIC_REPRESENTATION_CONTEXT() REPRESENTATION_CONTEXT('2D SPACE',''
  ) );
#5052 = PCURVE('',#2803,#5053);
#5053 = DEFINITIONAL_REPRESENTATION('',(#5054),#5058);
#5054 = LINE('',#5055,#5056);
#5055 = CARTESIAN_POINT('',(0.,2.415));
#5056 = VECTOR('',#5057,1.);
#5057 = DIRECTION('',(1.,0.));
#5058 = ( GEOMETRIC_REPRESENTATION_CONTEXT(2) 
PARAMETRIC_REPRESENTATION_CONTEXT() REPRESENTATION_CONTEXT('2D SPACE',''
  ) );
#5059 = ORIENTED_EDGE('',*,*,#5060,.T.);
#5060 = EDGE_CURVE('',#5033,#5061,#5063,.T.);
#5061 = VERTEX_POINT('',#5062);
#5062 = CARTESIAN_POINT('',(16.915,-2.0734,-5.4));
#5063 = SURFACE_CURVE('',#5064,(#5068,#5074),.PCURVE_S1.);
#5064 = LINE('',#5065,#5066);
#5065 = CARTESIAN_POINT('',(16.915,-8.5942,-5.4));
#5066 = VECTOR('',#5067,1.);
#5067 = DIRECTION('',(-0.,-1.,-0.));
#5068 = PCURVE('',#1618,#5069);
#5069 = DEFINITIONAL_REPRESENTATION('',(#5070),#5073);
#5070 = B_SPLINE_CURVE_WITH_KNOTS('',1,(#5071,#5072),.UNSPECIFIED.,.F.,
  .F.,(2,2),(-11.5208,-6.5208),.PIECEWISE_BEZIER_KNOTS.);
#5071 = CARTESIAN_POINT('',(23.8416,-7.8));
#5072 = CARTESIAN_POINT('',(18.8416,-7.8));
#5073 = ( GEOMETRIC_REPRESENTATION_CONTEXT(2) 
PARAMETRIC_REPRESENTATION_CONTEXT() REPRESENTATION_CONTEXT('2D SPACE',''
  ) );
#5074 = PCURVE('',#2830,#5075);
#5075 = DEFINITIONAL_REPRESENTATION('',(#5076),#5079);
#5076 = B_SPLINE_CURVE_WITH_KNOTS('',1,(#5077,#5078),.UNSPECIFIED.,.F.,
  .F.,(2,2),(-11.5208,-6.5208),.PIECEWISE_BEZIER_KNOTS.);
#5077 = CARTESIAN_POINT('',(0.8,-2.415));
#5078 = CARTESIAN_POINT('',(5.8,-2.415));
#5079 = ( GEOMETRIC_REPRESENTATION_CONTEXT(2) 
PARAMETRIC_REPRESENTATION_CONTEXT() REPRESENTATION_CONTEXT('2D SPACE',''
  ) );
#5080 = ORIENTED_EDGE('',*,*,#5081,.T.);
#5081 = EDGE_CURVE('',#5061,#5082,#5084,.T.);
#5082 = VERTEX_POINT('',#5083);
#5083 = CARTESIAN_POINT('',(16.915,-2.8734,-6.2));
#5084 = SURFACE_CURVE('',#5085,(#5090,#5101),.PCURVE_S1.);
#5085 = CIRCLE('',#5086,0.8);
#5086 = AXIS2_PLACEMENT_3D('',#5087,#5088,#5089);
#5087 = CARTESIAN_POINT('',(16.915,-2.0734,-6.2));
#5088 = DIRECTION('',(1.,0.,0.));
#5089 = DIRECTION('',(0.,-0.,1.));
#5090 = PCURVE('',#1618,#5091);
#5091 = DEFINITIONAL_REPRESENTATION('',(#5092),#5100);
#5092 = ( BOUNDED_CURVE() B_SPLINE_CURVE(2,(#5093,#5094,#5095,#5096,
#5097,#5098,#5099),.UNSPECIFIED.,.T.,.F.) B_SPLINE_CURVE_WITH_KNOTS((1,2
    ,2,2,2,1),(-2.094395102393,0.,2.094395102393,4.188790204786,
6.28318530718,8.377580409573),.UNSPECIFIED.) CURVE() 
GEOMETRIC_REPRESENTATION_ITEM() RATIONAL_B_SPLINE_CURVE((1.,0.5,1.,0.5,
1.,0.5,1.)) REPRESENTATION_ITEM('') );
#5093 = CARTESIAN_POINT('',(18.8416,-7.8));
#5094 = CARTESIAN_POINT('',(17.455959353945,-7.8));
#5095 = CARTESIAN_POINT('',(18.148779676972,-6.6));
#5096 = CARTESIAN_POINT('',(18.8416,-5.4));
#5097 = CARTESIAN_POINT('',(19.534420323028,-6.6));
#5098 = CARTESIAN_POINT('',(20.227240646055,-7.8));
#5099 = CARTESIAN_POINT('',(18.8416,-7.8));
#5100 = ( GEOMETRIC_REPRESENTATION_CONTEXT(2) 
PARAMETRIC_REPRESENTATION_CONTEXT() REPRESENTATION_CONTEXT('2D SPACE',''
  ) );
#5101 = PCURVE('',#2862,#5102);
#5102 = DEFINITIONAL_REPRESENTATION('',(#5103),#5107);
#5103 = LINE('',#5104,#5105);
#5104 = CARTESIAN_POINT('',(0.,2.415));
#5105 = VECTOR('',#5106,1.);
#5106 = DIRECTION('',(1.,0.));
#5107 = ( GEOMETRIC_REPRESENTATION_CONTEXT(2) 
PARAMETRIC_REPRESENTATION_CONTEXT() REPRESENTATION_CONTEXT('2D SPACE',''
  ) );
#5108 = ORIENTED_EDGE('',*,*,#5109,.T.);
#5109 = EDGE_CURVE('',#5082,#4933,#5110,.T.);
#5110 = SURFACE_CURVE('',#5111,(#5115,#5121),.PCURVE_S1.);
#5111 = LINE('',#5112,#5113);
#5112 = CARTESIAN_POINT('',(16.915,-2.8734,-9.3));
#5113 = VECTOR('',#5114,1.);
#5114 = DIRECTION('',(0.,0.,-1.));
#5115 = PCURVE('',#1618,#5116);
#5116 = DEFINITIONAL_REPRESENTATION('',(#5117),#5120);
#5117 = B_SPLINE_CURVE_WITH_KNOTS('',1,(#5118,#5119),.UNSPECIFIED.,.F.,
  .F.,(2,2),(-3.1,1.E-01),.PIECEWISE_BEZIER_KNOTS.);
#5118 = CARTESIAN_POINT('',(18.0416,-7.));
#5119 = CARTESIAN_POINT('',(18.0416,-3.8));
#5120 = ( GEOMETRIC_REPRESENTATION_CONTEXT(2) 
PARAMETRIC_REPRESENTATION_CONTEXT() REPRESENTATION_CONTEXT('2D SPACE',''
  ) );
#5121 = PCURVE('',#2887,#5122);
#5122 = DEFINITIONAL_REPRESENTATION('',(#5123),#5126);
#5123 = B_SPLINE_CURVE_WITH_KNOTS('',1,(#5124,#5125),.UNSPECIFIED.,.F.,
  .F.,(2,2),(-3.1,1.E-01),.PIECEWISE_BEZIER_KNOTS.);
#5124 = CARTESIAN_POINT('',(0.8,-2.415));
#5125 = CARTESIAN_POINT('',(4.,-2.415));
#5126 = ( GEOMETRIC_REPRESENTATION_CONTEXT(2) 
PARAMETRIC_REPRESENTATION_CONTEXT() REPRESENTATION_CONTEXT('2D SPACE',''
  ) );
#5127 = FACE_BOUND('',#5128,.T.);
#5128 = EDGE_LOOP('',(#5129,#5159,#5180,#5208,#5229,#5257,#5278,#5306));
#5129 = ORIENTED_EDGE('',*,*,#5130,.T.);
#5130 = EDGE_CURVE('',#5131,#5133,#5135,.T.);
#5131 = VERTEX_POINT('',#5132);
#5132 = CARTESIAN_POINT('',(16.915,6.0381,-9.4));
#5133 = VERTEX_POINT('',#5134);
#5134 = CARTESIAN_POINT('',(16.915,6.8381,-10.2));
#5135 = SURFACE_CURVE('',#5136,(#5141,#5152),.PCURVE_S1.);
#5136 = CIRCLE('',#5137,0.8);
#5137 = AXIS2_PLACEMENT_3D('',#5138,#5139,#5140);
#5138 = CARTESIAN_POINT('',(16.915,6.8381,-9.4));
#5139 = DIRECTION('',(1.,0.,0.));
#5140 = DIRECTION('',(0.,0.,-1.));
#5141 = PCURVE('',#1618,#5142);
#5142 = DEFINITIONAL_REPRESENTATION('',(#5143),#5151);
#5143 = ( BOUNDED_CURVE() B_SPLINE_CURVE(2,(#5144,#5145,#5146,#5147,
#5148,#5149,#5150),.UNSPECIFIED.,.T.,.F.) B_SPLINE_CURVE_WITH_KNOTS((1,2
    ,2,2,2,1),(-2.094395102393,0.,2.094395102393,4.188790204786,
6.28318530718,8.377580409573),.UNSPECIFIED.) CURVE() 
GEOMETRIC_REPRESENTATION_ITEM() RATIONAL_B_SPLINE_CURVE((1.,0.5,1.,0.5,
1.,0.5,1.)) REPRESENTATION_ITEM('') );
#5144 = CARTESIAN_POINT('',(27.7531,-3.));
#5145 = CARTESIAN_POINT('',(29.138740646055,-3.));
#5146 = CARTESIAN_POINT('',(28.445920323028,-4.2));
#5147 = CARTESIAN_POINT('',(27.7531,-5.4));
#5148 = CARTESIAN_POINT('',(27.060279676972,-4.2));
#5149 = CARTESIAN_POINT('',(26.367459353945,-3.));
#5150 = CARTESIAN_POINT('',(27.7531,-3.));
#5151 = ( GEOMETRIC_REPRESENTATION_CONTEXT(2) 
PARAMETRIC_REPRESENTATION_CONTEXT() REPRESENTATION_CONTEXT('2D SPACE',''
  ) );
#5152 = PCURVE('',#2923,#5153);
#5153 = DEFINITIONAL_REPRESENTATION('',(#5154),#5158);
#5154 = LINE('',#5155,#5156);
#5155 = CARTESIAN_POINT('',(-6.28318530718,2.415));
#5156 = VECTOR('',#5157,1.);
#5157 = DIRECTION('',(1.,-0.));
#5158 = ( GEOMETRIC_REPRESENTATION_CONTEXT(2) 
PARAMETRIC_REPRESENTATION_CONTEXT() REPRESENTATION_CONTEXT('2D SPACE',''
  ) );
#5159 = ORIENTED_EDGE('',*,*,#5160,.T.);
#5160 = EDGE_CURVE('',#5133,#5161,#5163,.T.);
#5161 = VERTEX_POINT('',#5162);
#5162 = CARTESIAN_POINT('',(16.915,11.8381,-10.2));
#5163 = SURFACE_CURVE('',#5164,(#5168,#5174),.PCURVE_S1.);
#5164 = LINE('',#5165,#5166);
#5165 = CARTESIAN_POINT('',(16.915,-7.43845,-10.2));
#5166 = VECTOR('',#5167,1.);
#5167 = DIRECTION('',(0.,1.,-0.));
#5168 = PCURVE('',#1618,#5169);
#5169 = DEFINITIONAL_REPRESENTATION('',(#5170),#5173);
#5170 = B_SPLINE_CURVE_WITH_KNOTS('',1,(#5171,#5172),.UNSPECIFIED.,.F.,
  .F.,(2,2),(14.27655,19.27655),.PIECEWISE_BEZIER_KNOTS.);
#5171 = CARTESIAN_POINT('',(27.7531,-3.));
#5172 = CARTESIAN_POINT('',(32.7531,-3.));
#5173 = ( GEOMETRIC_REPRESENTATION_CONTEXT(2) 
PARAMETRIC_REPRESENTATION_CONTEXT() REPRESENTATION_CONTEXT('2D SPACE',''
  ) );
#5174 = PCURVE('',#2950,#5175);
#5175 = DEFINITIONAL_REPRESENTATION('',(#5176),#5179);
#5176 = B_SPLINE_CURVE_WITH_KNOTS('',1,(#5177,#5178),.UNSPECIFIED.,.F.,
  .F.,(2,2),(14.27655,19.27655),.PIECEWISE_BEZIER_KNOTS.);
#5177 = CARTESIAN_POINT('',(0.8,-2.415));
#5178 = CARTESIAN_POINT('',(5.8,-2.415));
#5179 = ( GEOMETRIC_REPRESENTATION_CONTEXT(2) 
PARAMETRIC_REPRESENTATION_CONTEXT() REPRESENTATION_CONTEXT('2D SPACE',''
  ) );
#5180 = ORIENTED_EDGE('',*,*,#5181,.T.);
#5181 = EDGE_CURVE('',#5161,#5182,#5184,.T.);
#5182 = VERTEX_POINT('',#5183);
#5183 = CARTESIAN_POINT('',(16.915,12.6381,-9.4));
#5184 = SURFACE_CURVE('',#5185,(#5190,#5201),.PCURVE_S1.);
#5185 = CIRCLE('',#5186,0.8);
#5186 = AXIS2_PLACEMENT_3D('',#5187,#5188,#5189);
#5187 = CARTESIAN_POINT('',(16.915,11.8381,-9.4));
#5188 = DIRECTION('',(1.,0.,0.));
#5189 = DIRECTION('',(0.,0.,-1.));
#5190 = PCURVE('',#1618,#5191);
#5191 = DEFINITIONAL_REPRESENTATION('',(#5192),#5200);
#5192 = ( BOUNDED_CURVE() B_SPLINE_CURVE(2,(#5193,#5194,#5195,#5196,
#5197,#5198,#5199),.UNSPECIFIED.,.T.,.F.) B_SPLINE_CURVE_WITH_KNOTS((1,2
    ,2,2,2,1),(-2.094395102393,0.,2.094395102393,4.188790204786,
6.28318530718,8.377580409573),.UNSPECIFIED.) CURVE() 
GEOMETRIC_REPRESENTATION_ITEM() RATIONAL_B_SPLINE_CURVE((1.,0.5,1.,0.5,
1.,0.5,1.)) REPRESENTATION_ITEM('') );
#5193 = CARTESIAN_POINT('',(32.7531,-3.));
#5194 = CARTESIAN_POINT('',(34.138740646055,-3.));
#5195 = CARTESIAN_POINT('',(33.445920323028,-4.2));
#5196 = CARTESIAN_POINT('',(32.7531,-5.4));
#5197 = CARTESIAN_POINT('',(32.060279676972,-4.2));
#5198 = CARTESIAN_POINT('',(31.367459353945,-3.));
#5199 = CARTESIAN_POINT('',(32.7531,-3.));
#5200 = ( GEOMETRIC_REPRESENTATION_CONTEXT(2) 
PARAMETRIC_REPRESENTATION_CONTEXT() REPRESENTATION_CONTEXT('2D SPACE',''
  ) );
#5201 = PCURVE('',#2982,#5202);
#5202 = DEFINITIONAL_REPRESENTATION('',(#5203),#5207);
#5203 = LINE('',#5204,#5205);
#5204 = CARTESIAN_POINT('',(0.,2.415));
#5205 = VECTOR('',#5206,1.);
#5206 = DIRECTION('',(1.,0.));
#5207 = ( GEOMETRIC_REPRESENTATION_CONTEXT(2) 
PARAMETRIC_REPRESENTATION_CONTEXT() REPRESENTATION_CONTEXT('2D SPACE',''
  ) );
#5208 = ORIENTED_EDGE('',*,*,#5209,.T.);
#5209 = EDGE_CURVE('',#5182,#5210,#5212,.T.);
#5210 = VERTEX_POINT('',#5211);
#5211 = CARTESIAN_POINT('',(16.915,12.6381,-6.2));
#5212 = SURFACE_CURVE('',#5213,(#5217,#5223),.PCURVE_S1.);
#5213 = LINE('',#5214,#5215);
#5214 = CARTESIAN_POINT('',(16.915,12.6381,-11.7));
#5215 = VECTOR('',#5216,1.);
#5216 = DIRECTION('',(0.,0.,1.));
#5217 = PCURVE('',#1618,#5218);
#5218 = DEFINITIONAL_REPRESENTATION('',(#5219),#5222);
#5219 = B_SPLINE_CURVE_WITH_KNOTS('',1,(#5220,#5221),.UNSPECIFIED.,.F.,
  .F.,(2,2),(2.3,5.5),.PIECEWISE_BEZIER_KNOTS.);
#5220 = CARTESIAN_POINT('',(33.5531,-3.8));
#5221 = CARTESIAN_POINT('',(33.5531,-7.));
#5222 = ( GEOMETRIC_REPRESENTATION_CONTEXT(2) 
PARAMETRIC_REPRESENTATION_CONTEXT() REPRESENTATION_CONTEXT('2D SPACE',''
  ) );
#5223 = PCURVE('',#3009,#5224);
#5224 = DEFINITIONAL_REPRESENTATION('',(#5225),#5228);
#5225 = B_SPLINE_CURVE_WITH_KNOTS('',1,(#5226,#5227),.UNSPECIFIED.,.F.,
  .F.,(2,2),(2.3,5.5),.PIECEWISE_BEZIER_KNOTS.);
#5226 = CARTESIAN_POINT('',(0.8,-2.415));
#5227 = CARTESIAN_POINT('',(4.,-2.415));
#5228 = ( GEOMETRIC_REPRESENTATION_CONTEXT(2) 
PARAMETRIC_REPRESENTATION_CONTEXT() REPRESENTATION_CONTEXT('2D SPACE',''
  ) );
#5229 = ORIENTED_EDGE('',*,*,#5230,.T.);
#5230 = EDGE_CURVE('',#5210,#5231,#5233,.T.);
#5231 = VERTEX_POINT('',#5232);
#5232 = CARTESIAN_POINT('',(16.915,11.8381,-5.4));
#5233 = SURFACE_CURVE('',#5234,(#5239,#5250),.PCURVE_S1.);
#5234 = CIRCLE('',#5235,0.8);
#5235 = AXIS2_PLACEMENT_3D('',#5236,#5237,#5238);
#5236 = CARTESIAN_POINT('',(16.915,11.8381,-6.2));
#5237 = DIRECTION('',(1.,0.,0.));
#5238 = DIRECTION('',(-0.,1.,0.));
#5239 = PCURVE('',#1618,#5240);
#5240 = DEFINITIONAL_REPRESENTATION('',(#5241),#5249);
#5241 = ( BOUNDED_CURVE() B_SPLINE_CURVE(2,(#5242,#5243,#5244,#5245,
#5246,#5247,#5248),.UNSPECIFIED.,.T.,.F.) B_SPLINE_CURVE_WITH_KNOTS((1,2
    ,2,2,2,1),(-2.094395102393,0.,2.094395102393,4.188790204786,
6.28318530718,8.377580409573),.UNSPECIFIED.) CURVE() 
GEOMETRIC_REPRESENTATION_ITEM() RATIONAL_B_SPLINE_CURVE((1.,0.5,1.,0.5,
1.,0.5,1.)) REPRESENTATION_ITEM('') );
#5242 = CARTESIAN_POINT('',(33.5531,-7.));
#5243 = CARTESIAN_POINT('',(33.5531,-8.385640646055));
#5244 = CARTESIAN_POINT('',(32.3531,-7.692820323028));
#5245 = CARTESIAN_POINT('',(31.1531,-7.));
#5246 = CARTESIAN_POINT('',(32.3531,-6.307179676972));
#5247 = CARTESIAN_POINT('',(33.5531,-5.614359353945));
#5248 = CARTESIAN_POINT('',(33.5531,-7.));
#5249 = ( GEOMETRIC_REPRESENTATION_CONTEXT(2) 
PARAMETRIC_REPRESENTATION_CONTEXT() REPRESENTATION_CONTEXT('2D SPACE',''
  ) );
#5250 = PCURVE('',#3041,#5251);
#5251 = DEFINITIONAL_REPRESENTATION('',(#5252),#5256);
#5252 = LINE('',#5253,#5254);
#5253 = CARTESIAN_POINT('',(0.,2.415));
#5254 = VECTOR('',#5255,1.);
#5255 = DIRECTION('',(1.,0.));
#5256 = ( GEOMETRIC_REPRESENTATION_CONTEXT(2) 
PARAMETRIC_REPRESENTATION_CONTEXT() REPRESENTATION_CONTEXT('2D SPACE',''
  ) );
#5257 = ORIENTED_EDGE('',*,*,#5258,.T.);
#5258 = EDGE_CURVE('',#5231,#5259,#5261,.T.);
#5259 = VERTEX_POINT('',#5260);
#5260 = CARTESIAN_POINT('',(16.915,6.8381,-5.4));
#5261 = SURFACE_CURVE('',#5262,(#5266,#5272),.PCURVE_S1.);
#5262 = LINE('',#5263,#5264);
#5263 = CARTESIAN_POINT('',(16.915,-4.13845,-5.4));
#5264 = VECTOR('',#5265,1.);
#5265 = DIRECTION('',(-0.,-1.,-0.));
#5266 = PCURVE('',#1618,#5267);
#5267 = DEFINITIONAL_REPRESENTATION('',(#5268),#5271);
#5268 = B_SPLINE_CURVE_WITH_KNOTS('',1,(#5269,#5270),.UNSPECIFIED.,.F.,
  .F.,(2,2),(-15.97655,-10.97655),.PIECEWISE_BEZIER_KNOTS.);
#5269 = CARTESIAN_POINT('',(32.7531,-7.8));
#5270 = CARTESIAN_POINT('',(27.7531,-7.8));
#5271 = ( GEOMETRIC_REPRESENTATION_CONTEXT(2) 
PARAMETRIC_REPRESENTATION_CONTEXT() REPRESENTATION_CONTEXT('2D SPACE',''
  ) );
#5272 = PCURVE('',#3068,#5273);
#5273 = DEFINITIONAL_REPRESENTATION('',(#5274),#5277);
#5274 = B_SPLINE_CURVE_WITH_KNOTS('',1,(#5275,#5276),.UNSPECIFIED.,.F.,
  .F.,(2,2),(-15.97655,-10.97655),.PIECEWISE_BEZIER_KNOTS.);
#5275 = CARTESIAN_POINT('',(0.8,-2.415));
#5276 = CARTESIAN_POINT('',(5.8,-2.415));
#5277 = ( GEOMETRIC_REPRESENTATION_CONTEXT(2) 
PARAMETRIC_REPRESENTATION_CONTEXT() REPRESENTATION_CONTEXT('2D SPACE',''
  ) );
#5278 = ORIENTED_EDGE('',*,*,#5279,.T.);
#5279 = EDGE_CURVE('',#5259,#5280,#5282,.T.);
#5280 = VERTEX_POINT('',#5281);
#5281 = CARTESIAN_POINT('',(16.915,6.0381,-6.2));
#5282 = SURFACE_CURVE('',#5283,(#5288,#5299),.PCURVE_S1.);
#5283 = CIRCLE('',#5284,0.8);
#5284 = AXIS2_PLACEMENT_3D('',#5285,#5286,#5287);
#5285 = CARTESIAN_POINT('',(16.915,6.8381,-6.2));
#5286 = DIRECTION('',(1.,0.,0.));
#5287 = DIRECTION('',(0.,-0.,1.));
#5288 = PCURVE('',#1618,#5289);
#5289 = DEFINITIONAL_REPRESENTATION('',(#5290),#5298);
#5290 = ( BOUNDED_CURVE() B_SPLINE_CURVE(2,(#5291,#5292,#5293,#5294,
#5295,#5296,#5297),.UNSPECIFIED.,.T.,.F.) B_SPLINE_CURVE_WITH_KNOTS((1,2
    ,2,2,2,1),(-2.094395102393,0.,2.094395102393,4.188790204786,
6.28318530718,8.377580409573),.UNSPECIFIED.) CURVE() 
GEOMETRIC_REPRESENTATION_ITEM() RATIONAL_B_SPLINE_CURVE((1.,0.5,1.,0.5,
1.,0.5,1.)) REPRESENTATION_ITEM('') );
#5291 = CARTESIAN_POINT('',(27.7531,-7.8));
#5292 = CARTESIAN_POINT('',(26.367459353945,-7.8));
#5293 = CARTESIAN_POINT('',(27.060279676972,-6.6));
#5294 = CARTESIAN_POINT('',(27.7531,-5.4));
#5295 = CARTESIAN_POINT('',(28.445920323028,-6.6));
#5296 = CARTESIAN_POINT('',(29.138740646055,-7.8));
#5297 = CARTESIAN_POINT('',(27.7531,-7.8));
#5298 = ( GEOMETRIC_REPRESENTATION_CONTEXT(2) 
PARAMETRIC_REPRESENTATION_CONTEXT() REPRESENTATION_CONTEXT('2D SPACE',''
  ) );
#5299 = PCURVE('',#3100,#5300);
#5300 = DEFINITIONAL_REPRESENTATION('',(#5301),#5305);
#5301 = LINE('',#5302,#5303);
#5302 = CARTESIAN_POINT('',(0.,2.415));
#5303 = VECTOR('',#5304,1.);
#5304 = DIRECTION('',(1.,0.));
#5305 = ( GEOMETRIC_REPRESENTATION_CONTEXT(2) 
PARAMETRIC_REPRESENTATION_CONTEXT() REPRESENTATION_CONTEXT('2D SPACE',''
  ) );
#5306 = ORIENTED_EDGE('',*,*,#5307,.T.);
#5307 = EDGE_CURVE('',#5280,#5131,#5308,.T.);
#5308 = SURFACE_CURVE('',#5309,(#5313,#5319),.PCURVE_S1.);
#5309 = LINE('',#5310,#5311);
#5310 = CARTESIAN_POINT('',(16.915,6.0381,-9.3));
#5311 = VECTOR('',#5312,1.);
#5312 = DIRECTION('',(0.,0.,-1.));
#5313 = PCURVE('',#1618,#5314);
#5314 = DEFINITIONAL_REPRESENTATION('',(#5315),#5318);
#5315 = B_SPLINE_CURVE_WITH_KNOTS('',1,(#5316,#5317),.UNSPECIFIED.,.F.,
  .F.,(2,2),(-3.1,1.E-01),.PIECEWISE_BEZIER_KNOTS.);
#5316 = CARTESIAN_POINT('',(26.9531,-7.));
#5317 = CARTESIAN_POINT('',(26.9531,-3.8));
#5318 = ( GEOMETRIC_REPRESENTATION_CONTEXT(2) 
PARAMETRIC_REPRESENTATION_CONTEXT() REPRESENTATION_CONTEXT('2D SPACE',''
  ) );
#5319 = PCURVE('',#3125,#5320);
#5320 = DEFINITIONAL_REPRESENTATION('',(#5321),#5324);
#5321 = B_SPLINE_CURVE_WITH_KNOTS('',1,(#5322,#5323),.UNSPECIFIED.,.F.,
  .F.,(2,2),(-3.1,1.E-01),.PIECEWISE_BEZIER_KNOTS.);
#5322 = CARTESIAN_POINT('',(0.8,-2.415));
#5323 = CARTESIAN_POINT('',(4.,-2.415));
#5324 = ( GEOMETRIC_REPRESENTATION_CONTEXT(2) 
PARAMETRIC_REPRESENTATION_CONTEXT() REPRESENTATION_CONTEXT('2D SPACE',''
  ) );
#5325 = ADVANCED_FACE('',(#5326),#1483,.F.);
#5326 = FACE_BOUND('',#5327,.T.);
#5327 = EDGE_LOOP('',(#5328,#5329,#5330,#5353));
#5328 = ORIENTED_EDGE('',*,*,#4638,.F.);
#5329 = ORIENTED_EDGE('',*,*,#1466,.F.);
#5330 = ORIENTED_EDGE('',*,*,#5331,.T.);
#5331 = EDGE_CURVE('',#1467,#5332,#5334,.T.);
#5332 = VERTEX_POINT('',#5333);
#5333 = CARTESIAN_POINT('',(-16.915,-15.915,-0.8));
#5334 = SURFACE_CURVE('',#5335,(#5339,#5346),.PCURVE_S1.);
#5335 = LINE('',#5336,#5337);
#5336 = CARTESIAN_POINT('',(-16.915,-15.915,-13.2));
#5337 = VECTOR('',#5338,1.);
#5338 = DIRECTION('',(0.,0.,1.));
#5339 = PCURVE('',#1483,#5340);
#5340 = DEFINITIONAL_REPRESENTATION('',(#5341),#5345);
#5341 = LINE('',#5342,#5343);
#5342 = CARTESIAN_POINT('',(-1.570796326795,0.));
#5343 = VECTOR('',#5344,1.);
#5344 = DIRECTION('',(-0.,1.));
#5345 = ( GEOMETRIC_REPRESENTATION_CONTEXT(2) 
PARAMETRIC_REPRESENTATION_CONTEXT() REPRESENTATION_CONTEXT('2D SPACE',''
  ) );
#5346 = PCURVE('',#1510,#5347);
#5347 = DEFINITIONAL_REPRESENTATION('',(#5348),#5352);
#5348 = LINE('',#5349,#5350);
#5349 = CARTESIAN_POINT('',(36.83,0.));
#5350 = VECTOR('',#5351,1.);
#5351 = DIRECTION('',(0.,-1.));
#5352 = ( GEOMETRIC_REPRESENTATION_CONTEXT(2) 
PARAMETRIC_REPRESENTATION_CONTEXT() REPRESENTATION_CONTEXT('2D SPACE',''
  ) );
#5353 = ORIENTED_EDGE('',*,*,#5354,.F.);
#5354 = EDGE_CURVE('',#4639,#5332,#5355,.T.);
#5355 = SURFACE_CURVE('',#5356,(#5361,#5368),.PCURVE_S1.);
#5356 = CIRCLE('',#5357,5.);
#5357 = AXIS2_PLACEMENT_3D('',#5358,#5359,#5360);
#5358 = CARTESIAN_POINT('',(-11.915,-15.915,-0.8));
#5359 = DIRECTION('',(-0.,-0.,-1.));
#5360 = DIRECTION('',(0.,-1.,0.));
#5361 = PCURVE('',#1483,#5362);
#5362 = DEFINITIONAL_REPRESENTATION('',(#5363),#5367);
#5363 = LINE('',#5364,#5365);
#5364 = CARTESIAN_POINT('',(-0.,12.4));
#5365 = VECTOR('',#5366,1.);
#5366 = DIRECTION('',(-1.,0.));
#5367 = ( GEOMETRIC_REPRESENTATION_CONTEXT(2) 
PARAMETRIC_REPRESENTATION_CONTEXT() REPRESENTATION_CONTEXT('2D SPACE',''
  ) );
#5368 = PCURVE('',#4622,#5369);
#5369 = DEFINITIONAL_REPRESENTATION('',(#5370),#5378);
#5370 = ( BOUNDED_CURVE() B_SPLINE_CURVE(2,(#5371,#5372,#5373,#5374,
#5375,#5376,#5377),.UNSPECIFIED.,.T.,.F.) B_SPLINE_CURVE_WITH_KNOTS((1,2
    ,2,2,2,1),(-2.094395102393,0.,2.094395102393,4.188790204786,
6.28318530718,8.377580409573),.UNSPECIFIED.) CURVE() 
GEOMETRIC_REPRESENTATION_ITEM() RATIONAL_B_SPLINE_CURVE((1.,0.5,1.,0.5,
1.,0.5,1.)) REPRESENTATION_ITEM('') );
#5371 = CARTESIAN_POINT('',(-11.915,-20.915));
#5372 = CARTESIAN_POINT('',(-20.57525403784,-20.915));
#5373 = CARTESIAN_POINT('',(-16.24512701892,-13.415));
#5374 = CARTESIAN_POINT('',(-11.915,-5.915));
#5375 = CARTESIAN_POINT('',(-7.584872981078,-13.415));
#5376 = CARTESIAN_POINT('',(-3.254745962156,-20.915));
#5377 = CARTESIAN_POINT('',(-11.915,-20.915));
#5378 = ( GEOMETRIC_REPRESENTATION_CONTEXT(2) 
PARAMETRIC_REPRESENTATION_CONTEXT() REPRESENTATION_CONTEXT('2D SPACE',''
  ) );
#5379 = ADVANCED_FACE('',(#5380),#1593,.F.);
#5380 = FACE_BOUND('',#5381,.F.);
#5381 = EDGE_LOOP('',(#5382,#5383,#5384,#5407));
#5382 = ORIENTED_EDGE('',*,*,#4711,.F.);
#5383 = ORIENTED_EDGE('',*,*,#1576,.T.);
#5384 = ORIENTED_EDGE('',*,*,#5385,.T.);
#5385 = EDGE_CURVE('',#1551,#5386,#5388,.T.);
#5386 = VERTEX_POINT('',#5387);
#5387 = CARTESIAN_POINT('',(11.915,20.915,-0.8));
#5388 = SURFACE_CURVE('',#5389,(#5393,#5400),.PCURVE_S1.);
#5389 = LINE('',#5390,#5391);
#5390 = CARTESIAN_POINT('',(11.915,20.915,-13.2));
#5391 = VECTOR('',#5392,1.);
#5392 = DIRECTION('',(0.,0.,1.));
#5393 = PCURVE('',#1593,#5394);
#5394 = DEFINITIONAL_REPRESENTATION('',(#5395),#5399);
#5395 = LINE('',#5396,#5397);
#5396 = CARTESIAN_POINT('',(1.570796326795,0.));
#5397 = VECTOR('',#5398,1.);
#5398 = DIRECTION('',(0.,1.));
#5399 = ( GEOMETRIC_REPRESENTATION_CONTEXT(2) 
PARAMETRIC_REPRESENTATION_CONTEXT() REPRESENTATION_CONTEXT('2D SPACE',''
  ) );
#5400 = PCURVE('',#1565,#5401);
#5401 = DEFINITIONAL_REPRESENTATION('',(#5402),#5406);
#5402 = LINE('',#5403,#5404);
#5403 = CARTESIAN_POINT('',(5.,0.));
#5404 = VECTOR('',#5405,1.);
#5405 = DIRECTION('',(0.,-1.));
#5406 = ( GEOMETRIC_REPRESENTATION_CONTEXT(2) 
PARAMETRIC_REPRESENTATION_CONTEXT() REPRESENTATION_CONTEXT('2D SPACE',''
  ) );
#5407 = ORIENTED_EDGE('',*,*,#5408,.F.);
#5408 = EDGE_CURVE('',#4689,#5386,#5409,.T.);
#5409 = SURFACE_CURVE('',#5410,(#5415,#5422),.PCURVE_S1.);
#5410 = CIRCLE('',#5411,5.);
#5411 = AXIS2_PLACEMENT_3D('',#5412,#5413,#5414);
#5412 = CARTESIAN_POINT('',(11.915,15.915,-0.8));
#5413 = DIRECTION('',(0.,0.,1.));
#5414 = DIRECTION('',(0.,-1.,0.));
#5415 = PCURVE('',#1593,#5416);
#5416 = DEFINITIONAL_REPRESENTATION('',(#5417),#5421);
#5417 = LINE('',#5418,#5419);
#5418 = CARTESIAN_POINT('',(-1.570796326795,12.4));
#5419 = VECTOR('',#5420,1.);
#5420 = DIRECTION('',(1.,0.));
#5421 = ( GEOMETRIC_REPRESENTATION_CONTEXT(2) 
PARAMETRIC_REPRESENTATION_CONTEXT() REPRESENTATION_CONTEXT('2D SPACE',''
  ) );
#5422 = PCURVE('',#4622,#5423);
#5423 = DEFINITIONAL_REPRESENTATION('',(#5424),#5428);
#5424 = CIRCLE('',#5425,5.);
#5425 = AXIS2_PLACEMENT_2D('',#5426,#5427);
#5426 = CARTESIAN_POINT('',(11.915,15.915));
#5427 = DIRECTION('',(0.,-1.));
#5428 = ( GEOMETRIC_REPRESENTATION_CONTEXT(2) 
PARAMETRIC_REPRESENTATION_CONTEXT() REPRESENTATION_CONTEXT('2D SPACE',''
  ) );
#5429 = ADVANCED_FACE('',(#5430,#5478),#1510,.T.);
#5430 = FACE_BOUND('',#5431,.T.);
#5431 = EDGE_LOOP('',(#5432,#5433,#5456,#5477));
#5432 = ORIENTED_EDGE('',*,*,#1495,.T.);
#5433 = ORIENTED_EDGE('',*,*,#5434,.T.);
#5434 = EDGE_CURVE('',#1496,#5435,#5437,.T.);
#5435 = VERTEX_POINT('',#5436);
#5436 = CARTESIAN_POINT('',(-16.915,15.915,-0.8));
#5437 = SURFACE_CURVE('',#5438,(#5442,#5449),.PCURVE_S1.);
#5438 = LINE('',#5439,#5440);
#5439 = CARTESIAN_POINT('',(-16.915,15.915,-13.2));
#5440 = VECTOR('',#5441,1.);
#5441 = DIRECTION('',(0.,0.,1.));
#5442 = PCURVE('',#1510,#5443);
#5443 = DEFINITIONAL_REPRESENTATION('',(#5444),#5448);
#5444 = LINE('',#5445,#5446);
#5445 = CARTESIAN_POINT('',(5.,0.));
#5446 = VECTOR('',#5447,1.);
#5447 = DIRECTION('',(0.,-1.));
#5448 = ( GEOMETRIC_REPRESENTATION_CONTEXT(2) 
PARAMETRIC_REPRESENTATION_CONTEXT() REPRESENTATION_CONTEXT('2D SPACE',''
  ) );
#5449 = PCURVE('',#1538,#5450);
#5450 = DEFINITIONAL_REPRESENTATION('',(#5451),#5455);
#5451 = LINE('',#5452,#5453);
#5452 = CARTESIAN_POINT('',(1.570796326795,0.));
#5453 = VECTOR('',#5454,1.);
#5454 = DIRECTION('',(0.,1.));
#5455 = ( GEOMETRIC_REPRESENTATION_CONTEXT(2) 
PARAMETRIC_REPRESENTATION_CONTEXT() REPRESENTATION_CONTEXT('2D SPACE',''
  ) );
#5456 = ORIENTED_EDGE('',*,*,#5457,.T.);
#5457 = EDGE_CURVE('',#5435,#5332,#5458,.T.);
#5458 = SURFACE_CURVE('',#5459,(#5463,#5470),.PCURVE_S1.);
#5459 = LINE('',#5460,#5461);
#5460 = CARTESIAN_POINT('',(-16.915,20.915,-0.8));
#5461 = VECTOR('',#5462,1.);
#5462 = DIRECTION('',(0.,-1.,0.));
#5463 = PCURVE('',#1510,#5464);
#5464 = DEFINITIONAL_REPRESENTATION('',(#5465),#5469);
#5465 = LINE('',#5466,#5467);
#5466 = CARTESIAN_POINT('',(0.,-12.4));
#5467 = VECTOR('',#5468,1.);
#5468 = DIRECTION('',(1.,0.));
#5469 = ( GEOMETRIC_REPRESENTATION_CONTEXT(2) 
PARAMETRIC_REPRESENTATION_CONTEXT() REPRESENTATION_CONTEXT('2D SPACE',''
  ) );
#5470 = PCURVE('',#4622,#5471);
#5471 = DEFINITIONAL_REPRESENTATION('',(#5472),#5476);
#5472 = LINE('',#5473,#5474);
#5473 = CARTESIAN_POINT('',(-16.915,20.915));
#5474 = VECTOR('',#5475,1.);
#5475 = DIRECTION('',(0.,-1.));
#5476 = ( GEOMETRIC_REPRESENTATION_CONTEXT(2) 
PARAMETRIC_REPRESENTATION_CONTEXT() REPRESENTATION_CONTEXT('2D SPACE',''
  ) );
#5477 = ORIENTED_EDGE('',*,*,#5331,.F.);
#5478 = FACE_BOUND('',#5479,.T.);
#5479 = EDGE_LOOP('',(#5480,#5481,#5482,#5483,#5484,#5485,#5486,#5487));
#5480 = ORIENTED_EDGE('',*,*,#3314,.F.);
#5481 = ORIENTED_EDGE('',*,*,#3632,.T.);
#5482 = ORIENTED_EDGE('',*,*,#3605,.F.);
#5483 = ORIENTED_EDGE('',*,*,#3535,.T.);
#5484 = ORIENTED_EDGE('',*,*,#3508,.F.);
#5485 = ORIENTED_EDGE('',*,*,#3438,.T.);
#5486 = ORIENTED_EDGE('',*,*,#3411,.F.);
#5487 = ORIENTED_EDGE('',*,*,#3341,.T.);
#5488 = ADVANCED_FACE('',(#5489),#1565,.T.);
#5489 = FACE_BOUND('',#5490,.T.);
#5490 = EDGE_LOOP('',(#5491,#5492,#5493,#5516));
#5491 = ORIENTED_EDGE('',*,*,#1550,.T.);
#5492 = ORIENTED_EDGE('',*,*,#5385,.T.);
#5493 = ORIENTED_EDGE('',*,*,#5494,.T.);
#5494 = EDGE_CURVE('',#5386,#5495,#5497,.T.);
#5495 = VERTEX_POINT('',#5496);
#5496 = CARTESIAN_POINT('',(-11.915,20.915,-0.8));
#5497 = SURFACE_CURVE('',#5498,(#5502,#5509),.PCURVE_S1.);
#5498 = LINE('',#5499,#5500);
#5499 = CARTESIAN_POINT('',(16.915,20.915,-0.8));
#5500 = VECTOR('',#5501,1.);
#5501 = DIRECTION('',(-1.,0.,0.));
#5502 = PCURVE('',#1565,#5503);
#5503 = DEFINITIONAL_REPRESENTATION('',(#5504),#5508);
#5504 = LINE('',#5505,#5506);
#5505 = CARTESIAN_POINT('',(0.,-12.4));
#5506 = VECTOR('',#5507,1.);
#5507 = DIRECTION('',(1.,0.));
#5508 = ( GEOMETRIC_REPRESENTATION_CONTEXT(2) 
PARAMETRIC_REPRESENTATION_CONTEXT() REPRESENTATION_CONTEXT('2D SPACE',''
  ) );
#5509 = PCURVE('',#4622,#5510);
#5510 = DEFINITIONAL_REPRESENTATION('',(#5511),#5515);
#5511 = LINE('',#5512,#5513);
#5512 = CARTESIAN_POINT('',(16.915,20.915));
#5513 = VECTOR('',#5514,1.);
#5514 = DIRECTION('',(-1.,0.));
#5515 = ( GEOMETRIC_REPRESENTATION_CONTEXT(2) 
PARAMETRIC_REPRESENTATION_CONTEXT() REPRESENTATION_CONTEXT('2D SPACE',''
  ) );
#5516 = ORIENTED_EDGE('',*,*,#5517,.F.);
#5517 = EDGE_CURVE('',#1522,#5495,#5518,.T.);
#5518 = SURFACE_CURVE('',#5519,(#5523,#5530),.PCURVE_S1.);
#5519 = LINE('',#5520,#5521);
#5520 = CARTESIAN_POINT('',(-11.915,20.915,-13.2));
#5521 = VECTOR('',#5522,1.);
#5522 = DIRECTION('',(0.,0.,1.));
#5523 = PCURVE('',#1565,#5524);
#5524 = DEFINITIONAL_REPRESENTATION('',(#5525),#5529);
#5525 = LINE('',#5526,#5527);
#5526 = CARTESIAN_POINT('',(28.83,0.));
#5527 = VECTOR('',#5528,1.);
#5528 = DIRECTION('',(0.,-1.));
#5529 = ( GEOMETRIC_REPRESENTATION_CONTEXT(2) 
PARAMETRIC_REPRESENTATION_CONTEXT() REPRESENTATION_CONTEXT('2D SPACE',''
  ) );
#5530 = PCURVE('',#1538,#5531);
#5531 = DEFINITIONAL_REPRESENTATION('',(#5532),#5536);
#5532 = LINE('',#5533,#5534);
#5533 = CARTESIAN_POINT('',(0.,0.));
#5534 = VECTOR('',#5535,1.);
#5535 = DIRECTION('',(0.,1.));
#5536 = ( GEOMETRIC_REPRESENTATION_CONTEXT(2) 
PARAMETRIC_REPRESENTATION_CONTEXT() REPRESENTATION_CONTEXT('2D SPACE',''
  ) );
#5537 = ADVANCED_FACE('',(#5538),#1538,.F.);
#5538 = FACE_BOUND('',#5539,.F.);
#5539 = EDGE_LOOP('',(#5540,#5541,#5542,#5543));
#5540 = ORIENTED_EDGE('',*,*,#5517,.F.);
#5541 = ORIENTED_EDGE('',*,*,#1521,.T.);
#5542 = ORIENTED_EDGE('',*,*,#5434,.T.);
#5543 = ORIENTED_EDGE('',*,*,#5544,.F.);
#5544 = EDGE_CURVE('',#5495,#5435,#5545,.T.);
#5545 = SURFACE_CURVE('',#5546,(#5551,#5558),.PCURVE_S1.);
#5546 = CIRCLE('',#5547,5.);
#5547 = AXIS2_PLACEMENT_3D('',#5548,#5549,#5550);
#5548 = CARTESIAN_POINT('',(-11.915,15.915,-0.8));
#5549 = DIRECTION('',(0.,0.,1.));
#5550 = DIRECTION('',(0.,-1.,0.));
#5551 = PCURVE('',#1538,#5552);
#5552 = DEFINITIONAL_REPRESENTATION('',(#5553),#5557);
#5553 = LINE('',#5554,#5555);
#5554 = CARTESIAN_POINT('',(-3.14159265359,12.4));
#5555 = VECTOR('',#5556,1.);
#5556 = DIRECTION('',(1.,0.));
#5557 = ( GEOMETRIC_REPRESENTATION_CONTEXT(2) 
PARAMETRIC_REPRESENTATION_CONTEXT() REPRESENTATION_CONTEXT('2D SPACE',''
  ) );
#5558 = PCURVE('',#4622,#5559);
#5559 = DEFINITIONAL_REPRESENTATION('',(#5560),#5564);
#5560 = CIRCLE('',#5561,5.);
#5561 = AXIS2_PLACEMENT_2D('',#5562,#5563);
#5562 = CARTESIAN_POINT('',(-11.915,15.915));
#5563 = DIRECTION('',(0.,-1.));
#5564 = ( GEOMETRIC_REPRESENTATION_CONTEXT(2) 
PARAMETRIC_REPRESENTATION_CONTEXT() REPRESENTATION_CONTEXT('2D SPACE',''
  ) );
#5565 = ADVANCED_FACE('',(#5566),#1652,.F.);
#5566 = FACE_BOUND('',#5567,.T.);
#5567 = EDGE_LOOP('',(#5568,#5569,#5592,#5619));
#5568 = ORIENTED_EDGE('',*,*,#1631,.T.);
#5569 = ORIENTED_EDGE('',*,*,#5570,.T.);
#5570 = EDGE_CURVE('',#1632,#5571,#5573,.T.);
#5571 = VERTEX_POINT('',#5572);
#5572 = CARTESIAN_POINT('',(19.75,16.,-7.7));
#5573 = SEAM_CURVE('',#5574,(#5578,#5585),.PCURVE_S1.);
#5574 = LINE('',#5575,#5576);
#5575 = CARTESIAN_POINT('',(19.75,16.,-13.2));
#5576 = VECTOR('',#5577,1.);
#5577 = DIRECTION('',(0.,0.,1.));
#5578 = PCURVE('',#1652,#5579);
#5579 = DEFINITIONAL_REPRESENTATION('',(#5580),#5584);
#5580 = LINE('',#5581,#5582);
#5581 = CARTESIAN_POINT('',(-6.28318530718,0.));
#5582 = VECTOR('',#5583,1.);
#5583 = DIRECTION('',(-0.,-1.));
#5584 = ( GEOMETRIC_REPRESENTATION_CONTEXT(2) 
PARAMETRIC_REPRESENTATION_CONTEXT() REPRESENTATION_CONTEXT('2D SPACE',''
  ) );
#5585 = PCURVE('',#1652,#5586);
#5586 = DEFINITIONAL_REPRESENTATION('',(#5587),#5591);
#5587 = LINE('',#5588,#5589);
#5588 = CARTESIAN_POINT('',(-0.,0.));
#5589 = VECTOR('',#5590,1.);
#5590 = DIRECTION('',(-0.,-1.));
#5591 = ( GEOMETRIC_REPRESENTATION_CONTEXT(2) 
PARAMETRIC_REPRESENTATION_CONTEXT() REPRESENTATION_CONTEXT('2D SPACE',''
  ) );
#5592 = ORIENTED_EDGE('',*,*,#5593,.T.);
#5593 = EDGE_CURVE('',#5571,#5571,#5594,.T.);
#5594 = SURFACE_CURVE('',#5595,(#5600,#5607),.PCURVE_S1.);
#5595 = CIRCLE('',#5596,0.85);
#5596 = AXIS2_PLACEMENT_3D('',#5597,#5598,#5599);
#5597 = CARTESIAN_POINT('',(18.9,16.,-7.7));
#5598 = DIRECTION('',(0.,0.,1.));
#5599 = DIRECTION('',(1.,0.,0.));
#5600 = PCURVE('',#1652,#5601);
#5601 = DEFINITIONAL_REPRESENTATION('',(#5602),#5606);
#5602 = LINE('',#5603,#5604);
#5603 = CARTESIAN_POINT('',(-0.,-5.5));
#5604 = VECTOR('',#5605,1.);
#5605 = DIRECTION('',(-1.,0.));
#5606 = ( GEOMETRIC_REPRESENTATION_CONTEXT(2) 
PARAMETRIC_REPRESENTATION_CONTEXT() REPRESENTATION_CONTEXT('2D SPACE',''
  ) );
#5607 = PCURVE('',#5608,#5613);
#5608 = PLANE('',#5609);
#5609 = AXIS2_PLACEMENT_3D('',#5610,#5611,#5612);
#5610 = CARTESIAN_POINT('',(18.9,16.,-7.7));
#5611 = DIRECTION('',(0.,0.,1.));
#5612 = DIRECTION('',(1.,0.,-0.));
#5613 = DEFINITIONAL_REPRESENTATION('',(#5614),#5618);
#5614 = CIRCLE('',#5615,0.85);
#5615 = AXIS2_PLACEMENT_2D('',#5616,#5617);
#5616 = CARTESIAN_POINT('',(0.,0.));
#5617 = DIRECTION('',(1.,0.));
#5618 = ( GEOMETRIC_REPRESENTATION_CONTEXT(2) 
PARAMETRIC_REPRESENTATION_CONTEXT() REPRESENTATION_CONTEXT('2D SPACE',''
  ) );
#5619 = ORIENTED_EDGE('',*,*,#5570,.F.);
#5620 = ADVANCED_FACE('',(#5621),#2086,.T.);
#5621 = FACE_BOUND('',#5622,.T.);
#5622 = EDGE_LOOP('',(#5623,#5701,#5702,#5703));
#5623 = ORIENTED_EDGE('',*,*,#5624,.F.);
#5624 = EDGE_CURVE('',#3194,#2044,#5625,.T.);
#5625 = SURFACE_CURVE('',#5626,(#5649,#5675),.PCURVE_S1.);
#5626 = B_SPLINE_CURVE_WITH_KNOTS('',5,(#5627,#5628,#5629,#5630,#5631,
    #5632,#5633,#5634,#5635,#5636,#5637,#5638,#5639,#5640,#5641,#5642,
    #5643,#5644,#5645,#5646,#5647,#5648),.UNSPECIFIED.,.F.,.F.,(6,4,4,4,
    4,6),(0.,0.259322026525,0.519436557782,0.758393464356,0.969313024433
    ,1.),.UNSPECIFIED.);
#5627 = CARTESIAN_POINT('',(-19.17295617901,22.522010379887,-0.65));
#5628 = CARTESIAN_POINT('',(-19.17295617901,22.522010379887,
    -0.596518357152));
#5629 = CARTESIAN_POINT('',(-19.16764640401,22.519701232958,
    -0.543034947119));
#5630 = CARTESIAN_POINT('',(-19.1570260512,22.51508272544,
    -0.490338241664));
#5631 = CARTESIAN_POINT('',(-19.14127214618,22.508224231662,
    -0.439202882077));
#5632 = CARTESIAN_POINT('',(-19.10008956634,22.490259891671,
    -0.3412951164));
#5633 = CARTESIAN_POINT('',(-19.07463027582,22.479140621405,
    -0.294533818572));
#5634 = CARTESIAN_POINT('',(-19.0446635591,22.466028705625,
    -0.250740809602));
#5635 = CARTESIAN_POINT('',(-19.0106597812,22.451111731488,
    -0.210516790451));
#5636 = CARTESIAN_POINT('',(-18.93873419629,22.419460614039,
    -0.141093501814));
#5637 = CARTESIAN_POINT('',(-18.90135507195,22.402972547572,
    -0.11126271765));
#5638 = CARTESIAN_POINT('',(-18.86146320735,22.385325543363,
    -8.520674185061E-02));
#5639 = CARTESIAN_POINT('',(-18.81953919129,22.3667183219,
    -6.319582059241E-02));
#5640 = CARTESIAN_POINT('',(-18.73772586514,22.330279282244,
    -2.970610199961E-02));
#5641 = CARTESIAN_POINT('',(-18.69817471023,22.312612526779,
    -1.729446568944E-02));
#5642 = CARTESIAN_POINT('',(-18.65777337745,22.29450899832,
    -8.294382800032E-03));
#5643 = CARTESIAN_POINT('',(-18.61687637922,22.276122511024,
    -2.77163411778E-03));
#5644 = CARTESIAN_POINT('',(-18.56986657463,22.254917462938,
    -4.4362041031E-04));
#5645 = CARTESIAN_POINT('',(-18.56389275126,22.252221509203,
    -2.218183781961E-04));
#5646 = CARTESIAN_POINT('',(-18.5579170085,22.249523394161,
    -7.394057720196E-05));
#5647 = CARTESIAN_POINT('',(-18.5519404371,22.246823601437,
    -3.501725576172E-09));
#5648 = CARTESIAN_POINT('',(-18.54596413286,22.244122605475,
    -1.043609643148E-13));
#5649 = PCURVE('',#2086,#5650);
#5650 = DEFINITIONAL_REPRESENTATION('',(#5651),#5674);
#5651 = B_SPLINE_CURVE_WITH_KNOTS('',5,(#5652,#5653,#5654,#5655,#5656,
    #5657,#5658,#5659,#5660,#5661,#5662,#5663,#5664,#5665,#5666,#5667,
    #5668,#5669,#5670,#5671,#5672,#5673),.UNSPECIFIED.,.F.,.F.,(6,4,4,4,
    4,6),(0.,0.259322026525,0.519436557782,0.758393464356,0.969313024433
    ,1.),.UNSPECIFIED.);
#5652 = CARTESIAN_POINT('',(0.842965978858,0.));
#5653 = CARTESIAN_POINT('',(0.842965978858,8.227945053586E-02));
#5654 = CARTESIAN_POINT('',(0.842739935108,0.164561517724));
#5655 = CARTESIAN_POINT('',(0.842287856833,0.246794319052));
#5656 = CARTESIAN_POINT('',(0.841614685868,0.328944431641));
#5657 = CARTESIAN_POINT('',(0.839842738642,0.49325339003));
#5658 = CARTESIAN_POINT('',(0.838742620502,0.575415933201));
#5659 = CARTESIAN_POINT('',(0.837439435576,0.657425443944));
#5660 = CARTESIAN_POINT('',(0.835947282871,0.739272049395));
#5661 = CARTESIAN_POINT('',(0.832756551405,0.895986773183));
#5662 = CARTESIAN_POINT('',(0.831084594721,0.970883136094));
#5663 = CARTESIAN_POINT('',(0.829282424518,1.045639819769));
#5664 = CARTESIAN_POINT('',(0.82736667167,1.120272052035));
#5665 = CARTESIAN_POINT('',(0.823582279051,1.260584725412));
#5666 = CARTESIAN_POINT('',(0.821734473024,1.326288562882));
#5667 = CARTESIAN_POINT('',(0.819826319583,1.391927553478));
#5668 = CARTESIAN_POINT('',(0.817872533704,1.457522809735));
#5669 = CARTESIAN_POINT('',(0.815600790834,1.53263753985));
#5670 = CARTESIAN_POINT('',(0.815311629348,1.542177584235));
#5671 = CARTESIAN_POINT('',(0.815021894277,1.551717253571));
#5672 = CARTESIAN_POINT('',(0.814731636724,1.561256620829));
#5673 = CARTESIAN_POINT('',(0.81444091004,1.570795764899));
#5674 = ( GEOMETRIC_REPRESENTATION_CONTEXT(2) 
PARAMETRIC_REPRESENTATION_CONTEXT() REPRESENTATION_CONTEXT('2D SPACE',''
  ) );
#5675 = PCURVE('',#2059,#5676);
#5676 = DEFINITIONAL_REPRESENTATION('',(#5677),#5700);
#5677 = B_SPLINE_CURVE_WITH_KNOTS('',5,(#5678,#5679,#5680,#5681,#5682,
    #5683,#5684,#5685,#5686,#5687,#5688,#5689,#5690,#5691,#5692,#5693,
    #5694,#5695,#5696,#5697,#5698,#5699),.UNSPECIFIED.,.F.,.F.,(6,4,4,4,
    4,6),(0.,0.259322026525,0.519436557782,0.758393464356,0.969313024433
    ,1.),.UNSPECIFIED.);
#5678 = CARTESIAN_POINT('',(2.6645352591E-15,1.2603906302));
#5679 = CARTESIAN_POINT('',(8.227945053587E-02,1.2603906302));
#5680 = CARTESIAN_POINT('',(0.164561517723,1.258582313134));
#5681 = CARTESIAN_POINT('',(0.246794319052,1.254965540485));
#5682 = CARTESIAN_POINT('',(0.328944431641,1.249593021736));
#5683 = CARTESIAN_POINT('',(0.49325339003,1.23551334879));
#5684 = CARTESIAN_POINT('',(0.575415933201,1.226795658751));
#5685 = CARTESIAN_POINT('',(0.657425443944,1.216510612636));
#5686 = CARTESIAN_POINT('',(0.739272049395,1.204801504405));
#5687 = CARTESIAN_POINT('',(0.895986773183,1.179936161255));
#5688 = CARTESIAN_POINT('',(0.970883136094,1.166974772993));
#5689 = CARTESIAN_POINT('',(1.045639819769,1.153091737769));
#5690 = CARTESIAN_POINT('',(1.120272052035,1.138440489898));
#5691 = CARTESIAN_POINT('',(1.260584725412,1.10972194829));
#5692 = CARTESIAN_POINT('',(1.326288562882,1.095787744607));
#5693 = CARTESIAN_POINT('',(1.391927553477,1.081497245789));
#5694 = CARTESIAN_POINT('',(1.457522809735,1.066970829123));
#5695 = CARTESIAN_POINT('',(1.53263753985,1.050203111413));
#5696 = CARTESIAN_POINT('',(1.54217758173,1.048071041949));
#5697 = CARTESIAN_POINT('',(1.551717254123,1.045936997902));
#5698 = CARTESIAN_POINT('',(1.561256625889,1.043801359975));
#5699 = CARTESIAN_POINT('',(1.57079575963,1.041664499263));
#5700 = ( GEOMETRIC_REPRESENTATION_CONTEXT(2) 
PARAMETRIC_REPRESENTATION_CONTEXT() REPRESENTATION_CONTEXT('2D SPACE',''
  ) );
#5701 = ORIENTED_EDGE('',*,*,#3242,.T.);
#5702 = ORIENTED_EDGE('',*,*,#3165,.T.);
#5703 = ORIENTED_EDGE('',*,*,#2071,.F.);
#5704 = ADVANCED_FACE('',(#5705),#2059,.T.);
#5705 = FACE_BOUND('',#5706,.T.);
#5706 = EDGE_LOOP('',(#5707,#5730,#5731,#5732));
#5707 = ORIENTED_EDGE('',*,*,#5708,.F.);
#5708 = EDGE_CURVE('',#3194,#5709,#5711,.T.);
#5709 = VERTEX_POINT('',#5710);
#5710 = CARTESIAN_POINT('',(-18.4487153331,30.321527181977,-0.65));
#5711 = SURFACE_CURVE('',#5712,(#5716,#5723),.PCURVE_S1.);
#5712 = LINE('',#5713,#5714);
#5713 = CARTESIAN_POINT('',(-19.28949112186,21.267018687568,-0.65));
#5714 = VECTOR('',#5715,1.);
#5715 = DIRECTION('',(9.245938526191E-02,0.995716456667,0.));
#5716 = PCURVE('',#2059,#5717);
#5717 = DEFINITIONAL_REPRESENTATION('',(#5718),#5722);
#5718 = LINE('',#5719,#5720);
#5719 = CARTESIAN_POINT('',(0.,0.));
#5720 = VECTOR('',#5721,1.);
#5721 = DIRECTION('',(0.,1.));
#5722 = ( GEOMETRIC_REPRESENTATION_CONTEXT(2) 
PARAMETRIC_REPRESENTATION_CONTEXT() REPRESENTATION_CONTEXT('2D SPACE',''
  ) );
#5723 = PCURVE('',#3208,#5724);
#5724 = DEFINITIONAL_REPRESENTATION('',(#5725),#5729);
#5725 = LINE('',#5726,#5727);
#5726 = CARTESIAN_POINT('',(0.,-12.35));
#5727 = VECTOR('',#5728,1.);
#5728 = DIRECTION('',(1.,0.));
#5729 = ( GEOMETRIC_REPRESENTATION_CONTEXT(2) 
PARAMETRIC_REPRESENTATION_CONTEXT() REPRESENTATION_CONTEXT('2D SPACE',''
  ) );
#5730 = ORIENTED_EDGE('',*,*,#5624,.T.);
#5731 = ORIENTED_EDGE('',*,*,#2043,.T.);
#5732 = ORIENTED_EDGE('',*,*,#5733,.F.);
#5733 = EDGE_CURVE('',#5709,#2011,#5734,.T.);
#5734 = SURFACE_CURVE('',#5735,(#5740,#5746),.PCURVE_S1.);
#5735 = CIRCLE('',#5736,0.65);
#5736 = AXIS2_PLACEMENT_3D('',#5737,#5738,#5739);
#5737 = CARTESIAN_POINT('',(-17.80149963626,30.261428581557,-0.65));
#5738 = DIRECTION('',(9.245938526191E-02,0.995716456667,0.));
#5739 = DIRECTION('',(-0.995716456667,9.245938526191E-02,0.));
#5740 = PCURVE('',#2059,#5741);
#5741 = DEFINITIONAL_REPRESENTATION('',(#5742),#5745);
#5742 = B_SPLINE_CURVE_WITH_KNOTS('',1,(#5743,#5744),.UNSPECIFIED.,.F.,
  .F.,(2,2),(0.,1.570796326795),.PIECEWISE_BEZIER_KNOTS.);
#5743 = CARTESIAN_POINT('',(0.,9.093460727484));
#5744 = CARTESIAN_POINT('',(1.570796326795,9.093460727484));
#5745 = ( GEOMETRIC_REPRESENTATION_CONTEXT(2) 
PARAMETRIC_REPRESENTATION_CONTEXT() REPRESENTATION_CONTEXT('2D SPACE',''
  ) );
#5746 = PCURVE('',#2031,#5747);
#5747 = DEFINITIONAL_REPRESENTATION('',(#5748),#5751);
#5748 = B_SPLINE_CURVE_WITH_KNOTS('',1,(#5749,#5750),.UNSPECIFIED.,.F.,
  .F.,(2,2),(0.,1.570796326795),.PIECEWISE_BEZIER_KNOTS.);
#5749 = CARTESIAN_POINT('',(5.96744875736E-16,0.));
#5750 = CARTESIAN_POINT('',(5.96744875736E-16,1.570796326795));
#5751 = ( GEOMETRIC_REPRESENTATION_CONTEXT(2) 
PARAMETRIC_REPRESENTATION_CONTEXT() REPRESENTATION_CONTEXT('2D SPACE',''
  ) );
#5752 = ADVANCED_FACE('',(#5753),#2031,.T.);
#5753 = FACE_BOUND('',#5754,.F.);
#5754 = EDGE_LOOP('',(#5755,#5756,#5780,#5800));
#5755 = ORIENTED_EDGE('',*,*,#5733,.F.);
#5756 = ORIENTED_EDGE('',*,*,#5757,.T.);
#5757 = EDGE_CURVE('',#5709,#5758,#5760,.T.);
#5758 = VERTEX_POINT('',#5759);
#5759 = CARTESIAN_POINT('',(-16.05210172423,31.380552887319,-0.65));
#5760 = SURFACE_CURVE('',#5761,(#5766,#5773),.PCURVE_S1.);
#5761 = CIRCLE('',#5762,1.5);
#5762 = AXIS2_PLACEMENT_3D('',#5763,#5764,#5765);
#5763 = CARTESIAN_POINT('',(-16.9551406481,30.182838104084,-0.65));
#5764 = DIRECTION('',(0.,0.,-1.));
#5765 = DIRECTION('',(-0.995716456667,9.245938526191E-02,0.));
#5766 = PCURVE('',#2031,#5767);
#5767 = DEFINITIONAL_REPRESENTATION('',(#5768),#5772);
#5768 = LINE('',#5769,#5770);
#5769 = CARTESIAN_POINT('',(-0.,0.));
#5770 = VECTOR('',#5771,1.);
#5771 = DIRECTION('',(-1.,0.));
#5772 = ( GEOMETRIC_REPRESENTATION_CONTEXT(2) 
PARAMETRIC_REPRESENTATION_CONTEXT() REPRESENTATION_CONTEXT('2D SPACE',''
  ) );
#5773 = PCURVE('',#3793,#5774);
#5774 = DEFINITIONAL_REPRESENTATION('',(#5775),#5779);
#5775 = LINE('',#5776,#5777);
#5776 = CARTESIAN_POINT('',(9.259162980755E-02,-12.35));
#5777 = VECTOR('',#5778,1.);
#5778 = DIRECTION('',(1.,0.));
#5779 = ( GEOMETRIC_REPRESENTATION_CONTEXT(2) 
PARAMETRIC_REPRESENTATION_CONTEXT() REPRESENTATION_CONTEXT('2D SPACE',''
  ) );
#5780 = ORIENTED_EDGE('',*,*,#5781,.T.);
#5781 = EDGE_CURVE('',#5758,#1983,#5782,.T.);
#5782 = SURFACE_CURVE('',#5783,(#5788,#5794),.PCURVE_S1.);
#5783 = CIRCLE('',#5784,0.65);
#5784 = AXIS2_PLACEMENT_3D('',#5785,#5786,#5787);
#5785 = CARTESIAN_POINT('',(-16.44341859124,30.861543147918,-0.65));
#5786 = DIRECTION('',(0.798476522157,-0.602025949245,0.));
#5787 = DIRECTION('',(0.602025949245,0.798476522157,0.));
#5788 = PCURVE('',#2031,#5789);
#5789 = DEFINITIONAL_REPRESENTATION('',(#5790),#5793);
#5790 = B_SPLINE_CURVE_WITH_KNOTS('',1,(#5791,#5792),.UNSPECIFIED.,.F.,
  .F.,(2,2),(0.,1.570796326795),.PIECEWISE_BEZIER_KNOTS.);
#5791 = CARTESIAN_POINT('',(-2.124240654597,0.));
#5792 = CARTESIAN_POINT('',(-2.124240654597,1.570796326795));
#5793 = ( GEOMETRIC_REPRESENTATION_CONTEXT(2) 
PARAMETRIC_REPRESENTATION_CONTEXT() REPRESENTATION_CONTEXT('2D SPACE',''
  ) );
#5794 = PCURVE('',#1998,#5795);
#5795 = DEFINITIONAL_REPRESENTATION('',(#5796),#5799);
#5796 = B_SPLINE_CURVE_WITH_KNOTS('',1,(#5797,#5798),.UNSPECIFIED.,.F.,
  .F.,(2,2),(0.,1.570796326795),.PIECEWISE_BEZIER_KNOTS.);
#5797 = CARTESIAN_POINT('',(0.,0.));
#5798 = CARTESIAN_POINT('',(1.570796326795,0.));
#5799 = ( GEOMETRIC_REPRESENTATION_CONTEXT(2) 
PARAMETRIC_REPRESENTATION_CONTEXT() REPRESENTATION_CONTEXT('2D SPACE',''
  ) );
#5800 = ORIENTED_EDGE('',*,*,#2010,.F.);
#5801 = ADVANCED_FACE('',(#5802),#1998,.T.);
#5802 = FACE_BOUND('',#5803,.T.);
#5803 = EDGE_LOOP('',(#5804,#5805,#5806,#5828));
#5804 = ORIENTED_EDGE('',*,*,#5781,.T.);
#5805 = ORIENTED_EDGE('',*,*,#1982,.T.);
#5806 = ORIENTED_EDGE('',*,*,#5807,.F.);
#5807 = EDGE_CURVE('',#5808,#1950,#5810,.T.);
#5808 = VERTEX_POINT('',#5809);
#5809 = CARTESIAN_POINT('',(-7.903044079266,25.236422123256,-0.65));
#5810 = SURFACE_CURVE('',#5811,(#5816,#5822),.PCURVE_S1.);
#5811 = CIRCLE('',#5812,0.65);
#5812 = AXIS2_PLACEMENT_3D('',#5813,#5814,#5815);
#5813 = CARTESIAN_POINT('',(-8.294360946275,24.717412383854,-0.65));
#5814 = DIRECTION('',(0.798476522157,-0.602025949245,0.));
#5815 = DIRECTION('',(0.602025949245,0.798476522157,0.));
#5816 = PCURVE('',#1998,#5817);
#5817 = DEFINITIONAL_REPRESENTATION('',(#5818),#5821);
#5818 = B_SPLINE_CURVE_WITH_KNOTS('',1,(#5819,#5820),.UNSPECIFIED.,.F.,
  .F.,(2,2),(0.,1.570796326795),.PIECEWISE_BEZIER_KNOTS.);
#5819 = CARTESIAN_POINT('',(0.,10.20575736273));
#5820 = CARTESIAN_POINT('',(1.570796326795,10.20575736273));
#5821 = ( GEOMETRIC_REPRESENTATION_CONTEXT(2) 
PARAMETRIC_REPRESENTATION_CONTEXT() REPRESENTATION_CONTEXT('2D SPACE',''
  ) );
#5822 = PCURVE('',#1970,#5823);
#5823 = DEFINITIONAL_REPRESENTATION('',(#5824),#5827);
#5824 = B_SPLINE_CURVE_WITH_KNOTS('',1,(#5825,#5826),.UNSPECIFIED.,.F.,
  .F.,(2,2),(0.,1.570796326795),.PIECEWISE_BEZIER_KNOTS.);
#5825 = CARTESIAN_POINT('',(0.,0.));
#5826 = CARTESIAN_POINT('',(0.,1.570796326795));
#5827 = ( GEOMETRIC_REPRESENTATION_CONTEXT(2) 
PARAMETRIC_REPRESENTATION_CONTEXT() REPRESENTATION_CONTEXT('2D SPACE',''
  ) );
#5828 = ORIENTED_EDGE('',*,*,#5829,.F.);
#5829 = EDGE_CURVE('',#5758,#5808,#5830,.T.);
#5830 = SURFACE_CURVE('',#5831,(#5835,#5842),.PCURVE_S1.);
#5831 = LINE('',#5832,#5833);
#5832 = CARTESIAN_POINT('',(-16.05210172423,31.380552887319,-0.65));
#5833 = VECTOR('',#5834,1.);
#5834 = DIRECTION('',(0.798476522157,-0.602025949245,0.));
#5835 = PCURVE('',#1998,#5836);
#5836 = DEFINITIONAL_REPRESENTATION('',(#5837),#5841);
#5837 = LINE('',#5838,#5839);
#5838 = CARTESIAN_POINT('',(0.,0.));
#5839 = VECTOR('',#5840,1.);
#5840 = DIRECTION('',(0.,1.));
#5841 = ( GEOMETRIC_REPRESENTATION_CONTEXT(2) 
PARAMETRIC_REPRESENTATION_CONTEXT() REPRESENTATION_CONTEXT('2D SPACE',''
  ) );
#5842 = PCURVE('',#3867,#5843);
#5843 = DEFINITIONAL_REPRESENTATION('',(#5844),#5848);
#5844 = LINE('',#5845,#5846);
#5845 = CARTESIAN_POINT('',(0.,-12.35));
#5846 = VECTOR('',#5847,1.);
#5847 = DIRECTION('',(1.,0.));
#5848 = ( GEOMETRIC_REPRESENTATION_CONTEXT(2) 
PARAMETRIC_REPRESENTATION_CONTEXT() REPRESENTATION_CONTEXT('2D SPACE',''
  ) );
#5849 = ADVANCED_FACE('',(#5850),#1758,.T.);
#5850 = FACE_BOUND('',#5851,.F.);
#5851 = EDGE_LOOP('',(#5852,#5853,#5854,#5874));
#5852 = ORIENTED_EDGE('',*,*,#2325,.T.);
#5853 = ORIENTED_EDGE('',*,*,#1742,.T.);
#5854 = ORIENTED_EDGE('',*,*,#5855,.F.);
#5855 = EDGE_CURVE('',#2351,#1743,#5856,.T.);
#5856 = SURFACE_CURVE('',#5857,(#5862,#5868),.PCURVE_S1.);
#5857 = CIRCLE('',#5858,0.65);
#5858 = AXIS2_PLACEMENT_3D('',#5859,#5860,#5861);
#5859 = CARTESIAN_POINT('',(20.55,17.2,-0.65));
#5860 = DIRECTION('',(0.,-1.,-0.));
#5861 = DIRECTION('',(1.,0.,-0.));
#5862 = PCURVE('',#1758,#5863);
#5863 = DEFINITIONAL_REPRESENTATION('',(#5864),#5867);
#5864 = B_SPLINE_CURVE_WITH_KNOTS('',1,(#5865,#5866),.UNSPECIFIED.,.F.,
  .F.,(2,2),(0.,1.570796326795),.PIECEWISE_BEZIER_KNOTS.);
#5865 = CARTESIAN_POINT('',(0.,34.4));
#5866 = CARTESIAN_POINT('',(-1.570796326795,34.4));
#5867 = ( GEOMETRIC_REPRESENTATION_CONTEXT(2) 
PARAMETRIC_REPRESENTATION_CONTEXT() REPRESENTATION_CONTEXT('2D SPACE',''
  ) );
#5868 = PCURVE('',#1787,#5869);
#5869 = DEFINITIONAL_REPRESENTATION('',(#5870),#5873);
#5870 = B_SPLINE_CURVE_WITH_KNOTS('',1,(#5871,#5872),.UNSPECIFIED.,.F.,
  .F.,(2,2),(0.,1.570796326795),.PIECEWISE_BEZIER_KNOTS.);
#5871 = CARTESIAN_POINT('',(0.,0.));
#5872 = CARTESIAN_POINT('',(0.,1.570796326795));
#5873 = ( GEOMETRIC_REPRESENTATION_CONTEXT(2) 
PARAMETRIC_REPRESENTATION_CONTEXT() REPRESENTATION_CONTEXT('2D SPACE',''
  ) );
#5874 = ORIENTED_EDGE('',*,*,#2350,.F.);
#5875 = ADVANCED_FACE('',(#5876),#1970,.T.);
#5876 = FACE_BOUND('',#5877,.F.);
#5877 = EDGE_LOOP('',(#5878,#5879,#5903,#5969));
#5878 = ORIENTED_EDGE('',*,*,#5807,.F.);
#5879 = ORIENTED_EDGE('',*,*,#5880,.T.);
#5880 = EDGE_CURVE('',#5808,#5881,#5883,.T.);
#5881 = VERTEX_POINT('',#5882);
#5882 = CARTESIAN_POINT('',(-7.856662465185,25.2,-0.65));
#5883 = SURFACE_CURVE('',#5884,(#5889,#5896),.PCURVE_S1.);
#5884 = CIRCLE('',#5885,1.5);
#5885 = AXIS2_PLACEMENT_3D('',#5886,#5887,#5888);
#5886 = CARTESIAN_POINT('',(-8.806083003134,24.038707340021,-0.65));
#5887 = DIRECTION('',(0.,0.,-1.));
#5888 = DIRECTION('',(0.602025949245,0.798476522157,0.));
#5889 = PCURVE('',#1970,#5890);
#5890 = DEFINITIONAL_REPRESENTATION('',(#5891),#5895);
#5891 = LINE('',#5892,#5893);
#5892 = CARTESIAN_POINT('',(-0.,0.));
#5893 = VECTOR('',#5894,1.);
#5894 = DIRECTION('',(-1.,0.));
#5895 = ( GEOMETRIC_REPRESENTATION_CONTEXT(2) 
PARAMETRIC_REPRESENTATION_CONTEXT() REPRESENTATION_CONTEXT('2D SPACE',''
  ) );
#5896 = PCURVE('',#3926,#5897);
#5897 = DEFINITIONAL_REPRESENTATION('',(#5898),#5902);
#5898 = LINE('',#5899,#5900);
#5899 = CARTESIAN_POINT('',(2.216832284405,-12.35));
#5900 = VECTOR('',#5901,1.);
#5901 = DIRECTION('',(1.,0.));
#5902 = ( GEOMETRIC_REPRESENTATION_CONTEXT(2) 
PARAMETRIC_REPRESENTATION_CONTEXT() REPRESENTATION_CONTEXT('2D SPACE',''
  ) );
#5903 = ORIENTED_EDGE('',*,*,#5904,.T.);
#5904 = EDGE_CURVE('',#5881,#1922,#5905,.T.);
#5905 = SURFACE_CURVE('',#5906,(#5925,#5947),.PCURVE_S1.);
#5906 = B_SPLINE_CURVE_WITH_KNOTS('',5,(#5907,#5908,#5909,#5910,#5911,
    #5912,#5913,#5914,#5915,#5916,#5917,#5918,#5919,#5920,#5921,#5922,
    #5923,#5924),.UNSPECIFIED.,.F.,.F.,(6,4,4,4,6),(0.,0.223842393815,
    0.448608405313,0.821661129571,1.),.UNSPECIFIED.);
#5907 = CARTESIAN_POINT('',(-7.856662465185,25.2,-0.65));
#5908 = CARTESIAN_POINT('',(-7.856662465185,25.2,-0.603258107539));
#5909 = CARTESIAN_POINT('',(-7.858161394253,25.19579847186,
    -0.556515468959));
#5910 = CARTESIAN_POINT('',(-7.861159216296,25.187395031312,
    -0.510305234261));
#5911 = CARTESIAN_POINT('',(-7.865640278566,25.174901566751,
    -0.465155017219));
#5912 = CARTESIAN_POINT('',(-7.877531933573,25.142091943327,
    -0.377759833859));
#5913 = CARTESIAN_POINT('',(-7.88495470857,25.121743228551,
    -0.335526346555));
#5914 = CARTESIAN_POINT('',(-7.893811055341,25.097698753775,
    -0.295335579407));
#5915 = CARTESIAN_POINT('',(-7.904055823899,25.070271032754,
    -0.257621142485));
#5916 = CARTESIAN_POINT('',(-7.934842340605,24.98933413797,
    -0.164830729625));
#5917 = CARTESIAN_POINT('',(-7.957719629792,24.930553154473,
    -0.114712597629));
#5918 = CARTESIAN_POINT('',(-7.983994355326,24.865238418823,
    -7.399141677423E-02));
#5919 = CARTESIAN_POINT('',(-8.013319882791,24.795600878713,
    -4.359836439172E-02));
#5920 = CARTESIAN_POINT('',(-8.060522982767,24.689570113744,
    -1.416441664224E-02));
#5921 = CARTESIAN_POINT('',(-8.076386864802,24.65479529238,
    -7.039177525956E-03));
#5922 = CARTESIAN_POINT('',(-8.092799937547,24.619783352508,
    -2.325404661874E-03));
#5923 = CARTESIAN_POINT('',(-8.109708834713,24.584773417235,
    1.174621111488E-09));
#5924 = CARTESIAN_POINT('',(-8.127054420636,24.550000000002,0.));
#5925 = PCURVE('',#1970,#5926);
#5926 = DEFINITIONAL_REPRESENTATION('',(#5927),#5946);
#5927 = B_SPLINE_CURVE_WITH_KNOTS('',5,(#5928,#5929,#5930,#5931,#5932,
    #5933,#5934,#5935,#5936,#5937,#5938,#5939,#5940,#5941,#5942,#5943,
    #5944,#5945),.UNSPECIFIED.,.F.,.F.,(6,4,4,4,6),(0.,0.223842393815,
    0.448608405313,0.821661129571,1.),.UNSPECIFIED.);
#5928 = CARTESIAN_POINT('',(-3.9317924962E-02,0.));
#5929 = CARTESIAN_POINT('',(-3.9317924962E-02,7.191060378683E-02));
#5930 = CARTESIAN_POINT('',(-4.031720100742E-02,0.143822326735));
#5931 = CARTESIAN_POINT('',(-4.231579295829E-02,0.215689839906));
#5932 = CARTESIAN_POINT('',(-4.533103760248E-02,0.287475530008));
#5933 = CARTESIAN_POINT('',(-5.348421284367E-02,0.431092290446));
#5934 = CARTESIAN_POINT('',(-5.863096356964E-02,0.502924384525));
#5935 = CARTESIAN_POINT('',(-6.487637294854E-02,0.574589184226));
#5936 = CARTESIAN_POINT('',(-7.227738319311E-02,0.646051929993));
#5937 = CARTESIAN_POINT('',(-9.52551284154E-02,0.835481729363));
#5938 = CARTESIAN_POINT('',(-0.113005228613,0.95303109101));
#5939 = CARTESIAN_POINT('',(-0.134543991133,1.069739894438));
#5940 = CARTESIAN_POINT('',(-0.160454275208,1.185478446403));
#5941 = CARTESIAN_POINT('',(-0.206557171795,1.354771304943));
#5942 = CARTESIAN_POINT('',(-0.222675629973,1.40925306367));
#5943 = CARTESIAN_POINT('',(-0.240101121038,1.46343848997));
#5944 = CARTESIAN_POINT('',(-0.258950356102,1.517298180194));
#5945 = CARTESIAN_POINT('',(-0.279356931613,1.570796326795));
#5946 = ( GEOMETRIC_REPRESENTATION_CONTEXT(2) 
PARAMETRIC_REPRESENTATION_CONTEXT() REPRESENTATION_CONTEXT('2D SPACE',''
  ) );
#5947 = PCURVE('',#1937,#5948);
#5948 = DEFINITIONAL_REPRESENTATION('',(#5949),#5968);
#5949 = B_SPLINE_CURVE_WITH_KNOTS('',5,(#5950,#5951,#5952,#5953,#5954,
    #5955,#5956,#5957,#5958,#5959,#5960,#5961,#5962,#5963,#5964,#5965,
    #5966,#5967),.UNSPECIFIED.,.F.,.F.,(6,4,4,4,6),(0.,0.223842393815,
    0.448608405313,0.821661129571,1.),.UNSPECIFIED.);
#5950 = CARTESIAN_POINT('',(0.,21.056662465185));
#5951 = CARTESIAN_POINT('',(-7.191060378683E-02,21.056662465185));
#5952 = CARTESIAN_POINT('',(-0.143822326735,21.058161394253));
#5953 = CARTESIAN_POINT('',(-0.215689839906,21.061159216296));
#5954 = CARTESIAN_POINT('',(-0.287475530008,21.065640278566));
#5955 = CARTESIAN_POINT('',(-0.431092290446,21.077531933573));
#5956 = CARTESIAN_POINT('',(-0.502924384525,21.08495470857));
#5957 = CARTESIAN_POINT('',(-0.574589184226,21.093811055341));
#5958 = CARTESIAN_POINT('',(-0.646051929993,21.104055823899));
#5959 = CARTESIAN_POINT('',(-0.835481729363,21.134842340605));
#5960 = CARTESIAN_POINT('',(-0.95303109101,21.157719629792));
#5961 = CARTESIAN_POINT('',(-1.069739894438,21.183994355326));
#5962 = CARTESIAN_POINT('',(-1.185478446403,21.213319882791));
#5963 = CARTESIAN_POINT('',(-1.354771304943,21.260522982767));
#5964 = CARTESIAN_POINT('',(-1.40925306367,21.276386864802));
#5965 = CARTESIAN_POINT('',(-1.46343848997,21.292799937547));
#5966 = CARTESIAN_POINT('',(-1.517298180194,21.309708834713));
#5967 = CARTESIAN_POINT('',(-1.570796326795,21.327054420636));
#5968 = ( GEOMETRIC_REPRESENTATION_CONTEXT(2) 
PARAMETRIC_REPRESENTATION_CONTEXT() REPRESENTATION_CONTEXT('2D SPACE',''
  ) );
#5969 = ORIENTED_EDGE('',*,*,#1949,.F.);
#5970 = ADVANCED_FACE('',(#5971),#1787,.T.);
#5971 = FACE_BOUND('',#5972,.T.);
#5972 = EDGE_LOOP('',(#5973,#5974,#5975,#5999));
#5973 = ORIENTED_EDGE('',*,*,#1770,.F.);
#5974 = ORIENTED_EDGE('',*,*,#5855,.F.);
#5975 = ORIENTED_EDGE('',*,*,#5976,.T.);
#5976 = EDGE_CURVE('',#2351,#5977,#5979,.T.);
#5977 = VERTEX_POINT('',#5978);
#5978 = CARTESIAN_POINT('',(19.172956179011,22.522010379886,-0.65));
#5979 = SURFACE_CURVE('',#5980,(#5985,#5992),.PCURVE_S1.);
#5980 = CIRCLE('',#5981,8.);
#5981 = AXIS2_PLACEMENT_3D('',#5982,#5983,#5984);
#5982 = CARTESIAN_POINT('',(13.2,17.2,-0.65));
#5983 = DIRECTION('',(0.,0.,1.));
#5984 = DIRECTION('',(1.,0.,-0.));
#5985 = PCURVE('',#1787,#5986);
#5986 = DEFINITIONAL_REPRESENTATION('',(#5987),#5991);
#5987 = LINE('',#5988,#5989);
#5988 = CARTESIAN_POINT('',(0.,0.));
#5989 = VECTOR('',#5990,1.);
#5990 = DIRECTION('',(1.,0.));
#5991 = ( GEOMETRIC_REPRESENTATION_CONTEXT(2) 
PARAMETRIC_REPRESENTATION_CONTEXT() REPRESENTATION_CONTEXT('2D SPACE',''
  ) );
#5992 = PCURVE('',#2389,#5993);
#5993 = DEFINITIONAL_REPRESENTATION('',(#5994),#5998);
#5994 = LINE('',#5995,#5996);
#5995 = CARTESIAN_POINT('',(0.,12.35));
#5996 = VECTOR('',#5997,1.);
#5997 = DIRECTION('',(1.,0.));
#5998 = ( GEOMETRIC_REPRESENTATION_CONTEXT(2) 
PARAMETRIC_REPRESENTATION_CONTEXT() REPRESENTATION_CONTEXT('2D SPACE',''
  ) );
#5999 = ORIENTED_EDGE('',*,*,#6000,.T.);
#6000 = EDGE_CURVE('',#5977,#1771,#6001,.T.);
#6001 = SURFACE_CURVE('',#6002,(#6025,#6051),.PCURVE_S1.);
#6002 = B_SPLINE_CURVE_WITH_KNOTS('',5,(#6003,#6004,#6005,#6006,#6007,
    #6008,#6009,#6010,#6011,#6012,#6013,#6014,#6015,#6016,#6017,#6018,
    #6019,#6020,#6021,#6022,#6023,#6024),.UNSPECIFIED.,.F.,.F.,(6,4,4,4,
    4,6),(0.,0.259322026386,0.519436557629,0.758393464192,0.969313024258
    ,1.),.UNSPECIFIED.);
#6003 = CARTESIAN_POINT('',(19.17295617901,22.522010379887,-0.65));
#6004 = CARTESIAN_POINT('',(19.17295617901,22.522010379887,
    -0.596518357178));
#6005 = CARTESIAN_POINT('',(19.167646404019,22.51970123296,
    -0.543034947171));
#6006 = CARTESIAN_POINT('',(19.157026051224,22.515082725447,
    -0.490338241742));
#6007 = CARTESIAN_POINT('',(19.141272146212,22.508224231675,
    -0.439202882178));
#6008 = CARTESIAN_POINT('',(19.1000895664,22.490259891697,
    -0.341295116515));
#6009 = CARTESIAN_POINT('',(19.074630275889,22.479140621436,
    -0.294533818683));
#6010 = CARTESIAN_POINT('',(19.044663559179,22.466028705659,
    -0.250740809706));
#6011 = CARTESIAN_POINT('',(19.010659781286,22.451111731525,
    -0.210516790548));
#6012 = CARTESIAN_POINT('',(18.938734196391,22.419460614082,
    -0.141093501896));
#6013 = CARTESIAN_POINT('',(18.901355072057,22.402972547618,
    -0.111262717725));
#6014 = CARTESIAN_POINT('',(18.861463207464,22.385325543412,
    -8.520674191634E-02));
#6015 = CARTESIAN_POINT('',(18.819539191408,22.36671832195,
    -6.319582064946E-02));
#6016 = CARTESIAN_POINT('',(18.737725865264,22.330279282298,
    -2.970610203958E-02));
#6017 = CARTESIAN_POINT('',(18.698174710354,22.312612526834,
    -1.729446572118E-02));
#6018 = CARTESIAN_POINT('',(18.657773377575,22.294508998376,
    -8.294382823341E-03));
#6019 = CARTESIAN_POINT('',(18.616876379351,22.27612251108,
    -2.771634132569E-03));
#6020 = CARTESIAN_POINT('',(18.569866574728,22.25491746298,
    -4.436204136028E-04));
#6021 = CARTESIAN_POINT('',(18.56389275128,22.252221509303,
    -2.218183793928E-04));
#6022 = CARTESIAN_POINT('',(18.557917008534,22.249523394155,
    -7.39405771512E-05));
#6023 = CARTESIAN_POINT('',(18.551940437171,22.246823601282,
    -3.501277134887E-09));
#6024 = CARTESIAN_POINT('',(18.545964132735,22.24412260561,
    -1.043609643148E-13));
#6025 = PCURVE('',#1787,#6026);
#6026 = DEFINITIONAL_REPRESENTATION('',(#6027),#6050);
#6027 = B_SPLINE_CURVE_WITH_KNOTS('',5,(#6028,#6029,#6030,#6031,#6032,
    #6033,#6034,#6035,#6036,#6037,#6038,#6039,#6040,#6041,#6042,#6043,
    #6044,#6045,#6046,#6047,#6048,#6049),.UNSPECIFIED.,.F.,.F.,(6,4,4,4,
    4,6),(0.,0.259322026386,0.519436557629,0.758393464192,0.969313024258
    ,1.),.UNSPECIFIED.);
#6028 = CARTESIAN_POINT('',(0.727830347937,0.));
#6029 = CARTESIAN_POINT('',(0.727830347937,8.227945049554E-02));
#6030 = CARTESIAN_POINT('',(0.728056391686,0.164561517643));
#6031 = CARTESIAN_POINT('',(0.728508469962,0.246794318931));
#6032 = CARTESIAN_POINT('',(0.729181640926,0.32894443148));
#6033 = CARTESIAN_POINT('',(0.730953588151,0.493253389829));
#6034 = CARTESIAN_POINT('',(0.73205370629,0.575415932999));
#6035 = CARTESIAN_POINT('',(0.733356891216,0.657425443742));
#6036 = CARTESIAN_POINT('',(0.73484904392,0.739272049194));
#6037 = CARTESIAN_POINT('',(0.738039775385,0.895986772982));
#6038 = CARTESIAN_POINT('',(0.739711732069,0.970883135893));
#6039 = CARTESIAN_POINT('',(0.741513902272,1.045639819568));
#6040 = CARTESIAN_POINT('',(0.743429655119,1.120272051834));
#6041 = CARTESIAN_POINT('',(0.747214047738,1.260584725211));
#6042 = CARTESIAN_POINT('',(0.749061853765,1.326288562681));
#6043 = CARTESIAN_POINT('',(0.750970007206,1.391927553277));
#6044 = CARTESIAN_POINT('',(0.752923793084,1.457522809534));
#6045 = CARTESIAN_POINT('',(0.755195535957,1.532637539704));
#6046 = CARTESIAN_POINT('',(0.755484697455,1.542177584109));
#6047 = CARTESIAN_POINT('',(0.755774432514,1.551717253542));
#6048 = CARTESIAN_POINT('',(0.756064690049,1.561256620918));
#6049 = CARTESIAN_POINT('',(0.75635541678,1.570795764898));
#6050 = ( GEOMETRIC_REPRESENTATION_CONTEXT(2) 
PARAMETRIC_REPRESENTATION_CONTEXT() REPRESENTATION_CONTEXT('2D SPACE',''
  ) );
#6051 = PCURVE('',#1815,#6052);
#6052 = DEFINITIONAL_REPRESENTATION('',(#6053),#6076);
#6053 = B_SPLINE_CURVE_WITH_KNOTS('',5,(#6054,#6055,#6056,#6057,#6058,
    #6059,#6060,#6061,#6062,#6063,#6064,#6065,#6066,#6067,#6068,#6069,
    #6070,#6071,#6072,#6073,#6074,#6075),.UNSPECIFIED.,.F.,.F.,(6,4,4,4,
    4,6),(0.,0.259322026386,0.519436557629,0.758393464192,0.969313024258
    ,1.),.UNSPECIFIED.);
#6054 = CARTESIAN_POINT('',(2.6645352591E-15,7.833070097285));
#6055 = CARTESIAN_POINT('',(8.227945049554E-02,7.833070097285));
#6056 = CARTESIAN_POINT('',(0.164561517643,7.834878414349));
#6057 = CARTESIAN_POINT('',(0.246794318931,7.838495186995));
#6058 = CARTESIAN_POINT('',(0.32894443148,7.843867705738));
#6059 = CARTESIAN_POINT('',(0.493253389829,7.857947378674));
#6060 = CARTESIAN_POINT('',(0.575415932999,7.86666506871));
#6061 = CARTESIAN_POINT('',(0.657425443742,7.876950114822));
#6062 = CARTESIAN_POINT('',(0.739272049194,7.88865922305));
#6063 = CARTESIAN_POINT('',(0.895986772982,7.913524566196));
#6064 = CARTESIAN_POINT('',(0.970883135893,7.926485954455));
#6065 = CARTESIAN_POINT('',(1.045639819568,7.940368989677));
#6066 = CARTESIAN_POINT('',(1.120272051834,7.955020237547));
#6067 = CARTESIAN_POINT('',(1.260584725211,7.983738779152));
#6068 = CARTESIAN_POINT('',(1.326288562681,7.997672982834));
#6069 = CARTESIAN_POINT('',(1.391927553277,8.011963481651));
#6070 = CARTESIAN_POINT('',(1.457522809534,8.026489898317));
#6071 = CARTESIAN_POINT('',(1.532637539704,8.043257616038));
#6072 = CARTESIAN_POINT('',(1.542177581687,8.045389685437));
#6073 = CARTESIAN_POINT('',(1.551717254075,8.047523729591));
#6074 = CARTESIAN_POINT('',(1.561256625808,8.04965936767));
#6075 = CARTESIAN_POINT('',(1.570795759805,8.051796228075));
#6076 = ( GEOMETRIC_REPRESENTATION_CONTEXT(2) 
PARAMETRIC_REPRESENTATION_CONTEXT() REPRESENTATION_CONTEXT('2D SPACE',''
  ) );
#6077 = ADVANCED_FACE('',(#6078),#1937,.T.);
#6078 = FACE_BOUND('',#6079,.F.);
#6079 = EDGE_LOOP('',(#6080,#6103,#6169,#6170));
#6080 = ORIENTED_EDGE('',*,*,#6081,.F.);
#6081 = EDGE_CURVE('',#6082,#5881,#6084,.T.);
#6082 = VERTEX_POINT('',#6083);
#6083 = CARTESIAN_POINT('',(7.856662465185,25.2,-0.65));
#6084 = SURFACE_CURVE('',#6085,(#6089,#6096),.PCURVE_S1.);
#6085 = LINE('',#6086,#6087);
#6086 = CARTESIAN_POINT('',(13.2,25.2,-0.65));
#6087 = VECTOR('',#6088,1.);
#6088 = DIRECTION('',(-1.,0.,0.));
#6089 = PCURVE('',#1937,#6090);
#6090 = DEFINITIONAL_REPRESENTATION('',(#6091),#6095);
#6091 = LINE('',#6092,#6093);
#6092 = CARTESIAN_POINT('',(-0.,0.));
#6093 = VECTOR('',#6094,1.);
#6094 = DIRECTION('',(-0.,1.));
#6095 = ( GEOMETRIC_REPRESENTATION_CONTEXT(2) 
PARAMETRIC_REPRESENTATION_CONTEXT() REPRESENTATION_CONTEXT('2D SPACE',''
  ) );
#6096 = PCURVE('',#4119,#6097);
#6097 = DEFINITIONAL_REPRESENTATION('',(#6098),#6102);
#6098 = LINE('',#6099,#6100);
#6099 = CARTESIAN_POINT('',(8.,-12.35));
#6100 = VECTOR('',#6101,1.);
#6101 = DIRECTION('',(1.,0.));
#6102 = ( GEOMETRIC_REPRESENTATION_CONTEXT(2) 
PARAMETRIC_REPRESENTATION_CONTEXT() REPRESENTATION_CONTEXT('2D SPACE',''
  ) );
#6103 = ORIENTED_EDGE('',*,*,#6104,.T.);
#6104 = EDGE_CURVE('',#6082,#1889,#6105,.T.);
#6105 = SURFACE_CURVE('',#6106,(#6125,#6147),.PCURVE_S1.);
#6106 = B_SPLINE_CURVE_WITH_KNOTS('',5,(#6107,#6108,#6109,#6110,#6111,
    #6112,#6113,#6114,#6115,#6116,#6117,#6118,#6119,#6120,#6121,#6122,
    #6123,#6124),.UNSPECIFIED.,.F.,.F.,(6,4,4,4,6),(0.,0.223842393753,
    0.44860840525,0.821661129505,1.),.UNSPECIFIED.);
#6107 = CARTESIAN_POINT('',(7.856662465185,25.2,-0.65));
#6108 = CARTESIAN_POINT('',(7.856662465185,25.2,-0.603258107552));
#6109 = CARTESIAN_POINT('',(7.858161394252,25.195798471863,
    -0.556515468986));
#6110 = CARTESIAN_POINT('',(7.861159216294,25.187395031319,-0.5103052343
    ));
#6111 = CARTESIAN_POINT('',(7.865640278561,25.174901566765,
    -0.465155017269));
#6112 = CARTESIAN_POINT('',(7.877531933563,25.142091943354,
    -0.377759833918));
#6113 = CARTESIAN_POINT('',(7.884954708558,25.121743228583,
    -0.335526346612));
#6114 = CARTESIAN_POINT('',(7.893811055328,25.097698753811,
    -0.295335579461));
#6115 = CARTESIAN_POINT('',(7.904055823884,25.070271032793,
    -0.257621142537));
#6116 = CARTESIAN_POINT('',(7.934842340587,24.989334138019,
    -0.164830729669));
#6117 = CARTESIAN_POINT('',(7.957719629771,24.930553154526,
    -0.114712597667));
#6118 = CARTESIAN_POINT('',(7.983994355302,24.865238418881,
    -7.39914168058E-02));
#6119 = CARTESIAN_POINT('',(8.013319882766,24.795600878774,
    -4.359836441629E-02));
#6120 = CARTESIAN_POINT('',(8.060522982744,24.689570113795,
    -1.416441665261E-02));
#6121 = CARTESIAN_POINT('',(8.076386864783,24.654795292417,
    -7.039177531089E-03));
#6122 = CARTESIAN_POINT('',(8.092799937535,24.619783352534,
    -2.325404663547E-03));
#6123 = CARTESIAN_POINT('',(8.109708834709,24.584773417249,
    1.174650332558E-09));
#6124 = CARTESIAN_POINT('',(8.127054420634,24.55,0.));
#6125 = PCURVE('',#1937,#6126);
#6126 = DEFINITIONAL_REPRESENTATION('',(#6127),#6146);
#6127 = B_SPLINE_CURVE_WITH_KNOTS('',5,(#6128,#6129,#6130,#6131,#6132,
    #6133,#6134,#6135,#6136,#6137,#6138,#6139,#6140,#6141,#6142,#6143,
    #6144,#6145),.UNSPECIFIED.,.F.,.F.,(6,4,4,4,6),(0.,0.223842393753,
    0.44860840525,0.821661129505,1.),.UNSPECIFIED.);
#6128 = CARTESIAN_POINT('',(0.,5.343337534815));
#6129 = CARTESIAN_POINT('',(-7.191060376678E-02,5.343337534815));
#6130 = CARTESIAN_POINT('',(-0.143822326695,5.341838605748));
#6131 = CARTESIAN_POINT('',(-0.215689839845,5.338840783706));
#6132 = CARTESIAN_POINT('',(-0.287475529928,5.334359721439));
#6133 = CARTESIAN_POINT('',(-0.431092290346,5.322468066437));
#6134 = CARTESIAN_POINT('',(-0.502924384425,5.315045291442));
#6135 = CARTESIAN_POINT('',(-0.574589184126,5.306188944672));
#6136 = CARTESIAN_POINT('',(-0.646051929893,5.295944176116));
#6137 = CARTESIAN_POINT('',(-0.835481729263,5.265157659413));
#6138 = CARTESIAN_POINT('',(-0.95303109091,5.242280370229));
#6139 = CARTESIAN_POINT('',(-1.069739894338,5.216005644698));
#6140 = CARTESIAN_POINT('',(-1.185478446303,5.186680117234));
#6141 = CARTESIAN_POINT('',(-1.354771304864,5.139477017256));
#6142 = CARTESIAN_POINT('',(-1.40925306361,5.123613135217));
#6143 = CARTESIAN_POINT('',(-1.463438489931,5.107200062465));
#6144 = CARTESIAN_POINT('',(-1.517298180176,5.090291165291));
#6145 = CARTESIAN_POINT('',(-1.570796326795,5.072945579366));
#6146 = ( GEOMETRIC_REPRESENTATION_CONTEXT(2) 
PARAMETRIC_REPRESENTATION_CONTEXT() REPRESENTATION_CONTEXT('2D SPACE',''
  ) );
#6147 = PCURVE('',#1909,#6148);
#6148 = DEFINITIONAL_REPRESENTATION('',(#6149),#6168);
#6149 = B_SPLINE_CURVE_WITH_KNOTS('',5,(#6150,#6151,#6152,#6153,#6154,
    #6155,#6156,#6157,#6158,#6159,#6160,#6161,#6162,#6163,#6164,#6165,
    #6166,#6167),.UNSPECIFIED.,.F.,.F.,(6,4,4,4,6),(0.,0.223842393753,
    0.44860840525,0.821661129505,1.),.UNSPECIFIED.);
#6150 = CARTESIAN_POINT('',(-2.143146008951,0.));
#6151 = CARTESIAN_POINT('',(-2.143146008951,7.191060376678E-02));
#6152 = CARTESIAN_POINT('',(-2.142146732906,0.143822326695));
#6153 = CARTESIAN_POINT('',(-2.140148140956,0.215689839845));
#6154 = CARTESIAN_POINT('',(-2.137132896314,0.287475529928));
#6155 = CARTESIAN_POINT('',(-2.128979721076,0.431092290346));
#6156 = CARTESIAN_POINT('',(-2.123832970351,0.502924384425));
#6157 = CARTESIAN_POINT('',(-2.117587560974,0.574589184126));
#6158 = CARTESIAN_POINT('',(-2.110186550731,0.646051929893));
#6159 = CARTESIAN_POINT('',(-2.087208805512,0.835481729263));
#6160 = CARTESIAN_POINT('',(-2.069458705318,0.95303109091));
#6161 = CARTESIAN_POINT('',(-2.0479199428,1.069739894338));
#6162 = CARTESIAN_POINT('',(-2.022009658728,1.185478446303));
#6163 = CARTESIAN_POINT('',(-1.975906762141,1.354771304864));
#6164 = CARTESIAN_POINT('',(-1.959788303957,1.40925306361));
#6165 = CARTESIAN_POINT('',(-1.942362812889,1.463438489931));
#6166 = CARTESIAN_POINT('',(-1.923513577822,1.517298180176));
#6167 = CARTESIAN_POINT('',(-1.903107002296,1.570796326795));
#6168 = ( GEOMETRIC_REPRESENTATION_CONTEXT(2) 
PARAMETRIC_REPRESENTATION_CONTEXT() REPRESENTATION_CONTEXT('2D SPACE',''
  ) );
#6169 = ORIENTED_EDGE('',*,*,#1921,.T.);
#6170 = ORIENTED_EDGE('',*,*,#5904,.F.);
#6171 = ADVANCED_FACE('',(#6172),#1815,.T.);
#6172 = FACE_BOUND('',#6173,.T.);
#6173 = EDGE_LOOP('',(#6174,#6197,#6217,#6218));
#6174 = ORIENTED_EDGE('',*,*,#6175,.F.);
#6175 = EDGE_CURVE('',#6176,#5977,#6178,.T.);
#6176 = VERTEX_POINT('',#6177);
#6177 = CARTESIAN_POINT('',(18.448715333102,30.321527181977,-0.65));
#6178 = SURFACE_CURVE('',#6179,(#6183,#6190),.PCURVE_S1.);
#6179 = LINE('',#6180,#6181);
#6180 = CARTESIAN_POINT('',(18.448715333102,30.321527181977,-0.65));
#6181 = VECTOR('',#6182,1.);
#6182 = DIRECTION('',(9.245938526191E-02,-0.995716456667,0.));
#6183 = PCURVE('',#1815,#6184);
#6184 = DEFINITIONAL_REPRESENTATION('',(#6185),#6189);
#6185 = LINE('',#6186,#6187);
#6186 = CARTESIAN_POINT('',(0.,0.));
#6187 = VECTOR('',#6188,1.);
#6188 = DIRECTION('',(0.,1.));
#6189 = ( GEOMETRIC_REPRESENTATION_CONTEXT(2) 
PARAMETRIC_REPRESENTATION_CONTEXT() REPRESENTATION_CONTEXT('2D SPACE',''
  ) );
#6190 = PCURVE('',#4218,#6191);
#6191 = DEFINITIONAL_REPRESENTATION('',(#6192),#6196);
#6192 = LINE('',#6193,#6194);
#6193 = CARTESIAN_POINT('',(0.,-12.35));
#6194 = VECTOR('',#6195,1.);
#6195 = DIRECTION('',(1.,0.));
#6196 = ( GEOMETRIC_REPRESENTATION_CONTEXT(2) 
PARAMETRIC_REPRESENTATION_CONTEXT() REPRESENTATION_CONTEXT('2D SPACE',''
  ) );
#6197 = ORIENTED_EDGE('',*,*,#6198,.T.);
#6198 = EDGE_CURVE('',#6176,#1800,#6199,.T.);
#6199 = SURFACE_CURVE('',#6200,(#6205,#6211),.PCURVE_S1.);
#6200 = CIRCLE('',#6201,0.65);
#6201 = AXIS2_PLACEMENT_3D('',#6202,#6203,#6204);
#6202 = CARTESIAN_POINT('',(17.801499636269,30.261428581557,-0.65));
#6203 = DIRECTION('',(9.245938526191E-02,-0.995716456667,0.));
#6204 = DIRECTION('',(0.995716456667,9.245938526191E-02,0.));
#6205 = PCURVE('',#1815,#6206);
#6206 = DEFINITIONAL_REPRESENTATION('',(#6207),#6210);
#6207 = B_SPLINE_CURVE_WITH_KNOTS('',1,(#6208,#6209),.UNSPECIFIED.,.F.,
  .F.,(2,2),(0.,1.570796326795),.PIECEWISE_BEZIER_KNOTS.);
#6208 = CARTESIAN_POINT('',(0.,0.));
#6209 = CARTESIAN_POINT('',(1.570796326795,0.));
#6210 = ( GEOMETRIC_REPRESENTATION_CONTEXT(2) 
PARAMETRIC_REPRESENTATION_CONTEXT() REPRESENTATION_CONTEXT('2D SPACE',''
  ) );
#6211 = PCURVE('',#1848,#6212);
#6212 = DEFINITIONAL_REPRESENTATION('',(#6213),#6216);
#6213 = B_SPLINE_CURVE_WITH_KNOTS('',1,(#6214,#6215),.UNSPECIFIED.,.F.,
  .F.,(2,2),(0.,1.570796326795),.PIECEWISE_BEZIER_KNOTS.);
#6214 = CARTESIAN_POINT('',(-2.124240654597,0.));
#6215 = CARTESIAN_POINT('',(-2.124240654597,1.570796326795));
#6216 = ( GEOMETRIC_REPRESENTATION_CONTEXT(2) 
PARAMETRIC_REPRESENTATION_CONTEXT() REPRESENTATION_CONTEXT('2D SPACE',''
  ) );
#6217 = ORIENTED_EDGE('',*,*,#1799,.T.);
#6218 = ORIENTED_EDGE('',*,*,#6000,.F.);
#6219 = ADVANCED_FACE('',(#6220),#1909,.T.);
#6220 = FACE_BOUND('',#6221,.F.);
#6221 = EDGE_LOOP('',(#6222,#6223,#6247,#6267));
#6222 = ORIENTED_EDGE('',*,*,#6104,.F.);
#6223 = ORIENTED_EDGE('',*,*,#6224,.T.);
#6224 = EDGE_CURVE('',#6082,#6225,#6227,.T.);
#6225 = VERTEX_POINT('',#6226);
#6226 = CARTESIAN_POINT('',(7.903044079266,25.236422123256,-0.65));
#6227 = SURFACE_CURVE('',#6228,(#6233,#6240),.PCURVE_S1.);
#6228 = CIRCLE('',#6229,1.5);
#6229 = AXIS2_PLACEMENT_3D('',#6230,#6231,#6232);
#6230 = CARTESIAN_POINT('',(8.806083003134,24.038707340021,-0.65));
#6231 = DIRECTION('',(0.,0.,-1.));
#6232 = DIRECTION('',(-0.308002513919,-0.951385542995,-0.));
#6233 = PCURVE('',#1909,#6234);
#6234 = DEFINITIONAL_REPRESENTATION('',(#6235),#6239);
#6235 = LINE('',#6236,#6237);
#6236 = CARTESIAN_POINT('',(-0.,0.));
#6237 = VECTOR('',#6238,1.);
#6238 = DIRECTION('',(-1.,0.));
#6239 = ( GEOMETRIC_REPRESENTATION_CONTEXT(2) 
PARAMETRIC_REPRESENTATION_CONTEXT() REPRESENTATION_CONTEXT('2D SPACE',''
  ) );
#6240 = PCURVE('',#4273,#6241);
#6241 = DEFINITIONAL_REPRESENTATION('',(#6242),#6246);
#6242 = LINE('',#6243,#6244);
#6243 = CARTESIAN_POINT('',(5.025481742452,-12.35));
#6244 = VECTOR('',#6245,1.);
#6245 = DIRECTION('',(1.,0.));
#6246 = ( GEOMETRIC_REPRESENTATION_CONTEXT(2) 
PARAMETRIC_REPRESENTATION_CONTEXT() REPRESENTATION_CONTEXT('2D SPACE',''
  ) );
#6247 = ORIENTED_EDGE('',*,*,#6248,.T.);
#6248 = EDGE_CURVE('',#6225,#1861,#6249,.T.);
#6249 = SURFACE_CURVE('',#6250,(#6255,#6261),.PCURVE_S1.);
#6250 = CIRCLE('',#6251,0.65);
#6251 = AXIS2_PLACEMENT_3D('',#6252,#6253,#6254);
#6252 = CARTESIAN_POINT('',(8.294360946275,24.717412383854,-0.65));
#6253 = DIRECTION('',(0.798476522157,0.602025949245,0.));
#6254 = DIRECTION('',(-0.602025949245,0.798476522157,0.));
#6255 = PCURVE('',#1909,#6256);
#6256 = DEFINITIONAL_REPRESENTATION('',(#6257),#6260);
#6257 = B_SPLINE_CURVE_WITH_KNOTS('',1,(#6258,#6259),.UNSPECIFIED.,.F.,
  .F.,(2,2),(0.,1.570796326795),.PIECEWISE_BEZIER_KNOTS.);
#6258 = CARTESIAN_POINT('',(-2.182463933913,0.));
#6259 = CARTESIAN_POINT('',(-2.182463933913,1.570796326795));
#6260 = ( GEOMETRIC_REPRESENTATION_CONTEXT(2) 
PARAMETRIC_REPRESENTATION_CONTEXT() REPRESENTATION_CONTEXT('2D SPACE',''
  ) );
#6261 = PCURVE('',#1876,#6262);
#6262 = DEFINITIONAL_REPRESENTATION('',(#6263),#6266);
#6263 = B_SPLINE_CURVE_WITH_KNOTS('',1,(#6264,#6265),.UNSPECIFIED.,.F.,
  .F.,(2,2),(0.,1.570796326795),.PIECEWISE_BEZIER_KNOTS.);
#6264 = CARTESIAN_POINT('',(0.,0.));
#6265 = CARTESIAN_POINT('',(1.570796326795,0.));
#6266 = ( GEOMETRIC_REPRESENTATION_CONTEXT(2) 
PARAMETRIC_REPRESENTATION_CONTEXT() REPRESENTATION_CONTEXT('2D SPACE',''
  ) );
#6267 = ORIENTED_EDGE('',*,*,#1888,.F.);
#6268 = ADVANCED_FACE('',(#6269),#1848,.T.);
#6269 = FACE_BOUND('',#6270,.F.);
#6270 = EDGE_LOOP('',(#6271,#6293,#6315,#6316));
#6271 = ORIENTED_EDGE('',*,*,#6272,.F.);
#6272 = EDGE_CURVE('',#6273,#1828,#6275,.T.);
#6273 = VERTEX_POINT('',#6274);
#6274 = CARTESIAN_POINT('',(16.052101724234,31.380552887319,-0.65));
#6275 = SURFACE_CURVE('',#6276,(#6281,#6287),.PCURVE_S1.);
#6276 = CIRCLE('',#6277,0.65);
#6277 = AXIS2_PLACEMENT_3D('',#6278,#6279,#6280);
#6278 = CARTESIAN_POINT('',(16.443418591244,30.861543147918,-0.65));
#6279 = DIRECTION('',(0.798476522157,0.602025949245,0.));
#6280 = DIRECTION('',(-0.602025949245,0.798476522157,0.));
#6281 = PCURVE('',#1848,#6282);
#6282 = DEFINITIONAL_REPRESENTATION('',(#6283),#6286);
#6283 = B_SPLINE_CURVE_WITH_KNOTS('',1,(#6284,#6285),.UNSPECIFIED.,.F.,
  .F.,(2,2),(0.,1.570796326795),.PIECEWISE_BEZIER_KNOTS.);
#6284 = CARTESIAN_POINT('',(0.,0.));
#6285 = CARTESIAN_POINT('',(0.,1.570796326795));
#6286 = ( GEOMETRIC_REPRESENTATION_CONTEXT(2) 
PARAMETRIC_REPRESENTATION_CONTEXT() REPRESENTATION_CONTEXT('2D SPACE',''
  ) );
#6287 = PCURVE('',#1876,#6288);
#6288 = DEFINITIONAL_REPRESENTATION('',(#6289),#6292);
#6289 = B_SPLINE_CURVE_WITH_KNOTS('',1,(#6290,#6291),.UNSPECIFIED.,.F.,
  .F.,(2,2),(0.,1.570796326795),.PIECEWISE_BEZIER_KNOTS.);
#6290 = CARTESIAN_POINT('',(0.,10.20575736273));
#6291 = CARTESIAN_POINT('',(1.570796326795,10.20575736273));
#6292 = ( GEOMETRIC_REPRESENTATION_CONTEXT(2) 
PARAMETRIC_REPRESENTATION_CONTEXT() REPRESENTATION_CONTEXT('2D SPACE',''
  ) );
#6293 = ORIENTED_EDGE('',*,*,#6294,.T.);
#6294 = EDGE_CURVE('',#6273,#6176,#6295,.T.);
#6295 = SURFACE_CURVE('',#6296,(#6301,#6308),.PCURVE_S1.);
#6296 = CIRCLE('',#6297,1.5);
#6297 = AXIS2_PLACEMENT_3D('',#6298,#6299,#6300);
#6298 = CARTESIAN_POINT('',(16.955140648102,30.182838104084,-0.65));
#6299 = DIRECTION('',(0.,0.,-1.));
#6300 = DIRECTION('',(-0.602025949245,0.798476522157,0.));
#6301 = PCURVE('',#1848,#6302);
#6302 = DEFINITIONAL_REPRESENTATION('',(#6303),#6307);
#6303 = LINE('',#6304,#6305);
#6304 = CARTESIAN_POINT('',(-0.,0.));
#6305 = VECTOR('',#6306,1.);
#6306 = DIRECTION('',(-1.,0.));
#6307 = ( GEOMETRIC_REPRESENTATION_CONTEXT(2) 
PARAMETRIC_REPRESENTATION_CONTEXT() REPRESENTATION_CONTEXT('2D SPACE',''
  ) );
#6308 = PCURVE('',#4346,#6309);
#6309 = DEFINITIONAL_REPRESENTATION('',(#6310),#6314);
#6310 = LINE('',#6311,#6312);
#6311 = CARTESIAN_POINT('',(0.924760369185,-12.35));
#6312 = VECTOR('',#6313,1.);
#6313 = DIRECTION('',(1.,0.));
#6314 = ( GEOMETRIC_REPRESENTATION_CONTEXT(2) 
PARAMETRIC_REPRESENTATION_CONTEXT() REPRESENTATION_CONTEXT('2D SPACE',''
  ) );
#6315 = ORIENTED_EDGE('',*,*,#6198,.T.);
#6316 = ORIENTED_EDGE('',*,*,#1827,.F.);
#6317 = ADVANCED_FACE('',(#6318),#1876,.T.);
#6318 = FACE_BOUND('',#6319,.T.);
#6319 = EDGE_LOOP('',(#6320,#6321,#6322,#6323));
#6320 = ORIENTED_EDGE('',*,*,#6248,.T.);
#6321 = ORIENTED_EDGE('',*,*,#1860,.T.);
#6322 = ORIENTED_EDGE('',*,*,#6272,.F.);
#6323 = ORIENTED_EDGE('',*,*,#6324,.F.);
#6324 = EDGE_CURVE('',#6225,#6273,#6325,.T.);
#6325 = SURFACE_CURVE('',#6326,(#6330,#6337),.PCURVE_S1.);
#6326 = LINE('',#6327,#6328);
#6327 = CARTESIAN_POINT('',(7.903044079266,25.236422123256,-0.65));
#6328 = VECTOR('',#6329,1.);
#6329 = DIRECTION('',(0.798476522157,0.602025949245,0.));
#6330 = PCURVE('',#1876,#6331);
#6331 = DEFINITIONAL_REPRESENTATION('',(#6332),#6336);
#6332 = LINE('',#6333,#6334);
#6333 = CARTESIAN_POINT('',(0.,0.));
#6334 = VECTOR('',#6335,1.);
#6335 = DIRECTION('',(0.,1.));
#6336 = ( GEOMETRIC_REPRESENTATION_CONTEXT(2) 
PARAMETRIC_REPRESENTATION_CONTEXT() REPRESENTATION_CONTEXT('2D SPACE',''
  ) );
#6337 = PCURVE('',#4380,#6338);
#6338 = DEFINITIONAL_REPRESENTATION('',(#6339),#6343);
#6339 = LINE('',#6340,#6341);
#6340 = CARTESIAN_POINT('',(0.,-12.35));
#6341 = VECTOR('',#6342,1.);
#6342 = DIRECTION('',(1.,0.));
#6343 = ( GEOMETRIC_REPRESENTATION_CONTEXT(2) 
PARAMETRIC_REPRESENTATION_CONTEXT() REPRESENTATION_CONTEXT('2D SPACE',''
  ) );
#6344 = ADVANCED_FACE('',(#6345),#2119,.F.);
#6345 = FACE_BOUND('',#6346,.F.);
#6346 = EDGE_LOOP('',(#6347,#6370,#6394,#6415));
#6347 = ORIENTED_EDGE('',*,*,#6348,.F.);
#6348 = EDGE_CURVE('',#6349,#2101,#6351,.T.);
#6349 = VERTEX_POINT('',#6350);
#6350 = CARTESIAN_POINT('',(11.565,-19.865,-0.8));
#6351 = SURFACE_CURVE('',#6352,(#6356,#6363),.PCURVE_S1.);
#6352 = LINE('',#6353,#6354);
#6353 = CARTESIAN_POINT('',(11.565,-19.865,-1.));
#6354 = VECTOR('',#6355,1.);
#6355 = DIRECTION('',(0.,0.,1.));
#6356 = PCURVE('',#2119,#6357);
#6357 = DEFINITIONAL_REPRESENTATION('',(#6358),#6362);
#6358 = LINE('',#6359,#6360);
#6359 = CARTESIAN_POINT('',(0.,0.));
#6360 = VECTOR('',#6361,1.);
#6361 = DIRECTION('',(0.,1.));
#6362 = ( GEOMETRIC_REPRESENTATION_CONTEXT(2) 
PARAMETRIC_REPRESENTATION_CONTEXT() REPRESENTATION_CONTEXT('2D SPACE',''
  ) );
#6363 = PCURVE('',#2146,#6364);
#6364 = DEFINITIONAL_REPRESENTATION('',(#6365),#6369);
#6365 = LINE('',#6366,#6367);
#6366 = CARTESIAN_POINT('',(27.43,0.));
#6367 = VECTOR('',#6368,1.);
#6368 = DIRECTION('',(0.,-1.));
#6369 = ( GEOMETRIC_REPRESENTATION_CONTEXT(2) 
PARAMETRIC_REPRESENTATION_CONTEXT() REPRESENTATION_CONTEXT('2D SPACE',''
  ) );
#6370 = ORIENTED_EDGE('',*,*,#6371,.T.);
#6371 = EDGE_CURVE('',#6349,#6372,#6374,.T.);
#6372 = VERTEX_POINT('',#6373);
#6373 = CARTESIAN_POINT('',(15.865,-15.565,-0.8));
#6374 = SURFACE_CURVE('',#6375,(#6380,#6387),.PCURVE_S1.);
#6375 = CIRCLE('',#6376,4.3);
#6376 = AXIS2_PLACEMENT_3D('',#6377,#6378,#6379);
#6377 = CARTESIAN_POINT('',(11.565,-15.565,-0.8));
#6378 = DIRECTION('',(0.,0.,1.));
#6379 = DIRECTION('',(0.,-1.,0.));
#6380 = PCURVE('',#2119,#6381);
#6381 = DEFINITIONAL_REPRESENTATION('',(#6382),#6386);
#6382 = LINE('',#6383,#6384);
#6383 = CARTESIAN_POINT('',(0.,0.2));
#6384 = VECTOR('',#6385,1.);
#6385 = DIRECTION('',(1.,0.));
#6386 = ( GEOMETRIC_REPRESENTATION_CONTEXT(2) 
PARAMETRIC_REPRESENTATION_CONTEXT() REPRESENTATION_CONTEXT('2D SPACE',''
  ) );
#6387 = PCURVE('',#4622,#6388);
#6388 = DEFINITIONAL_REPRESENTATION('',(#6389),#6393);
#6389 = CIRCLE('',#6390,4.3);
#6390 = AXIS2_PLACEMENT_2D('',#6391,#6392);
#6391 = CARTESIAN_POINT('',(11.565,-15.565));
#6392 = DIRECTION('',(0.,-1.));
#6393 = ( GEOMETRIC_REPRESENTATION_CONTEXT(2) 
PARAMETRIC_REPRESENTATION_CONTEXT() REPRESENTATION_CONTEXT('2D SPACE',''
  ) );
#6394 = ORIENTED_EDGE('',*,*,#6395,.T.);
#6395 = EDGE_CURVE('',#6372,#2103,#6396,.T.);
#6396 = SURFACE_CURVE('',#6397,(#6401,#6408),.PCURVE_S1.);
#6397 = LINE('',#6398,#6399);
#6398 = CARTESIAN_POINT('',(15.865,-15.565,-1.));
#6399 = VECTOR('',#6400,1.);
#6400 = DIRECTION('',(0.,0.,1.));
#6401 = PCURVE('',#2119,#6402);
#6402 = DEFINITIONAL_REPRESENTATION('',(#6403),#6407);
#6403 = LINE('',#6404,#6405);
#6404 = CARTESIAN_POINT('',(1.570796326795,0.));
#6405 = VECTOR('',#6406,1.);
#6406 = DIRECTION('',(0.,1.));
#6407 = ( GEOMETRIC_REPRESENTATION_CONTEXT(2) 
PARAMETRIC_REPRESENTATION_CONTEXT() REPRESENTATION_CONTEXT('2D SPACE',''
  ) );
#6408 = PCURVE('',#2309,#6409);
#6409 = DEFINITIONAL_REPRESENTATION('',(#6410),#6414);
#6410 = LINE('',#6411,#6412);
#6411 = CARTESIAN_POINT('',(4.3,0.));
#6412 = VECTOR('',#6413,1.);
#6413 = DIRECTION('',(0.,-1.));
#6414 = ( GEOMETRIC_REPRESENTATION_CONTEXT(2) 
PARAMETRIC_REPRESENTATION_CONTEXT() REPRESENTATION_CONTEXT('2D SPACE',''
  ) );
#6415 = ORIENTED_EDGE('',*,*,#2100,.F.);
#6416 = ADVANCED_FACE('',(#6417),#2309,.T.);
#6417 = FACE_BOUND('',#6418,.T.);
#6418 = EDGE_LOOP('',(#6419,#6440,#6441,#6442));
#6419 = ORIENTED_EDGE('',*,*,#6420,.T.);
#6420 = EDGE_CURVE('',#6421,#6372,#6423,.T.);
#6421 = VERTEX_POINT('',#6422);
#6422 = CARTESIAN_POINT('',(15.865,15.565,-0.8));
#6423 = SURFACE_CURVE('',#6424,(#6428,#6434),.PCURVE_S1.);
#6424 = LINE('',#6425,#6426);
#6425 = CARTESIAN_POINT('',(15.865,-9.9325,-0.8));
#6426 = VECTOR('',#6427,1.);
#6427 = DIRECTION('',(0.,-1.,0.));
#6428 = PCURVE('',#2309,#6429);
#6429 = DEFINITIONAL_REPRESENTATION('',(#6430),#6433);
#6430 = B_SPLINE_CURVE_WITH_KNOTS('',1,(#6431,#6432),.UNSPECIFIED.,.F.,
  .F.,(2,2),(-25.4975,5.6325),.PIECEWISE_BEZIER_KNOTS.);
#6431 = CARTESIAN_POINT('',(35.43,-0.2));
#6432 = CARTESIAN_POINT('',(4.3,-0.2));
#6433 = ( GEOMETRIC_REPRESENTATION_CONTEXT(2) 
PARAMETRIC_REPRESENTATION_CONTEXT() REPRESENTATION_CONTEXT('2D SPACE',''
  ) );
#6434 = PCURVE('',#4622,#6435);
#6435 = DEFINITIONAL_REPRESENTATION('',(#6436),#6439);
#6436 = B_SPLINE_CURVE_WITH_KNOTS('',1,(#6437,#6438),.UNSPECIFIED.,.F.,
  .F.,(2,2),(-25.4975,5.6325),.PIECEWISE_BEZIER_KNOTS.);
#6437 = CARTESIAN_POINT('',(15.865,15.565));
#6438 = CARTESIAN_POINT('',(15.865,-15.565));
#6439 = ( GEOMETRIC_REPRESENTATION_CONTEXT(2) 
PARAMETRIC_REPRESENTATION_CONTEXT() REPRESENTATION_CONTEXT('2D SPACE',''
  ) );
#6440 = ORIENTED_EDGE('',*,*,#6395,.T.);
#6441 = ORIENTED_EDGE('',*,*,#2296,.F.);
#6442 = ORIENTED_EDGE('',*,*,#6443,.F.);
#6443 = EDGE_CURVE('',#6421,#2268,#6444,.T.);
#6444 = SURFACE_CURVE('',#6445,(#6449,#6456),.PCURVE_S1.);
#6445 = LINE('',#6446,#6447);
#6446 = CARTESIAN_POINT('',(15.865,15.565,-1.));
#6447 = VECTOR('',#6448,1.);
#6448 = DIRECTION('',(0.,0.,1.));
#6449 = PCURVE('',#2309,#6450);
#6450 = DEFINITIONAL_REPRESENTATION('',(#6451),#6455);
#6451 = LINE('',#6452,#6453);
#6452 = CARTESIAN_POINT('',(35.43,0.));
#6453 = VECTOR('',#6454,1.);
#6454 = DIRECTION('',(0.,-1.));
#6455 = ( GEOMETRIC_REPRESENTATION_CONTEXT(2) 
PARAMETRIC_REPRESENTATION_CONTEXT() REPRESENTATION_CONTEXT('2D SPACE',''
  ) );
#6456 = PCURVE('',#2284,#6457);
#6457 = DEFINITIONAL_REPRESENTATION('',(#6458),#6462);
#6458 = LINE('',#6459,#6460);
#6459 = CARTESIAN_POINT('',(0.,0.));
#6460 = VECTOR('',#6461,1.);
#6461 = DIRECTION('',(0.,1.));
#6462 = ( GEOMETRIC_REPRESENTATION_CONTEXT(2) 
PARAMETRIC_REPRESENTATION_CONTEXT() REPRESENTATION_CONTEXT('2D SPACE',''
  ) );
#6463 = ADVANCED_FACE('',(#6464),#2284,.F.);
#6464 = FACE_BOUND('',#6465,.F.);
#6465 = EDGE_LOOP('',(#6466,#6467,#6491,#6512));
#6466 = ORIENTED_EDGE('',*,*,#6443,.F.);
#6467 = ORIENTED_EDGE('',*,*,#6468,.T.);
#6468 = EDGE_CURVE('',#6421,#6469,#6471,.T.);
#6469 = VERTEX_POINT('',#6470);
#6470 = CARTESIAN_POINT('',(11.565,19.865,-0.8));
#6471 = SURFACE_CURVE('',#6472,(#6477,#6484),.PCURVE_S1.);
#6472 = CIRCLE('',#6473,4.3);
#6473 = AXIS2_PLACEMENT_3D('',#6474,#6475,#6476);
#6474 = CARTESIAN_POINT('',(11.565,15.565,-0.8));
#6475 = DIRECTION('',(0.,0.,1.));
#6476 = DIRECTION('',(1.,0.,-0.));
#6477 = PCURVE('',#2284,#6478);
#6478 = DEFINITIONAL_REPRESENTATION('',(#6479),#6483);
#6479 = LINE('',#6480,#6481);
#6480 = CARTESIAN_POINT('',(0.,0.2));
#6481 = VECTOR('',#6482,1.);
#6482 = DIRECTION('',(1.,0.));
#6483 = ( GEOMETRIC_REPRESENTATION_CONTEXT(2) 
PARAMETRIC_REPRESENTATION_CONTEXT() REPRESENTATION_CONTEXT('2D SPACE',''
  ) );
#6484 = PCURVE('',#4622,#6485);
#6485 = DEFINITIONAL_REPRESENTATION('',(#6486),#6490);
#6486 = CIRCLE('',#6487,4.3);
#6487 = AXIS2_PLACEMENT_2D('',#6488,#6489);
#6488 = CARTESIAN_POINT('',(11.565,15.565));
#6489 = DIRECTION('',(1.,0.));
#6490 = ( GEOMETRIC_REPRESENTATION_CONTEXT(2) 
PARAMETRIC_REPRESENTATION_CONTEXT() REPRESENTATION_CONTEXT('2D SPACE',''
  ) );
#6491 = ORIENTED_EDGE('',*,*,#6492,.T.);
#6492 = EDGE_CURVE('',#6469,#2242,#6493,.T.);
#6493 = SURFACE_CURVE('',#6494,(#6498,#6505),.PCURVE_S1.);
#6494 = LINE('',#6495,#6496);
#6495 = CARTESIAN_POINT('',(11.565,19.865,-1.));
#6496 = VECTOR('',#6497,1.);
#6497 = DIRECTION('',(0.,0.,1.));
#6498 = PCURVE('',#2284,#6499);
#6499 = DEFINITIONAL_REPRESENTATION('',(#6500),#6504);
#6500 = LINE('',#6501,#6502);
#6501 = CARTESIAN_POINT('',(1.570796326795,0.));
#6502 = VECTOR('',#6503,1.);
#6503 = DIRECTION('',(0.,1.));
#6504 = ( GEOMETRIC_REPRESENTATION_CONTEXT(2) 
PARAMETRIC_REPRESENTATION_CONTEXT() REPRESENTATION_CONTEXT('2D SPACE',''
  ) );
#6505 = PCURVE('',#2256,#6506);
#6506 = DEFINITIONAL_REPRESENTATION('',(#6507),#6511);
#6507 = LINE('',#6508,#6509);
#6508 = CARTESIAN_POINT('',(4.3,0.));
#6509 = VECTOR('',#6510,1.);
#6510 = DIRECTION('',(0.,-1.));
#6511 = ( GEOMETRIC_REPRESENTATION_CONTEXT(2) 
PARAMETRIC_REPRESENTATION_CONTEXT() REPRESENTATION_CONTEXT('2D SPACE',''
  ) );
#6512 = ORIENTED_EDGE('',*,*,#2267,.F.);
#6513 = ADVANCED_FACE('',(#6514),#2256,.T.);
#6514 = FACE_BOUND('',#6515,.T.);
#6515 = EDGE_LOOP('',(#6516,#6537,#6538,#6539));
#6516 = ORIENTED_EDGE('',*,*,#6517,.T.);
#6517 = EDGE_CURVE('',#6518,#6469,#6520,.T.);
#6518 = VERTEX_POINT('',#6519);
#6519 = CARTESIAN_POINT('',(-11.565,19.865,-0.8));
#6520 = SURFACE_CURVE('',#6521,(#6525,#6531),.PCURVE_S1.);
#6521 = LINE('',#6522,#6523);
#6522 = CARTESIAN_POINT('',(7.9325,19.865,-0.8));
#6523 = VECTOR('',#6524,1.);
#6524 = DIRECTION('',(1.,0.,-0.));
#6525 = PCURVE('',#2256,#6526);
#6526 = DEFINITIONAL_REPRESENTATION('',(#6527),#6530);
#6527 = B_SPLINE_CURVE_WITH_KNOTS('',1,(#6528,#6529),.UNSPECIFIED.,.F.,
  .F.,(2,2),(-19.4975,3.6325),.PIECEWISE_BEZIER_KNOTS.);
#6528 = CARTESIAN_POINT('',(27.43,-0.2));
#6529 = CARTESIAN_POINT('',(4.3,-0.2));
#6530 = ( GEOMETRIC_REPRESENTATION_CONTEXT(2) 
PARAMETRIC_REPRESENTATION_CONTEXT() REPRESENTATION_CONTEXT('2D SPACE',''
  ) );
#6531 = PCURVE('',#4622,#6532);
#6532 = DEFINITIONAL_REPRESENTATION('',(#6533),#6536);
#6533 = B_SPLINE_CURVE_WITH_KNOTS('',1,(#6534,#6535),.UNSPECIFIED.,.F.,
  .F.,(2,2),(-19.4975,3.6325),.PIECEWISE_BEZIER_KNOTS.);
#6534 = CARTESIAN_POINT('',(-11.565,19.865));
#6535 = CARTESIAN_POINT('',(11.565,19.865));
#6536 = ( GEOMETRIC_REPRESENTATION_CONTEXT(2) 
PARAMETRIC_REPRESENTATION_CONTEXT() REPRESENTATION_CONTEXT('2D SPACE',''
  ) );
#6537 = ORIENTED_EDGE('',*,*,#6492,.T.);
#6538 = ORIENTED_EDGE('',*,*,#2241,.F.);
#6539 = ORIENTED_EDGE('',*,*,#6540,.F.);
#6540 = EDGE_CURVE('',#6518,#2213,#6541,.T.);
#6541 = SURFACE_CURVE('',#6542,(#6546,#6553),.PCURVE_S1.);
#6542 = LINE('',#6543,#6544);
#6543 = CARTESIAN_POINT('',(-11.565,19.865,-1.));
#6544 = VECTOR('',#6545,1.);
#6545 = DIRECTION('',(0.,0.,1.));
#6546 = PCURVE('',#2256,#6547);
#6547 = DEFINITIONAL_REPRESENTATION('',(#6548),#6552);
#6548 = LINE('',#6549,#6550);
#6549 = CARTESIAN_POINT('',(27.43,0.));
#6550 = VECTOR('',#6551,1.);
#6551 = DIRECTION('',(0.,-1.));
#6552 = ( GEOMETRIC_REPRESENTATION_CONTEXT(2) 
PARAMETRIC_REPRESENTATION_CONTEXT() REPRESENTATION_CONTEXT('2D SPACE',''
  ) );
#6553 = PCURVE('',#2229,#6554);
#6554 = DEFINITIONAL_REPRESENTATION('',(#6555),#6559);
#6555 = LINE('',#6556,#6557);
#6556 = CARTESIAN_POINT('',(0.,0.));
#6557 = VECTOR('',#6558,1.);
#6558 = DIRECTION('',(0.,1.));
#6559 = ( GEOMETRIC_REPRESENTATION_CONTEXT(2) 
PARAMETRIC_REPRESENTATION_CONTEXT() REPRESENTATION_CONTEXT('2D SPACE',''
  ) );
#6560 = ADVANCED_FACE('',(#6561),#2229,.F.);
#6561 = FACE_BOUND('',#6562,.F.);
#6562 = EDGE_LOOP('',(#6563,#6564,#6588,#6609));
#6563 = ORIENTED_EDGE('',*,*,#6540,.F.);
#6564 = ORIENTED_EDGE('',*,*,#6565,.T.);
#6565 = EDGE_CURVE('',#6518,#6566,#6568,.T.);
#6566 = VERTEX_POINT('',#6567);
#6567 = CARTESIAN_POINT('',(-15.865,15.565,-0.8));
#6568 = SURFACE_CURVE('',#6569,(#6574,#6581),.PCURVE_S1.);
#6569 = CIRCLE('',#6570,4.3);
#6570 = AXIS2_PLACEMENT_3D('',#6571,#6572,#6573);
#6571 = CARTESIAN_POINT('',(-11.565,15.565,-0.8));
#6572 = DIRECTION('',(0.,0.,1.));
#6573 = DIRECTION('',(-0.,1.,0.));
#6574 = PCURVE('',#2229,#6575);
#6575 = DEFINITIONAL_REPRESENTATION('',(#6576),#6580);
#6576 = LINE('',#6577,#6578);
#6577 = CARTESIAN_POINT('',(0.,0.2));
#6578 = VECTOR('',#6579,1.);
#6579 = DIRECTION('',(1.,0.));
#6580 = ( GEOMETRIC_REPRESENTATION_CONTEXT(2) 
PARAMETRIC_REPRESENTATION_CONTEXT() REPRESENTATION_CONTEXT('2D SPACE',''
  ) );
#6581 = PCURVE('',#4622,#6582);
#6582 = DEFINITIONAL_REPRESENTATION('',(#6583),#6587);
#6583 = CIRCLE('',#6584,4.3);
#6584 = AXIS2_PLACEMENT_2D('',#6585,#6586);
#6585 = CARTESIAN_POINT('',(-11.565,15.565));
#6586 = DIRECTION('',(0.,1.));
#6587 = ( GEOMETRIC_REPRESENTATION_CONTEXT(2) 
PARAMETRIC_REPRESENTATION_CONTEXT() REPRESENTATION_CONTEXT('2D SPACE',''
  ) );
#6588 = ORIENTED_EDGE('',*,*,#6589,.T.);
#6589 = EDGE_CURVE('',#6566,#2187,#6590,.T.);
#6590 = SURFACE_CURVE('',#6591,(#6595,#6602),.PCURVE_S1.);
#6591 = LINE('',#6592,#6593);
#6592 = CARTESIAN_POINT('',(-15.865,15.565,-1.));
#6593 = VECTOR('',#6594,1.);
#6594 = DIRECTION('',(0.,0.,1.));
#6595 = PCURVE('',#2229,#6596);
#6596 = DEFINITIONAL_REPRESENTATION('',(#6597),#6601);
#6597 = LINE('',#6598,#6599);
#6598 = CARTESIAN_POINT('',(1.570796326795,0.));
#6599 = VECTOR('',#6600,1.);
#6600 = DIRECTION('',(0.,1.));
#6601 = ( GEOMETRIC_REPRESENTATION_CONTEXT(2) 
PARAMETRIC_REPRESENTATION_CONTEXT() REPRESENTATION_CONTEXT('2D SPACE',''
  ) );
#6602 = PCURVE('',#2201,#6603);
#6603 = DEFINITIONAL_REPRESENTATION('',(#6604),#6608);
#6604 = LINE('',#6605,#6606);
#6605 = CARTESIAN_POINT('',(4.3,0.));
#6606 = VECTOR('',#6607,1.);
#6607 = DIRECTION('',(0.,-1.));
#6608 = ( GEOMETRIC_REPRESENTATION_CONTEXT(2) 
PARAMETRIC_REPRESENTATION_CONTEXT() REPRESENTATION_CONTEXT('2D SPACE',''
  ) );
#6609 = ORIENTED_EDGE('',*,*,#2212,.F.);
#6610 = ADVANCED_FACE('',(#6611),#2201,.T.);
#6611 = FACE_BOUND('',#6612,.T.);
#6612 = EDGE_LOOP('',(#6613,#6634,#6635,#6636));
#6613 = ORIENTED_EDGE('',*,*,#6614,.T.);
#6614 = EDGE_CURVE('',#6615,#6566,#6617,.T.);
#6615 = VERTEX_POINT('',#6616);
#6616 = CARTESIAN_POINT('',(-15.865,-15.565,-0.8));
#6617 = SURFACE_CURVE('',#6618,(#6622,#6628),.PCURVE_S1.);
#6618 = LINE('',#6619,#6620);
#6619 = CARTESIAN_POINT('',(-15.865,9.9325,-0.8));
#6620 = VECTOR('',#6621,1.);
#6621 = DIRECTION('',(-0.,1.,0.));
#6622 = PCURVE('',#2201,#6623);
#6623 = DEFINITIONAL_REPRESENTATION('',(#6624),#6627);
#6624 = B_SPLINE_CURVE_WITH_KNOTS('',1,(#6625,#6626),.UNSPECIFIED.,.F.,
  .F.,(2,2),(-25.4975,5.6325),.PIECEWISE_BEZIER_KNOTS.);
#6625 = CARTESIAN_POINT('',(35.43,-0.2));
#6626 = CARTESIAN_POINT('',(4.3,-0.2));
#6627 = ( GEOMETRIC_REPRESENTATION_CONTEXT(2) 
PARAMETRIC_REPRESENTATION_CONTEXT() REPRESENTATION_CONTEXT('2D SPACE',''
  ) );
#6628 = PCURVE('',#4622,#6629);
#6629 = DEFINITIONAL_REPRESENTATION('',(#6630),#6633);
#6630 = B_SPLINE_CURVE_WITH_KNOTS('',1,(#6631,#6632),.UNSPECIFIED.,.F.,
  .F.,(2,2),(-25.4975,5.6325),.PIECEWISE_BEZIER_KNOTS.);
#6631 = CARTESIAN_POINT('',(-15.865,-15.565));
#6632 = CARTESIAN_POINT('',(-15.865,15.565));
#6633 = ( GEOMETRIC_REPRESENTATION_CONTEXT(2) 
PARAMETRIC_REPRESENTATION_CONTEXT() REPRESENTATION_CONTEXT('2D SPACE',''
  ) );
#6634 = ORIENTED_EDGE('',*,*,#6589,.T.);
#6635 = ORIENTED_EDGE('',*,*,#2186,.F.);
#6636 = ORIENTED_EDGE('',*,*,#6637,.F.);
#6637 = EDGE_CURVE('',#6615,#2158,#6638,.T.);
#6638 = SURFACE_CURVE('',#6639,(#6643,#6650),.PCURVE_S1.);
#6639 = LINE('',#6640,#6641);
#6640 = CARTESIAN_POINT('',(-15.865,-15.565,-1.));
#6641 = VECTOR('',#6642,1.);
#6642 = DIRECTION('',(0.,0.,1.));
#6643 = PCURVE('',#2201,#6644);
#6644 = DEFINITIONAL_REPRESENTATION('',(#6645),#6649);
#6645 = LINE('',#6646,#6647);
#6646 = CARTESIAN_POINT('',(35.43,0.));
#6647 = VECTOR('',#6648,1.);
#6648 = DIRECTION('',(0.,-1.));
#6649 = ( GEOMETRIC_REPRESENTATION_CONTEXT(2) 
PARAMETRIC_REPRESENTATION_CONTEXT() REPRESENTATION_CONTEXT('2D SPACE',''
  ) );
#6650 = PCURVE('',#2174,#6651);
#6651 = DEFINITIONAL_REPRESENTATION('',(#6652),#6656);
#6652 = LINE('',#6653,#6654);
#6653 = CARTESIAN_POINT('',(-1.570796326795,0.));
#6654 = VECTOR('',#6655,1.);
#6655 = DIRECTION('',(-0.,1.));
#6656 = ( GEOMETRIC_REPRESENTATION_CONTEXT(2) 
PARAMETRIC_REPRESENTATION_CONTEXT() REPRESENTATION_CONTEXT('2D SPACE',''
  ) );
#6657 = ADVANCED_FACE('',(#6658),#2174,.F.);
#6658 = FACE_BOUND('',#6659,.T.);
#6659 = EDGE_LOOP('',(#6660,#6683,#6705,#6706));
#6660 = ORIENTED_EDGE('',*,*,#6661,.F.);
#6661 = EDGE_CURVE('',#6662,#2132,#6664,.T.);
#6662 = VERTEX_POINT('',#6663);
#6663 = CARTESIAN_POINT('',(-11.565,-19.865,-0.8));
#6664 = SURFACE_CURVE('',#6665,(#6669,#6676),.PCURVE_S1.);
#6665 = LINE('',#6666,#6667);
#6666 = CARTESIAN_POINT('',(-11.565,-19.865,-1.));
#6667 = VECTOR('',#6668,1.);
#6668 = DIRECTION('',(0.,0.,1.));
#6669 = PCURVE('',#2174,#6670);
#6670 = DEFINITIONAL_REPRESENTATION('',(#6671),#6675);
#6671 = LINE('',#6672,#6673);
#6672 = CARTESIAN_POINT('',(-0.,0.));
#6673 = VECTOR('',#6674,1.);
#6674 = DIRECTION('',(-0.,1.));
#6675 = ( GEOMETRIC_REPRESENTATION_CONTEXT(2) 
PARAMETRIC_REPRESENTATION_CONTEXT() REPRESENTATION_CONTEXT('2D SPACE',''
  ) );
#6676 = PCURVE('',#2146,#6677);
#6677 = DEFINITIONAL_REPRESENTATION('',(#6678),#6682);
#6678 = LINE('',#6679,#6680);
#6679 = CARTESIAN_POINT('',(4.3,0.));
#6680 = VECTOR('',#6681,1.);
#6681 = DIRECTION('',(0.,-1.));
#6682 = ( GEOMETRIC_REPRESENTATION_CONTEXT(2) 
PARAMETRIC_REPRESENTATION_CONTEXT() REPRESENTATION_CONTEXT('2D SPACE',''
  ) );
#6683 = ORIENTED_EDGE('',*,*,#6684,.F.);
#6684 = EDGE_CURVE('',#6615,#6662,#6685,.T.);
#6685 = SURFACE_CURVE('',#6686,(#6691,#6698),.PCURVE_S1.);
#6686 = CIRCLE('',#6687,4.3);
#6687 = AXIS2_PLACEMENT_3D('',#6688,#6689,#6690);
#6688 = CARTESIAN_POINT('',(-11.565,-15.565,-0.8));
#6689 = DIRECTION('',(0.,0.,1.));
#6690 = DIRECTION('',(0.,-1.,0.));
#6691 = PCURVE('',#2174,#6692);
#6692 = DEFINITIONAL_REPRESENTATION('',(#6693),#6697);
#6693 = LINE('',#6694,#6695);
#6694 = CARTESIAN_POINT('',(-6.28318530718,0.2));
#6695 = VECTOR('',#6696,1.);
#6696 = DIRECTION('',(1.,-0.));
#6697 = ( GEOMETRIC_REPRESENTATION_CONTEXT(2) 
PARAMETRIC_REPRESENTATION_CONTEXT() REPRESENTATION_CONTEXT('2D SPACE',''
  ) );
#6698 = PCURVE('',#4622,#6699);
#6699 = DEFINITIONAL_REPRESENTATION('',(#6700),#6704);
#6700 = CIRCLE('',#6701,4.3);
#6701 = AXIS2_PLACEMENT_2D('',#6702,#6703);
#6702 = CARTESIAN_POINT('',(-11.565,-15.565));
#6703 = DIRECTION('',(0.,-1.));
#6704 = ( GEOMETRIC_REPRESENTATION_CONTEXT(2) 
PARAMETRIC_REPRESENTATION_CONTEXT() REPRESENTATION_CONTEXT('2D SPACE',''
  ) );
#6705 = ORIENTED_EDGE('',*,*,#6637,.T.);
#6706 = ORIENTED_EDGE('',*,*,#2157,.T.);
#6707 = ADVANCED_FACE('',(#6708),#2146,.T.);
#6708 = FACE_BOUND('',#6709,.T.);
#6709 = EDGE_LOOP('',(#6710,#6729,#6730,#6731));
#6710 = ORIENTED_EDGE('',*,*,#6711,.T.);
#6711 = EDGE_CURVE('',#6349,#6662,#6712,.T.);
#6712 = SURFACE_CURVE('',#6713,(#6717,#6723),.PCURVE_S1.);
#6713 = LINE('',#6714,#6715);
#6714 = CARTESIAN_POINT('',(-7.9325,-19.865,-0.8));
#6715 = VECTOR('',#6716,1.);
#6716 = DIRECTION('',(-1.,0.,0.));
#6717 = PCURVE('',#2146,#6718);
#6718 = DEFINITIONAL_REPRESENTATION('',(#6719),#6722);
#6719 = B_SPLINE_CURVE_WITH_KNOTS('',1,(#6720,#6721),.UNSPECIFIED.,.F.,
  .F.,(2,2),(-19.4975,3.6325),.PIECEWISE_BEZIER_KNOTS.);
#6720 = CARTESIAN_POINT('',(27.43,-0.2));
#6721 = CARTESIAN_POINT('',(4.3,-0.2));
#6722 = ( GEOMETRIC_REPRESENTATION_CONTEXT(2) 
PARAMETRIC_REPRESENTATION_CONTEXT() REPRESENTATION_CONTEXT('2D SPACE',''
  ) );
#6723 = PCURVE('',#4622,#6724);
#6724 = DEFINITIONAL_REPRESENTATION('',(#6725),#6728);
#6725 = B_SPLINE_CURVE_WITH_KNOTS('',1,(#6726,#6727),.UNSPECIFIED.,.F.,
  .F.,(2,2),(-19.4975,3.6325),.PIECEWISE_BEZIER_KNOTS.);
#6726 = CARTESIAN_POINT('',(11.565,-19.865));
#6727 = CARTESIAN_POINT('',(-11.565,-19.865));
#6728 = ( GEOMETRIC_REPRESENTATION_CONTEXT(2) 
PARAMETRIC_REPRESENTATION_CONTEXT() REPRESENTATION_CONTEXT('2D SPACE',''
  ) );
#6729 = ORIENTED_EDGE('',*,*,#6661,.T.);
#6730 = ORIENTED_EDGE('',*,*,#2131,.F.);
#6731 = ORIENTED_EDGE('',*,*,#6348,.F.);
#6732 = ADVANCED_FACE('',(#6733),#2389,.T.);
#6733 = FACE_BOUND('',#6734,.T.);
#6734 = EDGE_LOOP('',(#6735,#6736,#6737,#6756));
#6735 = ORIENTED_EDGE('',*,*,#2373,.F.);
#6736 = ORIENTED_EDGE('',*,*,#4009,.T.);
#6737 = ORIENTED_EDGE('',*,*,#6738,.T.);
#6738 = EDGE_CURVE('',#4010,#5977,#6739,.T.);
#6739 = SURFACE_CURVE('',#6740,(#6744,#6750),.PCURVE_S1.);
#6740 = LINE('',#6741,#6742);
#6741 = CARTESIAN_POINT('',(19.172956179011,22.522010379887,-13.));
#6742 = VECTOR('',#6743,1.);
#6743 = DIRECTION('',(0.,0.,1.));
#6744 = PCURVE('',#2389,#6745);
#6745 = DEFINITIONAL_REPRESENTATION('',(#6746),#6749);
#6746 = B_SPLINE_CURVE_WITH_KNOTS('',1,(#6747,#6748),.UNSPECIFIED.,.F.,
  .F.,(2,2),(0.6499994,12.3500006),.PIECEWISE_BEZIER_KNOTS.);
#6747 = CARTESIAN_POINT('',(0.727830347937,0.6499994));
#6748 = CARTESIAN_POINT('',(0.727830347937,12.3500006));
#6749 = ( GEOMETRIC_REPRESENTATION_CONTEXT(2) 
PARAMETRIC_REPRESENTATION_CONTEXT() REPRESENTATION_CONTEXT('2D SPACE',''
  ) );
#6750 = PCURVE('',#4218,#6751);
#6751 = DEFINITIONAL_REPRESENTATION('',(#6752),#6755);
#6752 = B_SPLINE_CURVE_WITH_KNOTS('',1,(#6753,#6754),.UNSPECIFIED.,.F.,
  .F.,(2,2),(0.6499994,12.3500006),.PIECEWISE_BEZIER_KNOTS.);
#6753 = CARTESIAN_POINT('',(7.833070097285,-0.6499994));
#6754 = CARTESIAN_POINT('',(7.833070097285,-12.3500006));
#6755 = ( GEOMETRIC_REPRESENTATION_CONTEXT(2) 
PARAMETRIC_REPRESENTATION_CONTEXT() REPRESENTATION_CONTEXT('2D SPACE',''
  ) );
#6756 = ORIENTED_EDGE('',*,*,#5976,.F.);
#6757 = ADVANCED_FACE('',(#6758),#2447,.F.);
#6758 = FACE_BOUND('',#6759,.T.);
#6759 = EDGE_LOOP('',(#6760,#6781,#6782,#6803));
#6760 = ORIENTED_EDGE('',*,*,#6761,.F.);
#6761 = EDGE_CURVE('',#4737,#2427,#6762,.T.);
#6762 = SURFACE_CURVE('',#6763,(#6767,#6774),.PCURVE_S1.);
#6763 = LINE('',#6764,#6765);
#6764 = CARTESIAN_POINT('',(14.5,-10.9844,-10.2));
#6765 = VECTOR('',#6766,1.);
#6766 = DIRECTION('',(1.,0.,0.));
#6767 = PCURVE('',#2447,#6768);
#6768 = DEFINITIONAL_REPRESENTATION('',(#6769),#6773);
#6769 = LINE('',#6770,#6771);
#6770 = CARTESIAN_POINT('',(-0.,0.));
#6771 = VECTOR('',#6772,1.);
#6772 = DIRECTION('',(-0.,1.));
#6773 = ( GEOMETRIC_REPRESENTATION_CONTEXT(2) 
PARAMETRIC_REPRESENTATION_CONTEXT() REPRESENTATION_CONTEXT('2D SPACE',''
  ) );
#6774 = PCURVE('',#2474,#6775);
#6775 = DEFINITIONAL_REPRESENTATION('',(#6776),#6780);
#6776 = LINE('',#6777,#6778);
#6777 = CARTESIAN_POINT('',(0.8,0.));
#6778 = VECTOR('',#6779,1.);
#6779 = DIRECTION('',(0.,-1.));
#6780 = ( GEOMETRIC_REPRESENTATION_CONTEXT(2) 
PARAMETRIC_REPRESENTATION_CONTEXT() REPRESENTATION_CONTEXT('2D SPACE',''
  ) );
#6781 = ORIENTED_EDGE('',*,*,#4734,.F.);
#6782 = ORIENTED_EDGE('',*,*,#6783,.T.);
#6783 = EDGE_CURVE('',#4735,#2425,#6784,.T.);
#6784 = SURFACE_CURVE('',#6785,(#6789,#6796),.PCURVE_S1.);
#6785 = LINE('',#6786,#6787);
#6786 = CARTESIAN_POINT('',(14.5,-11.7844,-9.4));
#6787 = VECTOR('',#6788,1.);
#6788 = DIRECTION('',(1.,0.,0.));
#6789 = PCURVE('',#2447,#6790);
#6790 = DEFINITIONAL_REPRESENTATION('',(#6791),#6795);
#6791 = LINE('',#6792,#6793);
#6792 = CARTESIAN_POINT('',(-1.570796326795,0.));
#6793 = VECTOR('',#6794,1.);
#6794 = DIRECTION('',(-0.,1.));
#6795 = ( GEOMETRIC_REPRESENTATION_CONTEXT(2) 
PARAMETRIC_REPRESENTATION_CONTEXT() REPRESENTATION_CONTEXT('2D SPACE',''
  ) );
#6796 = PCURVE('',#2649,#6797);
#6797 = DEFINITIONAL_REPRESENTATION('',(#6798),#6802);
#6798 = LINE('',#6799,#6800);
#6799 = CARTESIAN_POINT('',(4.,0.));
#6800 = VECTOR('',#6801,1.);
#6801 = DIRECTION('',(0.,-1.));
#6802 = ( GEOMETRIC_REPRESENTATION_CONTEXT(2) 
PARAMETRIC_REPRESENTATION_CONTEXT() REPRESENTATION_CONTEXT('2D SPACE',''
  ) );
#6803 = ORIENTED_EDGE('',*,*,#2424,.T.);
#6804 = ADVANCED_FACE('',(#6805),#2649,.T.);
#6805 = FACE_BOUND('',#6806,.T.);
#6806 = EDGE_LOOP('',(#6807,#6808,#6829,#6830));
#6807 = ORIENTED_EDGE('',*,*,#4911,.F.);
#6808 = ORIENTED_EDGE('',*,*,#6809,.T.);
#6809 = EDGE_CURVE('',#4884,#2604,#6810,.T.);
#6810 = SURFACE_CURVE('',#6811,(#6815,#6822),.PCURVE_S1.);
#6811 = LINE('',#6812,#6813);
#6812 = CARTESIAN_POINT('',(14.5,-11.7844,-6.2));
#6813 = VECTOR('',#6814,1.);
#6814 = DIRECTION('',(1.,0.,0.));
#6815 = PCURVE('',#2649,#6816);
#6816 = DEFINITIONAL_REPRESENTATION('',(#6817),#6821);
#6817 = LINE('',#6818,#6819);
#6818 = CARTESIAN_POINT('',(0.8,0.));
#6819 = VECTOR('',#6820,1.);
#6820 = DIRECTION('',(0.,-1.));
#6821 = ( GEOMETRIC_REPRESENTATION_CONTEXT(2) 
PARAMETRIC_REPRESENTATION_CONTEXT() REPRESENTATION_CONTEXT('2D SPACE',''
  ) );
#6822 = PCURVE('',#2624,#6823);
#6823 = DEFINITIONAL_REPRESENTATION('',(#6824),#6828);
#6824 = LINE('',#6825,#6826);
#6825 = CARTESIAN_POINT('',(1.570796326795,0.));
#6826 = VECTOR('',#6827,1.);
#6827 = DIRECTION('',(0.,1.));
#6828 = ( GEOMETRIC_REPRESENTATION_CONTEXT(2) 
PARAMETRIC_REPRESENTATION_CONTEXT() REPRESENTATION_CONTEXT('2D SPACE',''
  ) );
#6829 = ORIENTED_EDGE('',*,*,#2636,.T.);
#6830 = ORIENTED_EDGE('',*,*,#6783,.F.);
#6831 = ADVANCED_FACE('',(#6832),#2624,.F.);
#6832 = FACE_BOUND('',#6833,.F.);
#6833 = EDGE_LOOP('',(#6834,#6855,#6856,#6857));
#6834 = ORIENTED_EDGE('',*,*,#6835,.F.);
#6835 = EDGE_CURVE('',#4863,#2578,#6836,.T.);
#6836 = SURFACE_CURVE('',#6837,(#6841,#6848),.PCURVE_S1.);
#6837 = LINE('',#6838,#6839);
#6838 = CARTESIAN_POINT('',(14.5,-10.9844,-5.4));
#6839 = VECTOR('',#6840,1.);
#6840 = DIRECTION('',(1.,0.,0.));
#6841 = PCURVE('',#2624,#6842);
#6842 = DEFINITIONAL_REPRESENTATION('',(#6843),#6847);
#6843 = LINE('',#6844,#6845);
#6844 = CARTESIAN_POINT('',(0.,0.));
#6845 = VECTOR('',#6846,1.);
#6846 = DIRECTION('',(0.,1.));
#6847 = ( GEOMETRIC_REPRESENTATION_CONTEXT(2) 
PARAMETRIC_REPRESENTATION_CONTEXT() REPRESENTATION_CONTEXT('2D SPACE',''
  ) );
#6848 = PCURVE('',#2592,#6849);
#6849 = DEFINITIONAL_REPRESENTATION('',(#6850),#6854);
#6850 = LINE('',#6851,#6852);
#6851 = CARTESIAN_POINT('',(5.8,0.));
#6852 = VECTOR('',#6853,1.);
#6853 = DIRECTION('',(0.,-1.));
#6854 = ( GEOMETRIC_REPRESENTATION_CONTEXT(2) 
PARAMETRIC_REPRESENTATION_CONTEXT() REPRESENTATION_CONTEXT('2D SPACE',''
  ) );
#6855 = ORIENTED_EDGE('',*,*,#4883,.T.);
#6856 = ORIENTED_EDGE('',*,*,#6809,.T.);
#6857 = ORIENTED_EDGE('',*,*,#2603,.F.);
#6858 = ADVANCED_FACE('',(#6859),#2592,.T.);
#6859 = FACE_BOUND('',#6860,.T.);
#6860 = EDGE_LOOP('',(#6861,#6862,#6883,#6884));
#6861 = ORIENTED_EDGE('',*,*,#4862,.F.);
#6862 = ORIENTED_EDGE('',*,*,#6863,.T.);
#6863 = EDGE_CURVE('',#4835,#2545,#6864,.T.);
#6864 = SURFACE_CURVE('',#6865,(#6869,#6876),.PCURVE_S1.);
#6865 = LINE('',#6866,#6867);
#6866 = CARTESIAN_POINT('',(14.5,-5.9844,-5.4));
#6867 = VECTOR('',#6868,1.);
#6868 = DIRECTION('',(1.,0.,0.));
#6869 = PCURVE('',#2592,#6870);
#6870 = DEFINITIONAL_REPRESENTATION('',(#6871),#6875);
#6871 = LINE('',#6872,#6873);
#6872 = CARTESIAN_POINT('',(0.8,0.));
#6873 = VECTOR('',#6874,1.);
#6874 = DIRECTION('',(0.,-1.));
#6875 = ( GEOMETRIC_REPRESENTATION_CONTEXT(2) 
PARAMETRIC_REPRESENTATION_CONTEXT() REPRESENTATION_CONTEXT('2D SPACE',''
  ) );
#6876 = PCURVE('',#2565,#6877);
#6877 = DEFINITIONAL_REPRESENTATION('',(#6878),#6882);
#6878 = LINE('',#6879,#6880);
#6879 = CARTESIAN_POINT('',(1.570796326795,0.));
#6880 = VECTOR('',#6881,1.);
#6881 = DIRECTION('',(0.,1.));
#6882 = ( GEOMETRIC_REPRESENTATION_CONTEXT(2) 
PARAMETRIC_REPRESENTATION_CONTEXT() REPRESENTATION_CONTEXT('2D SPACE',''
  ) );
#6883 = ORIENTED_EDGE('',*,*,#2577,.T.);
#6884 = ORIENTED_EDGE('',*,*,#6835,.F.);
#6885 = ADVANCED_FACE('',(#6886),#2565,.F.);
#6886 = FACE_BOUND('',#6887,.F.);
#6887 = EDGE_LOOP('',(#6888,#6909,#6910,#6911));
#6888 = ORIENTED_EDGE('',*,*,#6889,.F.);
#6889 = EDGE_CURVE('',#4814,#2519,#6890,.T.);
#6890 = SURFACE_CURVE('',#6891,(#6895,#6902),.PCURVE_S1.);
#6891 = LINE('',#6892,#6893);
#6892 = CARTESIAN_POINT('',(14.5,-5.1844,-6.2));
#6893 = VECTOR('',#6894,1.);
#6894 = DIRECTION('',(1.,0.,0.));
#6895 = PCURVE('',#2565,#6896);
#6896 = DEFINITIONAL_REPRESENTATION('',(#6897),#6901);
#6897 = LINE('',#6898,#6899);
#6898 = CARTESIAN_POINT('',(0.,0.));
#6899 = VECTOR('',#6900,1.);
#6900 = DIRECTION('',(0.,1.));
#6901 = ( GEOMETRIC_REPRESENTATION_CONTEXT(2) 
PARAMETRIC_REPRESENTATION_CONTEXT() REPRESENTATION_CONTEXT('2D SPACE',''
  ) );
#6902 = PCURVE('',#2533,#6903);
#6903 = DEFINITIONAL_REPRESENTATION('',(#6904),#6908);
#6904 = LINE('',#6905,#6906);
#6905 = CARTESIAN_POINT('',(4.,0.));
#6906 = VECTOR('',#6907,1.);
#6907 = DIRECTION('',(0.,-1.));
#6908 = ( GEOMETRIC_REPRESENTATION_CONTEXT(2) 
PARAMETRIC_REPRESENTATION_CONTEXT() REPRESENTATION_CONTEXT('2D SPACE',''
  ) );
#6909 = ORIENTED_EDGE('',*,*,#4834,.T.);
#6910 = ORIENTED_EDGE('',*,*,#6863,.T.);
#6911 = ORIENTED_EDGE('',*,*,#2544,.F.);
#6912 = ADVANCED_FACE('',(#6913),#2533,.T.);
#6913 = FACE_BOUND('',#6914,.T.);
#6914 = EDGE_LOOP('',(#6915,#6916,#6937,#6938));
#6915 = ORIENTED_EDGE('',*,*,#4813,.F.);
#6916 = ORIENTED_EDGE('',*,*,#6917,.T.);
#6917 = EDGE_CURVE('',#4786,#2486,#6918,.T.);
#6918 = SURFACE_CURVE('',#6919,(#6923,#6930),.PCURVE_S1.);
#6919 = LINE('',#6920,#6921);
#6920 = CARTESIAN_POINT('',(14.5,-5.1844,-9.4));
#6921 = VECTOR('',#6922,1.);
#6922 = DIRECTION('',(1.,0.,0.));
#6923 = PCURVE('',#2533,#6924);
#6924 = DEFINITIONAL_REPRESENTATION('',(#6925),#6929);
#6925 = LINE('',#6926,#6927);
#6926 = CARTESIAN_POINT('',(0.8,0.));
#6927 = VECTOR('',#6928,1.);
#6928 = DIRECTION('',(0.,-1.));
#6929 = ( GEOMETRIC_REPRESENTATION_CONTEXT(2) 
PARAMETRIC_REPRESENTATION_CONTEXT() REPRESENTATION_CONTEXT('2D SPACE',''
  ) );
#6930 = PCURVE('',#2506,#6931);
#6931 = DEFINITIONAL_REPRESENTATION('',(#6932),#6936);
#6932 = LINE('',#6933,#6934);
#6933 = CARTESIAN_POINT('',(1.570796326795,0.));
#6934 = VECTOR('',#6935,1.);
#6935 = DIRECTION('',(0.,1.));
#6936 = ( GEOMETRIC_REPRESENTATION_CONTEXT(2) 
PARAMETRIC_REPRESENTATION_CONTEXT() REPRESENTATION_CONTEXT('2D SPACE',''
  ) );
#6937 = ORIENTED_EDGE('',*,*,#2518,.T.);
#6938 = ORIENTED_EDGE('',*,*,#6889,.F.);
#6939 = ADVANCED_FACE('',(#6940),#2506,.F.);
#6940 = FACE_BOUND('',#6941,.F.);
#6941 = EDGE_LOOP('',(#6942,#6963,#6964,#6965));
#6942 = ORIENTED_EDGE('',*,*,#6943,.F.);
#6943 = EDGE_CURVE('',#4765,#2460,#6944,.T.);
#6944 = SURFACE_CURVE('',#6945,(#6949,#6956),.PCURVE_S1.);
#6945 = LINE('',#6946,#6947);
#6946 = CARTESIAN_POINT('',(14.5,-5.9844,-10.2));
#6947 = VECTOR('',#6948,1.);
#6948 = DIRECTION('',(1.,0.,0.));
#6949 = PCURVE('',#2506,#6950);
#6950 = DEFINITIONAL_REPRESENTATION('',(#6951),#6955);
#6951 = LINE('',#6952,#6953);
#6952 = CARTESIAN_POINT('',(0.,0.));
#6953 = VECTOR('',#6954,1.);
#6954 = DIRECTION('',(0.,1.));
#6955 = ( GEOMETRIC_REPRESENTATION_CONTEXT(2) 
PARAMETRIC_REPRESENTATION_CONTEXT() REPRESENTATION_CONTEXT('2D SPACE',''
  ) );
#6956 = PCURVE('',#2474,#6957);
#6957 = DEFINITIONAL_REPRESENTATION('',(#6958),#6962);
#6958 = LINE('',#6959,#6960);
#6959 = CARTESIAN_POINT('',(5.8,0.));
#6960 = VECTOR('',#6961,1.);
#6961 = DIRECTION('',(0.,-1.));
#6962 = ( GEOMETRIC_REPRESENTATION_CONTEXT(2) 
PARAMETRIC_REPRESENTATION_CONTEXT() REPRESENTATION_CONTEXT('2D SPACE',''
  ) );
#6963 = ORIENTED_EDGE('',*,*,#4785,.T.);
#6964 = ORIENTED_EDGE('',*,*,#6917,.T.);
#6965 = ORIENTED_EDGE('',*,*,#2485,.F.);
#6966 = ADVANCED_FACE('',(#6967),#2474,.T.);
#6967 = FACE_BOUND('',#6968,.T.);
#6968 = EDGE_LOOP('',(#6969,#6970,#6971,#6972));
#6969 = ORIENTED_EDGE('',*,*,#4764,.F.);
#6970 = ORIENTED_EDGE('',*,*,#6761,.T.);
#6971 = ORIENTED_EDGE('',*,*,#2459,.T.);
#6972 = ORIENTED_EDGE('',*,*,#6943,.F.);
#6973 = ADVANCED_FACE('',(#6974),#2685,.F.);
#6974 = FACE_BOUND('',#6975,.T.);
#6975 = EDGE_LOOP('',(#6976,#6997,#6998,#7019));
#6976 = ORIENTED_EDGE('',*,*,#6977,.F.);
#6977 = EDGE_CURVE('',#4935,#2665,#6978,.T.);
#6978 = SURFACE_CURVE('',#6979,(#6983,#6990),.PCURVE_S1.);
#6979 = LINE('',#6980,#6981);
#6980 = CARTESIAN_POINT('',(14.5,-2.0734,-10.2));
#6981 = VECTOR('',#6982,1.);
#6982 = DIRECTION('',(1.,0.,0.));
#6983 = PCURVE('',#2685,#6984);
#6984 = DEFINITIONAL_REPRESENTATION('',(#6985),#6989);
#6985 = LINE('',#6986,#6987);
#6986 = CARTESIAN_POINT('',(-0.,0.));
#6987 = VECTOR('',#6988,1.);
#6988 = DIRECTION('',(-0.,1.));
#6989 = ( GEOMETRIC_REPRESENTATION_CONTEXT(2) 
PARAMETRIC_REPRESENTATION_CONTEXT() REPRESENTATION_CONTEXT('2D SPACE',''
  ) );
#6990 = PCURVE('',#2712,#6991);
#6991 = DEFINITIONAL_REPRESENTATION('',(#6992),#6996);
#6992 = LINE('',#6993,#6994);
#6993 = CARTESIAN_POINT('',(0.8,0.));
#6994 = VECTOR('',#6995,1.);
#6995 = DIRECTION('',(0.,-1.));
#6996 = ( GEOMETRIC_REPRESENTATION_CONTEXT(2) 
PARAMETRIC_REPRESENTATION_CONTEXT() REPRESENTATION_CONTEXT('2D SPACE',''
  ) );
#6997 = ORIENTED_EDGE('',*,*,#4932,.F.);
#6998 = ORIENTED_EDGE('',*,*,#6999,.T.);
#6999 = EDGE_CURVE('',#4933,#2663,#7000,.T.);
#7000 = SURFACE_CURVE('',#7001,(#7005,#7012),.PCURVE_S1.);
#7001 = LINE('',#7002,#7003);
#7002 = CARTESIAN_POINT('',(14.5,-2.8734,-9.4));
#7003 = VECTOR('',#7004,1.);
#7004 = DIRECTION('',(1.,0.,0.));
#7005 = PCURVE('',#2685,#7006);
#7006 = DEFINITIONAL_REPRESENTATION('',(#7007),#7011);
#7007 = LINE('',#7008,#7009);
#7008 = CARTESIAN_POINT('',(-1.570796326795,0.));
#7009 = VECTOR('',#7010,1.);
#7010 = DIRECTION('',(-0.,1.));
#7011 = ( GEOMETRIC_REPRESENTATION_CONTEXT(2) 
PARAMETRIC_REPRESENTATION_CONTEXT() REPRESENTATION_CONTEXT('2D SPACE',''
  ) );
#7012 = PCURVE('',#2887,#7013);
#7013 = DEFINITIONAL_REPRESENTATION('',(#7014),#7018);
#7014 = LINE('',#7015,#7016);
#7015 = CARTESIAN_POINT('',(4.,0.));
#7016 = VECTOR('',#7017,1.);
#7017 = DIRECTION('',(0.,-1.));
#7018 = ( GEOMETRIC_REPRESENTATION_CONTEXT(2) 
PARAMETRIC_REPRESENTATION_CONTEXT() REPRESENTATION_CONTEXT('2D SPACE',''
  ) );
#7019 = ORIENTED_EDGE('',*,*,#2662,.T.);
#7020 = ADVANCED_FACE('',(#7021),#2887,.T.);
#7021 = FACE_BOUND('',#7022,.T.);
#7022 = EDGE_LOOP('',(#7023,#7024,#7045,#7046));
#7023 = ORIENTED_EDGE('',*,*,#5109,.F.);
#7024 = ORIENTED_EDGE('',*,*,#7025,.T.);
#7025 = EDGE_CURVE('',#5082,#2842,#7026,.T.);
#7026 = SURFACE_CURVE('',#7027,(#7031,#7038),.PCURVE_S1.);
#7027 = LINE('',#7028,#7029);
#7028 = CARTESIAN_POINT('',(14.5,-2.8734,-6.2));
#7029 = VECTOR('',#7030,1.);
#7030 = DIRECTION('',(1.,0.,0.));
#7031 = PCURVE('',#2887,#7032);
#7032 = DEFINITIONAL_REPRESENTATION('',(#7033),#7037);
#7033 = LINE('',#7034,#7035);
#7034 = CARTESIAN_POINT('',(0.8,0.));
#7035 = VECTOR('',#7036,1.);
#7036 = DIRECTION('',(0.,-1.));
#7037 = ( GEOMETRIC_REPRESENTATION_CONTEXT(2) 
PARAMETRIC_REPRESENTATION_CONTEXT() REPRESENTATION_CONTEXT('2D SPACE',''
  ) );
#7038 = PCURVE('',#2862,#7039);
#7039 = DEFINITIONAL_REPRESENTATION('',(#7040),#7044);
#7040 = LINE('',#7041,#7042);
#7041 = CARTESIAN_POINT('',(1.570796326795,0.));
#7042 = VECTOR('',#7043,1.);
#7043 = DIRECTION('',(0.,1.));
#7044 = ( GEOMETRIC_REPRESENTATION_CONTEXT(2) 
PARAMETRIC_REPRESENTATION_CONTEXT() REPRESENTATION_CONTEXT('2D SPACE',''
  ) );
#7045 = ORIENTED_EDGE('',*,*,#2874,.T.);
#7046 = ORIENTED_EDGE('',*,*,#6999,.F.);
#7047 = ADVANCED_FACE('',(#7048),#2712,.T.);
#7048 = FACE_BOUND('',#7049,.T.);
#7049 = EDGE_LOOP('',(#7050,#7051,#7052,#7053));
#7050 = ORIENTED_EDGE('',*,*,#4962,.F.);
#7051 = ORIENTED_EDGE('',*,*,#6977,.T.);
#7052 = ORIENTED_EDGE('',*,*,#2697,.T.);
#7053 = ORIENTED_EDGE('',*,*,#7054,.F.);
#7054 = EDGE_CURVE('',#4963,#2698,#7055,.T.);
#7055 = SURFACE_CURVE('',#7056,(#7060,#7067),.PCURVE_S1.);
#7056 = LINE('',#7057,#7058);
#7057 = CARTESIAN_POINT('',(14.5,2.9266,-10.2));
#7058 = VECTOR('',#7059,1.);
#7059 = DIRECTION('',(1.,0.,0.));
#7060 = PCURVE('',#2712,#7061);
#7061 = DEFINITIONAL_REPRESENTATION('',(#7062),#7066);
#7062 = LINE('',#7063,#7064);
#7063 = CARTESIAN_POINT('',(5.8,0.));
#7064 = VECTOR('',#7065,1.);
#7065 = DIRECTION('',(0.,-1.));
#7066 = ( GEOMETRIC_REPRESENTATION_CONTEXT(2) 
PARAMETRIC_REPRESENTATION_CONTEXT() REPRESENTATION_CONTEXT('2D SPACE',''
  ) );
#7067 = PCURVE('',#2744,#7068);
#7068 = DEFINITIONAL_REPRESENTATION('',(#7069),#7073);
#7069 = LINE('',#7070,#7071);
#7070 = CARTESIAN_POINT('',(0.,0.));
#7071 = VECTOR('',#7072,1.);
#7072 = DIRECTION('',(0.,1.));
#7073 = ( GEOMETRIC_REPRESENTATION_CONTEXT(2) 
PARAMETRIC_REPRESENTATION_CONTEXT() REPRESENTATION_CONTEXT('2D SPACE',''
  ) );
#7074 = ADVANCED_FACE('',(#7075),#2862,.F.);
#7075 = FACE_BOUND('',#7076,.F.);
#7076 = EDGE_LOOP('',(#7077,#7098,#7099,#7100));
#7077 = ORIENTED_EDGE('',*,*,#7078,.F.);
#7078 = EDGE_CURVE('',#5061,#2816,#7079,.T.);
#7079 = SURFACE_CURVE('',#7080,(#7084,#7091),.PCURVE_S1.);
#7080 = LINE('',#7081,#7082);
#7081 = CARTESIAN_POINT('',(14.5,-2.0734,-5.4));
#7082 = VECTOR('',#7083,1.);
#7083 = DIRECTION('',(1.,0.,0.));
#7084 = PCURVE('',#2862,#7085);
#7085 = DEFINITIONAL_REPRESENTATION('',(#7086),#7090);
#7086 = LINE('',#7087,#7088);
#7087 = CARTESIAN_POINT('',(0.,0.));
#7088 = VECTOR('',#7089,1.);
#7089 = DIRECTION('',(0.,1.));
#7090 = ( GEOMETRIC_REPRESENTATION_CONTEXT(2) 
PARAMETRIC_REPRESENTATION_CONTEXT() REPRESENTATION_CONTEXT('2D SPACE',''
  ) );
#7091 = PCURVE('',#2830,#7092);
#7092 = DEFINITIONAL_REPRESENTATION('',(#7093),#7097);
#7093 = LINE('',#7094,#7095);
#7094 = CARTESIAN_POINT('',(5.8,0.));
#7095 = VECTOR('',#7096,1.);
#7096 = DIRECTION('',(0.,-1.));
#7097 = ( GEOMETRIC_REPRESENTATION_CONTEXT(2) 
PARAMETRIC_REPRESENTATION_CONTEXT() REPRESENTATION_CONTEXT('2D SPACE',''
  ) );
#7098 = ORIENTED_EDGE('',*,*,#5081,.T.);
#7099 = ORIENTED_EDGE('',*,*,#7025,.T.);
#7100 = ORIENTED_EDGE('',*,*,#2841,.F.);
#7101 = ADVANCED_FACE('',(#7102),#2744,.F.);
#7102 = FACE_BOUND('',#7103,.F.);
#7103 = EDGE_LOOP('',(#7104,#7105,#7106,#7127));
#7104 = ORIENTED_EDGE('',*,*,#7054,.F.);
#7105 = ORIENTED_EDGE('',*,*,#4983,.T.);
#7106 = ORIENTED_EDGE('',*,*,#7107,.T.);
#7107 = EDGE_CURVE('',#4984,#2724,#7108,.T.);
#7108 = SURFACE_CURVE('',#7109,(#7113,#7120),.PCURVE_S1.);
#7109 = LINE('',#7110,#7111);
#7110 = CARTESIAN_POINT('',(14.5,3.7266,-9.4));
#7111 = VECTOR('',#7112,1.);
#7112 = DIRECTION('',(1.,0.,0.));
#7113 = PCURVE('',#2744,#7114);
#7114 = DEFINITIONAL_REPRESENTATION('',(#7115),#7119);
#7115 = LINE('',#7116,#7117);
#7116 = CARTESIAN_POINT('',(1.570796326795,0.));
#7117 = VECTOR('',#7118,1.);
#7118 = DIRECTION('',(0.,1.));
#7119 = ( GEOMETRIC_REPRESENTATION_CONTEXT(2) 
PARAMETRIC_REPRESENTATION_CONTEXT() REPRESENTATION_CONTEXT('2D SPACE',''
  ) );
#7120 = PCURVE('',#2771,#7121);
#7121 = DEFINITIONAL_REPRESENTATION('',(#7122),#7126);
#7122 = LINE('',#7123,#7124);
#7123 = CARTESIAN_POINT('',(0.8,0.));
#7124 = VECTOR('',#7125,1.);
#7125 = DIRECTION('',(0.,-1.));
#7126 = ( GEOMETRIC_REPRESENTATION_CONTEXT(2) 
PARAMETRIC_REPRESENTATION_CONTEXT() REPRESENTATION_CONTEXT('2D SPACE',''
  ) );
#7127 = ORIENTED_EDGE('',*,*,#2723,.F.);
#7128 = ADVANCED_FACE('',(#7129),#2830,.T.);
#7129 = FACE_BOUND('',#7130,.T.);
#7130 = EDGE_LOOP('',(#7131,#7132,#7153,#7154));
#7131 = ORIENTED_EDGE('',*,*,#5060,.F.);
#7132 = ORIENTED_EDGE('',*,*,#7133,.T.);
#7133 = EDGE_CURVE('',#5033,#2783,#7134,.T.);
#7134 = SURFACE_CURVE('',#7135,(#7139,#7146),.PCURVE_S1.);
#7135 = LINE('',#7136,#7137);
#7136 = CARTESIAN_POINT('',(14.5,2.9266,-5.4));
#7137 = VECTOR('',#7138,1.);
#7138 = DIRECTION('',(1.,0.,0.));
#7139 = PCURVE('',#2830,#7140);
#7140 = DEFINITIONAL_REPRESENTATION('',(#7141),#7145);
#7141 = LINE('',#7142,#7143);
#7142 = CARTESIAN_POINT('',(0.8,0.));
#7143 = VECTOR('',#7144,1.);
#7144 = DIRECTION('',(0.,-1.));
#7145 = ( GEOMETRIC_REPRESENTATION_CONTEXT(2) 
PARAMETRIC_REPRESENTATION_CONTEXT() REPRESENTATION_CONTEXT('2D SPACE',''
  ) );
#7146 = PCURVE('',#2803,#7147);
#7147 = DEFINITIONAL_REPRESENTATION('',(#7148),#7152);
#7148 = LINE('',#7149,#7150);
#7149 = CARTESIAN_POINT('',(1.570796326795,0.));
#7150 = VECTOR('',#7151,1.);
#7151 = DIRECTION('',(0.,1.));
#7152 = ( GEOMETRIC_REPRESENTATION_CONTEXT(2) 
PARAMETRIC_REPRESENTATION_CONTEXT() REPRESENTATION_CONTEXT('2D SPACE',''
  ) );
#7153 = ORIENTED_EDGE('',*,*,#2815,.T.);
#7154 = ORIENTED_EDGE('',*,*,#7078,.F.);
#7155 = ADVANCED_FACE('',(#7156),#2771,.T.);
#7156 = FACE_BOUND('',#7157,.T.);
#7157 = EDGE_LOOP('',(#7158,#7159,#7160,#7161));
#7158 = ORIENTED_EDGE('',*,*,#5011,.F.);
#7159 = ORIENTED_EDGE('',*,*,#7107,.T.);
#7160 = ORIENTED_EDGE('',*,*,#2756,.T.);
#7161 = ORIENTED_EDGE('',*,*,#7162,.F.);
#7162 = EDGE_CURVE('',#5012,#2757,#7163,.T.);
#7163 = SURFACE_CURVE('',#7164,(#7168,#7175),.PCURVE_S1.);
#7164 = LINE('',#7165,#7166);
#7165 = CARTESIAN_POINT('',(14.5,3.7266,-6.2));
#7166 = VECTOR('',#7167,1.);
#7167 = DIRECTION('',(1.,0.,0.));
#7168 = PCURVE('',#2771,#7169);
#7169 = DEFINITIONAL_REPRESENTATION('',(#7170),#7174);
#7170 = LINE('',#7171,#7172);
#7171 = CARTESIAN_POINT('',(4.,0.));
#7172 = VECTOR('',#7173,1.);
#7173 = DIRECTION('',(0.,-1.));
#7174 = ( GEOMETRIC_REPRESENTATION_CONTEXT(2) 
PARAMETRIC_REPRESENTATION_CONTEXT() REPRESENTATION_CONTEXT('2D SPACE',''
  ) );
#7175 = PCURVE('',#2803,#7176);
#7176 = DEFINITIONAL_REPRESENTATION('',(#7177),#7181);
#7177 = LINE('',#7178,#7179);
#7178 = CARTESIAN_POINT('',(0.,0.));
#7179 = VECTOR('',#7180,1.);
#7180 = DIRECTION('',(0.,1.));
#7181 = ( GEOMETRIC_REPRESENTATION_CONTEXT(2) 
PARAMETRIC_REPRESENTATION_CONTEXT() REPRESENTATION_CONTEXT('2D SPACE',''
  ) );
#7182 = ADVANCED_FACE('',(#7183),#2803,.F.);
#7183 = FACE_BOUND('',#7184,.F.);
#7184 = EDGE_LOOP('',(#7185,#7186,#7187,#7188));
#7185 = ORIENTED_EDGE('',*,*,#7162,.F.);
#7186 = ORIENTED_EDGE('',*,*,#5032,.T.);
#7187 = ORIENTED_EDGE('',*,*,#7133,.T.);
#7188 = ORIENTED_EDGE('',*,*,#2782,.F.);
#7189 = ADVANCED_FACE('',(#7190),#2923,.F.);
#7190 = FACE_BOUND('',#7191,.T.);
#7191 = EDGE_LOOP('',(#7192,#7213,#7214,#7235));
#7192 = ORIENTED_EDGE('',*,*,#7193,.F.);
#7193 = EDGE_CURVE('',#5133,#2903,#7194,.T.);
#7194 = SURFACE_CURVE('',#7195,(#7199,#7206),.PCURVE_S1.);
#7195 = LINE('',#7196,#7197);
#7196 = CARTESIAN_POINT('',(14.5,6.8381,-10.2));
#7197 = VECTOR('',#7198,1.);
#7198 = DIRECTION('',(1.,0.,0.));
#7199 = PCURVE('',#2923,#7200);
#7200 = DEFINITIONAL_REPRESENTATION('',(#7201),#7205);
#7201 = LINE('',#7202,#7203);
#7202 = CARTESIAN_POINT('',(-0.,0.));
#7203 = VECTOR('',#7204,1.);
#7204 = DIRECTION('',(-0.,1.));
#7205 = ( GEOMETRIC_REPRESENTATION_CONTEXT(2) 
PARAMETRIC_REPRESENTATION_CONTEXT() REPRESENTATION_CONTEXT('2D SPACE',''
  ) );
#7206 = PCURVE('',#2950,#7207);
#7207 = DEFINITIONAL_REPRESENTATION('',(#7208),#7212);
#7208 = LINE('',#7209,#7210);
#7209 = CARTESIAN_POINT('',(0.8,0.));
#7210 = VECTOR('',#7211,1.);
#7211 = DIRECTION('',(0.,-1.));
#7212 = ( GEOMETRIC_REPRESENTATION_CONTEXT(2) 
PARAMETRIC_REPRESENTATION_CONTEXT() REPRESENTATION_CONTEXT('2D SPACE',''
  ) );
#7213 = ORIENTED_EDGE('',*,*,#5130,.F.);
#7214 = ORIENTED_EDGE('',*,*,#7215,.T.);
#7215 = EDGE_CURVE('',#5131,#2901,#7216,.T.);
#7216 = SURFACE_CURVE('',#7217,(#7221,#7228),.PCURVE_S1.);
#7217 = LINE('',#7218,#7219);
#7218 = CARTESIAN_POINT('',(14.5,6.0381,-9.4));
#7219 = VECTOR('',#7220,1.);
#7220 = DIRECTION('',(1.,0.,0.));
#7221 = PCURVE('',#2923,#7222);
#7222 = DEFINITIONAL_REPRESENTATION('',(#7223),#7227);
#7223 = LINE('',#7224,#7225);
#7224 = CARTESIAN_POINT('',(-1.570796326795,0.));
#7225 = VECTOR('',#7226,1.);
#7226 = DIRECTION('',(-0.,1.));
#7227 = ( GEOMETRIC_REPRESENTATION_CONTEXT(2) 
PARAMETRIC_REPRESENTATION_CONTEXT() REPRESENTATION_CONTEXT('2D SPACE',''
  ) );
#7228 = PCURVE('',#3125,#7229);
#7229 = DEFINITIONAL_REPRESENTATION('',(#7230),#7234);
#7230 = LINE('',#7231,#7232);
#7231 = CARTESIAN_POINT('',(4.,0.));
#7232 = VECTOR('',#7233,1.);
#7233 = DIRECTION('',(0.,-1.));
#7234 = ( GEOMETRIC_REPRESENTATION_CONTEXT(2) 
PARAMETRIC_REPRESENTATION_CONTEXT() REPRESENTATION_CONTEXT('2D SPACE',''
  ) );
#7235 = ORIENTED_EDGE('',*,*,#2900,.T.);
#7236 = ADVANCED_FACE('',(#7237),#3125,.T.);
#7237 = FACE_BOUND('',#7238,.T.);
#7238 = EDGE_LOOP('',(#7239,#7240,#7261,#7262));
#7239 = ORIENTED_EDGE('',*,*,#5307,.F.);
#7240 = ORIENTED_EDGE('',*,*,#7241,.T.);
#7241 = EDGE_CURVE('',#5280,#3080,#7242,.T.);
#7242 = SURFACE_CURVE('',#7243,(#7247,#7254),.PCURVE_S1.);
#7243 = LINE('',#7244,#7245);
#7244 = CARTESIAN_POINT('',(14.5,6.0381,-6.2));
#7245 = VECTOR('',#7246,1.);
#7246 = DIRECTION('',(1.,0.,0.));
#7247 = PCURVE('',#3125,#7248);
#7248 = DEFINITIONAL_REPRESENTATION('',(#7249),#7253);
#7249 = LINE('',#7250,#7251);
#7250 = CARTESIAN_POINT('',(0.8,0.));
#7251 = VECTOR('',#7252,1.);
#7252 = DIRECTION('',(0.,-1.));
#7253 = ( GEOMETRIC_REPRESENTATION_CONTEXT(2) 
PARAMETRIC_REPRESENTATION_CONTEXT() REPRESENTATION_CONTEXT('2D SPACE',''
  ) );
#7254 = PCURVE('',#3100,#7255);
#7255 = DEFINITIONAL_REPRESENTATION('',(#7256),#7260);
#7256 = LINE('',#7257,#7258);
#7257 = CARTESIAN_POINT('',(1.570796326795,0.));
#7258 = VECTOR('',#7259,1.);
#7259 = DIRECTION('',(0.,1.));
#7260 = ( GEOMETRIC_REPRESENTATION_CONTEXT(2) 
PARAMETRIC_REPRESENTATION_CONTEXT() REPRESENTATION_CONTEXT('2D SPACE',''
  ) );
#7261 = ORIENTED_EDGE('',*,*,#3112,.T.);
#7262 = ORIENTED_EDGE('',*,*,#7215,.F.);
#7263 = ADVANCED_FACE('',(#7264),#2950,.T.);
#7264 = FACE_BOUND('',#7265,.T.);
#7265 = EDGE_LOOP('',(#7266,#7267,#7268,#7269));
#7266 = ORIENTED_EDGE('',*,*,#5160,.F.);
#7267 = ORIENTED_EDGE('',*,*,#7193,.T.);
#7268 = ORIENTED_EDGE('',*,*,#2935,.T.);
#7269 = ORIENTED_EDGE('',*,*,#7270,.F.);
#7270 = EDGE_CURVE('',#5161,#2936,#7271,.T.);
#7271 = SURFACE_CURVE('',#7272,(#7276,#7283),.PCURVE_S1.);
#7272 = LINE('',#7273,#7274);
#7273 = CARTESIAN_POINT('',(14.5,11.8381,-10.2));
#7274 = VECTOR('',#7275,1.);
#7275 = DIRECTION('',(1.,0.,0.));
#7276 = PCURVE('',#2950,#7277);
#7277 = DEFINITIONAL_REPRESENTATION('',(#7278),#7282);
#7278 = LINE('',#7279,#7280);
#7279 = CARTESIAN_POINT('',(5.8,0.));
#7280 = VECTOR('',#7281,1.);
#7281 = DIRECTION('',(0.,-1.));
#7282 = ( GEOMETRIC_REPRESENTATION_CONTEXT(2) 
PARAMETRIC_REPRESENTATION_CONTEXT() REPRESENTATION_CONTEXT('2D SPACE',''
  ) );
#7283 = PCURVE('',#2982,#7284);
#7284 = DEFINITIONAL_REPRESENTATION('',(#7285),#7289);
#7285 = LINE('',#7286,#7287);
#7286 = CARTESIAN_POINT('',(0.,0.));
#7287 = VECTOR('',#7288,1.);
#7288 = DIRECTION('',(0.,1.));
#7289 = ( GEOMETRIC_REPRESENTATION_CONTEXT(2) 
PARAMETRIC_REPRESENTATION_CONTEXT() REPRESENTATION_CONTEXT('2D SPACE',''
  ) );
#7290 = ADVANCED_FACE('',(#7291),#3100,.F.);
#7291 = FACE_BOUND('',#7292,.F.);
#7292 = EDGE_LOOP('',(#7293,#7314,#7315,#7316));
#7293 = ORIENTED_EDGE('',*,*,#7294,.F.);
#7294 = EDGE_CURVE('',#5259,#3054,#7295,.T.);
#7295 = SURFACE_CURVE('',#7296,(#7300,#7307),.PCURVE_S1.);
#7296 = LINE('',#7297,#7298);
#7297 = CARTESIAN_POINT('',(14.5,6.8381,-5.4));
#7298 = VECTOR('',#7299,1.);
#7299 = DIRECTION('',(1.,0.,0.));
#7300 = PCURVE('',#3100,#7301);
#7301 = DEFINITIONAL_REPRESENTATION('',(#7302),#7306);
#7302 = LINE('',#7303,#7304);
#7303 = CARTESIAN_POINT('',(0.,0.));
#7304 = VECTOR('',#7305,1.);
#7305 = DIRECTION('',(0.,1.));
#7306 = ( GEOMETRIC_REPRESENTATION_CONTEXT(2) 
PARAMETRIC_REPRESENTATION_CONTEXT() REPRESENTATION_CONTEXT('2D SPACE',''
  ) );
#7307 = PCURVE('',#3068,#7308);
#7308 = DEFINITIONAL_REPRESENTATION('',(#7309),#7313);
#7309 = LINE('',#7310,#7311);
#7310 = CARTESIAN_POINT('',(5.8,0.));
#7311 = VECTOR('',#7312,1.);
#7312 = DIRECTION('',(0.,-1.));
#7313 = ( GEOMETRIC_REPRESENTATION_CONTEXT(2) 
PARAMETRIC_REPRESENTATION_CONTEXT() REPRESENTATION_CONTEXT('2D SPACE',''
  ) );
#7314 = ORIENTED_EDGE('',*,*,#5279,.T.);
#7315 = ORIENTED_EDGE('',*,*,#7241,.T.);
#7316 = ORIENTED_EDGE('',*,*,#3079,.F.);
#7317 = ADVANCED_FACE('',(#7318),#2982,.F.);
#7318 = FACE_BOUND('',#7319,.F.);
#7319 = EDGE_LOOP('',(#7320,#7321,#7322,#7343));
#7320 = ORIENTED_EDGE('',*,*,#7270,.F.);
#7321 = ORIENTED_EDGE('',*,*,#5181,.T.);
#7322 = ORIENTED_EDGE('',*,*,#7323,.T.);
#7323 = EDGE_CURVE('',#5182,#2962,#7324,.T.);
#7324 = SURFACE_CURVE('',#7325,(#7329,#7336),.PCURVE_S1.);
#7325 = LINE('',#7326,#7327);
#7326 = CARTESIAN_POINT('',(14.5,12.6381,-9.4));
#7327 = VECTOR('',#7328,1.);
#7328 = DIRECTION('',(1.,0.,0.));
#7329 = PCURVE('',#2982,#7330);
#7330 = DEFINITIONAL_REPRESENTATION('',(#7331),#7335);
#7331 = LINE('',#7332,#7333);
#7332 = CARTESIAN_POINT('',(1.570796326795,0.));
#7333 = VECTOR('',#7334,1.);
#7334 = DIRECTION('',(0.,1.));
#7335 = ( GEOMETRIC_REPRESENTATION_CONTEXT(2) 
PARAMETRIC_REPRESENTATION_CONTEXT() REPRESENTATION_CONTEXT('2D SPACE',''
  ) );
#7336 = PCURVE('',#3009,#7337);
#7337 = DEFINITIONAL_REPRESENTATION('',(#7338),#7342);
#7338 = LINE('',#7339,#7340);
#7339 = CARTESIAN_POINT('',(0.8,0.));
#7340 = VECTOR('',#7341,1.);
#7341 = DIRECTION('',(0.,-1.));
#7342 = ( GEOMETRIC_REPRESENTATION_CONTEXT(2) 
PARAMETRIC_REPRESENTATION_CONTEXT() REPRESENTATION_CONTEXT('2D SPACE',''
  ) );
#7343 = ORIENTED_EDGE('',*,*,#2961,.F.);
#7344 = ADVANCED_FACE('',(#7345),#3068,.T.);
#7345 = FACE_BOUND('',#7346,.T.);
#7346 = EDGE_LOOP('',(#7347,#7348,#7369,#7370));
#7347 = ORIENTED_EDGE('',*,*,#5258,.F.);
#7348 = ORIENTED_EDGE('',*,*,#7349,.T.);
#7349 = EDGE_CURVE('',#5231,#3021,#7350,.T.);
#7350 = SURFACE_CURVE('',#7351,(#7355,#7362),.PCURVE_S1.);
#7351 = LINE('',#7352,#7353);
#7352 = CARTESIAN_POINT('',(14.5,11.8381,-5.4));
#7353 = VECTOR('',#7354,1.);
#7354 = DIRECTION('',(1.,0.,0.));
#7355 = PCURVE('',#3068,#7356);
#7356 = DEFINITIONAL_REPRESENTATION('',(#7357),#7361);
#7357 = LINE('',#7358,#7359);
#7358 = CARTESIAN_POINT('',(0.8,0.));
#7359 = VECTOR('',#7360,1.);
#7360 = DIRECTION('',(0.,-1.));
#7361 = ( GEOMETRIC_REPRESENTATION_CONTEXT(2) 
PARAMETRIC_REPRESENTATION_CONTEXT() REPRESENTATION_CONTEXT('2D SPACE',''
  ) );
#7362 = PCURVE('',#3041,#7363);
#7363 = DEFINITIONAL_REPRESENTATION('',(#7364),#7368);
#7364 = LINE('',#7365,#7366);
#7365 = CARTESIAN_POINT('',(1.570796326795,0.));
#7366 = VECTOR('',#7367,1.);
#7367 = DIRECTION('',(0.,1.));
#7368 = ( GEOMETRIC_REPRESENTATION_CONTEXT(2) 
PARAMETRIC_REPRESENTATION_CONTEXT() REPRESENTATION_CONTEXT('2D SPACE',''
  ) );
#7369 = ORIENTED_EDGE('',*,*,#3053,.T.);
#7370 = ORIENTED_EDGE('',*,*,#7294,.F.);
#7371 = ADVANCED_FACE('',(#7372),#3009,.T.);
#7372 = FACE_BOUND('',#7373,.T.);
#7373 = EDGE_LOOP('',(#7374,#7375,#7376,#7377));
#7374 = ORIENTED_EDGE('',*,*,#5209,.F.);
#7375 = ORIENTED_EDGE('',*,*,#7323,.T.);
#7376 = ORIENTED_EDGE('',*,*,#2994,.T.);
#7377 = ORIENTED_EDGE('',*,*,#7378,.F.);
#7378 = EDGE_CURVE('',#5210,#2995,#7379,.T.);
#7379 = SURFACE_CURVE('',#7380,(#7384,#7391),.PCURVE_S1.);
#7380 = LINE('',#7381,#7382);
#7381 = CARTESIAN_POINT('',(14.5,12.6381,-6.2));
#7382 = VECTOR('',#7383,1.);
#7383 = DIRECTION('',(1.,0.,0.));
#7384 = PCURVE('',#3009,#7385);
#7385 = DEFINITIONAL_REPRESENTATION('',(#7386),#7390);
#7386 = LINE('',#7387,#7388);
#7387 = CARTESIAN_POINT('',(4.,0.));
#7388 = VECTOR('',#7389,1.);
#7389 = DIRECTION('',(0.,-1.));
#7390 = ( GEOMETRIC_REPRESENTATION_CONTEXT(2) 
PARAMETRIC_REPRESENTATION_CONTEXT() REPRESENTATION_CONTEXT('2D SPACE',''
  ) );
#7391 = PCURVE('',#3041,#7392);
#7392 = DEFINITIONAL_REPRESENTATION('',(#7393),#7397);
#7393 = LINE('',#7394,#7395);
#7394 = CARTESIAN_POINT('',(0.,0.));
#7395 = VECTOR('',#7396,1.);
#7396 = DIRECTION('',(0.,1.));
#7397 = ( GEOMETRIC_REPRESENTATION_CONTEXT(2) 
PARAMETRIC_REPRESENTATION_CONTEXT() REPRESENTATION_CONTEXT('2D SPACE',''
  ) );
#7398 = ADVANCED_FACE('',(#7399),#3041,.F.);
#7399 = FACE_BOUND('',#7400,.F.);
#7400 = EDGE_LOOP('',(#7401,#7402,#7403,#7404));
#7401 = ORIENTED_EDGE('',*,*,#7378,.F.);
#7402 = ORIENTED_EDGE('',*,*,#5230,.T.);
#7403 = ORIENTED_EDGE('',*,*,#7349,.T.);
#7404 = ORIENTED_EDGE('',*,*,#3020,.F.);
#7405 = ADVANCED_FACE('',(#7406),#3208,.T.);
#7406 = FACE_BOUND('',#7407,.T.);
#7407 = EDGE_LOOP('',(#7408,#7409,#7410,#7411));
#7408 = ORIENTED_EDGE('',*,*,#3727,.F.);
#7409 = ORIENTED_EDGE('',*,*,#3191,.T.);
#7410 = ORIENTED_EDGE('',*,*,#5708,.T.);
#7411 = ORIENTED_EDGE('',*,*,#7412,.F.);
#7412 = EDGE_CURVE('',#3728,#5709,#7413,.T.);
#7413 = SURFACE_CURVE('',#7414,(#7418,#7425),.PCURVE_S1.);
#7414 = LINE('',#7415,#7416);
#7415 = CARTESIAN_POINT('',(-18.4487153331,30.321527181977,-13.));
#7416 = VECTOR('',#7417,1.);
#7417 = DIRECTION('',(0.,0.,1.));
#7418 = PCURVE('',#3208,#7419);
#7419 = DEFINITIONAL_REPRESENTATION('',(#7420),#7424);
#7420 = LINE('',#7421,#7422);
#7421 = CARTESIAN_POINT('',(9.093460727484,0.));
#7422 = VECTOR('',#7423,1.);
#7423 = DIRECTION('',(0.,-1.));
#7424 = ( GEOMETRIC_REPRESENTATION_CONTEXT(2) 
PARAMETRIC_REPRESENTATION_CONTEXT() REPRESENTATION_CONTEXT('2D SPACE',''
  ) );
#7425 = PCURVE('',#3793,#7426);
#7426 = DEFINITIONAL_REPRESENTATION('',(#7427),#7431);
#7427 = LINE('',#7428,#7429);
#7428 = CARTESIAN_POINT('',(9.259162980755E-02,0.));
#7429 = VECTOR('',#7430,1.);
#7430 = DIRECTION('',(0.,-1.));
#7431 = ( GEOMETRIC_REPRESENTATION_CONTEXT(2) 
PARAMETRIC_REPRESENTATION_CONTEXT() REPRESENTATION_CONTEXT('2D SPACE',''
  ) );
#7432 = ADVANCED_FACE('',(#7433),#3793,.T.);
#7433 = FACE_BOUND('',#7434,.T.);
#7434 = EDGE_LOOP('',(#7435,#7436,#7437,#7458));
#7435 = ORIENTED_EDGE('',*,*,#7412,.T.);
#7436 = ORIENTED_EDGE('',*,*,#5757,.T.);
#7437 = ORIENTED_EDGE('',*,*,#7438,.F.);
#7438 = EDGE_CURVE('',#3777,#5758,#7439,.T.);
#7439 = SURFACE_CURVE('',#7440,(#7444,#7451),.PCURVE_S1.);
#7440 = LINE('',#7441,#7442);
#7441 = CARTESIAN_POINT('',(-16.05210172423,31.380552887319,-13.));
#7442 = VECTOR('',#7443,1.);
#7443 = DIRECTION('',(0.,0.,1.));
#7444 = PCURVE('',#3793,#7445);
#7445 = DEFINITIONAL_REPRESENTATION('',(#7446),#7450);
#7446 = LINE('',#7447,#7448);
#7447 = CARTESIAN_POINT('',(2.216832284405,0.));
#7448 = VECTOR('',#7449,1.);
#7449 = DIRECTION('',(0.,-1.));
#7450 = ( GEOMETRIC_REPRESENTATION_CONTEXT(2) 
PARAMETRIC_REPRESENTATION_CONTEXT() REPRESENTATION_CONTEXT('2D SPACE',''
  ) );
#7451 = PCURVE('',#3867,#7452);
#7452 = DEFINITIONAL_REPRESENTATION('',(#7453),#7457);
#7453 = LINE('',#7454,#7455);
#7454 = CARTESIAN_POINT('',(0.,0.));
#7455 = VECTOR('',#7456,1.);
#7456 = DIRECTION('',(0.,-1.));
#7457 = ( GEOMETRIC_REPRESENTATION_CONTEXT(2) 
PARAMETRIC_REPRESENTATION_CONTEXT() REPRESENTATION_CONTEXT('2D SPACE',''
  ) );
#7458 = ORIENTED_EDGE('',*,*,#3776,.F.);
#7459 = ADVANCED_FACE('',(#7460),#3867,.T.);
#7460 = FACE_BOUND('',#7461,.T.);
#7461 = EDGE_LOOP('',(#7462,#7463,#7464,#7485));
#7462 = ORIENTED_EDGE('',*,*,#7438,.T.);
#7463 = ORIENTED_EDGE('',*,*,#5829,.T.);
#7464 = ORIENTED_EDGE('',*,*,#7465,.F.);
#7465 = EDGE_CURVE('',#3832,#5808,#7466,.T.);
#7466 = SURFACE_CURVE('',#7467,(#7471,#7478),.PCURVE_S1.);
#7467 = LINE('',#7468,#7469);
#7468 = CARTESIAN_POINT('',(-7.903044079266,25.236422123256,-13.));
#7469 = VECTOR('',#7470,1.);
#7470 = DIRECTION('',(0.,0.,1.));
#7471 = PCURVE('',#3867,#7472);
#7472 = DEFINITIONAL_REPRESENTATION('',(#7473),#7477);
#7473 = LINE('',#7474,#7475);
#7474 = CARTESIAN_POINT('',(10.20575736273,0.));
#7475 = VECTOR('',#7476,1.);
#7476 = DIRECTION('',(0.,-1.));
#7477 = ( GEOMETRIC_REPRESENTATION_CONTEXT(2) 
PARAMETRIC_REPRESENTATION_CONTEXT() REPRESENTATION_CONTEXT('2D SPACE',''
  ) );
#7478 = PCURVE('',#3926,#7479);
#7479 = DEFINITIONAL_REPRESENTATION('',(#7480),#7484);
#7480 = LINE('',#7481,#7482);
#7481 = CARTESIAN_POINT('',(2.216832284405,0.));
#7482 = VECTOR('',#7483,1.);
#7483 = DIRECTION('',(0.,-1.));
#7484 = ( GEOMETRIC_REPRESENTATION_CONTEXT(2) 
PARAMETRIC_REPRESENTATION_CONTEXT() REPRESENTATION_CONTEXT('2D SPACE',''
  ) );
#7485 = ORIENTED_EDGE('',*,*,#3853,.F.);
#7486 = ADVANCED_FACE('',(#7487),#3926,.T.);
#7487 = FACE_BOUND('',#7488,.T.);
#7488 = EDGE_LOOP('',(#7489,#7490,#7491,#7492));
#7489 = ORIENTED_EDGE('',*,*,#3909,.F.);
#7490 = ORIENTED_EDGE('',*,*,#7465,.T.);
#7491 = ORIENTED_EDGE('',*,*,#5880,.T.);
#7492 = ORIENTED_EDGE('',*,*,#7493,.T.);
#7493 = EDGE_CURVE('',#5881,#3910,#7494,.T.);
#7494 = SURFACE_CURVE('',#7495,(#7499,#7505),.PCURVE_S1.);
#7495 = LINE('',#7496,#7497);
#7496 = CARTESIAN_POINT('',(-7.856662465185,25.2,-13.));
#7497 = VECTOR('',#7498,1.);
#7498 = DIRECTION('',(0.,0.,-1.));
#7499 = PCURVE('',#3926,#7500);
#7500 = DEFINITIONAL_REPRESENTATION('',(#7501),#7504);
#7501 = B_SPLINE_CURVE_WITH_KNOTS('',1,(#7502,#7503),.UNSPECIFIED.,.F.,
  .F.,(2,2),(-12.3500006,-0.6499994),.PIECEWISE_BEZIER_KNOTS.);
#7502 = CARTESIAN_POINT('',(2.256150209367,-12.3500006));
#7503 = CARTESIAN_POINT('',(2.256150209367,-0.6499994));
#7504 = ( GEOMETRIC_REPRESENTATION_CONTEXT(2) 
PARAMETRIC_REPRESENTATION_CONTEXT() REPRESENTATION_CONTEXT('2D SPACE',''
  ) );
#7505 = PCURVE('',#4119,#7506);
#7506 = DEFINITIONAL_REPRESENTATION('',(#7507),#7510);
#7507 = B_SPLINE_CURVE_WITH_KNOTS('',1,(#7508,#7509),.UNSPECIFIED.,.F.,
  .F.,(2,2),(-12.3500006,-0.6499994),.PIECEWISE_BEZIER_KNOTS.);
#7508 = CARTESIAN_POINT('',(29.056662465185,-12.3500006));
#7509 = CARTESIAN_POINT('',(29.056662465185,-0.6499994));
#7510 = ( GEOMETRIC_REPRESENTATION_CONTEXT(2) 
PARAMETRIC_REPRESENTATION_CONTEXT() REPRESENTATION_CONTEXT('2D SPACE',''
  ) );
#7511 = ADVANCED_FACE('',(#7512),#4119,.F.);
#7512 = FACE_BOUND('',#7513,.F.);
#7513 = EDGE_LOOP('',(#7514,#7515,#7534,#7535));
#7514 = ORIENTED_EDGE('',*,*,#4103,.F.);
#7515 = ORIENTED_EDGE('',*,*,#7516,.F.);
#7516 = EDGE_CURVE('',#6082,#4104,#7517,.T.);
#7517 = SURFACE_CURVE('',#7518,(#7522,#7528),.PCURVE_S1.);
#7518 = LINE('',#7519,#7520);
#7519 = CARTESIAN_POINT('',(7.856662465185,25.2,-13.));
#7520 = VECTOR('',#7521,1.);
#7521 = DIRECTION('',(0.,0.,-1.));
#7522 = PCURVE('',#4119,#7523);
#7523 = DEFINITIONAL_REPRESENTATION('',(#7524),#7527);
#7524 = B_SPLINE_CURVE_WITH_KNOTS('',1,(#7525,#7526),.UNSPECIFIED.,.F.,
  .F.,(2,2),(-12.3500006,-0.6499994),.PIECEWISE_BEZIER_KNOTS.);
#7525 = CARTESIAN_POINT('',(13.343337534815,-12.3500006));
#7526 = CARTESIAN_POINT('',(13.343337534815,-0.6499994));
#7527 = ( GEOMETRIC_REPRESENTATION_CONTEXT(2) 
PARAMETRIC_REPRESENTATION_CONTEXT() REPRESENTATION_CONTEXT('2D SPACE',''
  ) );
#7528 = PCURVE('',#4273,#7529);
#7529 = DEFINITIONAL_REPRESENTATION('',(#7530),#7533);
#7530 = B_SPLINE_CURVE_WITH_KNOTS('',1,(#7531,#7532),.UNSPECIFIED.,.F.,
  .F.,(2,2),(-12.3500006,-0.6499994),.PIECEWISE_BEZIER_KNOTS.);
#7531 = CARTESIAN_POINT('',(7.168627751402,-12.3500006));
#7532 = CARTESIAN_POINT('',(7.168627751402,-0.6499994));
#7533 = ( GEOMETRIC_REPRESENTATION_CONTEXT(2) 
PARAMETRIC_REPRESENTATION_CONTEXT() REPRESENTATION_CONTEXT('2D SPACE',''
  ) );
#7534 = ORIENTED_EDGE('',*,*,#6081,.T.);
#7535 = ORIENTED_EDGE('',*,*,#7493,.T.);
#7536 = ADVANCED_FACE('',(#7537),#4218,.T.);
#7537 = FACE_BOUND('',#7538,.T.);
#7538 = EDGE_LOOP('',(#7539,#7540,#7561,#7562));
#7539 = ORIENTED_EDGE('',*,*,#4202,.F.);
#7540 = ORIENTED_EDGE('',*,*,#7541,.T.);
#7541 = EDGE_CURVE('',#4203,#6176,#7542,.T.);
#7542 = SURFACE_CURVE('',#7543,(#7547,#7554),.PCURVE_S1.);
#7543 = LINE('',#7544,#7545);
#7544 = CARTESIAN_POINT('',(18.448715333102,30.321527181977,-13.));
#7545 = VECTOR('',#7546,1.);
#7546 = DIRECTION('',(0.,0.,1.));
#7547 = PCURVE('',#4218,#7548);
#7548 = DEFINITIONAL_REPRESENTATION('',(#7549),#7553);
#7549 = LINE('',#7550,#7551);
#7550 = CARTESIAN_POINT('',(0.,0.));
#7551 = VECTOR('',#7552,1.);
#7552 = DIRECTION('',(0.,-1.));
#7553 = ( GEOMETRIC_REPRESENTATION_CONTEXT(2) 
PARAMETRIC_REPRESENTATION_CONTEXT() REPRESENTATION_CONTEXT('2D SPACE',''
  ) );
#7554 = PCURVE('',#4346,#7555);
#7555 = DEFINITIONAL_REPRESENTATION('',(#7556),#7560);
#7556 = LINE('',#7557,#7558);
#7557 = CARTESIAN_POINT('',(3.049001023782,0.));
#7558 = VECTOR('',#7559,1.);
#7559 = DIRECTION('',(0.,-1.));
#7560 = ( GEOMETRIC_REPRESENTATION_CONTEXT(2) 
PARAMETRIC_REPRESENTATION_CONTEXT() REPRESENTATION_CONTEXT('2D SPACE',''
  ) );
#7561 = ORIENTED_EDGE('',*,*,#6175,.T.);
#7562 = ORIENTED_EDGE('',*,*,#6738,.F.);
#7563 = ADVANCED_FACE('',(#7564),#4273,.T.);
#7564 = FACE_BOUND('',#7565,.T.);
#7565 = EDGE_LOOP('',(#7566,#7567,#7568,#7569));
#7566 = ORIENTED_EDGE('',*,*,#4256,.F.);
#7567 = ORIENTED_EDGE('',*,*,#7516,.F.);
#7568 = ORIENTED_EDGE('',*,*,#6224,.T.);
#7569 = ORIENTED_EDGE('',*,*,#7570,.F.);
#7570 = EDGE_CURVE('',#4257,#6225,#7571,.T.);
#7571 = SURFACE_CURVE('',#7572,(#7576,#7583),.PCURVE_S1.);
#7572 = LINE('',#7573,#7574);
#7573 = CARTESIAN_POINT('',(7.903044079266,25.236422123256,-13.));
#7574 = VECTOR('',#7575,1.);
#7575 = DIRECTION('',(0.,0.,1.));
#7576 = PCURVE('',#4273,#7577);
#7577 = DEFINITIONAL_REPRESENTATION('',(#7578),#7582);
#7578 = LINE('',#7579,#7580);
#7579 = CARTESIAN_POINT('',(7.207945676365,0.));
#7580 = VECTOR('',#7581,1.);
#7581 = DIRECTION('',(0.,-1.));
#7582 = ( GEOMETRIC_REPRESENTATION_CONTEXT(2) 
PARAMETRIC_REPRESENTATION_CONTEXT() REPRESENTATION_CONTEXT('2D SPACE',''
  ) );
#7583 = PCURVE('',#4380,#7584);
#7584 = DEFINITIONAL_REPRESENTATION('',(#7585),#7589);
#7585 = LINE('',#7586,#7587);
#7586 = CARTESIAN_POINT('',(0.,0.));
#7587 = VECTOR('',#7588,1.);
#7588 = DIRECTION('',(0.,-1.));
#7589 = ( GEOMETRIC_REPRESENTATION_CONTEXT(2) 
PARAMETRIC_REPRESENTATION_CONTEXT() REPRESENTATION_CONTEXT('2D SPACE',''
  ) );
#7590 = ADVANCED_FACE('',(#7591),#4346,.T.);
#7591 = FACE_BOUND('',#7592,.T.);
#7592 = EDGE_LOOP('',(#7593,#7614,#7615,#7616));
#7593 = ORIENTED_EDGE('',*,*,#7594,.T.);
#7594 = EDGE_CURVE('',#4310,#6273,#7595,.T.);
#7595 = SURFACE_CURVE('',#7596,(#7600,#7607),.PCURVE_S1.);
#7596 = LINE('',#7597,#7598);
#7597 = CARTESIAN_POINT('',(16.052101724234,31.380552887319,-13.));
#7598 = VECTOR('',#7599,1.);
#7599 = DIRECTION('',(0.,0.,1.));
#7600 = PCURVE('',#4346,#7601);
#7601 = DEFINITIONAL_REPRESENTATION('',(#7602),#7606);
#7602 = LINE('',#7603,#7604);
#7603 = CARTESIAN_POINT('',(0.924760369185,0.));
#7604 = VECTOR('',#7605,1.);
#7605 = DIRECTION('',(0.,-1.));
#7606 = ( GEOMETRIC_REPRESENTATION_CONTEXT(2) 
PARAMETRIC_REPRESENTATION_CONTEXT() REPRESENTATION_CONTEXT('2D SPACE',''
  ) );
#7607 = PCURVE('',#4380,#7608);
#7608 = DEFINITIONAL_REPRESENTATION('',(#7609),#7613);
#7609 = LINE('',#7610,#7611);
#7610 = CARTESIAN_POINT('',(10.20575736273,0.));
#7611 = VECTOR('',#7612,1.);
#7612 = DIRECTION('',(0.,-1.));
#7613 = ( GEOMETRIC_REPRESENTATION_CONTEXT(2) 
PARAMETRIC_REPRESENTATION_CONTEXT() REPRESENTATION_CONTEXT('2D SPACE',''
  ) );
#7614 = ORIENTED_EDGE('',*,*,#6294,.T.);
#7615 = ORIENTED_EDGE('',*,*,#7541,.F.);
#7616 = ORIENTED_EDGE('',*,*,#4331,.F.);
#7617 = ADVANCED_FACE('',(#7618),#4380,.T.);
#7618 = FACE_BOUND('',#7619,.T.);
#7619 = EDGE_LOOP('',(#7620,#7621,#7622,#7623));
#7620 = ORIENTED_EDGE('',*,*,#7570,.T.);
#7621 = ORIENTED_EDGE('',*,*,#6324,.T.);
#7622 = ORIENTED_EDGE('',*,*,#7594,.F.);
#7623 = ORIENTED_EDGE('',*,*,#4366,.F.);
#7624 = ADVANCED_FACE('',(#7625),#4434,.F.);
#7625 = FACE_BOUND('',#7626,.F.);
#7626 = EDGE_LOOP('',(#7627));
#7627 = ORIENTED_EDGE('',*,*,#4419,.T.);
#7628 = ADVANCED_FACE('',(#7629),#4489,.F.);
#7629 = FACE_BOUND('',#7630,.F.);
#7630 = EDGE_LOOP('',(#7631));
#7631 = ORIENTED_EDGE('',*,*,#4474,.T.);
#7632 = ADVANCED_FACE('',(#7633),#4544,.F.);
#7633 = FACE_BOUND('',#7634,.F.);
#7634 = EDGE_LOOP('',(#7635));
#7635 = ORIENTED_EDGE('',*,*,#4529,.T.);
#7636 = ADVANCED_FACE('',(#7637,#7647),#4622,.F.);
#7637 = FACE_BOUND('',#7638,.F.);
#7638 = EDGE_LOOP('',(#7639,#7640,#7641,#7642,#7643,#7644,#7645,#7646));
#7639 = ORIENTED_EDGE('',*,*,#4661,.T.);
#7640 = ORIENTED_EDGE('',*,*,#4607,.T.);
#7641 = ORIENTED_EDGE('',*,*,#4688,.T.);
#7642 = ORIENTED_EDGE('',*,*,#5408,.T.);
#7643 = ORIENTED_EDGE('',*,*,#5494,.T.);
#7644 = ORIENTED_EDGE('',*,*,#5544,.T.);
#7645 = ORIENTED_EDGE('',*,*,#5457,.T.);
#7646 = ORIENTED_EDGE('',*,*,#5354,.F.);
#7647 = FACE_BOUND('',#7648,.F.);
#7648 = EDGE_LOOP('',(#7649,#7650,#7651,#7652,#7653,#7654,#7655,#7656));
#7649 = ORIENTED_EDGE('',*,*,#6371,.F.);
#7650 = ORIENTED_EDGE('',*,*,#6711,.T.);
#7651 = ORIENTED_EDGE('',*,*,#6684,.F.);
#7652 = ORIENTED_EDGE('',*,*,#6614,.T.);
#7653 = ORIENTED_EDGE('',*,*,#6565,.F.);
#7654 = ORIENTED_EDGE('',*,*,#6517,.T.);
#7655 = ORIENTED_EDGE('',*,*,#6468,.F.);
#7656 = ORIENTED_EDGE('',*,*,#6420,.T.);
#7657 = ADVANCED_FACE('',(#7658),#5608,.F.);
#7658 = FACE_BOUND('',#7659,.F.);
#7659 = EDGE_LOOP('',(#7660));
#7660 = ORIENTED_EDGE('',*,*,#5593,.T.);
#7661 = ( GEOMETRIC_REPRESENTATION_CONTEXT(3) 
GLOBAL_UNCERTAINTY_ASSIGNED_CONTEXT((#7665)) 
GLOBAL_UNIT_ASSIGNED_CONTEXT((#7662,#7663,#7664)) REPRESENTATION_CONTEXT
('Context #1','3D Context with UNIT and UNCERTAINTY') );
#7662 = ( LENGTH_UNIT() NAMED_UNIT(*) SI_UNIT(.MILLI.,.METRE.) );
#7663 = ( NAMED_UNIT(*) PLANE_ANGLE_UNIT() SI_UNIT($,.RADIAN.) );
#7664 = ( NAMED_UNIT(*) SI_UNIT($,.STERADIAN.) SOLID_ANGLE_UNIT() );
#7665 = UNCERTAINTY_MEASURE_WITH_UNIT(LENGTH_MEASURE(1.E-07),#7662,
  'distance_accuracy_value','confusion accuracy');
#7666 = CONTEXT_DEPENDENT_SHAPE_REPRESENTATION(#7667,#7669);
#7667 = ( REPRESENTATION_RELATIONSHIP('','',#40,#10) 
REPRESENTATION_RELATIONSHIP_WITH_TRANSFORMATION(#7668) 
SHAPE_REPRESENTATION_RELATIONSHIP() );
#7668 = ITEM_DEFINED_TRANSFORMATION('','',#11,#15);
#7669 = PRODUCT_DEFINITION_SHAPE('Placement','Placement of an item',
  #7670);
#7670 = NEXT_ASSEMBLY_USAGE_OCCURRENCE('1','cat_body','',#5,#35,$);
#7671 = PRODUCT_RELATED_PRODUCT_CATEGORY('part',$,(#37));
#7672 = SHAPE_DEFINITION_REPRESENTATION(#7673,#7679);
#7673 = PRODUCT_DEFINITION_SHAPE('','',#7674);
#7674 = PRODUCT_DEFINITION('design','',#7675,#7678);
#7675 = PRODUCT_DEFINITION_FORMATION('','',#7676);
#7676 = PRODUCT('removable_lid','removable_lid','',(#7677));
#7677 = PRODUCT_CONTEXT('',#2,'mechanical');
#7678 = PRODUCT_DEFINITION_CONTEXT('part definition',#2,'design');
#7679 = ADVANCED_BREP_SHAPE_REPRESENTATION('',(#11,#7680),#13322);
#7680 = MANIFOLD_SOLID_BREP('',#7681);
#7681 = CLOSED_SHELL('',(#7682,#7802,#7890,#7969,#8048,#8126,#8180,#8234
    ,#8310,#9114,#9140,#9678,#9704,#9780,#10132,#10158,#10236,#10293,
    #10319,#10367,#10424,#10471,#10772,#10829,#10886,#10960,#11014,
    #11068,#11093,#11162,#11216,#11270,#11295,#11364,#11418,#11465,
    #11497,#11523,#11549,#11598,#11625,#11679,#11733,#11787,#11863,
    #11917,#11967,#12016,#12065,#12115,#12165,#12192,#12246,#12273,
    #12280,#12287,#12294,#12301,#12308,#12677,#12870,#12917,#12944,
    #12971,#12998,#13025,#13052,#13079,#13086,#13141,#13196,#13251,
    #13306,#13310,#13314,#13318));
#7682 = ADVANCED_FACE('',(#7683),#7697,.F.);
#7683 = FACE_BOUND('',#7684,.F.);
#7684 = EDGE_LOOP('',(#7685,#7720,#7748,#7776));
#7685 = ORIENTED_EDGE('',*,*,#7686,.T.);
#7686 = EDGE_CURVE('',#7687,#7689,#7691,.T.);
#7687 = VERTEX_POINT('',#7688);
#7688 = CARTESIAN_POINT('',(-13.2,-25.2,-14.45));
#7689 = VERTEX_POINT('',#7690);
#7690 = CARTESIAN_POINT('',(-13.2,-25.2,-13.35));
#7691 = SURFACE_CURVE('',#7692,(#7696,#7708),.PCURVE_S1.);
#7692 = LINE('',#7693,#7694);
#7693 = CARTESIAN_POINT('',(-13.2,-25.2,-14.8));
#7694 = VECTOR('',#7695,1.);
#7695 = DIRECTION('',(0.,0.,1.));
#7696 = PCURVE('',#7697,#7702);
#7697 = PLANE('',#7698);
#7698 = AXIS2_PLACEMENT_3D('',#7699,#7700,#7701);
#7699 = CARTESIAN_POINT('',(-21.2,-25.2,-14.8));
#7700 = DIRECTION('',(0.,1.,0.));
#7701 = DIRECTION('',(1.,0.,0.));
#7702 = DEFINITIONAL_REPRESENTATION('',(#7703),#7707);
#7703 = LINE('',#7704,#7705);
#7704 = CARTESIAN_POINT('',(8.,0.));
#7705 = VECTOR('',#7706,1.);
#7706 = DIRECTION('',(0.,-1.));
#7707 = ( GEOMETRIC_REPRESENTATION_CONTEXT(2) 
PARAMETRIC_REPRESENTATION_CONTEXT() REPRESENTATION_CONTEXT('2D SPACE',''
  ) );
#7708 = PCURVE('',#7709,#7714);
#7709 = CYLINDRICAL_SURFACE('',#7710,8.);
#7710 = AXIS2_PLACEMENT_3D('',#7711,#7712,#7713);
#7711 = CARTESIAN_POINT('',(-13.2,-17.2,-14.8));
#7712 = DIRECTION('',(0.,0.,1.));
#7713 = DIRECTION('',(0.,-1.,0.));
#7714 = DEFINITIONAL_REPRESENTATION('',(#7715),#7719);
#7715 = LINE('',#7716,#7717);
#7716 = CARTESIAN_POINT('',(-0.,0.));
#7717 = VECTOR('',#7718,1.);
#7718 = DIRECTION('',(-0.,1.));
#7719 = ( GEOMETRIC_REPRESENTATION_CONTEXT(2) 
PARAMETRIC_REPRESENTATION_CONTEXT() REPRESENTATION_CONTEXT('2D SPACE',''
  ) );
#7720 = ORIENTED_EDGE('',*,*,#7721,.T.);
#7721 = EDGE_CURVE('',#7689,#7722,#7724,.T.);
#7722 = VERTEX_POINT('',#7723);
#7723 = CARTESIAN_POINT('',(13.2,-25.2,-13.35));
#7724 = SURFACE_CURVE('',#7725,(#7729,#7736),.PCURVE_S1.);
#7725 = LINE('',#7726,#7727);
#7726 = CARTESIAN_POINT('',(-13.2,-25.2,-13.35));
#7727 = VECTOR('',#7728,1.);
#7728 = DIRECTION('',(1.,0.,0.));
#7729 = PCURVE('',#7697,#7730);
#7730 = DEFINITIONAL_REPRESENTATION('',(#7731),#7735);
#7731 = LINE('',#7732,#7733);
#7732 = CARTESIAN_POINT('',(8.,-1.45));
#7733 = VECTOR('',#7734,1.);
#7734 = DIRECTION('',(1.,0.));
#7735 = ( GEOMETRIC_REPRESENTATION_CONTEXT(2) 
PARAMETRIC_REPRESENTATION_CONTEXT() REPRESENTATION_CONTEXT('2D SPACE',''
  ) );
#7736 = PCURVE('',#7737,#7742);
#7737 = CYLINDRICAL_SURFACE('',#7738,0.35);
#7738 = AXIS2_PLACEMENT_3D('',#7739,#7740,#7741);
#7739 = CARTESIAN_POINT('',(-13.2,-24.85,-13.35));
#7740 = DIRECTION('',(1.,0.,0.));
#7741 = DIRECTION('',(0.,-1.,-0.));
#7742 = DEFINITIONAL_REPRESENTATION('',(#7743),#7747);
#7743 = LINE('',#7744,#7745);
#7744 = CARTESIAN_POINT('',(-0.,0.));
#7745 = VECTOR('',#7746,1.);
#7746 = DIRECTION('',(-0.,1.));
#7747 = ( GEOMETRIC_REPRESENTATION_CONTEXT(2) 
PARAMETRIC_REPRESENTATION_CONTEXT() REPRESENTATION_CONTEXT('2D SPACE',''
  ) );
#7748 = ORIENTED_EDGE('',*,*,#7749,.F.);
#7749 = EDGE_CURVE('',#7750,#7722,#7752,.T.);
#7750 = VERTEX_POINT('',#7751);
#7751 = CARTESIAN_POINT('',(13.2,-25.2,-14.45));
#7752 = SURFACE_CURVE('',#7753,(#7757,#7764),.PCURVE_S1.);
#7753 = LINE('',#7754,#7755);
#7754 = CARTESIAN_POINT('',(13.2,-25.2,-14.8));
#7755 = VECTOR('',#7756,1.);
#7756 = DIRECTION('',(0.,0.,1.));
#7757 = PCURVE('',#7697,#7758);
#7758 = DEFINITIONAL_REPRESENTATION('',(#7759),#7763);
#7759 = LINE('',#7760,#7761);
#7760 = CARTESIAN_POINT('',(34.4,0.));
#7761 = VECTOR('',#7762,1.);
#7762 = DIRECTION('',(0.,-1.));
#7763 = ( GEOMETRIC_REPRESENTATION_CONTEXT(2) 
PARAMETRIC_REPRESENTATION_CONTEXT() REPRESENTATION_CONTEXT('2D SPACE',''
  ) );
#7764 = PCURVE('',#7765,#7770);
#7765 = CYLINDRICAL_SURFACE('',#7766,8.);
#7766 = AXIS2_PLACEMENT_3D('',#7767,#7768,#7769);
#7767 = CARTESIAN_POINT('',(13.2,-17.2,-14.8));
#7768 = DIRECTION('',(0.,0.,1.));
#7769 = DIRECTION('',(0.,-1.,0.));
#7770 = DEFINITIONAL_REPRESENTATION('',(#7771),#7775);
#7771 = LINE('',#7772,#7773);
#7772 = CARTESIAN_POINT('',(0.,0.));
#7773 = VECTOR('',#7774,1.);
#7774 = DIRECTION('',(0.,1.));
#7775 = ( GEOMETRIC_REPRESENTATION_CONTEXT(2) 
PARAMETRIC_REPRESENTATION_CONTEXT() REPRESENTATION_CONTEXT('2D SPACE',''
  ) );
#7776 = ORIENTED_EDGE('',*,*,#7777,.F.);
#7777 = EDGE_CURVE('',#7687,#7750,#7778,.T.);
#7778 = SURFACE_CURVE('',#7779,(#7783,#7790),.PCURVE_S1.);
#7779 = LINE('',#7780,#7781);
#7780 = CARTESIAN_POINT('',(-13.2,-25.2,-14.45));
#7781 = VECTOR('',#7782,1.);
#7782 = DIRECTION('',(1.,0.,0.));
#7783 = PCURVE('',#7697,#7784);
#7784 = DEFINITIONAL_REPRESENTATION('',(#7785),#7789);
#7785 = LINE('',#7786,#7787);
#7786 = CARTESIAN_POINT('',(8.,-0.35));
#7787 = VECTOR('',#7788,1.);
#7788 = DIRECTION('',(1.,0.));
#7789 = ( GEOMETRIC_REPRESENTATION_CONTEXT(2) 
PARAMETRIC_REPRESENTATION_CONTEXT() REPRESENTATION_CONTEXT('2D SPACE',''
  ) );
#7790 = PCURVE('',#7791,#7796);
#7791 = CYLINDRICAL_SURFACE('',#7792,0.35);
#7792 = AXIS2_PLACEMENT_3D('',#7793,#7794,#7795);
#7793 = CARTESIAN_POINT('',(-13.2,-24.85,-14.45));
#7794 = DIRECTION('',(1.,0.,0.));
#7795 = DIRECTION('',(0.,-1.,-0.));
#7796 = DEFINITIONAL_REPRESENTATION('',(#7797),#7801);
#7797 = LINE('',#7798,#7799);
#7798 = CARTESIAN_POINT('',(0.,0.));
#7799 = VECTOR('',#7800,1.);
#7800 = DIRECTION('',(0.,1.));
#7801 = ( GEOMETRIC_REPRESENTATION_CONTEXT(2) 
PARAMETRIC_REPRESENTATION_CONTEXT() REPRESENTATION_CONTEXT('2D SPACE',''
  ) );
#7802 = ADVANCED_FACE('',(#7803),#7709,.T.);
#7803 = FACE_BOUND('',#7804,.F.);
#7804 = EDGE_LOOP('',(#7805,#7806,#7835,#7863));
#7805 = ORIENTED_EDGE('',*,*,#7686,.F.);
#7806 = ORIENTED_EDGE('',*,*,#7807,.F.);
#7807 = EDGE_CURVE('',#7808,#7687,#7810,.T.);
#7808 = VERTEX_POINT('',#7809);
#7809 = CARTESIAN_POINT('',(-21.2,-17.2,-14.45));
#7810 = SURFACE_CURVE('',#7811,(#7816,#7823),.PCURVE_S1.);
#7811 = CIRCLE('',#7812,8.);
#7812 = AXIS2_PLACEMENT_3D('',#7813,#7814,#7815);
#7813 = CARTESIAN_POINT('',(-13.2,-17.2,-14.45));
#7814 = DIRECTION('',(0.,0.,1.));
#7815 = DIRECTION('',(-1.,0.,0.));
#7816 = PCURVE('',#7709,#7817);
#7817 = DEFINITIONAL_REPRESENTATION('',(#7818),#7822);
#7818 = LINE('',#7819,#7820);
#7819 = CARTESIAN_POINT('',(-1.570796326795,0.35));
#7820 = VECTOR('',#7821,1.);
#7821 = DIRECTION('',(1.,-0.));
#7822 = ( GEOMETRIC_REPRESENTATION_CONTEXT(2) 
PARAMETRIC_REPRESENTATION_CONTEXT() REPRESENTATION_CONTEXT('2D SPACE',''
  ) );
#7823 = PCURVE('',#7824,#7829);
#7824 = TOROIDAL_SURFACE('',#7825,7.65,0.35);
#7825 = AXIS2_PLACEMENT_3D('',#7826,#7827,#7828);
#7826 = CARTESIAN_POINT('',(-13.2,-17.2,-14.45));
#7827 = DIRECTION('',(-0.,-0.,-1.));
#7828 = DIRECTION('',(-1.,0.,0.));
#7829 = DEFINITIONAL_REPRESENTATION('',(#7830),#7834);
#7830 = LINE('',#7831,#7832);
#7831 = CARTESIAN_POINT('',(-0.,0.));
#7832 = VECTOR('',#7833,1.);
#7833 = DIRECTION('',(-1.,0.));
#7834 = ( GEOMETRIC_REPRESENTATION_CONTEXT(2) 
PARAMETRIC_REPRESENTATION_CONTEXT() REPRESENTATION_CONTEXT('2D SPACE',''
  ) );
#7835 = ORIENTED_EDGE('',*,*,#7836,.T.);
#7836 = EDGE_CURVE('',#7808,#7837,#7839,.T.);
#7837 = VERTEX_POINT('',#7838);
#7838 = CARTESIAN_POINT('',(-21.2,-17.2,-13.35));
#7839 = SURFACE_CURVE('',#7840,(#7844,#7851),.PCURVE_S1.);
#7840 = LINE('',#7841,#7842);
#7841 = CARTESIAN_POINT('',(-21.2,-17.2,-14.8));
#7842 = VECTOR('',#7843,1.);
#7843 = DIRECTION('',(0.,0.,1.));
#7844 = PCURVE('',#7709,#7845);
#7845 = DEFINITIONAL_REPRESENTATION('',(#7846),#7850);
#7846 = LINE('',#7847,#7848);
#7847 = CARTESIAN_POINT('',(-1.570796326795,0.));
#7848 = VECTOR('',#7849,1.);
#7849 = DIRECTION('',(-0.,1.));
#7850 = ( GEOMETRIC_REPRESENTATION_CONTEXT(2) 
PARAMETRIC_REPRESENTATION_CONTEXT() REPRESENTATION_CONTEXT('2D SPACE',''
  ) );
#7851 = PCURVE('',#7852,#7857);
#7852 = PLANE('',#7853);
#7853 = AXIS2_PLACEMENT_3D('',#7854,#7855,#7856);
#7854 = CARTESIAN_POINT('',(-21.2,25.2,-14.8));
#7855 = DIRECTION('',(1.,0.,-0.));
#7856 = DIRECTION('',(0.,-1.,0.));
#7857 = DEFINITIONAL_REPRESENTATION('',(#7858),#7862);
#7858 = LINE('',#7859,#7860);
#7859 = CARTESIAN_POINT('',(42.4,0.));
#7860 = VECTOR('',#7861,1.);
#7861 = DIRECTION('',(0.,-1.));
#7862 = ( GEOMETRIC_REPRESENTATION_CONTEXT(2) 
PARAMETRIC_REPRESENTATION_CONTEXT() REPRESENTATION_CONTEXT('2D SPACE',''
  ) );
#7863 = ORIENTED_EDGE('',*,*,#7864,.T.);
#7864 = EDGE_CURVE('',#7837,#7689,#7865,.T.);
#7865 = SURFACE_CURVE('',#7866,(#7871,#7878),.PCURVE_S1.);
#7866 = CIRCLE('',#7867,8.);
#7867 = AXIS2_PLACEMENT_3D('',#7868,#7869,#7870);
#7868 = CARTESIAN_POINT('',(-13.2,-17.2,-13.35));
#7869 = DIRECTION('',(0.,0.,1.));
#7870 = DIRECTION('',(-1.,0.,0.));
#7871 = PCURVE('',#7709,#7872);
#7872 = DEFINITIONAL_REPRESENTATION('',(#7873),#7877);
#7873 = LINE('',#7874,#7875);
#7874 = CARTESIAN_POINT('',(-1.570796326795,1.45));
#7875 = VECTOR('',#7876,1.);
#7876 = DIRECTION('',(1.,-0.));
#7877 = ( GEOMETRIC_REPRESENTATION_CONTEXT(2) 
PARAMETRIC_REPRESENTATION_CONTEXT() REPRESENTATION_CONTEXT('2D SPACE',''
  ) );
#7878 = PCURVE('',#7879,#7884);
#7879 = TOROIDAL_SURFACE('',#7880,7.65,0.35);
#7880 = AXIS2_PLACEMENT_3D('',#7881,#7882,#7883);
#7881 = CARTESIAN_POINT('',(-13.2,-17.2,-13.35));
#7882 = DIRECTION('',(0.,0.,1.));
#7883 = DIRECTION('',(-1.,0.,0.));
#7884 = DEFINITIONAL_REPRESENTATION('',(#7885),#7889);
#7885 = LINE('',#7886,#7887);
#7886 = CARTESIAN_POINT('',(0.,0.));
#7887 = VECTOR('',#7888,1.);
#7888 = DIRECTION('',(1.,0.));
#7889 = ( GEOMETRIC_REPRESENTATION_CONTEXT(2) 
PARAMETRIC_REPRESENTATION_CONTEXT() REPRESENTATION_CONTEXT('2D SPACE',''
  ) );
#7890 = ADVANCED_FACE('',(#7891),#7791,.T.);
#7891 = FACE_BOUND('',#7892,.T.);
#7892 = EDGE_LOOP('',(#7893,#7915,#7943,#7968));
#7893 = ORIENTED_EDGE('',*,*,#7894,.T.);
#7894 = EDGE_CURVE('',#7687,#7895,#7897,.T.);
#7895 = VERTEX_POINT('',#7896);
#7896 = CARTESIAN_POINT('',(-13.2,-24.85,-14.8));
#7897 = SURFACE_CURVE('',#7898,(#7903,#7909),.PCURVE_S1.);
#7898 = CIRCLE('',#7899,0.35);
#7899 = AXIS2_PLACEMENT_3D('',#7900,#7901,#7902);
#7900 = CARTESIAN_POINT('',(-13.2,-24.85,-14.45));
#7901 = DIRECTION('',(1.,0.,0.));
#7902 = DIRECTION('',(0.,-1.,-0.));
#7903 = PCURVE('',#7791,#7904);
#7904 = DEFINITIONAL_REPRESENTATION('',(#7905),#7908);
#7905 = B_SPLINE_CURVE_WITH_KNOTS('',1,(#7906,#7907),.UNSPECIFIED.,.F.,
  .F.,(2,2),(0.,1.570796326795),.PIECEWISE_BEZIER_KNOTS.);
#7906 = CARTESIAN_POINT('',(0.,0.));
#7907 = CARTESIAN_POINT('',(1.570796326795,0.));
#7908 = ( GEOMETRIC_REPRESENTATION_CONTEXT(2) 
PARAMETRIC_REPRESENTATION_CONTEXT() REPRESENTATION_CONTEXT('2D SPACE',''
  ) );
#7909 = PCURVE('',#7824,#7910);
#7910 = DEFINITIONAL_REPRESENTATION('',(#7911),#7914);
#7911 = B_SPLINE_CURVE_WITH_KNOTS('',1,(#7912,#7913),.UNSPECIFIED.,.F.,
  .F.,(2,2),(0.,1.570796326795),.PIECEWISE_BEZIER_KNOTS.);
#7912 = CARTESIAN_POINT('',(-1.570796326795,0.));
#7913 = CARTESIAN_POINT('',(-1.570796326795,1.570796326795));
#7914 = ( GEOMETRIC_REPRESENTATION_CONTEXT(2) 
PARAMETRIC_REPRESENTATION_CONTEXT() REPRESENTATION_CONTEXT('2D SPACE',''
  ) );
#7915 = ORIENTED_EDGE('',*,*,#7916,.T.);
#7916 = EDGE_CURVE('',#7895,#7917,#7919,.T.);
#7917 = VERTEX_POINT('',#7918);
#7918 = CARTESIAN_POINT('',(13.2,-24.85,-14.8));
#7919 = SURFACE_CURVE('',#7920,(#7924,#7931),.PCURVE_S1.);
#7920 = LINE('',#7921,#7922);
#7921 = CARTESIAN_POINT('',(-13.2,-24.85,-14.8));
#7922 = VECTOR('',#7923,1.);
#7923 = DIRECTION('',(1.,0.,0.));
#7924 = PCURVE('',#7791,#7925);
#7925 = DEFINITIONAL_REPRESENTATION('',(#7926),#7930);
#7926 = LINE('',#7927,#7928);
#7927 = CARTESIAN_POINT('',(1.570796326795,0.));
#7928 = VECTOR('',#7929,1.);
#7929 = DIRECTION('',(0.,1.));
#7930 = ( GEOMETRIC_REPRESENTATION_CONTEXT(2) 
PARAMETRIC_REPRESENTATION_CONTEXT() REPRESENTATION_CONTEXT('2D SPACE',''
  ) );
#7931 = PCURVE('',#7932,#7937);
#7932 = PLANE('',#7933);
#7933 = AXIS2_PLACEMENT_3D('',#7934,#7935,#7936);
#7934 = CARTESIAN_POINT('',(0.,0.,-14.8));
#7935 = DIRECTION('',(0.,0.,1.));
#7936 = DIRECTION('',(1.,0.,-0.));
#7937 = DEFINITIONAL_REPRESENTATION('',(#7938),#7942);
#7938 = LINE('',#7939,#7940);
#7939 = CARTESIAN_POINT('',(-13.2,-24.85));
#7940 = VECTOR('',#7941,1.);
#7941 = DIRECTION('',(1.,0.));
#7942 = ( GEOMETRIC_REPRESENTATION_CONTEXT(2) 
PARAMETRIC_REPRESENTATION_CONTEXT() REPRESENTATION_CONTEXT('2D SPACE',''
  ) );
#7943 = ORIENTED_EDGE('',*,*,#7944,.F.);
#7944 = EDGE_CURVE('',#7750,#7917,#7945,.T.);
#7945 = SURFACE_CURVE('',#7946,(#7951,#7957),.PCURVE_S1.);
#7946 = CIRCLE('',#7947,0.35);
#7947 = AXIS2_PLACEMENT_3D('',#7948,#7949,#7950);
#7948 = CARTESIAN_POINT('',(13.2,-24.85,-14.45));
#7949 = DIRECTION('',(1.,0.,0.));
#7950 = DIRECTION('',(0.,-1.,-0.));
#7951 = PCURVE('',#7791,#7952);
#7952 = DEFINITIONAL_REPRESENTATION('',(#7953),#7956);
#7953 = B_SPLINE_CURVE_WITH_KNOTS('',1,(#7954,#7955),.UNSPECIFIED.,.F.,
  .F.,(2,2),(0.,1.570796326795),.PIECEWISE_BEZIER_KNOTS.);
#7954 = CARTESIAN_POINT('',(0.,26.4));
#7955 = CARTESIAN_POINT('',(1.570796326795,26.4));
#7956 = ( GEOMETRIC_REPRESENTATION_CONTEXT(2) 
PARAMETRIC_REPRESENTATION_CONTEXT() REPRESENTATION_CONTEXT('2D SPACE',''
  ) );
#7957 = PCURVE('',#7958,#7963);
#7958 = TOROIDAL_SURFACE('',#7959,7.65,0.35);
#7959 = AXIS2_PLACEMENT_3D('',#7960,#7961,#7962);
#7960 = CARTESIAN_POINT('',(13.2,-17.2,-14.45));
#7961 = DIRECTION('',(-0.,-0.,-1.));
#7962 = DIRECTION('',(0.,-1.,0.));
#7963 = DEFINITIONAL_REPRESENTATION('',(#7964),#7967);
#7964 = B_SPLINE_CURVE_WITH_KNOTS('',1,(#7965,#7966),.UNSPECIFIED.,.F.,
  .F.,(2,2),(0.,1.570796326795),.PIECEWISE_BEZIER_KNOTS.);
#7965 = CARTESIAN_POINT('',(0.,0.));
#7966 = CARTESIAN_POINT('',(0.,1.570796326795));
#7967 = ( GEOMETRIC_REPRESENTATION_CONTEXT(2) 
PARAMETRIC_REPRESENTATION_CONTEXT() REPRESENTATION_CONTEXT('2D SPACE',''
  ) );
#7968 = ORIENTED_EDGE('',*,*,#7777,.F.);
#7969 = ADVANCED_FACE('',(#7970),#7737,.T.);
#7970 = FACE_BOUND('',#7971,.F.);
#7971 = EDGE_LOOP('',(#7972,#7994,#8022,#8047));
#7972 = ORIENTED_EDGE('',*,*,#7973,.T.);
#7973 = EDGE_CURVE('',#7689,#7974,#7976,.T.);
#7974 = VERTEX_POINT('',#7975);
#7975 = CARTESIAN_POINT('',(-13.2,-24.85,-13.));
#7976 = SURFACE_CURVE('',#7977,(#7982,#7988),.PCURVE_S1.);
#7977 = CIRCLE('',#7978,0.35);
#7978 = AXIS2_PLACEMENT_3D('',#7979,#7980,#7981);
#7979 = CARTESIAN_POINT('',(-13.2,-24.85,-13.35));
#7980 = DIRECTION('',(-1.,-0.,0.));
#7981 = DIRECTION('',(0.,-1.,0.));
#7982 = PCURVE('',#7737,#7983);
#7983 = DEFINITIONAL_REPRESENTATION('',(#7984),#7987);
#7984 = B_SPLINE_CURVE_WITH_KNOTS('',1,(#7985,#7986),.UNSPECIFIED.,.F.,
  .F.,(2,2),(0.,1.570796326795),.PIECEWISE_BEZIER_KNOTS.);
#7985 = CARTESIAN_POINT('',(0.,0.));
#7986 = CARTESIAN_POINT('',(-1.570796326795,0.));
#7987 = ( GEOMETRIC_REPRESENTATION_CONTEXT(2) 
PARAMETRIC_REPRESENTATION_CONTEXT() REPRESENTATION_CONTEXT('2D SPACE',''
  ) );
#7988 = PCURVE('',#7879,#7989);
#7989 = DEFINITIONAL_REPRESENTATION('',(#7990),#7993);
#7990 = B_SPLINE_CURVE_WITH_KNOTS('',1,(#7991,#7992),.UNSPECIFIED.,.F.,
  .F.,(2,2),(0.,1.570796326795),.PIECEWISE_BEZIER_KNOTS.);
#7991 = CARTESIAN_POINT('',(1.570796326795,0.));
#7992 = CARTESIAN_POINT('',(1.570796326795,1.570796326795));
#7993 = ( GEOMETRIC_REPRESENTATION_CONTEXT(2) 
PARAMETRIC_REPRESENTATION_CONTEXT() REPRESENTATION_CONTEXT('2D SPACE',''
  ) );
#7994 = ORIENTED_EDGE('',*,*,#7995,.T.);
#7995 = EDGE_CURVE('',#7974,#7996,#7998,.T.);
#7996 = VERTEX_POINT('',#7997);
#7997 = CARTESIAN_POINT('',(13.2,-24.85,-13.));
#7998 = SURFACE_CURVE('',#7999,(#8003,#8010),.PCURVE_S1.);
#7999 = LINE('',#8000,#8001);
#8000 = CARTESIAN_POINT('',(-13.2,-24.85,-13.));
#8001 = VECTOR('',#8002,1.);
#8002 = DIRECTION('',(1.,0.,0.));
#8003 = PCURVE('',#7737,#8004);
#8004 = DEFINITIONAL_REPRESENTATION('',(#8005),#8009);
#8005 = LINE('',#8006,#8007);
#8006 = CARTESIAN_POINT('',(-1.570796326795,0.));
#8007 = VECTOR('',#8008,1.);
#8008 = DIRECTION('',(-0.,1.));
#8009 = ( GEOMETRIC_REPRESENTATION_CONTEXT(2) 
PARAMETRIC_REPRESENTATION_CONTEXT() REPRESENTATION_CONTEXT('2D SPACE',''
  ) );
#8010 = PCURVE('',#8011,#8016);
#8011 = PLANE('',#8012);
#8012 = AXIS2_PLACEMENT_3D('',#8013,#8014,#8015);
#8013 = CARTESIAN_POINT('',(0.,0.,-13.));
#8014 = DIRECTION('',(0.,0.,1.));
#8015 = DIRECTION('',(1.,0.,-0.));
#8016 = DEFINITIONAL_REPRESENTATION('',(#8017),#8021);
#8017 = LINE('',#8018,#8019);
#8018 = CARTESIAN_POINT('',(-13.2,-24.85));
#8019 = VECTOR('',#8020,1.);
#8020 = DIRECTION('',(1.,0.));
#8021 = ( GEOMETRIC_REPRESENTATION_CONTEXT(2) 
PARAMETRIC_REPRESENTATION_CONTEXT() REPRESENTATION_CONTEXT('2D SPACE',''
  ) );
#8022 = ORIENTED_EDGE('',*,*,#8023,.F.);
#8023 = EDGE_CURVE('',#7722,#7996,#8024,.T.);
#8024 = SURFACE_CURVE('',#8025,(#8030,#8036),.PCURVE_S1.);
#8025 = CIRCLE('',#8026,0.35);
#8026 = AXIS2_PLACEMENT_3D('',#8027,#8028,#8029);
#8027 = CARTESIAN_POINT('',(13.2,-24.85,-13.35));
#8028 = DIRECTION('',(-1.,-0.,0.));
#8029 = DIRECTION('',(0.,-1.,0.));
#8030 = PCURVE('',#7737,#8031);
#8031 = DEFINITIONAL_REPRESENTATION('',(#8032),#8035);
#8032 = B_SPLINE_CURVE_WITH_KNOTS('',1,(#8033,#8034),.UNSPECIFIED.,.F.,
  .F.,(2,2),(0.,1.570796326795),.PIECEWISE_BEZIER_KNOTS.);
#8033 = CARTESIAN_POINT('',(0.,26.4));
#8034 = CARTESIAN_POINT('',(-1.570796326795,26.4));
#8035 = ( GEOMETRIC_REPRESENTATION_CONTEXT(2) 
PARAMETRIC_REPRESENTATION_CONTEXT() REPRESENTATION_CONTEXT('2D SPACE',''
  ) );
#8036 = PCURVE('',#8037,#8042);
#8037 = TOROIDAL_SURFACE('',#8038,7.65,0.35);
#8038 = AXIS2_PLACEMENT_3D('',#8039,#8040,#8041);
#8039 = CARTESIAN_POINT('',(13.2,-17.2,-13.35));
#8040 = DIRECTION('',(0.,0.,1.));
#8041 = DIRECTION('',(0.,-1.,0.));
#8042 = DEFINITIONAL_REPRESENTATION('',(#8043),#8046);
#8043 = B_SPLINE_CURVE_WITH_KNOTS('',1,(#8044,#8045),.UNSPECIFIED.,.F.,
  .F.,(2,2),(0.,1.570796326795),.PIECEWISE_BEZIER_KNOTS.);
#8044 = CARTESIAN_POINT('',(0.,0.));
#8045 = CARTESIAN_POINT('',(0.,1.570796326795));
#8046 = ( GEOMETRIC_REPRESENTATION_CONTEXT(2) 
PARAMETRIC_REPRESENTATION_CONTEXT() REPRESENTATION_CONTEXT('2D SPACE',''
  ) );
#8047 = ORIENTED_EDGE('',*,*,#7721,.F.);
#8048 = ADVANCED_FACE('',(#8049),#7765,.T.);
#8049 = FACE_BOUND('',#8050,.T.);
#8050 = EDGE_LOOP('',(#8051,#8052,#8076,#8104));
#8051 = ORIENTED_EDGE('',*,*,#7749,.F.);
#8052 = ORIENTED_EDGE('',*,*,#8053,.T.);
#8053 = EDGE_CURVE('',#7750,#8054,#8056,.T.);
#8054 = VERTEX_POINT('',#8055);
#8055 = CARTESIAN_POINT('',(21.2,-17.2,-14.45));
#8056 = SURFACE_CURVE('',#8057,(#8062,#8069),.PCURVE_S1.);
#8057 = CIRCLE('',#8058,8.);
#8058 = AXIS2_PLACEMENT_3D('',#8059,#8060,#8061);
#8059 = CARTESIAN_POINT('',(13.2,-17.2,-14.45));
#8060 = DIRECTION('',(0.,0.,1.));
#8061 = DIRECTION('',(0.,-1.,0.));
#8062 = PCURVE('',#7765,#8063);
#8063 = DEFINITIONAL_REPRESENTATION('',(#8064),#8068);
#8064 = LINE('',#8065,#8066);
#8065 = CARTESIAN_POINT('',(0.,0.35));
#8066 = VECTOR('',#8067,1.);
#8067 = DIRECTION('',(1.,0.));
#8068 = ( GEOMETRIC_REPRESENTATION_CONTEXT(2) 
PARAMETRIC_REPRESENTATION_CONTEXT() REPRESENTATION_CONTEXT('2D SPACE',''
  ) );
#8069 = PCURVE('',#7958,#8070);
#8070 = DEFINITIONAL_REPRESENTATION('',(#8071),#8075);
#8071 = LINE('',#8072,#8073);
#8072 = CARTESIAN_POINT('',(-0.,0.));
#8073 = VECTOR('',#8074,1.);
#8074 = DIRECTION('',(-1.,0.));
#8075 = ( GEOMETRIC_REPRESENTATION_CONTEXT(2) 
PARAMETRIC_REPRESENTATION_CONTEXT() REPRESENTATION_CONTEXT('2D SPACE',''
  ) );
#8076 = ORIENTED_EDGE('',*,*,#8077,.T.);
#8077 = EDGE_CURVE('',#8054,#8078,#8080,.T.);
#8078 = VERTEX_POINT('',#8079);
#8079 = CARTESIAN_POINT('',(21.2,-17.2,-13.35));
#8080 = SURFACE_CURVE('',#8081,(#8085,#8092),.PCURVE_S1.);
#8081 = LINE('',#8082,#8083);
#8082 = CARTESIAN_POINT('',(21.2,-17.2,-14.8));
#8083 = VECTOR('',#8084,1.);
#8084 = DIRECTION('',(0.,0.,1.));
#8085 = PCURVE('',#7765,#8086);
#8086 = DEFINITIONAL_REPRESENTATION('',(#8087),#8091);
#8087 = LINE('',#8088,#8089);
#8088 = CARTESIAN_POINT('',(1.570796326795,0.));
#8089 = VECTOR('',#8090,1.);
#8090 = DIRECTION('',(0.,1.));
#8091 = ( GEOMETRIC_REPRESENTATION_CONTEXT(2) 
PARAMETRIC_REPRESENTATION_CONTEXT() REPRESENTATION_CONTEXT('2D SPACE',''
  ) );
#8092 = PCURVE('',#8093,#8098);
#8093 = PLANE('',#8094);
#8094 = AXIS2_PLACEMENT_3D('',#8095,#8096,#8097);
#8095 = CARTESIAN_POINT('',(21.2,-25.2,-14.8));
#8096 = DIRECTION('',(-1.,0.,0.));
#8097 = DIRECTION('',(0.,1.,0.));
#8098 = DEFINITIONAL_REPRESENTATION('',(#8099),#8103);
#8099 = LINE('',#8100,#8101);
#8100 = CARTESIAN_POINT('',(8.,0.));
#8101 = VECTOR('',#8102,1.);
#8102 = DIRECTION('',(0.,-1.));
#8103 = ( GEOMETRIC_REPRESENTATION_CONTEXT(2) 
PARAMETRIC_REPRESENTATION_CONTEXT() REPRESENTATION_CONTEXT('2D SPACE',''
  ) );
#8104 = ORIENTED_EDGE('',*,*,#8105,.F.);
#8105 = EDGE_CURVE('',#7722,#8078,#8106,.T.);
#8106 = SURFACE_CURVE('',#8107,(#8112,#8119),.PCURVE_S1.);
#8107 = CIRCLE('',#8108,8.);
#8108 = AXIS2_PLACEMENT_3D('',#8109,#8110,#8111);
#8109 = CARTESIAN_POINT('',(13.2,-17.2,-13.35));
#8110 = DIRECTION('',(0.,0.,1.));
#8111 = DIRECTION('',(0.,-1.,0.));
#8112 = PCURVE('',#7765,#8113);
#8113 = DEFINITIONAL_REPRESENTATION('',(#8114),#8118);
#8114 = LINE('',#8115,#8116);
#8115 = CARTESIAN_POINT('',(0.,1.45));
#8116 = VECTOR('',#8117,1.);
#8117 = DIRECTION('',(1.,0.));
#8118 = ( GEOMETRIC_REPRESENTATION_CONTEXT(2) 
PARAMETRIC_REPRESENTATION_CONTEXT() REPRESENTATION_CONTEXT('2D SPACE',''
  ) );
#8119 = PCURVE('',#8037,#8120);
#8120 = DEFINITIONAL_REPRESENTATION('',(#8121),#8125);
#8121 = LINE('',#8122,#8123);
#8122 = CARTESIAN_POINT('',(0.,0.));
#8123 = VECTOR('',#8124,1.);
#8124 = DIRECTION('',(1.,0.));
#8125 = ( GEOMETRIC_REPRESENTATION_CONTEXT(2) 
PARAMETRIC_REPRESENTATION_CONTEXT() REPRESENTATION_CONTEXT('2D SPACE',''
  ) );
#8126 = ADVANCED_FACE('',(#8127),#7824,.T.);
#8127 = FACE_BOUND('',#8128,.F.);
#8128 = EDGE_LOOP('',(#8129,#8156,#8157,#8158));
#8129 = ORIENTED_EDGE('',*,*,#8130,.F.);
#8130 = EDGE_CURVE('',#7808,#8131,#8133,.T.);
#8131 = VERTEX_POINT('',#8132);
#8132 = CARTESIAN_POINT('',(-20.85,-17.2,-14.8));
#8133 = SURFACE_CURVE('',#8134,(#8139,#8145),.PCURVE_S1.);
#8134 = CIRCLE('',#8135,0.35);
#8135 = AXIS2_PLACEMENT_3D('',#8136,#8137,#8138);
#8136 = CARTESIAN_POINT('',(-20.85,-17.2,-14.45));
#8137 = DIRECTION('',(0.,-1.,0.));
#8138 = DIRECTION('',(-1.,0.,0.));
#8139 = PCURVE('',#7824,#8140);
#8140 = DEFINITIONAL_REPRESENTATION('',(#8141),#8144);
#8141 = B_SPLINE_CURVE_WITH_KNOTS('',1,(#8142,#8143),.UNSPECIFIED.,.F.,
  .F.,(2,2),(0.,1.570796326795),.PIECEWISE_BEZIER_KNOTS.);
#8142 = CARTESIAN_POINT('',(0.,0.));
#8143 = CARTESIAN_POINT('',(0.,1.570796326795));
#8144 = ( GEOMETRIC_REPRESENTATION_CONTEXT(2) 
PARAMETRIC_REPRESENTATION_CONTEXT() REPRESENTATION_CONTEXT('2D SPACE',''
  ) );
#8145 = PCURVE('',#8146,#8151);
#8146 = CYLINDRICAL_SURFACE('',#8147,0.35);
#8147 = AXIS2_PLACEMENT_3D('',#8148,#8149,#8150);
#8148 = CARTESIAN_POINT('',(-20.85,17.2,-14.45));
#8149 = DIRECTION('',(0.,-1.,0.));
#8150 = DIRECTION('',(-1.,-0.,0.));
#8151 = DEFINITIONAL_REPRESENTATION('',(#8152),#8155);
#8152 = B_SPLINE_CURVE_WITH_KNOTS('',1,(#8153,#8154),.UNSPECIFIED.,.F.,
  .F.,(2,2),(0.,1.570796326795),.PIECEWISE_BEZIER_KNOTS.);
#8153 = CARTESIAN_POINT('',(0.,34.4));
#8154 = CARTESIAN_POINT('',(1.570796326795,34.4));
#8155 = ( GEOMETRIC_REPRESENTATION_CONTEXT(2) 
PARAMETRIC_REPRESENTATION_CONTEXT() REPRESENTATION_CONTEXT('2D SPACE',''
  ) );
#8156 = ORIENTED_EDGE('',*,*,#7807,.T.);
#8157 = ORIENTED_EDGE('',*,*,#7894,.T.);
#8158 = ORIENTED_EDGE('',*,*,#8159,.F.);
#8159 = EDGE_CURVE('',#8131,#7895,#8160,.T.);
#8160 = SURFACE_CURVE('',#8161,(#8166,#8173),.PCURVE_S1.);
#8161 = CIRCLE('',#8162,7.65);
#8162 = AXIS2_PLACEMENT_3D('',#8163,#8164,#8165);
#8163 = CARTESIAN_POINT('',(-13.2,-17.2,-14.8));
#8164 = DIRECTION('',(0.,0.,1.));
#8165 = DIRECTION('',(-1.,0.,0.));
#8166 = PCURVE('',#7824,#8167);
#8167 = DEFINITIONAL_REPRESENTATION('',(#8168),#8172);
#8168 = LINE('',#8169,#8170);
#8169 = CARTESIAN_POINT('',(-0.,1.570796326795));
#8170 = VECTOR('',#8171,1.);
#8171 = DIRECTION('',(-1.,0.));
#8172 = ( GEOMETRIC_REPRESENTATION_CONTEXT(2) 
PARAMETRIC_REPRESENTATION_CONTEXT() REPRESENTATION_CONTEXT('2D SPACE',''
  ) );
#8173 = PCURVE('',#7932,#8174);
#8174 = DEFINITIONAL_REPRESENTATION('',(#8175),#8179);
#8175 = CIRCLE('',#8176,7.65);
#8176 = AXIS2_PLACEMENT_2D('',#8177,#8178);
#8177 = CARTESIAN_POINT('',(-13.2,-17.2));
#8178 = DIRECTION('',(-1.,0.));
#8179 = ( GEOMETRIC_REPRESENTATION_CONTEXT(2) 
PARAMETRIC_REPRESENTATION_CONTEXT() REPRESENTATION_CONTEXT('2D SPACE',''
  ) );
#8180 = ADVANCED_FACE('',(#8181),#7879,.T.);
#8181 = FACE_BOUND('',#8182,.T.);
#8182 = EDGE_LOOP('',(#8183,#8210,#8211,#8212));
#8183 = ORIENTED_EDGE('',*,*,#8184,.F.);
#8184 = EDGE_CURVE('',#7837,#8185,#8187,.T.);
#8185 = VERTEX_POINT('',#8186);
#8186 = CARTESIAN_POINT('',(-20.85,-17.2,-13.));
#8187 = SURFACE_CURVE('',#8188,(#8193,#8199),.PCURVE_S1.);
#8188 = CIRCLE('',#8189,0.35);
#8189 = AXIS2_PLACEMENT_3D('',#8190,#8191,#8192);
#8190 = CARTESIAN_POINT('',(-20.85,-17.2,-13.35));
#8191 = DIRECTION('',(-0.,1.,0.));
#8192 = DIRECTION('',(-1.,-0.,0.));
#8193 = PCURVE('',#7879,#8194);
#8194 = DEFINITIONAL_REPRESENTATION('',(#8195),#8198);
#8195 = B_SPLINE_CURVE_WITH_KNOTS('',1,(#8196,#8197),.UNSPECIFIED.,.F.,
  .F.,(2,2),(0.,1.570796326795),.PIECEWISE_BEZIER_KNOTS.);
#8196 = CARTESIAN_POINT('',(0.,0.));
#8197 = CARTESIAN_POINT('',(0.,1.570796326795));
#8198 = ( GEOMETRIC_REPRESENTATION_CONTEXT(2) 
PARAMETRIC_REPRESENTATION_CONTEXT() REPRESENTATION_CONTEXT('2D SPACE',''
  ) );
#8199 = PCURVE('',#8200,#8205);
#8200 = CYLINDRICAL_SURFACE('',#8201,0.35);
#8201 = AXIS2_PLACEMENT_3D('',#8202,#8203,#8204);
#8202 = CARTESIAN_POINT('',(-20.85,17.2,-13.35));
#8203 = DIRECTION('',(0.,-1.,0.));
#8204 = DIRECTION('',(-1.,-0.,0.));
#8205 = DEFINITIONAL_REPRESENTATION('',(#8206),#8209);
#8206 = B_SPLINE_CURVE_WITH_KNOTS('',1,(#8207,#8208),.UNSPECIFIED.,.F.,
  .F.,(2,2),(0.,1.570796326795),.PIECEWISE_BEZIER_KNOTS.);
#8207 = CARTESIAN_POINT('',(0.,34.4));
#8208 = CARTESIAN_POINT('',(-1.570796326795,34.4));
#8209 = ( GEOMETRIC_REPRESENTATION_CONTEXT(2) 
PARAMETRIC_REPRESENTATION_CONTEXT() REPRESENTATION_CONTEXT('2D SPACE',''
  ) );
#8210 = ORIENTED_EDGE('',*,*,#7864,.T.);
#8211 = ORIENTED_EDGE('',*,*,#7973,.T.);
#8212 = ORIENTED_EDGE('',*,*,#8213,.F.);
#8213 = EDGE_CURVE('',#8185,#7974,#8214,.T.);
#8214 = SURFACE_CURVE('',#8215,(#8220,#8227),.PCURVE_S1.);
#8215 = CIRCLE('',#8216,7.65);
#8216 = AXIS2_PLACEMENT_3D('',#8217,#8218,#8219);
#8217 = CARTESIAN_POINT('',(-13.2,-17.2,-13.));
#8218 = DIRECTION('',(0.,0.,1.));
#8219 = DIRECTION('',(-1.,0.,0.));
#8220 = PCURVE('',#7879,#8221);
#8221 = DEFINITIONAL_REPRESENTATION('',(#8222),#8226);
#8222 = LINE('',#8223,#8224);
#8223 = CARTESIAN_POINT('',(0.,1.570796326795));
#8224 = VECTOR('',#8225,1.);
#8225 = DIRECTION('',(1.,0.));
#8226 = ( GEOMETRIC_REPRESENTATION_CONTEXT(2) 
PARAMETRIC_REPRESENTATION_CONTEXT() REPRESENTATION_CONTEXT('2D SPACE',''
  ) );
#8227 = PCURVE('',#8011,#8228);
#8228 = DEFINITIONAL_REPRESENTATION('',(#8229),#8233);
#8229 = CIRCLE('',#8230,7.65);
#8230 = AXIS2_PLACEMENT_2D('',#8231,#8232);
#8231 = CARTESIAN_POINT('',(-13.2,-17.2));
#8232 = DIRECTION('',(-1.,0.));
#8233 = ( GEOMETRIC_REPRESENTATION_CONTEXT(2) 
PARAMETRIC_REPRESENTATION_CONTEXT() REPRESENTATION_CONTEXT('2D SPACE',''
  ) );
#8234 = ADVANCED_FACE('',(#8235),#7852,.F.);
#8235 = FACE_BOUND('',#8236,.F.);
#8236 = EDGE_LOOP('',(#8237,#8267,#8288,#8289));
#8237 = ORIENTED_EDGE('',*,*,#8238,.T.);
#8238 = EDGE_CURVE('',#8239,#8241,#8243,.T.);
#8239 = VERTEX_POINT('',#8240);
#8240 = CARTESIAN_POINT('',(-21.2,17.2,-14.45));
#8241 = VERTEX_POINT('',#8242);
#8242 = CARTESIAN_POINT('',(-21.2,17.2,-13.35));
#8243 = SURFACE_CURVE('',#8244,(#8248,#8255),.PCURVE_S1.);
#8244 = LINE('',#8245,#8246);
#8245 = CARTESIAN_POINT('',(-21.2,17.2,-14.8));
#8246 = VECTOR('',#8247,1.);
#8247 = DIRECTION('',(0.,0.,1.));
#8248 = PCURVE('',#7852,#8249);
#8249 = DEFINITIONAL_REPRESENTATION('',(#8250),#8254);
#8250 = LINE('',#8251,#8252);
#8251 = CARTESIAN_POINT('',(8.,0.));
#8252 = VECTOR('',#8253,1.);
#8253 = DIRECTION('',(0.,-1.));
#8254 = ( GEOMETRIC_REPRESENTATION_CONTEXT(2) 
PARAMETRIC_REPRESENTATION_CONTEXT() REPRESENTATION_CONTEXT('2D SPACE',''
  ) );
#8255 = PCURVE('',#8256,#8261);
#8256 = CYLINDRICAL_SURFACE('',#8257,8.);
#8257 = AXIS2_PLACEMENT_3D('',#8258,#8259,#8260);
#8258 = CARTESIAN_POINT('',(-13.2,17.2,-14.8));
#8259 = DIRECTION('',(0.,0.,1.));
#8260 = DIRECTION('',(-0.,1.,0.));
#8261 = DEFINITIONAL_REPRESENTATION('',(#8262),#8266);
#8262 = LINE('',#8263,#8264);
#8263 = CARTESIAN_POINT('',(1.570796326795,0.));
#8264 = VECTOR('',#8265,1.);
#8265 = DIRECTION('',(0.,1.));
#8266 = ( GEOMETRIC_REPRESENTATION_CONTEXT(2) 
PARAMETRIC_REPRESENTATION_CONTEXT() REPRESENTATION_CONTEXT('2D SPACE',''
  ) );
#8267 = ORIENTED_EDGE('',*,*,#8268,.T.);
#8268 = EDGE_CURVE('',#8241,#7837,#8269,.T.);
#8269 = SURFACE_CURVE('',#8270,(#8274,#8281),.PCURVE_S1.);
#8270 = LINE('',#8271,#8272);
#8271 = CARTESIAN_POINT('',(-21.2,17.2,-13.35));
#8272 = VECTOR('',#8273,1.);
#8273 = DIRECTION('',(0.,-1.,0.));
#8274 = PCURVE('',#7852,#8275);
#8275 = DEFINITIONAL_REPRESENTATION('',(#8276),#8280);
#8276 = LINE('',#8277,#8278);
#8277 = CARTESIAN_POINT('',(8.,-1.45));
#8278 = VECTOR('',#8279,1.);
#8279 = DIRECTION('',(1.,0.));
#8280 = ( GEOMETRIC_REPRESENTATION_CONTEXT(2) 
PARAMETRIC_REPRESENTATION_CONTEXT() REPRESENTATION_CONTEXT('2D SPACE',''
  ) );
#8281 = PCURVE('',#8200,#8282);
#8282 = DEFINITIONAL_REPRESENTATION('',(#8283),#8287);
#8283 = LINE('',#8284,#8285);
#8284 = CARTESIAN_POINT('',(-0.,0.));
#8285 = VECTOR('',#8286,1.);
#8286 = DIRECTION('',(-0.,1.));
#8287 = ( GEOMETRIC_REPRESENTATION_CONTEXT(2) 
PARAMETRIC_REPRESENTATION_CONTEXT() REPRESENTATION_CONTEXT('2D SPACE',''
  ) );
#8288 = ORIENTED_EDGE('',*,*,#7836,.F.);
#8289 = ORIENTED_EDGE('',*,*,#8290,.F.);
#8290 = EDGE_CURVE('',#8239,#7808,#8291,.T.);
#8291 = SURFACE_CURVE('',#8292,(#8296,#8303),.PCURVE_S1.);
#8292 = LINE('',#8293,#8294);
#8293 = CARTESIAN_POINT('',(-21.2,17.2,-14.45));
#8294 = VECTOR('',#8295,1.);
#8295 = DIRECTION('',(0.,-1.,0.));
#8296 = PCURVE('',#7852,#8297);
#8297 = DEFINITIONAL_REPRESENTATION('',(#8298),#8302);
#8298 = LINE('',#8299,#8300);
#8299 = CARTESIAN_POINT('',(8.,-0.35));
#8300 = VECTOR('',#8301,1.);
#8301 = DIRECTION('',(1.,0.));
#8302 = ( GEOMETRIC_REPRESENTATION_CONTEXT(2) 
PARAMETRIC_REPRESENTATION_CONTEXT() REPRESENTATION_CONTEXT('2D SPACE',''
  ) );
#8303 = PCURVE('',#8146,#8304);
#8304 = DEFINITIONAL_REPRESENTATION('',(#8305),#8309);
#8305 = LINE('',#8306,#8307);
#8306 = CARTESIAN_POINT('',(0.,0.));
#8307 = VECTOR('',#8308,1.);
#8308 = DIRECTION('',(0.,1.));
#8309 = ( GEOMETRIC_REPRESENTATION_CONTEXT(2) 
PARAMETRIC_REPRESENTATION_CONTEXT() REPRESENTATION_CONTEXT('2D SPACE',''
  ) );
#8310 = ADVANCED_FACE('',(#8311,#8754,#8874,#8994),#7932,.F.);
#8311 = FACE_BOUND('',#8312,.F.);
#8312 = EDGE_LOOP('',(#8313,#8348,#8376,#8399,#8432,#8460,#8481,#8482,
    #8483,#8507,#8535,#8568,#8591,#8624,#8647,#8676,#8704,#8733));
#8313 = ORIENTED_EDGE('',*,*,#8314,.T.);
#8314 = EDGE_CURVE('',#8315,#8317,#8319,.T.);
#8315 = VERTEX_POINT('',#8316);
#8316 = CARTESIAN_POINT('',(-20.85,17.122497216032,-14.8));
#8317 = VERTEX_POINT('',#8318);
#8318 = CARTESIAN_POINT('',(-16.65,16.,-14.8));
#8319 = SURFACE_CURVE('',#8320,(#8325,#8336),.PCURVE_S1.);
#8320 = CIRCLE('',#8321,2.25);
#8321 = AXIS2_PLACEMENT_3D('',#8322,#8323,#8324);
#8322 = CARTESIAN_POINT('',(-18.9,16.,-14.8));
#8323 = DIRECTION('',(0.,0.,-1.));
#8324 = DIRECTION('',(1.,0.,0.));
#8325 = PCURVE('',#7932,#8326);
#8326 = DEFINITIONAL_REPRESENTATION('',(#8327),#8335);
#8327 = ( BOUNDED_CURVE() B_SPLINE_CURVE(2,(#8328,#8329,#8330,#8331,
#8332,#8333,#8334),.UNSPECIFIED.,.T.,.F.) B_SPLINE_CURVE_WITH_KNOTS((1,2
    ,2,2,2,1),(-2.094395102393,0.,2.094395102393,4.188790204786,
6.28318530718,8.377580409573),.UNSPECIFIED.) CURVE() 
GEOMETRIC_REPRESENTATION_ITEM() RATIONAL_B_SPLINE_CURVE((1.,0.5,1.,0.5,
1.,0.5,1.)) REPRESENTATION_ITEM('') );
#8328 = CARTESIAN_POINT('',(-16.65,16.));
#8329 = CARTESIAN_POINT('',(-16.65,12.10288568297));
#8330 = CARTESIAN_POINT('',(-20.025,14.051442841485));
#8331 = CARTESIAN_POINT('',(-23.4,16.));
#8332 = CARTESIAN_POINT('',(-20.025,17.948557158515));
#8333 = CARTESIAN_POINT('',(-16.65,19.89711431703));
#8334 = CARTESIAN_POINT('',(-16.65,16.));
#8335 = ( GEOMETRIC_REPRESENTATION_CONTEXT(2) 
PARAMETRIC_REPRESENTATION_CONTEXT() REPRESENTATION_CONTEXT('2D SPACE',''
  ) );
#8336 = PCURVE('',#8337,#8342);
#8337 = CYLINDRICAL_SURFACE('',#8338,2.25);
#8338 = AXIS2_PLACEMENT_3D('',#8339,#8340,#8341);
#8339 = CARTESIAN_POINT('',(-18.9,16.,-14.9));
#8340 = DIRECTION('',(-0.,-0.,-1.));
#8341 = DIRECTION('',(1.,0.,0.));
#8342 = DEFINITIONAL_REPRESENTATION('',(#8343),#8347);
#8343 = LINE('',#8344,#8345);
#8344 = CARTESIAN_POINT('',(-6.28318530718,-1.E-01));
#8345 = VECTOR('',#8346,1.);
#8346 = DIRECTION('',(1.,-0.));
#8347 = ( GEOMETRIC_REPRESENTATION_CONTEXT(2) 
PARAMETRIC_REPRESENTATION_CONTEXT() REPRESENTATION_CONTEXT('2D SPACE',''
  ) );
#8348 = ORIENTED_EDGE('',*,*,#8349,.T.);
#8349 = EDGE_CURVE('',#8317,#8350,#8352,.T.);
#8350 = VERTEX_POINT('',#8351);
#8351 = CARTESIAN_POINT('',(-20.85,14.877502783968,-14.8));
#8352 = SURFACE_CURVE('',#8353,(#8358,#8369),.PCURVE_S1.);
#8353 = CIRCLE('',#8354,2.25);
#8354 = AXIS2_PLACEMENT_3D('',#8355,#8356,#8357);
#8355 = CARTESIAN_POINT('',(-18.9,16.,-14.8));
#8356 = DIRECTION('',(0.,0.,-1.));
#8357 = DIRECTION('',(1.,0.,0.));
#8358 = PCURVE('',#7932,#8359);
#8359 = DEFINITIONAL_REPRESENTATION('',(#8360),#8368);
#8360 = ( BOUNDED_CURVE() B_SPLINE_CURVE(2,(#8361,#8362,#8363,#8364,
#8365,#8366,#8367),.UNSPECIFIED.,.T.,.F.) B_SPLINE_CURVE_WITH_KNOTS((1,2
    ,2,2,2,1),(-2.094395102393,0.,2.094395102393,4.188790204786,
6.28318530718,8.377580409573),.UNSPECIFIED.) CURVE() 
GEOMETRIC_REPRESENTATION_ITEM() RATIONAL_B_SPLINE_CURVE((1.,0.5,1.,0.5,
1.,0.5,1.)) REPRESENTATION_ITEM('') );
#8361 = CARTESIAN_POINT('',(-16.65,16.));
#8362 = CARTESIAN_POINT('',(-16.65,12.10288568297));
#8363 = CARTESIAN_POINT('',(-20.025,14.051442841485));
#8364 = CARTESIAN_POINT('',(-23.4,16.));
#8365 = CARTESIAN_POINT('',(-20.025,17.948557158515));
#8366 = CARTESIAN_POINT('',(-16.65,19.89711431703));
#8367 = CARTESIAN_POINT('',(-16.65,16.));
#8368 = ( GEOMETRIC_REPRESENTATION_CONTEXT(2) 
PARAMETRIC_REPRESENTATION_CONTEXT() REPRESENTATION_CONTEXT('2D SPACE',''
  ) );
#8369 = PCURVE('',#8337,#8370);
#8370 = DEFINITIONAL_REPRESENTATION('',(#8371),#8375);
#8371 = LINE('',#8372,#8373);
#8372 = CARTESIAN_POINT('',(-6.28318530718,-1.E-01));
#8373 = VECTOR('',#8374,1.);
#8374 = DIRECTION('',(1.,-0.));
#8375 = ( GEOMETRIC_REPRESENTATION_CONTEXT(2) 
PARAMETRIC_REPRESENTATION_CONTEXT() REPRESENTATION_CONTEXT('2D SPACE',''
  ) );
#8376 = ORIENTED_EDGE('',*,*,#8377,.T.);
#8377 = EDGE_CURVE('',#8350,#8378,#8380,.T.);
#8378 = VERTEX_POINT('',#8379);
#8379 = CARTESIAN_POINT('',(-20.85,-14.87750278396,-14.8));
#8380 = SURFACE_CURVE('',#8381,(#8385,#8392),.PCURVE_S1.);
#8381 = LINE('',#8382,#8383);
#8382 = CARTESIAN_POINT('',(-20.85,17.2,-14.8));
#8383 = VECTOR('',#8384,1.);
#8384 = DIRECTION('',(0.,-1.,0.));
#8385 = PCURVE('',#7932,#8386);
#8386 = DEFINITIONAL_REPRESENTATION('',(#8387),#8391);
#8387 = LINE('',#8388,#8389);
#8388 = CARTESIAN_POINT('',(-20.85,17.2));
#8389 = VECTOR('',#8390,1.);
#8390 = DIRECTION('',(0.,-1.));
#8391 = ( GEOMETRIC_REPRESENTATION_CONTEXT(2) 
PARAMETRIC_REPRESENTATION_CONTEXT() REPRESENTATION_CONTEXT('2D SPACE',''
  ) );
#8392 = PCURVE('',#8146,#8393);
#8393 = DEFINITIONAL_REPRESENTATION('',(#8394),#8398);
#8394 = LINE('',#8395,#8396);
#8395 = CARTESIAN_POINT('',(1.570796326795,0.));
#8396 = VECTOR('',#8397,1.);
#8397 = DIRECTION('',(0.,1.));
#8398 = ( GEOMETRIC_REPRESENTATION_CONTEXT(2) 
PARAMETRIC_REPRESENTATION_CONTEXT() REPRESENTATION_CONTEXT('2D SPACE',''
  ) );
#8399 = ORIENTED_EDGE('',*,*,#8400,.T.);
#8400 = EDGE_CURVE('',#8378,#8401,#8403,.T.);
#8401 = VERTEX_POINT('',#8402);
#8402 = CARTESIAN_POINT('',(-16.65,-16.,-14.8));
#8403 = SURFACE_CURVE('',#8404,(#8409,#8420),.PCURVE_S1.);
#8404 = CIRCLE('',#8405,2.25);
#8405 = AXIS2_PLACEMENT_3D('',#8406,#8407,#8408);
#8406 = CARTESIAN_POINT('',(-18.9,-16.,-14.8));
#8407 = DIRECTION('',(0.,0.,-1.));
#8408 = DIRECTION('',(1.,0.,0.));
#8409 = PCURVE('',#7932,#8410);
#8410 = DEFINITIONAL_REPRESENTATION('',(#8411),#8419);
#8411 = ( BOUNDED_CURVE() B_SPLINE_CURVE(2,(#8412,#8413,#8414,#8415,
#8416,#8417,#8418),.UNSPECIFIED.,.T.,.F.) B_SPLINE_CURVE_WITH_KNOTS((1,2
    ,2,2,2,1),(-2.094395102393,0.,2.094395102393,4.188790204786,
6.28318530718,8.377580409573),.UNSPECIFIED.) CURVE() 
GEOMETRIC_REPRESENTATION_ITEM() RATIONAL_B_SPLINE_CURVE((1.,0.5,1.,0.5,
1.,0.5,1.)) REPRESENTATION_ITEM('') );
#8412 = CARTESIAN_POINT('',(-16.65,-16.));
#8413 = CARTESIAN_POINT('',(-16.65,-19.89711431703));
#8414 = CARTESIAN_POINT('',(-20.025,-17.94855715851));
#8415 = CARTESIAN_POINT('',(-23.4,-16.));
#8416 = CARTESIAN_POINT('',(-20.025,-14.05144284148));
#8417 = CARTESIAN_POINT('',(-16.65,-12.10288568297));
#8418 = CARTESIAN_POINT('',(-16.65,-16.));
#8419 = ( GEOMETRIC_REPRESENTATION_CONTEXT(2) 
PARAMETRIC_REPRESENTATION_CONTEXT() REPRESENTATION_CONTEXT('2D SPACE',''
  ) );
#8420 = PCURVE('',#8421,#8426);
#8421 = CYLINDRICAL_SURFACE('',#8422,2.25);
#8422 = AXIS2_PLACEMENT_3D('',#8423,#8424,#8425);
#8423 = CARTESIAN_POINT('',(-18.9,-16.,-14.9));
#8424 = DIRECTION('',(-0.,-0.,-1.));
#8425 = DIRECTION('',(1.,0.,0.));
#8426 = DEFINITIONAL_REPRESENTATION('',(#8427),#8431);
#8427 = LINE('',#8428,#8429);
#8428 = CARTESIAN_POINT('',(-6.28318530718,-1.E-01));
#8429 = VECTOR('',#8430,1.);
#8430 = DIRECTION('',(1.,-0.));
#8431 = ( GEOMETRIC_REPRESENTATION_CONTEXT(2) 
PARAMETRIC_REPRESENTATION_CONTEXT() REPRESENTATION_CONTEXT('2D SPACE',''
  ) );
#8432 = ORIENTED_EDGE('',*,*,#8433,.T.);
#8433 = EDGE_CURVE('',#8401,#8434,#8436,.T.);
#8434 = VERTEX_POINT('',#8435);
#8435 = CARTESIAN_POINT('',(-20.85,-17.12249721603,-14.8));
#8436 = SURFACE_CURVE('',#8437,(#8442,#8453),.PCURVE_S1.);
#8437 = CIRCLE('',#8438,2.25);
#8438 = AXIS2_PLACEMENT_3D('',#8439,#8440,#8441);
#8439 = CARTESIAN_POINT('',(-18.9,-16.,-14.8));
#8440 = DIRECTION('',(0.,0.,-1.));
#8441 = DIRECTION('',(1.,0.,0.));
#8442 = PCURVE('',#7932,#8443);
#8443 = DEFINITIONAL_REPRESENTATION('',(#8444),#8452);
#8444 = ( BOUNDED_CURVE() B_SPLINE_CURVE(2,(#8445,#8446,#8447,#8448,
#8449,#8450,#8451),.UNSPECIFIED.,.T.,.F.) B_SPLINE_CURVE_WITH_KNOTS((1,2
    ,2,2,2,1),(-2.094395102393,0.,2.094395102393,4.188790204786,
6.28318530718,8.377580409573),.UNSPECIFIED.) CURVE() 
GEOMETRIC_REPRESENTATION_ITEM() RATIONAL_B_SPLINE_CURVE((1.,0.5,1.,0.5,
1.,0.5,1.)) REPRESENTATION_ITEM('') );
#8445 = CARTESIAN_POINT('',(-16.65,-16.));
#8446 = CARTESIAN_POINT('',(-16.65,-19.89711431703));
#8447 = CARTESIAN_POINT('',(-20.025,-17.94855715851));
#8448 = CARTESIAN_POINT('',(-23.4,-16.));
#8449 = CARTESIAN_POINT('',(-20.025,-14.05144284148));
#8450 = CARTESIAN_POINT('',(-16.65,-12.10288568297));
#8451 = CARTESIAN_POINT('',(-16.65,-16.));
#8452 = ( GEOMETRIC_REPRESENTATION_CONTEXT(2) 
PARAMETRIC_REPRESENTATION_CONTEXT() REPRESENTATION_CONTEXT('2D SPACE',''
  ) );
#8453 = PCURVE('',#8421,#8454);
#8454 = DEFINITIONAL_REPRESENTATION('',(#8455),#8459);
#8455 = LINE('',#8456,#8457);
#8456 = CARTESIAN_POINT('',(-6.28318530718,-1.E-01));
#8457 = VECTOR('',#8458,1.);
#8458 = DIRECTION('',(1.,-0.));
#8459 = ( GEOMETRIC_REPRESENTATION_CONTEXT(2) 
PARAMETRIC_REPRESENTATION_CONTEXT() REPRESENTATION_CONTEXT('2D SPACE',''
  ) );
#8460 = ORIENTED_EDGE('',*,*,#8461,.T.);
#8461 = EDGE_CURVE('',#8434,#8131,#8462,.T.);
#8462 = SURFACE_CURVE('',#8463,(#8467,#8474),.PCURVE_S1.);
#8463 = LINE('',#8464,#8465);
#8464 = CARTESIAN_POINT('',(-20.85,17.2,-14.8));
#8465 = VECTOR('',#8466,1.);
#8466 = DIRECTION('',(0.,-1.,0.));
#8467 = PCURVE('',#7932,#8468);
#8468 = DEFINITIONAL_REPRESENTATION('',(#8469),#8473);
#8469 = LINE('',#8470,#8471);
#8470 = CARTESIAN_POINT('',(-20.85,17.2));
#8471 = VECTOR('',#8472,1.);
#8472 = DIRECTION('',(0.,-1.));
#8473 = ( GEOMETRIC_REPRESENTATION_CONTEXT(2) 
PARAMETRIC_REPRESENTATION_CONTEXT() REPRESENTATION_CONTEXT('2D SPACE',''
  ) );
#8474 = PCURVE('',#8146,#8475);
#8475 = DEFINITIONAL_REPRESENTATION('',(#8476),#8480);
#8476 = LINE('',#8477,#8478);
#8477 = CARTESIAN_POINT('',(1.570796326795,0.));
#8478 = VECTOR('',#8479,1.);
#8479 = DIRECTION('',(0.,1.));
#8480 = ( GEOMETRIC_REPRESENTATION_CONTEXT(2) 
PARAMETRIC_REPRESENTATION_CONTEXT() REPRESENTATION_CONTEXT('2D SPACE',''
  ) );
#8481 = ORIENTED_EDGE('',*,*,#8159,.T.);
#8482 = ORIENTED_EDGE('',*,*,#7916,.T.);
#8483 = ORIENTED_EDGE('',*,*,#8484,.T.);
#8484 = EDGE_CURVE('',#7917,#8485,#8487,.T.);
#8485 = VERTEX_POINT('',#8486);
#8486 = CARTESIAN_POINT('',(20.85,-17.2,-14.8));
#8487 = SURFACE_CURVE('',#8488,(#8493,#8500),.PCURVE_S1.);
#8488 = CIRCLE('',#8489,7.65);
#8489 = AXIS2_PLACEMENT_3D('',#8490,#8491,#8492);
#8490 = CARTESIAN_POINT('',(13.2,-17.2,-14.8));
#8491 = DIRECTION('',(0.,0.,1.));
#8492 = DIRECTION('',(0.,-1.,0.));
#8493 = PCURVE('',#7932,#8494);
#8494 = DEFINITIONAL_REPRESENTATION('',(#8495),#8499);
#8495 = CIRCLE('',#8496,7.65);
#8496 = AXIS2_PLACEMENT_2D('',#8497,#8498);
#8497 = CARTESIAN_POINT('',(13.2,-17.2));
#8498 = DIRECTION('',(0.,-1.));
#8499 = ( GEOMETRIC_REPRESENTATION_CONTEXT(2) 
PARAMETRIC_REPRESENTATION_CONTEXT() REPRESENTATION_CONTEXT('2D SPACE',''
  ) );
#8500 = PCURVE('',#7958,#8501);
#8501 = DEFINITIONAL_REPRESENTATION('',(#8502),#8506);
#8502 = LINE('',#8503,#8504);
#8503 = CARTESIAN_POINT('',(-0.,1.570796326795));
#8504 = VECTOR('',#8505,1.);
#8505 = DIRECTION('',(-1.,0.));
#8506 = ( GEOMETRIC_REPRESENTATION_CONTEXT(2) 
PARAMETRIC_REPRESENTATION_CONTEXT() REPRESENTATION_CONTEXT('2D SPACE',''
  ) );
#8507 = ORIENTED_EDGE('',*,*,#8508,.T.);
#8508 = EDGE_CURVE('',#8485,#8509,#8511,.T.);
#8509 = VERTEX_POINT('',#8510);
#8510 = CARTESIAN_POINT('',(20.85,-17.12249721603,-14.8));
#8511 = SURFACE_CURVE('',#8512,(#8516,#8523),.PCURVE_S1.);
#8512 = LINE('',#8513,#8514);
#8513 = CARTESIAN_POINT('',(20.85,-17.2,-14.8));
#8514 = VECTOR('',#8515,1.);
#8515 = DIRECTION('',(0.,1.,0.));
#8516 = PCURVE('',#7932,#8517);
#8517 = DEFINITIONAL_REPRESENTATION('',(#8518),#8522);
#8518 = LINE('',#8519,#8520);
#8519 = CARTESIAN_POINT('',(20.85,-17.2));
#8520 = VECTOR('',#8521,1.);
#8521 = DIRECTION('',(0.,1.));
#8522 = ( GEOMETRIC_REPRESENTATION_CONTEXT(2) 
PARAMETRIC_REPRESENTATION_CONTEXT() REPRESENTATION_CONTEXT('2D SPACE',''
  ) );
#8523 = PCURVE('',#8524,#8529);
#8524 = CYLINDRICAL_SURFACE('',#8525,0.35);
#8525 = AXIS2_PLACEMENT_3D('',#8526,#8527,#8528);
#8526 = CARTESIAN_POINT('',(20.85,-17.2,-14.45));
#8527 = DIRECTION('',(0.,1.,0.));
#8528 = DIRECTION('',(1.,0.,-0.));
#8529 = DEFINITIONAL_REPRESENTATION('',(#8530),#8534);
#8530 = LINE('',#8531,#8532);
#8531 = CARTESIAN_POINT('',(1.570796326795,0.));
#8532 = VECTOR('',#8533,1.);
#8533 = DIRECTION('',(0.,1.));
#8534 = ( GEOMETRIC_REPRESENTATION_CONTEXT(2) 
PARAMETRIC_REPRESENTATION_CONTEXT() REPRESENTATION_CONTEXT('2D SPACE',''
  ) );
#8535 = ORIENTED_EDGE('',*,*,#8536,.T.);
#8536 = EDGE_CURVE('',#8509,#8537,#8539,.T.);
#8537 = VERTEX_POINT('',#8538);
#8538 = CARTESIAN_POINT('',(20.85,-14.87750278396,-14.8));
#8539 = SURFACE_CURVE('',#8540,(#8545,#8556),.PCURVE_S1.);
#8540 = CIRCLE('',#8541,2.25);
#8541 = AXIS2_PLACEMENT_3D('',#8542,#8543,#8544);
#8542 = CARTESIAN_POINT('',(18.9,-16.,-14.8));
#8543 = DIRECTION('',(0.,0.,-1.));
#8544 = DIRECTION('',(1.,0.,0.));
#8545 = PCURVE('',#7932,#8546);
#8546 = DEFINITIONAL_REPRESENTATION('',(#8547),#8555);
#8547 = ( BOUNDED_CURVE() B_SPLINE_CURVE(2,(#8548,#8549,#8550,#8551,
#8552,#8553,#8554),.UNSPECIFIED.,.T.,.F.) B_SPLINE_CURVE_WITH_KNOTS((1,2
    ,2,2,2,1),(-2.094395102393,0.,2.094395102393,4.188790204786,
6.28318530718,8.377580409573),.UNSPECIFIED.) CURVE() 
GEOMETRIC_REPRESENTATION_ITEM() RATIONAL_B_SPLINE_CURVE((1.,0.5,1.,0.5,
1.,0.5,1.)) REPRESENTATION_ITEM('') );
#8548 = CARTESIAN_POINT('',(21.15,-16.));
#8549 = CARTESIAN_POINT('',(21.15,-19.89711431703));
#8550 = CARTESIAN_POINT('',(17.775,-17.94855715851));
#8551 = CARTESIAN_POINT('',(14.4,-16.));
#8552 = CARTESIAN_POINT('',(17.775,-14.05144284148));
#8553 = CARTESIAN_POINT('',(21.15,-12.10288568297));
#8554 = CARTESIAN_POINT('',(21.15,-16.));
#8555 = ( GEOMETRIC_REPRESENTATION_CONTEXT(2) 
PARAMETRIC_REPRESENTATION_CONTEXT() REPRESENTATION_CONTEXT('2D SPACE',''
  ) );
#8556 = PCURVE('',#8557,#8562);
#8557 = CYLINDRICAL_SURFACE('',#8558,2.25);
#8558 = AXIS2_PLACEMENT_3D('',#8559,#8560,#8561);
#8559 = CARTESIAN_POINT('',(18.9,-16.,-14.9));
#8560 = DIRECTION('',(-0.,-0.,-1.));
#8561 = DIRECTION('',(1.,0.,0.));
#8562 = DEFINITIONAL_REPRESENTATION('',(#8563),#8567);
#8563 = LINE('',#8564,#8565);
#8564 = CARTESIAN_POINT('',(-6.28318530718,-1.E-01));
#8565 = VECTOR('',#8566,1.);
#8566 = DIRECTION('',(1.,-0.));
#8567 = ( GEOMETRIC_REPRESENTATION_CONTEXT(2) 
PARAMETRIC_REPRESENTATION_CONTEXT() REPRESENTATION_CONTEXT('2D SPACE',''
  ) );
#8568 = ORIENTED_EDGE('',*,*,#8569,.T.);
#8569 = EDGE_CURVE('',#8537,#8570,#8572,.T.);
#8570 = VERTEX_POINT('',#8571);
#8571 = CARTESIAN_POINT('',(20.85,14.877502783968,-14.8));
#8572 = SURFACE_CURVE('',#8573,(#8577,#8584),.PCURVE_S1.);
#8573 = LINE('',#8574,#8575);
#8574 = CARTESIAN_POINT('',(20.85,-17.2,-14.8));
#8575 = VECTOR('',#8576,1.);
#8576 = DIRECTION('',(0.,1.,0.));
#8577 = PCURVE('',#7932,#8578);
#8578 = DEFINITIONAL_REPRESENTATION('',(#8579),#8583);
#8579 = LINE('',#8580,#8581);
#8580 = CARTESIAN_POINT('',(20.85,-17.2));
#8581 = VECTOR('',#8582,1.);
#8582 = DIRECTION('',(0.,1.));
#8583 = ( GEOMETRIC_REPRESENTATION_CONTEXT(2) 
PARAMETRIC_REPRESENTATION_CONTEXT() REPRESENTATION_CONTEXT('2D SPACE',''
  ) );
#8584 = PCURVE('',#8524,#8585);
#8585 = DEFINITIONAL_REPRESENTATION('',(#8586),#8590);
#8586 = LINE('',#8587,#8588);
#8587 = CARTESIAN_POINT('',(1.570796326795,0.));
#8588 = VECTOR('',#8589,1.);
#8589 = DIRECTION('',(0.,1.));
#8590 = ( GEOMETRIC_REPRESENTATION_CONTEXT(2) 
PARAMETRIC_REPRESENTATION_CONTEXT() REPRESENTATION_CONTEXT('2D SPACE',''
  ) );
#8591 = ORIENTED_EDGE('',*,*,#8592,.T.);
#8592 = EDGE_CURVE('',#8570,#8593,#8595,.T.);
#8593 = VERTEX_POINT('',#8594);
#8594 = CARTESIAN_POINT('',(20.85,17.122497216032,-14.8));
#8595 = SURFACE_CURVE('',#8596,(#8601,#8612),.PCURVE_S1.);
#8596 = CIRCLE('',#8597,2.25);
#8597 = AXIS2_PLACEMENT_3D('',#8598,#8599,#8600);
#8598 = CARTESIAN_POINT('',(18.9,16.,-14.8));
#8599 = DIRECTION('',(0.,0.,-1.));
#8600 = DIRECTION('',(1.,0.,0.));
#8601 = PCURVE('',#7932,#8602);
#8602 = DEFINITIONAL_REPRESENTATION('',(#8603),#8611);
#8603 = ( BOUNDED_CURVE() B_SPLINE_CURVE(2,(#8604,#8605,#8606,#8607,
#8608,#8609,#8610),.UNSPECIFIED.,.T.,.F.) B_SPLINE_CURVE_WITH_KNOTS((1,2
    ,2,2,2,1),(-2.094395102393,0.,2.094395102393,4.188790204786,
6.28318530718,8.377580409573),.UNSPECIFIED.) CURVE() 
GEOMETRIC_REPRESENTATION_ITEM() RATIONAL_B_SPLINE_CURVE((1.,0.5,1.,0.5,
1.,0.5,1.)) REPRESENTATION_ITEM('') );
#8604 = CARTESIAN_POINT('',(21.15,16.));
#8605 = CARTESIAN_POINT('',(21.15,12.10288568297));
#8606 = CARTESIAN_POINT('',(17.775,14.051442841485));
#8607 = CARTESIAN_POINT('',(14.4,16.));
#8608 = CARTESIAN_POINT('',(17.775,17.948557158515));
#8609 = CARTESIAN_POINT('',(21.15,19.89711431703));
#8610 = CARTESIAN_POINT('',(21.15,16.));
#8611 = ( GEOMETRIC_REPRESENTATION_CONTEXT(2) 
PARAMETRIC_REPRESENTATION_CONTEXT() REPRESENTATION_CONTEXT('2D SPACE',''
  ) );
#8612 = PCURVE('',#8613,#8618);
#8613 = CYLINDRICAL_SURFACE('',#8614,2.25);
#8614 = AXIS2_PLACEMENT_3D('',#8615,#8616,#8617);
#8615 = CARTESIAN_POINT('',(18.9,16.,-14.9));
#8616 = DIRECTION('',(-0.,-0.,-1.));
#8617 = DIRECTION('',(1.,0.,0.));
#8618 = DEFINITIONAL_REPRESENTATION('',(#8619),#8623);
#8619 = LINE('',#8620,#8621);
#8620 = CARTESIAN_POINT('',(-6.28318530718,-1.E-01));
#8621 = VECTOR('',#8622,1.);
#8622 = DIRECTION('',(1.,-0.));
#8623 = ( GEOMETRIC_REPRESENTATION_CONTEXT(2) 
PARAMETRIC_REPRESENTATION_CONTEXT() REPRESENTATION_CONTEXT('2D SPACE',''
  ) );
#8624 = ORIENTED_EDGE('',*,*,#8625,.T.);
#8625 = EDGE_CURVE('',#8593,#8626,#8628,.T.);
#8626 = VERTEX_POINT('',#8627);
#8627 = CARTESIAN_POINT('',(20.85,17.2,-14.8));
#8628 = SURFACE_CURVE('',#8629,(#8633,#8640),.PCURVE_S1.);
#8629 = LINE('',#8630,#8631);
#8630 = CARTESIAN_POINT('',(20.85,-17.2,-14.8));
#8631 = VECTOR('',#8632,1.);
#8632 = DIRECTION('',(0.,1.,0.));
#8633 = PCURVE('',#7932,#8634);
#8634 = DEFINITIONAL_REPRESENTATION('',(#8635),#8639);
#8635 = LINE('',#8636,#8637);
#8636 = CARTESIAN_POINT('',(20.85,-17.2));
#8637 = VECTOR('',#8638,1.);
#8638 = DIRECTION('',(0.,1.));
#8639 = ( GEOMETRIC_REPRESENTATION_CONTEXT(2) 
PARAMETRIC_REPRESENTATION_CONTEXT() REPRESENTATION_CONTEXT('2D SPACE',''
  ) );
#8640 = PCURVE('',#8524,#8641);
#8641 = DEFINITIONAL_REPRESENTATION('',(#8642),#8646);
#8642 = LINE('',#8643,#8644);
#8643 = CARTESIAN_POINT('',(1.570796326795,0.));
#8644 = VECTOR('',#8645,1.);
#8645 = DIRECTION('',(0.,1.));
#8646 = ( GEOMETRIC_REPRESENTATION_CONTEXT(2) 
PARAMETRIC_REPRESENTATION_CONTEXT() REPRESENTATION_CONTEXT('2D SPACE',''
  ) );
#8647 = ORIENTED_EDGE('',*,*,#8648,.T.);
#8648 = EDGE_CURVE('',#8626,#8649,#8651,.T.);
#8649 = VERTEX_POINT('',#8650);
#8650 = CARTESIAN_POINT('',(13.2,24.85,-14.8));
#8651 = SURFACE_CURVE('',#8652,(#8657,#8664),.PCURVE_S1.);
#8652 = CIRCLE('',#8653,7.65);
#8653 = AXIS2_PLACEMENT_3D('',#8654,#8655,#8656);
#8654 = CARTESIAN_POINT('',(13.2,17.2,-14.8));
#8655 = DIRECTION('',(0.,0.,1.));
#8656 = DIRECTION('',(1.,0.,-0.));
#8657 = PCURVE('',#7932,#8658);
#8658 = DEFINITIONAL_REPRESENTATION('',(#8659),#8663);
#8659 = CIRCLE('',#8660,7.65);
#8660 = AXIS2_PLACEMENT_2D('',#8661,#8662);
#8661 = CARTESIAN_POINT('',(13.2,17.2));
#8662 = DIRECTION('',(1.,0.));
#8663 = ( GEOMETRIC_REPRESENTATION_CONTEXT(2) 
PARAMETRIC_REPRESENTATION_CONTEXT() REPRESENTATION_CONTEXT('2D SPACE',''
  ) );
#8664 = PCURVE('',#8665,#8670);
#8665 = TOROIDAL_SURFACE('',#8666,7.65,0.35);
#8666 = AXIS2_PLACEMENT_3D('',#8667,#8668,#8669);
#8667 = CARTESIAN_POINT('',(13.2,17.2,-14.45));
#8668 = DIRECTION('',(-0.,-0.,-1.));
#8669 = DIRECTION('',(1.,0.,-0.));
#8670 = DEFINITIONAL_REPRESENTATION('',(#8671),#8675);
#8671 = LINE('',#8672,#8673);
#8672 = CARTESIAN_POINT('',(-0.,1.570796326795));
#8673 = VECTOR('',#8674,1.);
#8674 = DIRECTION('',(-1.,0.));
#8675 = ( GEOMETRIC_REPRESENTATION_CONTEXT(2) 
PARAMETRIC_REPRESENTATION_CONTEXT() REPRESENTATION_CONTEXT('2D SPACE',''
  ) );
#8676 = ORIENTED_EDGE('',*,*,#8677,.T.);
#8677 = EDGE_CURVE('',#8649,#8678,#8680,.T.);
#8678 = VERTEX_POINT('',#8679);
#8679 = CARTESIAN_POINT('',(-13.2,24.85,-14.8));
#8680 = SURFACE_CURVE('',#8681,(#8685,#8692),.PCURVE_S1.);
#8681 = LINE('',#8682,#8683);
#8682 = CARTESIAN_POINT('',(13.2,24.85,-14.8));
#8683 = VECTOR('',#8684,1.);
#8684 = DIRECTION('',(-1.,0.,0.));
#8685 = PCURVE('',#7932,#8686);
#8686 = DEFINITIONAL_REPRESENTATION('',(#8687),#8691);
#8687 = LINE('',#8688,#8689);
#8688 = CARTESIAN_POINT('',(13.2,24.85));
#8689 = VECTOR('',#8690,1.);
#8690 = DIRECTION('',(-1.,0.));
#8691 = ( GEOMETRIC_REPRESENTATION_CONTEXT(2) 
PARAMETRIC_REPRESENTATION_CONTEXT() REPRESENTATION_CONTEXT('2D SPACE',''
  ) );
#8692 = PCURVE('',#8693,#8698);
#8693 = CYLINDRICAL_SURFACE('',#8694,0.35);
#8694 = AXIS2_PLACEMENT_3D('',#8695,#8696,#8697);
#8695 = CARTESIAN_POINT('',(13.2,24.85,-14.45));
#8696 = DIRECTION('',(-1.,0.,0.));
#8697 = DIRECTION('',(0.,1.,-0.));
#8698 = DEFINITIONAL_REPRESENTATION('',(#8699),#8703);
#8699 = LINE('',#8700,#8701);
#8700 = CARTESIAN_POINT('',(1.570796326795,0.));
#8701 = VECTOR('',#8702,1.);
#8702 = DIRECTION('',(0.,1.));
#8703 = ( GEOMETRIC_REPRESENTATION_CONTEXT(2) 
PARAMETRIC_REPRESENTATION_CONTEXT() REPRESENTATION_CONTEXT('2D SPACE',''
  ) );
#8704 = ORIENTED_EDGE('',*,*,#8705,.T.);
#8705 = EDGE_CURVE('',#8678,#8706,#8708,.T.);
#8706 = VERTEX_POINT('',#8707);
#8707 = CARTESIAN_POINT('',(-20.85,17.2,-14.8));
#8708 = SURFACE_CURVE('',#8709,(#8714,#8721),.PCURVE_S1.);
#8709 = CIRCLE('',#8710,7.65);
#8710 = AXIS2_PLACEMENT_3D('',#8711,#8712,#8713);
#8711 = CARTESIAN_POINT('',(-13.2,17.2,-14.8));
#8712 = DIRECTION('',(0.,0.,1.));
#8713 = DIRECTION('',(0.,1.,-0.));
#8714 = PCURVE('',#7932,#8715);
#8715 = DEFINITIONAL_REPRESENTATION('',(#8716),#8720);
#8716 = CIRCLE('',#8717,7.65);
#8717 = AXIS2_PLACEMENT_2D('',#8718,#8719);
#8718 = CARTESIAN_POINT('',(-13.2,17.2));
#8719 = DIRECTION('',(0.,1.));
#8720 = ( GEOMETRIC_REPRESENTATION_CONTEXT(2) 
PARAMETRIC_REPRESENTATION_CONTEXT() REPRESENTATION_CONTEXT('2D SPACE',''
  ) );
#8721 = PCURVE('',#8722,#8727);
#8722 = TOROIDAL_SURFACE('',#8723,7.65,0.35);
#8723 = AXIS2_PLACEMENT_3D('',#8724,#8725,#8726);
#8724 = CARTESIAN_POINT('',(-13.2,17.2,-14.45));
#8725 = DIRECTION('',(-0.,-0.,-1.));
#8726 = DIRECTION('',(0.,1.,-0.));
#8727 = DEFINITIONAL_REPRESENTATION('',(#8728),#8732);
#8728 = LINE('',#8729,#8730);
#8729 = CARTESIAN_POINT('',(-0.,1.570796326795));
#8730 = VECTOR('',#8731,1.);
#8731 = DIRECTION('',(-1.,0.));
#8732 = ( GEOMETRIC_REPRESENTATION_CONTEXT(2) 
PARAMETRIC_REPRESENTATION_CONTEXT() REPRESENTATION_CONTEXT('2D SPACE',''
  ) );
#8733 = ORIENTED_EDGE('',*,*,#8734,.T.);
#8734 = EDGE_CURVE('',#8706,#8315,#8735,.T.);
#8735 = SURFACE_CURVE('',#8736,(#8740,#8747),.PCURVE_S1.);
#8736 = LINE('',#8737,#8738);
#8737 = CARTESIAN_POINT('',(-20.85,17.2,-14.8));
#8738 = VECTOR('',#8739,1.);
#8739 = DIRECTION('',(0.,-1.,0.));
#8740 = PCURVE('',#7932,#8741);
#8741 = DEFINITIONAL_REPRESENTATION('',(#8742),#8746);
#8742 = LINE('',#8743,#8744);
#8743 = CARTESIAN_POINT('',(-20.85,17.2));
#8744 = VECTOR('',#8745,1.);
#8745 = DIRECTION('',(0.,-1.));
#8746 = ( GEOMETRIC_REPRESENTATION_CONTEXT(2) 
PARAMETRIC_REPRESENTATION_CONTEXT() REPRESENTATION_CONTEXT('2D SPACE',''
  ) );
#8747 = PCURVE('',#8146,#8748);
#8748 = DEFINITIONAL_REPRESENTATION('',(#8749),#8753);
#8749 = LINE('',#8750,#8751);
#8750 = CARTESIAN_POINT('',(1.570796326795,0.));
#8751 = VECTOR('',#8752,1.);
#8752 = DIRECTION('',(0.,1.));
#8753 = ( GEOMETRIC_REPRESENTATION_CONTEXT(2) 
PARAMETRIC_REPRESENTATION_CONTEXT() REPRESENTATION_CONTEXT('2D SPACE',''
  ) );
#8754 = FACE_BOUND('',#8755,.F.);
#8755 = EDGE_LOOP('',(#8756,#8784,#8817,#8843));
#8756 = ORIENTED_EDGE('',*,*,#8757,.F.);
#8757 = EDGE_CURVE('',#8758,#8760,#8762,.T.);
#8758 = VERTEX_POINT('',#8759);
#8759 = CARTESIAN_POINT('',(-5.8,7.2,-14.8));
#8760 = VERTEX_POINT('',#8761);
#8761 = CARTESIAN_POINT('',(-5.8,-1.2,-14.8));
#8762 = SURFACE_CURVE('',#8763,(#8767,#8773),.PCURVE_S1.);
#8763 = LINE('',#8764,#8765);
#8764 = CARTESIAN_POINT('',(-5.8,-0.6,-14.8));
#8765 = VECTOR('',#8766,1.);
#8766 = DIRECTION('',(-1.110223024625E-16,-1.,0.));
#8767 = PCURVE('',#7932,#8768);
#8768 = DEFINITIONAL_REPRESENTATION('',(#8769),#8772);
#8769 = B_SPLINE_CURVE_WITH_KNOTS('',1,(#8770,#8771),.UNSPECIFIED.,.F.,
  .F.,(2,2),(-7.8,0.6),.PIECEWISE_BEZIER_KNOTS.);
#8770 = CARTESIAN_POINT('',(-5.8,7.2));
#8771 = CARTESIAN_POINT('',(-5.8,-1.2));
#8772 = ( GEOMETRIC_REPRESENTATION_CONTEXT(2) 
PARAMETRIC_REPRESENTATION_CONTEXT() REPRESENTATION_CONTEXT('2D SPACE',''
  ) );
#8773 = PCURVE('',#8774,#8779);
#8774 = PLANE('',#8775);
#8775 = AXIS2_PLACEMENT_3D('',#8776,#8777,#8778);
#8776 = CARTESIAN_POINT('',(-5.8,-1.2,-15.));
#8777 = DIRECTION('',(-1.,1.110223024625E-16,0.));
#8778 = DIRECTION('',(1.110223024625E-16,1.,0.));
#8779 = DEFINITIONAL_REPRESENTATION('',(#8780),#8783);
#8780 = B_SPLINE_CURVE_WITH_KNOTS('',1,(#8781,#8782),.UNSPECIFIED.,.F.,
  .F.,(2,2),(-7.8,0.6),.PIECEWISE_BEZIER_KNOTS.);
#8781 = CARTESIAN_POINT('',(8.4,-0.2));
#8782 = CARTESIAN_POINT('',(0.,-0.2));
#8783 = ( GEOMETRIC_REPRESENTATION_CONTEXT(2) 
PARAMETRIC_REPRESENTATION_CONTEXT() REPRESENTATION_CONTEXT('2D SPACE',''
  ) );
#8784 = ORIENTED_EDGE('',*,*,#8785,.T.);
#8785 = EDGE_CURVE('',#8758,#8786,#8788,.T.);
#8786 = VERTEX_POINT('',#8787);
#8787 = CARTESIAN_POINT('',(-4.2,7.2,-14.8));
#8788 = SURFACE_CURVE('',#8789,(#8794,#8805),.PCURVE_S1.);
#8789 = CIRCLE('',#8790,0.8);
#8790 = AXIS2_PLACEMENT_3D('',#8791,#8792,#8793);
#8791 = CARTESIAN_POINT('',(-5.,7.2,-14.8));
#8792 = DIRECTION('',(0.,0.,-1.));
#8793 = DIRECTION('',(-1.,1.221245327088E-15,0.));
#8794 = PCURVE('',#7932,#8795);
#8795 = DEFINITIONAL_REPRESENTATION('',(#8796),#8804);
#8796 = ( BOUNDED_CURVE() B_SPLINE_CURVE(2,(#8797,#8798,#8799,#8800,
#8801,#8802,#8803),.UNSPECIFIED.,.T.,.F.) B_SPLINE_CURVE_WITH_KNOTS((1,2
    ,2,2,2,1),(-2.094395102393,0.,2.094395102393,4.188790204786,
6.28318530718,8.377580409573),.UNSPECIFIED.) CURVE() 
GEOMETRIC_REPRESENTATION_ITEM() RATIONAL_B_SPLINE_CURVE((1.,0.5,1.,0.5,
1.,0.5,1.)) REPRESENTATION_ITEM('') );
#8797 = CARTESIAN_POINT('',(-5.8,7.2));
#8798 = CARTESIAN_POINT('',(-5.8,8.585640646055));
#8799 = CARTESIAN_POINT('',(-4.6,7.892820323028));
#8800 = CARTESIAN_POINT('',(-3.4,7.2));
#8801 = CARTESIAN_POINT('',(-4.6,6.507179676972));
#8802 = CARTESIAN_POINT('',(-5.8,5.814359353945));
#8803 = CARTESIAN_POINT('',(-5.8,7.2));
#8804 = ( GEOMETRIC_REPRESENTATION_CONTEXT(2) 
PARAMETRIC_REPRESENTATION_CONTEXT() REPRESENTATION_CONTEXT('2D SPACE',''
  ) );
#8805 = PCURVE('',#8806,#8811);
#8806 = CYLINDRICAL_SURFACE('',#8807,0.8);
#8807 = AXIS2_PLACEMENT_3D('',#8808,#8809,#8810);
#8808 = CARTESIAN_POINT('',(-5.,7.2,-15.));
#8809 = DIRECTION('',(0.,0.,-1.));
#8810 = DIRECTION('',(-1.,1.221245327088E-15,0.));
#8811 = DEFINITIONAL_REPRESENTATION('',(#8812),#8816);
#8812 = LINE('',#8813,#8814);
#8813 = CARTESIAN_POINT('',(0.,-0.2));
#8814 = VECTOR('',#8815,1.);
#8815 = DIRECTION('',(1.,0.));
#8816 = ( GEOMETRIC_REPRESENTATION_CONTEXT(2) 
PARAMETRIC_REPRESENTATION_CONTEXT() REPRESENTATION_CONTEXT('2D SPACE',''
  ) );
#8817 = ORIENTED_EDGE('',*,*,#8818,.F.);
#8818 = EDGE_CURVE('',#8819,#8786,#8821,.T.);
#8819 = VERTEX_POINT('',#8820);
#8820 = CARTESIAN_POINT('',(-4.2,-1.2,-14.8));
#8821 = SURFACE_CURVE('',#8822,(#8826,#8832),.PCURVE_S1.);
#8822 = LINE('',#8823,#8824);
#8823 = CARTESIAN_POINT('',(-4.2,3.6,-14.8));
#8824 = VECTOR('',#8825,1.);
#8825 = DIRECTION('',(1.110223024625E-16,1.,-0.));
#8826 = PCURVE('',#7932,#8827);
#8827 = DEFINITIONAL_REPRESENTATION('',(#8828),#8831);
#8828 = B_SPLINE_CURVE_WITH_KNOTS('',1,(#8829,#8830),.UNSPECIFIED.,.F.,
  .F.,(2,2),(-4.8,3.6),.PIECEWISE_BEZIER_KNOTS.);
#8829 = CARTESIAN_POINT('',(-4.2,-1.2));
#8830 = CARTESIAN_POINT('',(-4.2,7.2));
#8831 = ( GEOMETRIC_REPRESENTATION_CONTEXT(2) 
PARAMETRIC_REPRESENTATION_CONTEXT() REPRESENTATION_CONTEXT('2D SPACE',''
  ) );
#8832 = PCURVE('',#8833,#8838);
#8833 = PLANE('',#8834);
#8834 = AXIS2_PLACEMENT_3D('',#8835,#8836,#8837);
#8835 = CARTESIAN_POINT('',(-4.2,7.2,-15.));
#8836 = DIRECTION('',(1.,-1.110223024625E-16,0.));
#8837 = DIRECTION('',(-1.110223024625E-16,-1.,0.));
#8838 = DEFINITIONAL_REPRESENTATION('',(#8839),#8842);
#8839 = B_SPLINE_CURVE_WITH_KNOTS('',1,(#8840,#8841),.UNSPECIFIED.,.F.,
  .F.,(2,2),(-4.8,3.6),.PIECEWISE_BEZIER_KNOTS.);
#8840 = CARTESIAN_POINT('',(8.4,-0.2));
#8841 = CARTESIAN_POINT('',(0.,-0.2));
#8842 = ( GEOMETRIC_REPRESENTATION_CONTEXT(2) 
PARAMETRIC_REPRESENTATION_CONTEXT() REPRESENTATION_CONTEXT('2D SPACE',''
  ) );
#8843 = ORIENTED_EDGE('',*,*,#8844,.T.);
#8844 = EDGE_CURVE('',#8819,#8760,#8845,.T.);
#8845 = SURFACE_CURVE('',#8846,(#8851,#8862),.PCURVE_S1.);
#8846 = CIRCLE('',#8847,0.8);
#8847 = AXIS2_PLACEMENT_3D('',#8848,#8849,#8850);
#8848 = CARTESIAN_POINT('',(-5.,-1.2,-14.8));
#8849 = DIRECTION('',(-0.,0.,-1.));
#8850 = DIRECTION('',(1.,-1.221245327088E-15,-0.));
#8851 = PCURVE('',#7932,#8852);
#8852 = DEFINITIONAL_REPRESENTATION('',(#8853),#8861);
#8853 = ( BOUNDED_CURVE() B_SPLINE_CURVE(2,(#8854,#8855,#8856,#8857,
#8858,#8859,#8860),.UNSPECIFIED.,.T.,.F.) B_SPLINE_CURVE_WITH_KNOTS((1,2
    ,2,2,2,1),(-2.094395102393,0.,2.094395102393,4.188790204786,
6.28318530718,8.377580409573),.UNSPECIFIED.) CURVE() 
GEOMETRIC_REPRESENTATION_ITEM() RATIONAL_B_SPLINE_CURVE((1.,0.5,1.,0.5,
1.,0.5,1.)) REPRESENTATION_ITEM('') );
#8854 = CARTESIAN_POINT('',(-4.2,-1.2));
#8855 = CARTESIAN_POINT('',(-4.2,-2.585640646055));
#8856 = CARTESIAN_POINT('',(-5.4,-1.892820323028));
#8857 = CARTESIAN_POINT('',(-6.6,-1.2));
#8858 = CARTESIAN_POINT('',(-5.4,-0.507179676972));
#8859 = CARTESIAN_POINT('',(-4.2,0.185640646055));
#8860 = CARTESIAN_POINT('',(-4.2,-1.2));
#8861 = ( GEOMETRIC_REPRESENTATION_CONTEXT(2) 
PARAMETRIC_REPRESENTATION_CONTEXT() REPRESENTATION_CONTEXT('2D SPACE',''
  ) );
#8862 = PCURVE('',#8863,#8868);
#8863 = CYLINDRICAL_SURFACE('',#8864,0.8);
#8864 = AXIS2_PLACEMENT_3D('',#8865,#8866,#8867);
#8865 = CARTESIAN_POINT('',(-5.,-1.2,-15.));
#8866 = DIRECTION('',(-0.,0.,-1.));
#8867 = DIRECTION('',(1.,-1.221245327088E-15,-0.));
#8868 = DEFINITIONAL_REPRESENTATION('',(#8869),#8873);
#8869 = LINE('',#8870,#8871);
#8870 = CARTESIAN_POINT('',(0.,-0.2));
#8871 = VECTOR('',#8872,1.);
#8872 = DIRECTION('',(1.,0.));
#8873 = ( GEOMETRIC_REPRESENTATION_CONTEXT(2) 
PARAMETRIC_REPRESENTATION_CONTEXT() REPRESENTATION_CONTEXT('2D SPACE',''
  ) );
#8874 = FACE_BOUND('',#8875,.F.);
#8875 = EDGE_LOOP('',(#8876,#8904,#8937,#8963));
#8876 = ORIENTED_EDGE('',*,*,#8877,.F.);
#8877 = EDGE_CURVE('',#8878,#8880,#8882,.T.);
#8878 = VERTEX_POINT('',#8879);
#8879 = CARTESIAN_POINT('',(-0.8,7.2,-14.8));
#8880 = VERTEX_POINT('',#8881);
#8881 = CARTESIAN_POINT('',(-0.8,-1.2,-14.8));
#8882 = SURFACE_CURVE('',#8883,(#8887,#8893),.PCURVE_S1.);
#8883 = LINE('',#8884,#8885);
#8884 = CARTESIAN_POINT('',(-0.8,-0.6,-14.8));
#8885 = VECTOR('',#8886,1.);
#8886 = DIRECTION('',(-1.110223024625E-16,-1.,0.));
#8887 = PCURVE('',#7932,#8888);
#8888 = DEFINITIONAL_REPRESENTATION('',(#8889),#8892);
#8889 = B_SPLINE_CURVE_WITH_KNOTS('',1,(#8890,#8891),.UNSPECIFIED.,.F.,
  .F.,(2,2),(-7.8,0.6),.PIECEWISE_BEZIER_KNOTS.);
#8890 = CARTESIAN_POINT('',(-0.8,7.2));
#8891 = CARTESIAN_POINT('',(-0.8,-1.2));
#8892 = ( GEOMETRIC_REPRESENTATION_CONTEXT(2) 
PARAMETRIC_REPRESENTATION_CONTEXT() REPRESENTATION_CONTEXT('2D SPACE',''
  ) );
#8893 = PCURVE('',#8894,#8899);
#8894 = PLANE('',#8895);
#8895 = AXIS2_PLACEMENT_3D('',#8896,#8897,#8898);
#8896 = CARTESIAN_POINT('',(-0.8,-1.2,-15.));
#8897 = DIRECTION('',(-1.,1.110223024625E-16,0.));
#8898 = DIRECTION('',(1.110223024625E-16,1.,0.));
#8899 = DEFINITIONAL_REPRESENTATION('',(#8900),#8903);
#8900 = B_SPLINE_CURVE_WITH_KNOTS('',1,(#8901,#8902),.UNSPECIFIED.,.F.,
  .F.,(2,2),(-7.8,0.6),.PIECEWISE_BEZIER_KNOTS.);
#8901 = CARTESIAN_POINT('',(8.4,-0.2));
#8902 = CARTESIAN_POINT('',(0.,-0.2));
#8903 = ( GEOMETRIC_REPRESENTATION_CONTEXT(2) 
PARAMETRIC_REPRESENTATION_CONTEXT() REPRESENTATION_CONTEXT('2D SPACE',''
  ) );
#8904 = ORIENTED_EDGE('',*,*,#8905,.T.);
#8905 = EDGE_CURVE('',#8878,#8906,#8908,.T.);
#8906 = VERTEX_POINT('',#8907);
#8907 = CARTESIAN_POINT('',(0.8,7.2,-14.8));
#8908 = SURFACE_CURVE('',#8909,(#8914,#8925),.PCURVE_S1.);
#8909 = CIRCLE('',#8910,0.8);
#8910 = AXIS2_PLACEMENT_3D('',#8911,#8912,#8913);
#8911 = CARTESIAN_POINT('',(5.218048215738E-16,7.2,-14.8));
#8912 = DIRECTION('',(0.,0.,-1.));
#8913 = DIRECTION('',(-1.,1.221245327088E-15,0.));
#8914 = PCURVE('',#7932,#8915);
#8915 = DEFINITIONAL_REPRESENTATION('',(#8916),#8924);
#8916 = ( BOUNDED_CURVE() B_SPLINE_CURVE(2,(#8917,#8918,#8919,#8920,
#8921,#8922,#8923),.UNSPECIFIED.,.T.,.F.) B_SPLINE_CURVE_WITH_KNOTS((1,2
    ,2,2,2,1),(-2.094395102393,0.,2.094395102393,4.188790204786,
6.28318530718,8.377580409573),.UNSPECIFIED.) CURVE() 
GEOMETRIC_REPRESENTATION_ITEM() RATIONAL_B_SPLINE_CURVE((1.,0.5,1.,0.5,
1.,0.5,1.)) REPRESENTATION_ITEM('') );
#8917 = CARTESIAN_POINT('',(-0.8,7.2));
#8918 = CARTESIAN_POINT('',(-0.8,8.585640646055));
#8919 = CARTESIAN_POINT('',(0.4,7.892820323028));
#8920 = CARTESIAN_POINT('',(1.6,7.2));
#8921 = CARTESIAN_POINT('',(0.4,6.507179676972));
#8922 = CARTESIAN_POINT('',(-0.8,5.814359353945));
#8923 = CARTESIAN_POINT('',(-0.8,7.2));
#8924 = ( GEOMETRIC_REPRESENTATION_CONTEXT(2) 
PARAMETRIC_REPRESENTATION_CONTEXT() REPRESENTATION_CONTEXT('2D SPACE',''
  ) );
#8925 = PCURVE('',#8926,#8931);
#8926 = CYLINDRICAL_SURFACE('',#8927,0.8);
#8927 = AXIS2_PLACEMENT_3D('',#8928,#8929,#8930);
#8928 = CARTESIAN_POINT('',(5.218048215738E-16,7.2,-15.));
#8929 = DIRECTION('',(0.,0.,-1.));
#8930 = DIRECTION('',(-1.,1.221245327088E-15,0.));
#8931 = DEFINITIONAL_REPRESENTATION('',(#8932),#8936);
#8932 = LINE('',#8933,#8934);
#8933 = CARTESIAN_POINT('',(0.,-0.2));
#8934 = VECTOR('',#8935,1.);
#8935 = DIRECTION('',(1.,0.));
#8936 = ( GEOMETRIC_REPRESENTATION_CONTEXT(2) 
PARAMETRIC_REPRESENTATION_CONTEXT() REPRESENTATION_CONTEXT('2D SPACE',''
  ) );
#8937 = ORIENTED_EDGE('',*,*,#8938,.F.);
#8938 = EDGE_CURVE('',#8939,#8906,#8941,.T.);
#8939 = VERTEX_POINT('',#8940);
#8940 = CARTESIAN_POINT('',(0.8,-1.2,-14.8));
#8941 = SURFACE_CURVE('',#8942,(#8946,#8952),.PCURVE_S1.);
#8942 = LINE('',#8943,#8944);
#8943 = CARTESIAN_POINT('',(0.8,3.6,-14.8));
#8944 = VECTOR('',#8945,1.);
#8945 = DIRECTION('',(1.110223024625E-16,1.,-0.));
#8946 = PCURVE('',#7932,#8947);
#8947 = DEFINITIONAL_REPRESENTATION('',(#8948),#8951);
#8948 = B_SPLINE_CURVE_WITH_KNOTS('',1,(#8949,#8950),.UNSPECIFIED.,.F.,
  .F.,(2,2),(-4.8,3.6),.PIECEWISE_BEZIER_KNOTS.);
#8949 = CARTESIAN_POINT('',(0.8,-1.2));
#8950 = CARTESIAN_POINT('',(0.8,7.2));
#8951 = ( GEOMETRIC_REPRESENTATION_CONTEXT(2) 
PARAMETRIC_REPRESENTATION_CONTEXT() REPRESENTATION_CONTEXT('2D SPACE',''
  ) );
#8952 = PCURVE('',#8953,#8958);
#8953 = PLANE('',#8954);
#8954 = AXIS2_PLACEMENT_3D('',#8955,#8956,#8957);
#8955 = CARTESIAN_POINT('',(0.8,7.2,-15.));
#8956 = DIRECTION('',(1.,-1.110223024625E-16,0.));
#8957 = DIRECTION('',(-1.110223024625E-16,-1.,0.));
#8958 = DEFINITIONAL_REPRESENTATION('',(#8959),#8962);
#8959 = B_SPLINE_CURVE_WITH_KNOTS('',1,(#8960,#8961),.UNSPECIFIED.,.F.,
  .F.,(2,2),(-4.8,3.6),.PIECEWISE_BEZIER_KNOTS.);
#8960 = CARTESIAN_POINT('',(8.4,-0.2));
#8961 = CARTESIAN_POINT('',(0.,-0.2));
#8962 = ( GEOMETRIC_REPRESENTATION_CONTEXT(2) 
PARAMETRIC_REPRESENTATION_CONTEXT() REPRESENTATION_CONTEXT('2D SPACE',''
  ) );
#8963 = ORIENTED_EDGE('',*,*,#8964,.T.);
#8964 = EDGE_CURVE('',#8939,#8880,#8965,.T.);
#8965 = SURFACE_CURVE('',#8966,(#8971,#8982),.PCURVE_S1.);
#8966 = CIRCLE('',#8967,0.8);
#8967 = AXIS2_PLACEMENT_3D('',#8968,#8969,#8970);
#8968 = CARTESIAN_POINT('',(-5.218048215738E-16,-1.2,-14.8));
#8969 = DIRECTION('',(-0.,0.,-1.));
#8970 = DIRECTION('',(1.,-1.221245327088E-15,-0.));
#8971 = PCURVE('',#7932,#8972);
#8972 = DEFINITIONAL_REPRESENTATION('',(#8973),#8981);
#8973 = ( BOUNDED_CURVE() B_SPLINE_CURVE(2,(#8974,#8975,#8976,#8977,
#8978,#8979,#8980),.UNSPECIFIED.,.T.,.F.) B_SPLINE_CURVE_WITH_KNOTS((1,2
    ,2,2,2,1),(-2.094395102393,0.,2.094395102393,4.188790204786,
6.28318530718,8.377580409573),.UNSPECIFIED.) CURVE() 
GEOMETRIC_REPRESENTATION_ITEM() RATIONAL_B_SPLINE_CURVE((1.,0.5,1.,0.5,
1.,0.5,1.)) REPRESENTATION_ITEM('') );
#8974 = CARTESIAN_POINT('',(0.8,-1.2));
#8975 = CARTESIAN_POINT('',(0.8,-2.585640646055));
#8976 = CARTESIAN_POINT('',(-0.4,-1.892820323028));
#8977 = CARTESIAN_POINT('',(-1.6,-1.2));
#8978 = CARTESIAN_POINT('',(-0.4,-0.507179676972));
#8979 = CARTESIAN_POINT('',(0.8,0.185640646055));
#8980 = CARTESIAN_POINT('',(0.8,-1.2));
#8981 = ( GEOMETRIC_REPRESENTATION_CONTEXT(2) 
PARAMETRIC_REPRESENTATION_CONTEXT() REPRESENTATION_CONTEXT('2D SPACE',''
  ) );
#8982 = PCURVE('',#8983,#8988);
#8983 = CYLINDRICAL_SURFACE('',#8984,0.8);
#8984 = AXIS2_PLACEMENT_3D('',#8985,#8986,#8987);
#8985 = CARTESIAN_POINT('',(-5.218048215738E-16,-1.2,-15.));
#8986 = DIRECTION('',(-0.,0.,-1.));
#8987 = DIRECTION('',(1.,-1.221245327088E-15,-0.));
#8988 = DEFINITIONAL_REPRESENTATION('',(#8989),#8993);
#8989 = LINE('',#8990,#8991);
#8990 = CARTESIAN_POINT('',(0.,-0.2));
#8991 = VECTOR('',#8992,1.);
#8992 = DIRECTION('',(1.,0.));
#8993 = ( GEOMETRIC_REPRESENTATION_CONTEXT(2) 
PARAMETRIC_REPRESENTATION_CONTEXT() REPRESENTATION_CONTEXT('2D SPACE',''
  ) );
#8994 = FACE_BOUND('',#8995,.F.);
#8995 = EDGE_LOOP('',(#8996,#9024,#9057,#9083));
#8996 = ORIENTED_EDGE('',*,*,#8997,.F.);
#8997 = EDGE_CURVE('',#8998,#9000,#9002,.T.);
#8998 = VERTEX_POINT('',#8999);
#8999 = CARTESIAN_POINT('',(4.2,7.2,-14.8));
#9000 = VERTEX_POINT('',#9001);
#9001 = CARTESIAN_POINT('',(4.2,-1.2,-14.8));
#9002 = SURFACE_CURVE('',#9003,(#9007,#9013),.PCURVE_S1.);
#9003 = LINE('',#9004,#9005);
#9004 = CARTESIAN_POINT('',(4.2,-0.6,-14.8));
#9005 = VECTOR('',#9006,1.);
#9006 = DIRECTION('',(-1.110223024625E-16,-1.,0.));
#9007 = PCURVE('',#7932,#9008);
#9008 = DEFINITIONAL_REPRESENTATION('',(#9009),#9012);
#9009 = B_SPLINE_CURVE_WITH_KNOTS('',1,(#9010,#9011),.UNSPECIFIED.,.F.,
  .F.,(2,2),(-7.8,0.6),.PIECEWISE_BEZIER_KNOTS.);
#9010 = CARTESIAN_POINT('',(4.2,7.2));
#9011 = CARTESIAN_POINT('',(4.2,-1.2));
#9012 = ( GEOMETRIC_REPRESENTATION_CONTEXT(2) 
PARAMETRIC_REPRESENTATION_CONTEXT() REPRESENTATION_CONTEXT('2D SPACE',''
  ) );
#9013 = PCURVE('',#9014,#9019);
#9014 = PLANE('',#9015);
#9015 = AXIS2_PLACEMENT_3D('',#9016,#9017,#9018);
#9016 = CARTESIAN_POINT('',(4.2,-1.2,-15.));
#9017 = DIRECTION('',(-1.,1.110223024625E-16,0.));
#9018 = DIRECTION('',(1.110223024625E-16,1.,0.));
#9019 = DEFINITIONAL_REPRESENTATION('',(#9020),#9023);
#9020 = B_SPLINE_CURVE_WITH_KNOTS('',1,(#9021,#9022),.UNSPECIFIED.,.F.,
  .F.,(2,2),(-7.8,0.6),.PIECEWISE_BEZIER_KNOTS.);
#9021 = CARTESIAN_POINT('',(8.4,-0.2));
#9022 = CARTESIAN_POINT('',(0.,-0.2));
#9023 = ( GEOMETRIC_REPRESENTATION_CONTEXT(2) 
PARAMETRIC_REPRESENTATION_CONTEXT() REPRESENTATION_CONTEXT('2D SPACE',''
  ) );
#9024 = ORIENTED_EDGE('',*,*,#9025,.T.);
#9025 = EDGE_CURVE('',#8998,#9026,#9028,.T.);
#9026 = VERTEX_POINT('',#9027);
#9027 = CARTESIAN_POINT('',(5.8,7.2,-14.8));
#9028 = SURFACE_CURVE('',#9029,(#9034,#9045),.PCURVE_S1.);
#9029 = CIRCLE('',#9030,0.8);
#9030 = AXIS2_PLACEMENT_3D('',#9031,#9032,#9033);
#9031 = CARTESIAN_POINT('',(5.,7.2,-14.8));
#9032 = DIRECTION('',(0.,0.,-1.));
#9033 = DIRECTION('',(-1.,1.221245327088E-15,0.));
#9034 = PCURVE('',#7932,#9035);
#9035 = DEFINITIONAL_REPRESENTATION('',(#9036),#9044);
#9036 = ( BOUNDED_CURVE() B_SPLINE_CURVE(2,(#9037,#9038,#9039,#9040,
#9041,#9042,#9043),.UNSPECIFIED.,.T.,.F.) B_SPLINE_CURVE_WITH_KNOTS((1,2
    ,2,2,2,1),(-2.094395102393,0.,2.094395102393,4.188790204786,
6.28318530718,8.377580409573),.UNSPECIFIED.) CURVE() 
GEOMETRIC_REPRESENTATION_ITEM() RATIONAL_B_SPLINE_CURVE((1.,0.5,1.,0.5,
1.,0.5,1.)) REPRESENTATION_ITEM('') );
#9037 = CARTESIAN_POINT('',(4.2,7.2));
#9038 = CARTESIAN_POINT('',(4.2,8.585640646055));
#9039 = CARTESIAN_POINT('',(5.4,7.892820323028));
#9040 = CARTESIAN_POINT('',(6.6,7.2));
#9041 = CARTESIAN_POINT('',(5.4,6.507179676972));
#9042 = CARTESIAN_POINT('',(4.2,5.814359353945));
#9043 = CARTESIAN_POINT('',(4.2,7.2));
#9044 = ( GEOMETRIC_REPRESENTATION_CONTEXT(2) 
PARAMETRIC_REPRESENTATION_CONTEXT() REPRESENTATION_CONTEXT('2D SPACE',''
  ) );
#9045 = PCURVE('',#9046,#9051);
#9046 = CYLINDRICAL_SURFACE('',#9047,0.8);
#9047 = AXIS2_PLACEMENT_3D('',#9048,#9049,#9050);
#9048 = CARTESIAN_POINT('',(5.,7.2,-15.));
#9049 = DIRECTION('',(0.,0.,-1.));
#9050 = DIRECTION('',(-1.,1.221245327088E-15,0.));
#9051 = DEFINITIONAL_REPRESENTATION('',(#9052),#9056);
#9052 = LINE('',#9053,#9054);
#9053 = CARTESIAN_POINT('',(0.,-0.2));
#9054 = VECTOR('',#9055,1.);
#9055 = DIRECTION('',(1.,0.));
#9056 = ( GEOMETRIC_REPRESENTATION_CONTEXT(2) 
PARAMETRIC_REPRESENTATION_CONTEXT() REPRESENTATION_CONTEXT('2D SPACE',''
  ) );
#9057 = ORIENTED_EDGE('',*,*,#9058,.F.);
#9058 = EDGE_CURVE('',#9059,#9026,#9061,.T.);
#9059 = VERTEX_POINT('',#9060);
#9060 = CARTESIAN_POINT('',(5.8,-1.2,-14.8));
#9061 = SURFACE_CURVE('',#9062,(#9066,#9072),.PCURVE_S1.);
#9062 = LINE('',#9063,#9064);
#9063 = CARTESIAN_POINT('',(5.8,3.6,-14.8));
#9064 = VECTOR('',#9065,1.);
#9065 = DIRECTION('',(1.110223024625E-16,1.,-0.));
#9066 = PCURVE('',#7932,#9067);
#9067 = DEFINITIONAL_REPRESENTATION('',(#9068),#9071);
#9068 = B_SPLINE_CURVE_WITH_KNOTS('',1,(#9069,#9070),.UNSPECIFIED.,.F.,
  .F.,(2,2),(-4.8,3.6),.PIECEWISE_BEZIER_KNOTS.);
#9069 = CARTESIAN_POINT('',(5.8,-1.2));
#9070 = CARTESIAN_POINT('',(5.8,7.2));
#9071 = ( GEOMETRIC_REPRESENTATION_CONTEXT(2) 
PARAMETRIC_REPRESENTATION_CONTEXT() REPRESENTATION_CONTEXT('2D SPACE',''
  ) );
#9072 = PCURVE('',#9073,#9078);
#9073 = PLANE('',#9074);
#9074 = AXIS2_PLACEMENT_3D('',#9075,#9076,#9077);
#9075 = CARTESIAN_POINT('',(5.8,7.2,-15.));
#9076 = DIRECTION('',(1.,-1.110223024625E-16,0.));
#9077 = DIRECTION('',(-1.110223024625E-16,-1.,0.));
#9078 = DEFINITIONAL_REPRESENTATION('',(#9079),#9082);
#9079 = B_SPLINE_CURVE_WITH_KNOTS('',1,(#9080,#9081),.UNSPECIFIED.,.F.,
  .F.,(2,2),(-4.8,3.6),.PIECEWISE_BEZIER_KNOTS.);
#9080 = CARTESIAN_POINT('',(8.4,-0.2));
#9081 = CARTESIAN_POINT('',(0.,-0.2));
#9082 = ( GEOMETRIC_REPRESENTATION_CONTEXT(2) 
PARAMETRIC_REPRESENTATION_CONTEXT() REPRESENTATION_CONTEXT('2D SPACE',''
  ) );
#9083 = ORIENTED_EDGE('',*,*,#9084,.T.);
#9084 = EDGE_CURVE('',#9059,#9000,#9085,.T.);
#9085 = SURFACE_CURVE('',#9086,(#9091,#9102),.PCURVE_S1.);
#9086 = CIRCLE('',#9087,0.8);
#9087 = AXIS2_PLACEMENT_3D('',#9088,#9089,#9090);
#9088 = CARTESIAN_POINT('',(5.,-1.2,-14.8));
#9089 = DIRECTION('',(-0.,0.,-1.));
#9090 = DIRECTION('',(1.,-1.221245327088E-15,-0.));
#9091 = PCURVE('',#7932,#9092);
#9092 = DEFINITIONAL_REPRESENTATION('',(#9093),#9101);
#9093 = ( BOUNDED_CURVE() B_SPLINE_CURVE(2,(#9094,#9095,#9096,#9097,
#9098,#9099,#9100),.UNSPECIFIED.,.T.,.F.) B_SPLINE_CURVE_WITH_KNOTS((1,2
    ,2,2,2,1),(-2.094395102393,0.,2.094395102393,4.188790204786,
6.28318530718,8.377580409573),.UNSPECIFIED.) CURVE() 
GEOMETRIC_REPRESENTATION_ITEM() RATIONAL_B_SPLINE_CURVE((1.,0.5,1.,0.5,
1.,0.5,1.)) REPRESENTATION_ITEM('') );
#9094 = CARTESIAN_POINT('',(5.8,-1.2));
#9095 = CARTESIAN_POINT('',(5.8,-2.585640646055));
#9096 = CARTESIAN_POINT('',(4.6,-1.892820323028));
#9097 = CARTESIAN_POINT('',(3.4,-1.2));
#9098 = CARTESIAN_POINT('',(4.6,-0.507179676972));
#9099 = CARTESIAN_POINT('',(5.8,0.185640646055));
#9100 = CARTESIAN_POINT('',(5.8,-1.2));
#9101 = ( GEOMETRIC_REPRESENTATION_CONTEXT(2) 
PARAMETRIC_REPRESENTATION_CONTEXT() REPRESENTATION_CONTEXT('2D SPACE',''
  ) );
#9102 = PCURVE('',#9103,#9108);
#9103 = CYLINDRICAL_SURFACE('',#9104,0.8);
#9104 = AXIS2_PLACEMENT_3D('',#9105,#9106,#9107);
#9105 = CARTESIAN_POINT('',(5.,-1.2,-15.));
#9106 = DIRECTION('',(-0.,0.,-1.));
#9107 = DIRECTION('',(1.,-1.221245327088E-15,-0.));
#9108 = DEFINITIONAL_REPRESENTATION('',(#9109),#9113);
#9109 = LINE('',#9110,#9111);
#9110 = CARTESIAN_POINT('',(0.,-0.2));
#9111 = VECTOR('',#9112,1.);
#9112 = DIRECTION('',(1.,0.));
#9113 = ( GEOMETRIC_REPRESENTATION_CONTEXT(2) 
PARAMETRIC_REPRESENTATION_CONTEXT() REPRESENTATION_CONTEXT('2D SPACE',''
  ) );
#9114 = ADVANCED_FACE('',(#9115),#7958,.T.);
#9115 = FACE_BOUND('',#9116,.F.);
#9116 = EDGE_LOOP('',(#9117,#9118,#9119,#9139));
#9117 = ORIENTED_EDGE('',*,*,#7944,.F.);
#9118 = ORIENTED_EDGE('',*,*,#8053,.T.);
#9119 = ORIENTED_EDGE('',*,*,#9120,.T.);
#9120 = EDGE_CURVE('',#8054,#8485,#9121,.T.);
#9121 = SURFACE_CURVE('',#9122,(#9127,#9133),.PCURVE_S1.);
#9122 = CIRCLE('',#9123,0.35);
#9123 = AXIS2_PLACEMENT_3D('',#9124,#9125,#9126);
#9124 = CARTESIAN_POINT('',(20.85,-17.2,-14.45));
#9125 = DIRECTION('',(6.123233995737E-17,1.,0.));
#9126 = DIRECTION('',(1.,-6.123233995737E-17,0.));
#9127 = PCURVE('',#7958,#9128);
#9128 = DEFINITIONAL_REPRESENTATION('',(#9129),#9132);
#9129 = B_SPLINE_CURVE_WITH_KNOTS('',1,(#9130,#9131),.UNSPECIFIED.,.F.,
  .F.,(2,2),(0.,1.570796326795),.PIECEWISE_BEZIER_KNOTS.);
#9130 = CARTESIAN_POINT('',(-1.570796326795,0.));
#9131 = CARTESIAN_POINT('',(-1.570796326795,1.570796326795));
#9132 = ( GEOMETRIC_REPRESENTATION_CONTEXT(2) 
PARAMETRIC_REPRESENTATION_CONTEXT() REPRESENTATION_CONTEXT('2D SPACE',''
  ) );
#9133 = PCURVE('',#8524,#9134);
#9134 = DEFINITIONAL_REPRESENTATION('',(#9135),#9138);
#9135 = B_SPLINE_CURVE_WITH_KNOTS('',1,(#9136,#9137),.UNSPECIFIED.,.F.,
  .F.,(2,2),(0.,1.570796326795),.PIECEWISE_BEZIER_KNOTS.);
#9136 = CARTESIAN_POINT('',(0.,0.));
#9137 = CARTESIAN_POINT('',(1.570796326795,0.));
#9138 = ( GEOMETRIC_REPRESENTATION_CONTEXT(2) 
PARAMETRIC_REPRESENTATION_CONTEXT() REPRESENTATION_CONTEXT('2D SPACE',''
  ) );
#9139 = ORIENTED_EDGE('',*,*,#8484,.F.);
#9140 = ADVANCED_FACE('',(#9141,#9304,#9339,#9374,#9409,#9643),#8011,.T.
  );
#9141 = FACE_BOUND('',#9142,.T.);
#9142 = EDGE_LOOP('',(#9143,#9144,#9168,#9196,#9225,#9253,#9282,#9303));
#9143 = ORIENTED_EDGE('',*,*,#7995,.T.);
#9144 = ORIENTED_EDGE('',*,*,#9145,.T.);
#9145 = EDGE_CURVE('',#7996,#9146,#9148,.T.);
#9146 = VERTEX_POINT('',#9147);
#9147 = CARTESIAN_POINT('',(20.85,-17.2,-13.));
#9148 = SURFACE_CURVE('',#9149,(#9154,#9161),.PCURVE_S1.);
#9149 = CIRCLE('',#9150,7.65);
#9150 = AXIS2_PLACEMENT_3D('',#9151,#9152,#9153);
#9151 = CARTESIAN_POINT('',(13.2,-17.2,-13.));
#9152 = DIRECTION('',(0.,0.,1.));
#9153 = DIRECTION('',(0.,-1.,0.));
#9154 = PCURVE('',#8011,#9155);
#9155 = DEFINITIONAL_REPRESENTATION('',(#9156),#9160);
#9156 = CIRCLE('',#9157,7.65);
#9157 = AXIS2_PLACEMENT_2D('',#9158,#9159);
#9158 = CARTESIAN_POINT('',(13.2,-17.2));
#9159 = DIRECTION('',(0.,-1.));
#9160 = ( GEOMETRIC_REPRESENTATION_CONTEXT(2) 
PARAMETRIC_REPRESENTATION_CONTEXT() REPRESENTATION_CONTEXT('2D SPACE',''
  ) );
#9161 = PCURVE('',#8037,#9162);
#9162 = DEFINITIONAL_REPRESENTATION('',(#9163),#9167);
#9163 = LINE('',#9164,#9165);
#9164 = CARTESIAN_POINT('',(0.,1.570796326795));
#9165 = VECTOR('',#9166,1.);
#9166 = DIRECTION('',(1.,0.));
#9167 = ( GEOMETRIC_REPRESENTATION_CONTEXT(2) 
PARAMETRIC_REPRESENTATION_CONTEXT() REPRESENTATION_CONTEXT('2D SPACE',''
  ) );
#9168 = ORIENTED_EDGE('',*,*,#9169,.T.);
#9169 = EDGE_CURVE('',#9146,#9170,#9172,.T.);
#9170 = VERTEX_POINT('',#9171);
#9171 = CARTESIAN_POINT('',(20.85,17.2,-13.));
#9172 = SURFACE_CURVE('',#9173,(#9177,#9184),.PCURVE_S1.);
#9173 = LINE('',#9174,#9175);
#9174 = CARTESIAN_POINT('',(20.85,-17.2,-13.));
#9175 = VECTOR('',#9176,1.);
#9176 = DIRECTION('',(0.,1.,0.));
#9177 = PCURVE('',#8011,#9178);
#9178 = DEFINITIONAL_REPRESENTATION('',(#9179),#9183);
#9179 = LINE('',#9180,#9181);
#9180 = CARTESIAN_POINT('',(20.85,-17.2));
#9181 = VECTOR('',#9182,1.);
#9182 = DIRECTION('',(0.,1.));
#9183 = ( GEOMETRIC_REPRESENTATION_CONTEXT(2) 
PARAMETRIC_REPRESENTATION_CONTEXT() REPRESENTATION_CONTEXT('2D SPACE',''
  ) );
#9184 = PCURVE('',#9185,#9190);
#9185 = CYLINDRICAL_SURFACE('',#9186,0.35);
#9186 = AXIS2_PLACEMENT_3D('',#9187,#9188,#9189);
#9187 = CARTESIAN_POINT('',(20.85,-17.2,-13.35));
#9188 = DIRECTION('',(0.,1.,0.));
#9189 = DIRECTION('',(1.,0.,-0.));
#9190 = DEFINITIONAL_REPRESENTATION('',(#9191),#9195);
#9191 = LINE('',#9192,#9193);
#9192 = CARTESIAN_POINT('',(-1.570796326795,0.));
#9193 = VECTOR('',#9194,1.);
#9194 = DIRECTION('',(-0.,1.));
#9195 = ( GEOMETRIC_REPRESENTATION_CONTEXT(2) 
PARAMETRIC_REPRESENTATION_CONTEXT() REPRESENTATION_CONTEXT('2D SPACE',''
  ) );
#9196 = ORIENTED_EDGE('',*,*,#9197,.T.);
#9197 = EDGE_CURVE('',#9170,#9198,#9200,.T.);
#9198 = VERTEX_POINT('',#9199);
#9199 = CARTESIAN_POINT('',(13.2,24.85,-13.));
#9200 = SURFACE_CURVE('',#9201,(#9206,#9213),.PCURVE_S1.);
#9201 = CIRCLE('',#9202,7.65);
#9202 = AXIS2_PLACEMENT_3D('',#9203,#9204,#9205);
#9203 = CARTESIAN_POINT('',(13.2,17.2,-13.));
#9204 = DIRECTION('',(0.,0.,1.));
#9205 = DIRECTION('',(1.,0.,-0.));
#9206 = PCURVE('',#8011,#9207);
#9207 = DEFINITIONAL_REPRESENTATION('',(#9208),#9212);
#9208 = CIRCLE('',#9209,7.65);
#9209 = AXIS2_PLACEMENT_2D('',#9210,#9211);
#9210 = CARTESIAN_POINT('',(13.2,17.2));
#9211 = DIRECTION('',(1.,0.));
#9212 = ( GEOMETRIC_REPRESENTATION_CONTEXT(2) 
PARAMETRIC_REPRESENTATION_CONTEXT() REPRESENTATION_CONTEXT('2D SPACE',''
  ) );
#9213 = PCURVE('',#9214,#9219);
#9214 = TOROIDAL_SURFACE('',#9215,7.65,0.35);
#9215 = AXIS2_PLACEMENT_3D('',#9216,#9217,#9218);
#9216 = CARTESIAN_POINT('',(13.2,17.2,-13.35));
#9217 = DIRECTION('',(0.,0.,1.));
#9218 = DIRECTION('',(1.,0.,-0.));
#9219 = DEFINITIONAL_REPRESENTATION('',(#9220),#9224);
#9220 = LINE('',#9221,#9222);
#9221 = CARTESIAN_POINT('',(0.,1.570796326795));
#9222 = VECTOR('',#9223,1.);
#9223 = DIRECTION('',(1.,0.));
#9224 = ( GEOMETRIC_REPRESENTATION_CONTEXT(2) 
PARAMETRIC_REPRESENTATION_CONTEXT() REPRESENTATION_CONTEXT('2D SPACE',''
  ) );
#9225 = ORIENTED_EDGE('',*,*,#9226,.T.);
#9226 = EDGE_CURVE('',#9198,#9227,#9229,.T.);
#9227 = VERTEX_POINT('',#9228);
#9228 = CARTESIAN_POINT('',(-13.2,24.85,-13.));
#9229 = SURFACE_CURVE('',#9230,(#9234,#9241),.PCURVE_S1.);
#9230 = LINE('',#9231,#9232);
#9231 = CARTESIAN_POINT('',(13.2,24.85,-13.));
#9232 = VECTOR('',#9233,1.);
#9233 = DIRECTION('',(-1.,0.,0.));
#9234 = PCURVE('',#8011,#9235);
#9235 = DEFINITIONAL_REPRESENTATION('',(#9236),#9240);
#9236 = LINE('',#9237,#9238);
#9237 = CARTESIAN_POINT('',(13.2,24.85));
#9238 = VECTOR('',#9239,1.);
#9239 = DIRECTION('',(-1.,0.));
#9240 = ( GEOMETRIC_REPRESENTATION_CONTEXT(2) 
PARAMETRIC_REPRESENTATION_CONTEXT() REPRESENTATION_CONTEXT('2D SPACE',''
  ) );
#9241 = PCURVE('',#9242,#9247);
#9242 = CYLINDRICAL_SURFACE('',#9243,0.35);
#9243 = AXIS2_PLACEMENT_3D('',#9244,#9245,#9246);
#9244 = CARTESIAN_POINT('',(13.2,24.85,-13.35));
#9245 = DIRECTION('',(-1.,0.,0.));
#9246 = DIRECTION('',(0.,1.,-0.));
#9247 = DEFINITIONAL_REPRESENTATION('',(#9248),#9252);
#9248 = LINE('',#9249,#9250);
#9249 = CARTESIAN_POINT('',(-1.570796326795,0.));
#9250 = VECTOR('',#9251,1.);
#9251 = DIRECTION('',(-0.,1.));
#9252 = ( GEOMETRIC_REPRESENTATION_CONTEXT(2) 
PARAMETRIC_REPRESENTATION_CONTEXT() REPRESENTATION_CONTEXT('2D SPACE',''
  ) );
#9253 = ORIENTED_EDGE('',*,*,#9254,.T.);
#9254 = EDGE_CURVE('',#9227,#9255,#9257,.T.);
#9255 = VERTEX_POINT('',#9256);
#9256 = CARTESIAN_POINT('',(-20.85,17.2,-13.));
#9257 = SURFACE_CURVE('',#9258,(#9263,#9270),.PCURVE_S1.);
#9258 = CIRCLE('',#9259,7.65);
#9259 = AXIS2_PLACEMENT_3D('',#9260,#9261,#9262);
#9260 = CARTESIAN_POINT('',(-13.2,17.2,-13.));
#9261 = DIRECTION('',(0.,0.,1.));
#9262 = DIRECTION('',(0.,1.,-0.));
#9263 = PCURVE('',#8011,#9264);
#9264 = DEFINITIONAL_REPRESENTATION('',(#9265),#9269);
#9265 = CIRCLE('',#9266,7.65);
#9266 = AXIS2_PLACEMENT_2D('',#9267,#9268);
#9267 = CARTESIAN_POINT('',(-13.2,17.2));
#9268 = DIRECTION('',(0.,1.));
#9269 = ( GEOMETRIC_REPRESENTATION_CONTEXT(2) 
PARAMETRIC_REPRESENTATION_CONTEXT() REPRESENTATION_CONTEXT('2D SPACE',''
  ) );
#9270 = PCURVE('',#9271,#9276);
#9271 = TOROIDAL_SURFACE('',#9272,7.65,0.35);
#9272 = AXIS2_PLACEMENT_3D('',#9273,#9274,#9275);
#9273 = CARTESIAN_POINT('',(-13.2,17.2,-13.35));
#9274 = DIRECTION('',(0.,0.,1.));
#9275 = DIRECTION('',(0.,1.,-0.));
#9276 = DEFINITIONAL_REPRESENTATION('',(#9277),#9281);
#9277 = LINE('',#9278,#9279);
#9278 = CARTESIAN_POINT('',(0.,1.570796326795));
#9279 = VECTOR('',#9280,1.);
#9280 = DIRECTION('',(1.,0.));
#9281 = ( GEOMETRIC_REPRESENTATION_CONTEXT(2) 
PARAMETRIC_REPRESENTATION_CONTEXT() REPRESENTATION_CONTEXT('2D SPACE',''
  ) );
#9282 = ORIENTED_EDGE('',*,*,#9283,.T.);
#9283 = EDGE_CURVE('',#9255,#8185,#9284,.T.);
#9284 = SURFACE_CURVE('',#9285,(#9289,#9296),.PCURVE_S1.);
#9285 = LINE('',#9286,#9287);
#9286 = CARTESIAN_POINT('',(-20.85,17.2,-13.));
#9287 = VECTOR('',#9288,1.);
#9288 = DIRECTION('',(0.,-1.,0.));
#9289 = PCURVE('',#8011,#9290);
#9290 = DEFINITIONAL_REPRESENTATION('',(#9291),#9295);
#9291 = LINE('',#9292,#9293);
#9292 = CARTESIAN_POINT('',(-20.85,17.2));
#9293 = VECTOR('',#9294,1.);
#9294 = DIRECTION('',(0.,-1.));
#9295 = ( GEOMETRIC_REPRESENTATION_CONTEXT(2) 
PARAMETRIC_REPRESENTATION_CONTEXT() REPRESENTATION_CONTEXT('2D SPACE',''
  ) );
#9296 = PCURVE('',#8200,#9297);
#9297 = DEFINITIONAL_REPRESENTATION('',(#9298),#9302);
#9298 = LINE('',#9299,#9300);
#9299 = CARTESIAN_POINT('',(-1.570796326795,0.));
#9300 = VECTOR('',#9301,1.);
#9301 = DIRECTION('',(-0.,1.));
#9302 = ( GEOMETRIC_REPRESENTATION_CONTEXT(2) 
PARAMETRIC_REPRESENTATION_CONTEXT() REPRESENTATION_CONTEXT('2D SPACE',''
  ) );
#9303 = ORIENTED_EDGE('',*,*,#8213,.T.);
#9304 = FACE_BOUND('',#9305,.T.);
#9305 = EDGE_LOOP('',(#9306));
#9306 = ORIENTED_EDGE('',*,*,#9307,.T.);
#9307 = EDGE_CURVE('',#9308,#9308,#9310,.T.);
#9308 = VERTEX_POINT('',#9309);
#9309 = CARTESIAN_POINT('',(-17.75,-16.,-13.));
#9310 = SURFACE_CURVE('',#9311,(#9316,#9327),.PCURVE_S1.);
#9311 = CIRCLE('',#9312,1.15);
#9312 = AXIS2_PLACEMENT_3D('',#9313,#9314,#9315);
#9313 = CARTESIAN_POINT('',(-18.9,-16.,-13.));
#9314 = DIRECTION('',(0.,0.,-1.));
#9315 = DIRECTION('',(1.,0.,0.));
#9316 = PCURVE('',#8011,#9317);
#9317 = DEFINITIONAL_REPRESENTATION('',(#9318),#9326);
#9318 = ( BOUNDED_CURVE() B_SPLINE_CURVE(2,(#9319,#9320,#9321,#9322,
#9323,#9324,#9325),.UNSPECIFIED.,.T.,.F.) B_SPLINE_CURVE_WITH_KNOTS((1,2
    ,2,2,2,1),(-2.094395102393,0.,2.094395102393,4.188790204786,
6.28318530718,8.377580409573),.UNSPECIFIED.) CURVE() 
GEOMETRIC_REPRESENTATION_ITEM() RATIONAL_B_SPLINE_CURVE((1.,0.5,1.,0.5,
1.,0.5,1.)) REPRESENTATION_ITEM('') );
#9319 = CARTESIAN_POINT('',(-17.75,-16.));
#9320 = CARTESIAN_POINT('',(-17.75,-17.9918584287));
#9321 = CARTESIAN_POINT('',(-19.475,-16.99592921435));
#9322 = CARTESIAN_POINT('',(-21.2,-16.));
#9323 = CARTESIAN_POINT('',(-19.475,-15.00407078564));
#9324 = CARTESIAN_POINT('',(-17.75,-14.00814157129));
#9325 = CARTESIAN_POINT('',(-17.75,-16.));
#9326 = ( GEOMETRIC_REPRESENTATION_CONTEXT(2) 
PARAMETRIC_REPRESENTATION_CONTEXT() REPRESENTATION_CONTEXT('2D SPACE',''
  ) );
#9327 = PCURVE('',#9328,#9333);
#9328 = CYLINDRICAL_SURFACE('',#9329,1.15);
#9329 = AXIS2_PLACEMENT_3D('',#9330,#9331,#9332);
#9330 = CARTESIAN_POINT('',(-18.9,-16.,-15.));
#9331 = DIRECTION('',(-0.,-0.,-1.));
#9332 = DIRECTION('',(1.,0.,0.));
#9333 = DEFINITIONAL_REPRESENTATION('',(#9334),#9338);
#9334 = LINE('',#9335,#9336);
#9335 = CARTESIAN_POINT('',(-6.28318530718,-2.));
#9336 = VECTOR('',#9337,1.);
#9337 = DIRECTION('',(1.,-0.));
#9338 = ( GEOMETRIC_REPRESENTATION_CONTEXT(2) 
PARAMETRIC_REPRESENTATION_CONTEXT() REPRESENTATION_CONTEXT('2D SPACE',''
  ) );
#9339 = FACE_BOUND('',#9340,.T.);
#9340 = EDGE_LOOP('',(#9341));
#9341 = ORIENTED_EDGE('',*,*,#9342,.T.);
#9342 = EDGE_CURVE('',#9343,#9343,#9345,.T.);
#9343 = VERTEX_POINT('',#9344);
#9344 = CARTESIAN_POINT('',(20.05,-16.,-13.));
#9345 = SURFACE_CURVE('',#9346,(#9351,#9362),.PCURVE_S1.);
#9346 = CIRCLE('',#9347,1.15);
#9347 = AXIS2_PLACEMENT_3D('',#9348,#9349,#9350);
#9348 = CARTESIAN_POINT('',(18.9,-16.,-13.));
#9349 = DIRECTION('',(0.,0.,-1.));
#9350 = DIRECTION('',(1.,0.,0.));
#9351 = PCURVE('',#8011,#9352);
#9352 = DEFINITIONAL_REPRESENTATION('',(#9353),#9361);
#9353 = ( BOUNDED_CURVE() B_SPLINE_CURVE(2,(#9354,#9355,#9356,#9357,
#9358,#9359,#9360),.UNSPECIFIED.,.T.,.F.) B_SPLINE_CURVE_WITH_KNOTS((1,2
    ,2,2,2,1),(-2.094395102393,0.,2.094395102393,4.188790204786,
6.28318530718,8.377580409573),.UNSPECIFIED.) CURVE() 
GEOMETRIC_REPRESENTATION_ITEM() RATIONAL_B_SPLINE_CURVE((1.,0.5,1.,0.5,
1.,0.5,1.)) REPRESENTATION_ITEM('') );
#9354 = CARTESIAN_POINT('',(20.05,-16.));
#9355 = CARTESIAN_POINT('',(20.05,-17.9918584287));
#9356 = CARTESIAN_POINT('',(18.325,-16.99592921435));
#9357 = CARTESIAN_POINT('',(16.6,-16.));
#9358 = CARTESIAN_POINT('',(18.325,-15.00407078564));
#9359 = CARTESIAN_POINT('',(20.05,-14.00814157129));
#9360 = CARTESIAN_POINT('',(20.05,-16.));
#9361 = ( GEOMETRIC_REPRESENTATION_CONTEXT(2) 
PARAMETRIC_REPRESENTATION_CONTEXT() REPRESENTATION_CONTEXT('2D SPACE',''
  ) );
#9362 = PCURVE('',#9363,#9368);
#9363 = CYLINDRICAL_SURFACE('',#9364,1.15);
#9364 = AXIS2_PLACEMENT_3D('',#9365,#9366,#9367);
#9365 = CARTESIAN_POINT('',(18.9,-16.,-15.));
#9366 = DIRECTION('',(-0.,-0.,-1.));
#9367 = DIRECTION('',(1.,0.,0.));
#9368 = DEFINITIONAL_REPRESENTATION('',(#9369),#9373);
#9369 = LINE('',#9370,#9371);
#9370 = CARTESIAN_POINT('',(-6.28318530718,-2.));
#9371 = VECTOR('',#9372,1.);
#9372 = DIRECTION('',(1.,-0.));
#9373 = ( GEOMETRIC_REPRESENTATION_CONTEXT(2) 
PARAMETRIC_REPRESENTATION_CONTEXT() REPRESENTATION_CONTEXT('2D SPACE',''
  ) );
#9374 = FACE_BOUND('',#9375,.T.);
#9375 = EDGE_LOOP('',(#9376));
#9376 = ORIENTED_EDGE('',*,*,#9377,.T.);
#9377 = EDGE_CURVE('',#9378,#9378,#9380,.T.);
#9378 = VERTEX_POINT('',#9379);
#9379 = CARTESIAN_POINT('',(-17.75,16.,-13.));
#9380 = SURFACE_CURVE('',#9381,(#9386,#9397),.PCURVE_S1.);
#9381 = CIRCLE('',#9382,1.15);
#9382 = AXIS2_PLACEMENT_3D('',#9383,#9384,#9385);
#9383 = CARTESIAN_POINT('',(-18.9,16.,-13.));
#9384 = DIRECTION('',(0.,0.,-1.));
#9385 = DIRECTION('',(1.,0.,0.));
#9386 = PCURVE('',#8011,#9387);
#9387 = DEFINITIONAL_REPRESENTATION('',(#9388),#9396);
#9388 = ( BOUNDED_CURVE() B_SPLINE_CURVE(2,(#9389,#9390,#9391,#9392,
#9393,#9394,#9395),.UNSPECIFIED.,.T.,.F.) B_SPLINE_CURVE_WITH_KNOTS((1,2
    ,2,2,2,1),(-2.094395102393,0.,2.094395102393,4.188790204786,
6.28318530718,8.377580409573),.UNSPECIFIED.) CURVE() 
GEOMETRIC_REPRESENTATION_ITEM() RATIONAL_B_SPLINE_CURVE((1.,0.5,1.,0.5,
1.,0.5,1.)) REPRESENTATION_ITEM('') );
#9389 = CARTESIAN_POINT('',(-17.75,16.));
#9390 = CARTESIAN_POINT('',(-17.75,14.008141571296));
#9391 = CARTESIAN_POINT('',(-19.475,15.004070785648));
#9392 = CARTESIAN_POINT('',(-21.2,16.));
#9393 = CARTESIAN_POINT('',(-19.475,16.995929214352));
#9394 = CARTESIAN_POINT('',(-17.75,17.991858428704));
#9395 = CARTESIAN_POINT('',(-17.75,16.));
#9396 = ( GEOMETRIC_REPRESENTATION_CONTEXT(2) 
PARAMETRIC_REPRESENTATION_CONTEXT() REPRESENTATION_CONTEXT('2D SPACE',''
  ) );
#9397 = PCURVE('',#9398,#9403);
#9398 = CYLINDRICAL_SURFACE('',#9399,1.15);
#9399 = AXIS2_PLACEMENT_3D('',#9400,#9401,#9402);
#9400 = CARTESIAN_POINT('',(-18.9,16.,-15.));
#9401 = DIRECTION('',(-0.,-0.,-1.));
#9402 = DIRECTION('',(1.,0.,0.));
#9403 = DEFINITIONAL_REPRESENTATION('',(#9404),#9408);
#9404 = LINE('',#9405,#9406);
#9405 = CARTESIAN_POINT('',(-6.28318530718,-2.));
#9406 = VECTOR('',#9407,1.);
#9407 = DIRECTION('',(1.,-0.));
#9408 = ( GEOMETRIC_REPRESENTATION_CONTEXT(2) 
PARAMETRIC_REPRESENTATION_CONTEXT() REPRESENTATION_CONTEXT('2D SPACE',''
  ) );
#9409 = FACE_BOUND('',#9410,.T.);
#9410 = EDGE_LOOP('',(#9411,#9441,#9474,#9502,#9531,#9559,#9588,#9616));
#9411 = ORIENTED_EDGE('',*,*,#9412,.F.);
#9412 = EDGE_CURVE('',#9413,#9415,#9417,.T.);
#9413 = VERTEX_POINT('',#9414);
#9414 = CARTESIAN_POINT('',(-11.715,-20.615,-13.));
#9415 = VERTEX_POINT('',#9416);
#9416 = CARTESIAN_POINT('',(11.715,-20.615,-13.));
#9417 = SURFACE_CURVE('',#9418,(#9422,#9429),.PCURVE_S1.);
#9418 = LINE('',#9419,#9420);
#9419 = CARTESIAN_POINT('',(-16.615,-20.615,-13.));
#9420 = VECTOR('',#9421,1.);
#9421 = DIRECTION('',(1.,0.,0.));
#9422 = PCURVE('',#8011,#9423);
#9423 = DEFINITIONAL_REPRESENTATION('',(#9424),#9428);
#9424 = LINE('',#9425,#9426);
#9425 = CARTESIAN_POINT('',(-16.615,-20.615));
#9426 = VECTOR('',#9427,1.);
#9427 = DIRECTION('',(1.,0.));
#9428 = ( GEOMETRIC_REPRESENTATION_CONTEXT(2) 
PARAMETRIC_REPRESENTATION_CONTEXT() REPRESENTATION_CONTEXT('2D SPACE',''
  ) );
#9429 = PCURVE('',#9430,#9435);
#9430 = PLANE('',#9431);
#9431 = AXIS2_PLACEMENT_3D('',#9432,#9433,#9434);
#9432 = CARTESIAN_POINT('',(-16.615,-20.615,-13.));
#9433 = DIRECTION('',(0.,1.,0.));
#9434 = DIRECTION('',(1.,0.,0.));
#9435 = DEFINITIONAL_REPRESENTATION('',(#9436),#9440);
#9436 = LINE('',#9437,#9438);
#9437 = CARTESIAN_POINT('',(0.,0.));
#9438 = VECTOR('',#9439,1.);
#9439 = DIRECTION('',(1.,0.));
#9440 = ( GEOMETRIC_REPRESENTATION_CONTEXT(2) 
PARAMETRIC_REPRESENTATION_CONTEXT() REPRESENTATION_CONTEXT('2D SPACE',''
  ) );
#9441 = ORIENTED_EDGE('',*,*,#9442,.T.);
#9442 = EDGE_CURVE('',#9413,#9443,#9445,.T.);
#9443 = VERTEX_POINT('',#9444);
#9444 = CARTESIAN_POINT('',(-16.615,-15.715,-13.));
#9445 = SURFACE_CURVE('',#9446,(#9451,#9462),.PCURVE_S1.);
#9446 = CIRCLE('',#9447,4.9);
#9447 = AXIS2_PLACEMENT_3D('',#9448,#9449,#9450);
#9448 = CARTESIAN_POINT('',(-11.715,-15.715,-13.));
#9449 = DIRECTION('',(-0.,-0.,-1.));
#9450 = DIRECTION('',(0.,-1.,0.));
#9451 = PCURVE('',#8011,#9452);
#9452 = DEFINITIONAL_REPRESENTATION('',(#9453),#9461);
#9453 = ( BOUNDED_CURVE() B_SPLINE_CURVE(2,(#9454,#9455,#9456,#9457,
#9458,#9459,#9460),.UNSPECIFIED.,.T.,.F.) B_SPLINE_CURVE_WITH_KNOTS((1,2
    ,2,2,2,1),(-2.094395102393,0.,2.094395102393,4.188790204786,
6.28318530718,8.377580409573),.UNSPECIFIED.) CURVE() 
GEOMETRIC_REPRESENTATION_ITEM() RATIONAL_B_SPLINE_CURVE((1.,0.5,1.,0.5,
1.,0.5,1.)) REPRESENTATION_ITEM('') );
#9454 = CARTESIAN_POINT('',(-11.715,-20.615));
#9455 = CARTESIAN_POINT('',(-20.20204895708,-20.615));
#9456 = CARTESIAN_POINT('',(-15.95852447854,-13.265));
#9457 = CARTESIAN_POINT('',(-11.715,-5.915));
#9458 = CARTESIAN_POINT('',(-7.471475521456,-13.265));
#9459 = CARTESIAN_POINT('',(-3.227951042912,-20.615));
#9460 = CARTESIAN_POINT('',(-11.715,-20.615));
#9461 = ( GEOMETRIC_REPRESENTATION_CONTEXT(2) 
PARAMETRIC_REPRESENTATION_CONTEXT() REPRESENTATION_CONTEXT('2D SPACE',''
  ) );
#9462 = PCURVE('',#9463,#9468);
#9463 = CYLINDRICAL_SURFACE('',#9464,4.9);
#9464 = AXIS2_PLACEMENT_3D('',#9465,#9466,#9467);
#9465 = CARTESIAN_POINT('',(-11.715,-15.715,-13.));
#9466 = DIRECTION('',(0.,0.,1.));
#9467 = DIRECTION('',(0.,-1.,0.));
#9468 = DEFINITIONAL_REPRESENTATION('',(#9469),#9473);
#9469 = LINE('',#9470,#9471);
#9470 = CARTESIAN_POINT('',(-0.,1.7763568394E-15));
#9471 = VECTOR('',#9472,1.);
#9472 = DIRECTION('',(-1.,0.));
#9473 = ( GEOMETRIC_REPRESENTATION_CONTEXT(2) 
PARAMETRIC_REPRESENTATION_CONTEXT() REPRESENTATION_CONTEXT('2D SPACE',''
  ) );
#9474 = ORIENTED_EDGE('',*,*,#9475,.F.);
#9475 = EDGE_CURVE('',#9476,#9443,#9478,.T.);
#9476 = VERTEX_POINT('',#9477);
#9477 = CARTESIAN_POINT('',(-16.615,15.715,-13.));
#9478 = SURFACE_CURVE('',#9479,(#9483,#9490),.PCURVE_S1.);
#9479 = LINE('',#9480,#9481);
#9480 = CARTESIAN_POINT('',(-16.615,20.615,-13.));
#9481 = VECTOR('',#9482,1.);
#9482 = DIRECTION('',(0.,-1.,0.));
#9483 = PCURVE('',#8011,#9484);
#9484 = DEFINITIONAL_REPRESENTATION('',(#9485),#9489);
#9485 = LINE('',#9486,#9487);
#9486 = CARTESIAN_POINT('',(-16.615,20.615));
#9487 = VECTOR('',#9488,1.);
#9488 = DIRECTION('',(0.,-1.));
#9489 = ( GEOMETRIC_REPRESENTATION_CONTEXT(2) 
PARAMETRIC_REPRESENTATION_CONTEXT() REPRESENTATION_CONTEXT('2D SPACE',''
  ) );
#9490 = PCURVE('',#9491,#9496);
#9491 = PLANE('',#9492);
#9492 = AXIS2_PLACEMENT_3D('',#9493,#9494,#9495);
#9493 = CARTESIAN_POINT('',(-16.615,20.615,-13.));
#9494 = DIRECTION('',(1.,0.,-0.));
#9495 = DIRECTION('',(0.,-1.,0.));
#9496 = DEFINITIONAL_REPRESENTATION('',(#9497),#9501);
#9497 = LINE('',#9498,#9499);
#9498 = CARTESIAN_POINT('',(0.,0.));
#9499 = VECTOR('',#9500,1.);
#9500 = DIRECTION('',(1.,0.));
#9501 = ( GEOMETRIC_REPRESENTATION_CONTEXT(2) 
PARAMETRIC_REPRESENTATION_CONTEXT() REPRESENTATION_CONTEXT('2D SPACE',''
  ) );
#9502 = ORIENTED_EDGE('',*,*,#9503,.F.);
#9503 = EDGE_CURVE('',#9504,#9476,#9506,.T.);
#9504 = VERTEX_POINT('',#9505);
#9505 = CARTESIAN_POINT('',(-11.715,20.615,-13.));
#9506 = SURFACE_CURVE('',#9507,(#9512,#9519),.PCURVE_S1.);
#9507 = CIRCLE('',#9508,4.9);
#9508 = AXIS2_PLACEMENT_3D('',#9509,#9510,#9511);
#9509 = CARTESIAN_POINT('',(-11.715,15.715,-13.));
#9510 = DIRECTION('',(0.,0.,1.));
#9511 = DIRECTION('',(0.,-1.,0.));
#9512 = PCURVE('',#8011,#9513);
#9513 = DEFINITIONAL_REPRESENTATION('',(#9514),#9518);
#9514 = CIRCLE('',#9515,4.9);
#9515 = AXIS2_PLACEMENT_2D('',#9516,#9517);
#9516 = CARTESIAN_POINT('',(-11.715,15.715));
#9517 = DIRECTION('',(0.,-1.));
#9518 = ( GEOMETRIC_REPRESENTATION_CONTEXT(2) 
PARAMETRIC_REPRESENTATION_CONTEXT() REPRESENTATION_CONTEXT('2D SPACE',''
  ) );
#9519 = PCURVE('',#9520,#9525);
#9520 = CYLINDRICAL_SURFACE('',#9521,4.9);
#9521 = AXIS2_PLACEMENT_3D('',#9522,#9523,#9524);
#9522 = CARTESIAN_POINT('',(-11.715,15.715,-13.));
#9523 = DIRECTION('',(0.,0.,1.));
#9524 = DIRECTION('',(-0.,1.,0.));
#9525 = DEFINITIONAL_REPRESENTATION('',(#9526),#9530);
#9526 = LINE('',#9527,#9528);
#9527 = CARTESIAN_POINT('',(-3.14159265359,1.7763568394E-15));
#9528 = VECTOR('',#9529,1.);
#9529 = DIRECTION('',(1.,0.));
#9530 = ( GEOMETRIC_REPRESENTATION_CONTEXT(2) 
PARAMETRIC_REPRESENTATION_CONTEXT() REPRESENTATION_CONTEXT('2D SPACE',''
  ) );
#9531 = ORIENTED_EDGE('',*,*,#9532,.F.);
#9532 = EDGE_CURVE('',#9533,#9504,#9535,.T.);
#9533 = VERTEX_POINT('',#9534);
#9534 = CARTESIAN_POINT('',(11.715,20.615,-13.));
#9535 = SURFACE_CURVE('',#9536,(#9540,#9547),.PCURVE_S1.);
#9536 = LINE('',#9537,#9538);
#9537 = CARTESIAN_POINT('',(16.615,20.615,-13.));
#9538 = VECTOR('',#9539,1.);
#9539 = DIRECTION('',(-1.,0.,0.));
#9540 = PCURVE('',#8011,#9541);
#9541 = DEFINITIONAL_REPRESENTATION('',(#9542),#9546);
#9542 = LINE('',#9543,#9544);
#9543 = CARTESIAN_POINT('',(16.615,20.615));
#9544 = VECTOR('',#9545,1.);
#9545 = DIRECTION('',(-1.,0.));
#9546 = ( GEOMETRIC_REPRESENTATION_CONTEXT(2) 
PARAMETRIC_REPRESENTATION_CONTEXT() REPRESENTATION_CONTEXT('2D SPACE',''
  ) );
#9547 = PCURVE('',#9548,#9553);
#9548 = PLANE('',#9549);
#9549 = AXIS2_PLACEMENT_3D('',#9550,#9551,#9552);
#9550 = CARTESIAN_POINT('',(16.615,20.615,-13.));
#9551 = DIRECTION('',(0.,-1.,0.));
#9552 = DIRECTION('',(-1.,0.,0.));
#9553 = DEFINITIONAL_REPRESENTATION('',(#9554),#9558);
#9554 = LINE('',#9555,#9556);
#9555 = CARTESIAN_POINT('',(0.,-0.));
#9556 = VECTOR('',#9557,1.);
#9557 = DIRECTION('',(1.,0.));
#9558 = ( GEOMETRIC_REPRESENTATION_CONTEXT(2) 
PARAMETRIC_REPRESENTATION_CONTEXT() REPRESENTATION_CONTEXT('2D SPACE',''
  ) );
#9559 = ORIENTED_EDGE('',*,*,#9560,.F.);
#9560 = EDGE_CURVE('',#9561,#9533,#9563,.T.);
#9561 = VERTEX_POINT('',#9562);
#9562 = CARTESIAN_POINT('',(16.615,15.715,-13.));
#9563 = SURFACE_CURVE('',#9564,(#9569,#9576),.PCURVE_S1.);
#9564 = CIRCLE('',#9565,4.9);
#9565 = AXIS2_PLACEMENT_3D('',#9566,#9567,#9568);
#9566 = CARTESIAN_POINT('',(11.715,15.715,-13.));
#9567 = DIRECTION('',(0.,0.,1.));
#9568 = DIRECTION('',(0.,-1.,0.));
#9569 = PCURVE('',#8011,#9570);
#9570 = DEFINITIONAL_REPRESENTATION('',(#9571),#9575);
#9571 = CIRCLE('',#9572,4.9);
#9572 = AXIS2_PLACEMENT_2D('',#9573,#9574);
#9573 = CARTESIAN_POINT('',(11.715,15.715));
#9574 = DIRECTION('',(0.,-1.));
#9575 = ( GEOMETRIC_REPRESENTATION_CONTEXT(2) 
PARAMETRIC_REPRESENTATION_CONTEXT() REPRESENTATION_CONTEXT('2D SPACE',''
  ) );
#9576 = PCURVE('',#9577,#9582);
#9577 = CYLINDRICAL_SURFACE('',#9578,4.9);
#9578 = AXIS2_PLACEMENT_3D('',#9579,#9580,#9581);
#9579 = CARTESIAN_POINT('',(11.715,15.715,-13.));
#9580 = DIRECTION('',(0.,0.,1.));
#9581 = DIRECTION('',(1.,0.,-0.));
#9582 = DEFINITIONAL_REPRESENTATION('',(#9583),#9587);
#9583 = LINE('',#9584,#9585);
#9584 = CARTESIAN_POINT('',(-1.570796326795,1.7763568394E-15));
#9585 = VECTOR('',#9586,1.);
#9586 = DIRECTION('',(1.,0.));
#9587 = ( GEOMETRIC_REPRESENTATION_CONTEXT(2) 
PARAMETRIC_REPRESENTATION_CONTEXT() REPRESENTATION_CONTEXT('2D SPACE',''
  ) );
#9588 = ORIENTED_EDGE('',*,*,#9589,.F.);
#9589 = EDGE_CURVE('',#9590,#9561,#9592,.T.);
#9590 = VERTEX_POINT('',#9591);
#9591 = CARTESIAN_POINT('',(16.615,-15.715,-13.));
#9592 = SURFACE_CURVE('',#9593,(#9597,#9604),.PCURVE_S1.);
#9593 = LINE('',#9594,#9595);
#9594 = CARTESIAN_POINT('',(16.615,-20.615,-13.));
#9595 = VECTOR('',#9596,1.);
#9596 = DIRECTION('',(0.,1.,0.));
#9597 = PCURVE('',#8011,#9598);
#9598 = DEFINITIONAL_REPRESENTATION('',(#9599),#9603);
#9599 = LINE('',#9600,#9601);
#9600 = CARTESIAN_POINT('',(16.615,-20.615));
#9601 = VECTOR('',#9602,1.);
#9602 = DIRECTION('',(0.,1.));
#9603 = ( GEOMETRIC_REPRESENTATION_CONTEXT(2) 
PARAMETRIC_REPRESENTATION_CONTEXT() REPRESENTATION_CONTEXT('2D SPACE',''
  ) );
#9604 = PCURVE('',#9605,#9610);
#9605 = PLANE('',#9606);
#9606 = AXIS2_PLACEMENT_3D('',#9607,#9608,#9609);
#9607 = CARTESIAN_POINT('',(16.615,-20.615,-13.));
#9608 = DIRECTION('',(-1.,0.,0.));
#9609 = DIRECTION('',(0.,1.,0.));
#9610 = DEFINITIONAL_REPRESENTATION('',(#9611),#9615);
#9611 = LINE('',#9612,#9613);
#9612 = CARTESIAN_POINT('',(0.,0.));
#9613 = VECTOR('',#9614,1.);
#9614 = DIRECTION('',(1.,0.));
#9615 = ( GEOMETRIC_REPRESENTATION_CONTEXT(2) 
PARAMETRIC_REPRESENTATION_CONTEXT() REPRESENTATION_CONTEXT('2D SPACE',''
  ) );
#9616 = ORIENTED_EDGE('',*,*,#9617,.F.);
#9617 = EDGE_CURVE('',#9415,#9590,#9618,.T.);
#9618 = SURFACE_CURVE('',#9619,(#9624,#9631),.PCURVE_S1.);
#9619 = CIRCLE('',#9620,4.9);
#9620 = AXIS2_PLACEMENT_3D('',#9621,#9622,#9623);
#9621 = CARTESIAN_POINT('',(11.715,-15.715,-13.));
#9622 = DIRECTION('',(0.,0.,1.));
#9623 = DIRECTION('',(0.,-1.,0.));
#9624 = PCURVE('',#8011,#9625);
#9625 = DEFINITIONAL_REPRESENTATION('',(#9626),#9630);
#9626 = CIRCLE('',#9627,4.9);
#9627 = AXIS2_PLACEMENT_2D('',#9628,#9629);
#9628 = CARTESIAN_POINT('',(11.715,-15.715));
#9629 = DIRECTION('',(0.,-1.));
#9630 = ( GEOMETRIC_REPRESENTATION_CONTEXT(2) 
PARAMETRIC_REPRESENTATION_CONTEXT() REPRESENTATION_CONTEXT('2D SPACE',''
  ) );
#9631 = PCURVE('',#9632,#9637);
#9632 = CYLINDRICAL_SURFACE('',#9633,4.9);
#9633 = AXIS2_PLACEMENT_3D('',#9634,#9635,#9636);
#9634 = CARTESIAN_POINT('',(11.715,-15.715,-13.));
#9635 = DIRECTION('',(0.,0.,1.));
#9636 = DIRECTION('',(0.,-1.,0.));
#9637 = DEFINITIONAL_REPRESENTATION('',(#9638),#9642);
#9638 = LINE('',#9639,#9640);
#9639 = CARTESIAN_POINT('',(0.,1.7763568394E-15));
#9640 = VECTOR('',#9641,1.);
#9641 = DIRECTION('',(1.,0.));
#9642 = ( GEOMETRIC_REPRESENTATION_CONTEXT(2) 
PARAMETRIC_REPRESENTATION_CONTEXT() REPRESENTATION_CONTEXT('2D SPACE',''
  ) );
#9643 = FACE_BOUND('',#9644,.T.);
#9644 = EDGE_LOOP('',(#9645));
#9645 = ORIENTED_EDGE('',*,*,#9646,.T.);
#9646 = EDGE_CURVE('',#9647,#9647,#9649,.T.);
#9647 = VERTEX_POINT('',#9648);
#9648 = CARTESIAN_POINT('',(20.05,16.,-13.));
#9649 = SURFACE_CURVE('',#9650,(#9655,#9666),.PCURVE_S1.);
#9650 = CIRCLE('',#9651,1.15);
#9651 = AXIS2_PLACEMENT_3D('',#9652,#9653,#9654);
#9652 = CARTESIAN_POINT('',(18.9,16.,-13.));
#9653 = DIRECTION('',(0.,0.,-1.));
#9654 = DIRECTION('',(1.,0.,0.));
#9655 = PCURVE('',#8011,#9656);
#9656 = DEFINITIONAL_REPRESENTATION('',(#9657),#9665);
#9657 = ( BOUNDED_CURVE() B_SPLINE_CURVE(2,(#9658,#9659,#9660,#9661,
#9662,#9663,#9664),.UNSPECIFIED.,.T.,.F.) B_SPLINE_CURVE_WITH_KNOTS((1,2
    ,2,2,2,1),(-2.094395102393,0.,2.094395102393,4.188790204786,
6.28318530718,8.377580409573),.UNSPECIFIED.) CURVE() 
GEOMETRIC_REPRESENTATION_ITEM() RATIONAL_B_SPLINE_CURVE((1.,0.5,1.,0.5,
1.,0.5,1.)) REPRESENTATION_ITEM('') );
#9658 = CARTESIAN_POINT('',(20.05,16.));
#9659 = CARTESIAN_POINT('',(20.05,14.008141571296));
#9660 = CARTESIAN_POINT('',(18.325,15.004070785648));
#9661 = CARTESIAN_POINT('',(16.6,16.));
#9662 = CARTESIAN_POINT('',(18.325,16.995929214352));
#9663 = CARTESIAN_POINT('',(20.05,17.991858428704));
#9664 = CARTESIAN_POINT('',(20.05,16.));
#9665 = ( GEOMETRIC_REPRESENTATION_CONTEXT(2) 
PARAMETRIC_REPRESENTATION_CONTEXT() REPRESENTATION_CONTEXT('2D SPACE',''
  ) );
#9666 = PCURVE('',#9667,#9672);
#9667 = CYLINDRICAL_SURFACE('',#9668,1.15);
#9668 = AXIS2_PLACEMENT_3D('',#9669,#9670,#9671);
#9669 = CARTESIAN_POINT('',(18.9,16.,-15.));
#9670 = DIRECTION('',(-0.,-0.,-1.));
#9671 = DIRECTION('',(1.,0.,0.));
#9672 = DEFINITIONAL_REPRESENTATION('',(#9673),#9677);
#9673 = LINE('',#9674,#9675);
#9674 = CARTESIAN_POINT('',(-6.28318530718,-2.));
#9675 = VECTOR('',#9676,1.);
#9676 = DIRECTION('',(1.,-0.));
#9677 = ( GEOMETRIC_REPRESENTATION_CONTEXT(2) 
PARAMETRIC_REPRESENTATION_CONTEXT() REPRESENTATION_CONTEXT('2D SPACE',''
  ) );
#9678 = ADVANCED_FACE('',(#9679),#8037,.T.);
#9679 = FACE_BOUND('',#9680,.T.);
#9680 = EDGE_LOOP('',(#9681,#9682,#9683,#9703));
#9681 = ORIENTED_EDGE('',*,*,#8023,.F.);
#9682 = ORIENTED_EDGE('',*,*,#8105,.T.);
#9683 = ORIENTED_EDGE('',*,*,#9684,.T.);
#9684 = EDGE_CURVE('',#8078,#9146,#9685,.T.);
#9685 = SURFACE_CURVE('',#9686,(#9691,#9697),.PCURVE_S1.);
#9686 = CIRCLE('',#9687,0.35);
#9687 = AXIS2_PLACEMENT_3D('',#9688,#9689,#9690);
#9688 = CARTESIAN_POINT('',(20.85,-17.2,-13.35));
#9689 = DIRECTION('',(-6.123233995737E-17,-1.,0.));
#9690 = DIRECTION('',(1.,-6.123233995737E-17,0.));
#9691 = PCURVE('',#8037,#9692);
#9692 = DEFINITIONAL_REPRESENTATION('',(#9693),#9696);
#9693 = B_SPLINE_CURVE_WITH_KNOTS('',1,(#9694,#9695),.UNSPECIFIED.,.F.,
  .F.,(2,2),(0.,1.570796326795),.PIECEWISE_BEZIER_KNOTS.);
#9694 = CARTESIAN_POINT('',(1.570796326795,0.));
#9695 = CARTESIAN_POINT('',(1.570796326795,1.570796326795));
#9696 = ( GEOMETRIC_REPRESENTATION_CONTEXT(2) 
PARAMETRIC_REPRESENTATION_CONTEXT() REPRESENTATION_CONTEXT('2D SPACE',''
  ) );
#9697 = PCURVE('',#9185,#9698);
#9698 = DEFINITIONAL_REPRESENTATION('',(#9699),#9702);
#9699 = B_SPLINE_CURVE_WITH_KNOTS('',1,(#9700,#9701),.UNSPECIFIED.,.F.,
  .F.,(2,2),(0.,1.570796326795),.PIECEWISE_BEZIER_KNOTS.);
#9700 = CARTESIAN_POINT('',(0.,0.));
#9701 = CARTESIAN_POINT('',(-1.570796326795,0.));
#9702 = ( GEOMETRIC_REPRESENTATION_CONTEXT(2) 
PARAMETRIC_REPRESENTATION_CONTEXT() REPRESENTATION_CONTEXT('2D SPACE',''
  ) );
#9703 = ORIENTED_EDGE('',*,*,#9145,.F.);
#9704 = ADVANCED_FACE('',(#9705),#8093,.F.);
#9705 = FACE_BOUND('',#9706,.F.);
#9706 = EDGE_LOOP('',(#9707,#9708,#9731,#9759));
#9707 = ORIENTED_EDGE('',*,*,#8077,.T.);
#9708 = ORIENTED_EDGE('',*,*,#9709,.T.);
#9709 = EDGE_CURVE('',#8078,#9710,#9712,.T.);
#9710 = VERTEX_POINT('',#9711);
#9711 = CARTESIAN_POINT('',(21.2,17.2,-13.35));
#9712 = SURFACE_CURVE('',#9713,(#9717,#9724),.PCURVE_S1.);
#9713 = LINE('',#9714,#9715);
#9714 = CARTESIAN_POINT('',(21.2,-17.2,-13.35));
#9715 = VECTOR('',#9716,1.);
#9716 = DIRECTION('',(0.,1.,0.));
#9717 = PCURVE('',#8093,#9718);
#9718 = DEFINITIONAL_REPRESENTATION('',(#9719),#9723);
#9719 = LINE('',#9720,#9721);
#9720 = CARTESIAN_POINT('',(8.,-1.45));
#9721 = VECTOR('',#9722,1.);
#9722 = DIRECTION('',(1.,0.));
#9723 = ( GEOMETRIC_REPRESENTATION_CONTEXT(2) 
PARAMETRIC_REPRESENTATION_CONTEXT() REPRESENTATION_CONTEXT('2D SPACE',''
  ) );
#9724 = PCURVE('',#9185,#9725);
#9725 = DEFINITIONAL_REPRESENTATION('',(#9726),#9730);
#9726 = LINE('',#9727,#9728);
#9727 = CARTESIAN_POINT('',(-0.,0.));
#9728 = VECTOR('',#9729,1.);
#9729 = DIRECTION('',(-0.,1.));
#9730 = ( GEOMETRIC_REPRESENTATION_CONTEXT(2) 
PARAMETRIC_REPRESENTATION_CONTEXT() REPRESENTATION_CONTEXT('2D SPACE',''
  ) );
#9731 = ORIENTED_EDGE('',*,*,#9732,.F.);
#9732 = EDGE_CURVE('',#9733,#9710,#9735,.T.);
#9733 = VERTEX_POINT('',#9734);
#9734 = CARTESIAN_POINT('',(21.2,17.2,-14.45));
#9735 = SURFACE_CURVE('',#9736,(#9740,#9747),.PCURVE_S1.);
#9736 = LINE('',#9737,#9738);
#9737 = CARTESIAN_POINT('',(21.2,17.2,-14.8));
#9738 = VECTOR('',#9739,1.);
#9739 = DIRECTION('',(0.,0.,1.));
#9740 = PCURVE('',#8093,#9741);
#9741 = DEFINITIONAL_REPRESENTATION('',(#9742),#9746);
#9742 = LINE('',#9743,#9744);
#9743 = CARTESIAN_POINT('',(42.4,0.));
#9744 = VECTOR('',#9745,1.);
#9745 = DIRECTION('',(0.,-1.));
#9746 = ( GEOMETRIC_REPRESENTATION_CONTEXT(2) 
PARAMETRIC_REPRESENTATION_CONTEXT() REPRESENTATION_CONTEXT('2D SPACE',''
  ) );
#9747 = PCURVE('',#9748,#9753);
#9748 = CYLINDRICAL_SURFACE('',#9749,8.);
#9749 = AXIS2_PLACEMENT_3D('',#9750,#9751,#9752);
#9750 = CARTESIAN_POINT('',(13.2,17.2,-14.8));
#9751 = DIRECTION('',(0.,0.,1.));
#9752 = DIRECTION('',(1.,0.,-0.));
#9753 = DEFINITIONAL_REPRESENTATION('',(#9754),#9758);
#9754 = LINE('',#9755,#9756);
#9755 = CARTESIAN_POINT('',(0.,0.));
#9756 = VECTOR('',#9757,1.);
#9757 = DIRECTION('',(0.,1.));
#9758 = ( GEOMETRIC_REPRESENTATION_CONTEXT(2) 
PARAMETRIC_REPRESENTATION_CONTEXT() REPRESENTATION_CONTEXT('2D SPACE',''
  ) );
#9759 = ORIENTED_EDGE('',*,*,#9760,.F.);
#9760 = EDGE_CURVE('',#8054,#9733,#9761,.T.);
#9761 = SURFACE_CURVE('',#9762,(#9766,#9773),.PCURVE_S1.);
#9762 = LINE('',#9763,#9764);
#9763 = CARTESIAN_POINT('',(21.2,-17.2,-14.45));
#9764 = VECTOR('',#9765,1.);
#9765 = DIRECTION('',(0.,1.,0.));
#9766 = PCURVE('',#8093,#9767);
#9767 = DEFINITIONAL_REPRESENTATION('',(#9768),#9772);
#9768 = LINE('',#9769,#9770);
#9769 = CARTESIAN_POINT('',(8.,-0.35));
#9770 = VECTOR('',#9771,1.);
#9771 = DIRECTION('',(1.,0.));
#9772 = ( GEOMETRIC_REPRESENTATION_CONTEXT(2) 
PARAMETRIC_REPRESENTATION_CONTEXT() REPRESENTATION_CONTEXT('2D SPACE',''
  ) );
#9773 = PCURVE('',#8524,#9774);
#9774 = DEFINITIONAL_REPRESENTATION('',(#9775),#9779);
#9775 = LINE('',#9776,#9777);
#9776 = CARTESIAN_POINT('',(0.,0.));
#9777 = VECTOR('',#9778,1.);
#9778 = DIRECTION('',(0.,1.));
#9779 = ( GEOMETRIC_REPRESENTATION_CONTEXT(2) 
PARAMETRIC_REPRESENTATION_CONTEXT() REPRESENTATION_CONTEXT('2D SPACE',''
  ) );
#9780 = ADVANCED_FACE('',(#9781),#8146,.T.);
#9781 = FACE_BOUND('',#9782,.T.);
#9782 = EDGE_LOOP('',(#9783,#9784,#9804,#9805,#9967,#9968,#10130,#10131)
  );
#9783 = ORIENTED_EDGE('',*,*,#8290,.F.);
#9784 = ORIENTED_EDGE('',*,*,#9785,.T.);
#9785 = EDGE_CURVE('',#8239,#8706,#9786,.T.);
#9786 = SURFACE_CURVE('',#9787,(#9792,#9798),.PCURVE_S1.);
#9787 = CIRCLE('',#9788,0.35);
#9788 = AXIS2_PLACEMENT_3D('',#9789,#9790,#9791);
#9789 = CARTESIAN_POINT('',(-20.85,17.2,-14.45));
#9790 = DIRECTION('',(-6.123233995737E-17,-1.,0.));
#9791 = DIRECTION('',(-1.,6.123233995737E-17,0.));
#9792 = PCURVE('',#8146,#9793);
#9793 = DEFINITIONAL_REPRESENTATION('',(#9794),#9797);
#9794 = B_SPLINE_CURVE_WITH_KNOTS('',1,(#9795,#9796),.UNSPECIFIED.,.F.,
  .F.,(2,2),(0.,1.570796326795),.PIECEWISE_BEZIER_KNOTS.);
#9795 = CARTESIAN_POINT('',(0.,0.));
#9796 = CARTESIAN_POINT('',(1.570796326795,0.));
#9797 = ( GEOMETRIC_REPRESENTATION_CONTEXT(2) 
PARAMETRIC_REPRESENTATION_CONTEXT() REPRESENTATION_CONTEXT('2D SPACE',''
  ) );
#9798 = PCURVE('',#8722,#9799);
#9799 = DEFINITIONAL_REPRESENTATION('',(#9800),#9803);
#9800 = B_SPLINE_CURVE_WITH_KNOTS('',1,(#9801,#9802),.UNSPECIFIED.,.F.,
  .F.,(2,2),(0.,1.570796326795),.PIECEWISE_BEZIER_KNOTS.);
#9801 = CARTESIAN_POINT('',(-1.570796326795,0.));
#9802 = CARTESIAN_POINT('',(-1.570796326795,1.570796326795));
#9803 = ( GEOMETRIC_REPRESENTATION_CONTEXT(2) 
PARAMETRIC_REPRESENTATION_CONTEXT() REPRESENTATION_CONTEXT('2D SPACE',''
  ) );
#9804 = ORIENTED_EDGE('',*,*,#8734,.T.);
#9805 = ORIENTED_EDGE('',*,*,#9806,.T.);
#9806 = EDGE_CURVE('',#8315,#8350,#9807,.T.);
#9807 = SURFACE_CURVE('',#9808,(#9859,#9913),.PCURVE_S1.);
#9808 = B_SPLINE_CURVE_WITH_KNOTS('',7,(#9809,#9810,#9811,#9812,#9813,
    #9814,#9815,#9816,#9817,#9818,#9819,#9820,#9821,#9822,#9823,#9824,
    #9825,#9826,#9827,#9828,#9829,#9830,#9831,#9832,#9833,#9834,#9835,
    #9836,#9837,#9838,#9839,#9840,#9841,#9842,#9843,#9844,#9845,#9846,
    #9847,#9848,#9849,#9850,#9851,#9852,#9853,#9854,#9855,#9856,#9857,
    #9858),.UNSPECIFIED.,.F.,.F.,(8,6,6,6,6,6,6,6,8),(0.,0.202128801586,
    0.411983728566,0.445208898765,0.49995057875,0.554104937168,
    0.588976406491,0.796748756742,1.),.UNSPECIFIED.);
#9809 = CARTESIAN_POINT('',(-20.85,17.122497216032,-14.8));
#9810 = CARTESIAN_POINT('',(-20.87992140339,17.070517811732,-14.8));
#9811 = CARTESIAN_POINT('',(-20.90888937499,17.016455755848,
    -14.79701557961));
#9812 = CARTESIAN_POINT('',(-20.93661630886,16.960513743618,
    -14.79138976159));
#9813 = CARTESIAN_POINT('',(-20.96289588879,16.902838710139,
    -14.78345852248));
#9814 = CARTESIAN_POINT('',(-20.98755947912,16.843557798306,
    -14.77355189111));
#9815 = CARTESIAN_POINT('',(-21.01045598361,16.782798548606,
    -14.76202072893));
#9816 = CARTESIAN_POINT('',(-21.05325702933,16.656214176443,
    -14.7360710076));
#9817 = CARTESIAN_POINT('',(-21.07257396554,16.591586824091,
    -14.72182603266));
#9818 = CARTESIAN_POINT('',(-21.08995904308,16.525418385558,
    -14.7067845004));
#9819 = CARTESIAN_POINT('',(-21.10556329089,16.456539085286,
    -14.69107654571));
#9820 = CARTESIAN_POINT('',(-21.11893496165,16.384747380855,
    -14.67526640044));
#9821 = CARTESIAN_POINT('',(-21.1297547469,16.310780280804,
    -14.66079524662));
#9822 = CARTESIAN_POINT('',(-21.13901822437,16.222362426755,
    -14.64741685083));
#9823 = CARTESIAN_POINT('',(-21.14021619669,16.210192890226,
    -14.64565768459));
#9824 = CARTESIAN_POINT('',(-21.14134393073,16.197942812691,
    -14.6439755936));
#9825 = CARTESIAN_POINT('',(-21.14239951096,16.185614669986,
    -14.64237808151));
#9826 = CARTESIAN_POINT('',(-21.1433811474,16.173209727936,
    -14.64087252726));
#9827 = CARTESIAN_POINT('',(-21.1442871756,16.160728042349,
    -14.63946618516));
#9828 = CARTESIAN_POINT('',(-21.14648171826,16.12747533127,
    -14.63602430863));
#9829 = CARTESIAN_POINT('',(-21.1476402746,16.106532834816,
    -14.63416708358));
#9830 = CARTESIAN_POINT('',(-21.14857815385,16.08541283784,
    -14.63263632391));
#9831 = CARTESIAN_POINT('',(-21.14928689423,16.06416674364,
    -14.6314643984));
#9832 = CARTESIAN_POINT('',(-21.14976170041,16.042831255519,
    -14.63067394141));
#9833 = CARTESIAN_POINT('',(-21.15,16.021434141658,-14.63027756377));
#9834 = CARTESIAN_POINT('',(-21.15,15.978795824497,-14.63027756377));
#9835 = CARTESIAN_POINT('',(-21.14976686669,15.957630865153,
    -14.63066535774));
#9836 = CARTESIAN_POINT('',(-21.14930214771,15.936522565511,
    -14.63143900645));
#9837 = CARTESIAN_POINT('',(-21.14860839093,15.915499254553,
    -14.63258631085));
#9838 = CARTESIAN_POINT('',(-21.14769033931,15.894600420719,
    -14.63408534529));
#9839 = CARTESIAN_POINT('',(-21.14655612583,15.873876985921,
    -14.63590499068));
#9840 = CARTESIAN_POINT('',(-21.14435711435,15.840200467342,
    -14.63935802218));
#9841 = CARTESIAN_POINT('',(-21.14341062124,15.827095323724,
    -14.64082841746));
#9842 = CARTESIAN_POINT('',(-21.14238075527,15.814074662772,
    -14.64240842364));
#9843 = CARTESIAN_POINT('',(-21.14126943325,15.801138457522,
    -14.64408966475));
#9844 = CARTESIAN_POINT('',(-21.14007872266,15.78828813999,
    -14.64586361868));
#9845 = CARTESIAN_POINT('',(-21.13881084163,15.77552660117,
    -14.64772161723));
#9846 = CARTESIAN_POINT('',(-21.12946814243,15.687376847717,
    -14.66117347474));
#9847 = CARTESIAN_POINT('',(-21.11870773029,15.61419287054,
    -14.67551757418));
#9848 = CARTESIAN_POINT('',(-21.1054560589,15.543183125962,
    -14.69114906838));
#9849 = CARTESIAN_POINT('',(-21.09001111715,15.474969253672,
    -14.70669480163));
#9850 = CARTESIAN_POINT('',(-21.07282109366,15.40944023143,
    -14.72158843744));
#9851 = CARTESIAN_POINT('',(-21.05372751287,15.345401854627,
    -14.73571006094));
#9852 = CARTESIAN_POINT('',(-21.0111608465,15.219074048682,
    -14.76166485142));
#9853 = CARTESIAN_POINT('',(-20.98819183569,15.157963432901,
    -14.77329727468));
#9854 = CARTESIAN_POINT('',(-20.96343498897,15.098345305664,
    -14.78329535326));
#9855 = CARTESIAN_POINT('',(-20.93704334076,15.040348349523,
    -14.79130279027));
#9856 = CARTESIAN_POINT('',(-20.90918735587,14.984100549691,
    -14.79698472887));
#9857 = CARTESIAN_POINT('',(-20.88007563798,14.929750124298,-14.8));
#9858 = CARTESIAN_POINT('',(-20.85,14.877502783968,-14.8));
#9859 = PCURVE('',#8146,#9860);
#9860 = DEFINITIONAL_REPRESENTATION('',(#9861),#9912);
#9861 = B_SPLINE_CURVE_WITH_KNOTS('',7,(#9862,#9863,#9864,#9865,#9866,
    #9867,#9868,#9869,#9870,#9871,#9872,#9873,#9874,#9875,#9876,#9877,
    #9878,#9879,#9880,#9881,#9882,#9883,#9884,#9885,#9886,#9887,#9888,
    #9889,#9890,#9891,#9892,#9893,#9894,#9895,#9896,#9897,#9898,#9899,
    #9900,#9901,#9902,#9903,#9904,#9905,#9906,#9907,#9908,#9909,#9910,
    #9911),.UNSPECIFIED.,.F.,.F.,(8,6,6,6,6,6,6,6,8),(0.,0.202128801586,
    0.411983728566,0.445208898765,0.49995057875,0.554104937168,
    0.588976406491,0.796748756742,1.),.UNSPECIFIED.);
#9862 = CARTESIAN_POINT('',(1.570796326795,7.750278396782E-02));
#9863 = CARTESIAN_POINT('',(1.485306602812,0.129482188268));
#9864 = CARTESIAN_POINT('',(1.402541329443,0.183544244152));
#9865 = CARTESIAN_POINT('',(1.322299708856,0.239486256382));
#9866 = CARTESIAN_POINT('',(1.24444838766,0.297161289861));
#9867 = CARTESIAN_POINT('',(1.168950822943,0.356442201694));
#9868 = CARTESIAN_POINT('',(1.095930326621,0.417201451394));
#9869 = CARTESIAN_POINT('',(0.952921334439,0.543785823557));
#9870 = CARTESIAN_POINT('',(0.884628603803,0.608413175909));
#9871 = CARTESIAN_POINT('',(0.819228354787,0.674581614442));
#9872 = CARTESIAN_POINT('',(0.75633385579,0.743460914714));
#9873 = CARTESIAN_POINT('',(0.697351979294,0.815252619145));
#9874 = CARTESIAN_POINT('',(0.645758984424,0.889219719196));
#9875 = CARTESIAN_POINT('',(0.599266194671,0.977637573245));
#9876 = CARTESIAN_POINT('',(0.593185415373,0.989807109774));
#9877 = CARTESIAN_POINT('',(0.587399519998,1.002057187309));
#9878 = CARTESIAN_POINT('',(0.581928994538,1.014385330014));
#9879 = CARTESIAN_POINT('',(0.576793970189,1.026790272064));
#9880 = CARTESIAN_POINT('',(0.572014223342,1.039271957651));
#9881 = CARTESIAN_POINT('',(0.560351433559,1.07252466873));
#9882 = CARTESIAN_POINT('',(0.554097564187,1.093467165184));
#9883 = CARTESIAN_POINT('',(0.548968542751,1.11458716216));
#9884 = CARTESIAN_POINT('',(0.545055524006,1.13583325636));
#9885 = CARTESIAN_POINT('',(0.542420928015,1.157168744481));
#9886 = CARTESIAN_POINT('',(0.541099525957,1.178565858342));
#9887 = CARTESIAN_POINT('',(0.541099525957,1.221204175503));
#9888 = CARTESIAN_POINT('',(0.542392304199,1.242369134847));
#9889 = CARTESIAN_POINT('',(0.54497089077,1.263477434489));
#9890 = CARTESIAN_POINT('',(0.54880156415,1.284500745447));
#9891 = CARTESIAN_POINT('',(0.553823711434,1.305399579281));
#9892 = CARTESIAN_POINT('',(0.559949688553,1.326123014079));
#9893 = CARTESIAN_POINT('',(0.571646217969,1.359799532658));
#9894 = CARTESIAN_POINT('',(0.576642421702,1.372904676276));
#9895 = CARTESIAN_POINT('',(0.582030877738,1.385925337228));
#9896 = CARTESIAN_POINT('',(0.587788756797,1.398861542478));
#9897 = CARTESIAN_POINT('',(0.593892814267,1.41171186001));
#9898 = CARTESIAN_POINT('',(0.600319390202,1.42447339883));
#9899 = CARTESIAN_POINT('',(0.647113642327,1.512623152283));
#9900 = CARTESIAN_POINT('',(0.698314301085,1.58580712946));
#9901 = CARTESIAN_POINT('',(0.756689140522,1.656816874039));
#9902 = CARTESIAN_POINT('',(0.818947789217,1.725030746328));
#9903 = CARTESIAN_POINT('',(0.883656896373,1.79055976857));
#9904 = CARTESIAN_POINT('',(0.951236969483,1.854598145373));
#9905 = CARTESIAN_POINT('',(1.093681294008,1.980925951318));
#9906 = CARTESIAN_POINT('',(1.167014533085,2.042036567099));
#9907 = CARTESIAN_POINT('',(1.242850982475,2.101654694336));
#9908 = CARTESIAN_POINT('',(1.321063711659,2.159651650477));
#9909 = CARTESIAN_POINT('',(1.401689971828,2.215899450309));
#9910 = CARTESIAN_POINT('',(1.484865932559,2.270249875702));
#9911 = CARTESIAN_POINT('',(1.570796326795,2.322497216032));
#9912 = ( GEOMETRIC_REPRESENTATION_CONTEXT(2) 
PARAMETRIC_REPRESENTATION_CONTEXT() REPRESENTATION_CONTEXT('2D SPACE',''
  ) );
#9913 = PCURVE('',#8337,#9914);
#9914 = DEFINITIONAL_REPRESENTATION('',(#9915),#9966);
#9915 = B_SPLINE_CURVE_WITH_KNOTS('',7,(#9916,#9917,#9918,#9919,#9920,
    #9921,#9922,#9923,#9924,#9925,#9926,#9927,#9928,#9929,#9930,#9931,
    #9932,#9933,#9934,#9935,#9936,#9937,#9938,#9939,#9940,#9941,#9942,
    #9943,#9944,#9945,#9946,#9947,#9948,#9949,#9950,#9951,#9952,#9953,
    #9954,#9955,#9956,#9957,#9958,#9959,#9960,#9961,#9962,#9963,#9964,
    #9965),.UNSPECIFIED.,.F.,.F.,(8,6,6,6,6,6,6,6,8),(0.,0.202128801586,
    0.411983728566,0.445208898765,0.49995057875,0.554104937168,
    0.588976406491,0.796748756742,1.),.UNSPECIFIED.);
#9916 = CARTESIAN_POINT('',(-2.619277831784,-1.E-01));
#9917 = CARTESIAN_POINT('',(-2.645933936553,-1.E-01));
#9918 = CARTESIAN_POINT('',(-2.67318083067,-0.102984420387));
#9919 = CARTESIAN_POINT('',(-2.700907689302,-0.108610238401));
#9920 = CARTESIAN_POINT('',(-2.729049062063,-0.116541477516));
#9921 = CARTESIAN_POINT('',(-2.757559563774,-0.126448108885));
#9922 = CARTESIAN_POINT('',(-2.786400425858,-0.137979271069));
#9923 = CARTESIAN_POINT('',(-2.845789135414,-0.163928992395));
#9924 = CARTESIAN_POINT('',(-2.875748824735,-0.178173967333));
#9925 = CARTESIAN_POINT('',(-2.906128722895,-0.193215499595));
#9926 = CARTESIAN_POINT('',(-2.937479459021,-0.208923454288));
#9927 = CARTESIAN_POINT('',(-2.969896374655,-0.224733599556));
#9928 = CARTESIAN_POINT('',(-3.003092915826,-0.239204753379));
#9929 = CARTESIAN_POINT('',(-3.042604824153,-0.252583149166));
#9930 = CARTESIAN_POINT('',(-3.048039543769,-0.254342315409));
#9931 = CARTESIAN_POINT('',(-3.053506869033,-0.256024406392));
#9932 = CARTESIAN_POINT('',(-3.059005888236,-0.257621918489));
#9933 = CARTESIAN_POINT('',(-3.064536244592,-0.259127472737));
#9934 = CARTESIAN_POINT('',(-3.070098136236,-0.260533814838));
#9935 = CARTESIAN_POINT('',(-3.084909268597,-0.263975691369));
#9936 = CARTESIAN_POINT('',(-3.094230746152,-0.265832916413));
#9937 = CARTESIAN_POINT('',(-3.103625771664,-0.267363676088));
#9938 = CARTESIAN_POINT('',(-3.113072692004,-0.268535601594));
#9939 = CARTESIAN_POINT('',(-3.122556535353,-0.269326058587));
#9940 = CARTESIAN_POINT('',(-3.132066368408,-0.269722436227));
#9941 = CARTESIAN_POINT('',(-3.151016731591,-0.269722436227));
#9942 = CARTESIAN_POINT('',(-3.160423383917,-0.269334642254));
#9943 = CARTESIAN_POINT('',(-3.169806210538,-0.268560993545));
#9944 = CARTESIAN_POINT('',(-3.179153982992,-0.267413689143));
#9945 = CARTESIAN_POINT('',(-3.188450448375,-0.265914654705));
#9946 = CARTESIAN_POINT('',(-3.197674133333,-0.264095009315));
#9947 = CARTESIAN_POINT('',(-3.212673350136,-0.260641977815));
#9948 = CARTESIAN_POINT('',(-3.218512890476,-0.25917158254));
#9949 = CARTESIAN_POINT('',(-3.224317708536,-0.257591576353));
#9950 = CARTESIAN_POINT('',(-3.230088074594,-0.255910335245));
#9951 = CARTESIAN_POINT('',(-3.235823589741,-0.254136381314));
#9952 = CARTESIAN_POINT('',(-3.241523185882,-0.252278382761));
#9953 = CARTESIAN_POINT('',(-3.280920284384,-0.238826525252));
#9954 = CARTESIAN_POINT('',(-3.313769539602,-0.22448242582));
#9955 = CARTESIAN_POINT('',(-3.345836218096,-0.208850931616));
#9956 = CARTESIAN_POINT('',(-3.376884109609,-0.193305198361));
#9957 = CARTESIAN_POINT('',(-3.406967719662,-0.17841156256));
#9958 = CARTESIAN_POINT('',(-3.43664878282,-0.164289939053));
#9959 = CARTESIAN_POINT('',(-3.495896137323,-0.138335148579));
#9960 = CARTESIAN_POINT('',(-3.524894220753,-0.126702725317));
#9961 = CARTESIAN_POINT('',(-3.553558602905,-0.116704646731));
#9962 = CARTESIAN_POINT('',(-3.581850384698,-0.108697209727));
#9963 = CARTESIAN_POINT('',(-3.609724125913,-0.10301527113));
#9964 = CARTESIAN_POINT('',(-3.637113967534,-1.E-01));
#9965 = CARTESIAN_POINT('',(-3.663907475396,-1.E-01));
#9966 = ( GEOMETRIC_REPRESENTATION_CONTEXT(2) 
PARAMETRIC_REPRESENTATION_CONTEXT() REPRESENTATION_CONTEXT('2D SPACE',''
  ) );
#9967 = ORIENTED_EDGE('',*,*,#8377,.T.);
#9968 = ORIENTED_EDGE('',*,*,#9969,.T.);
#9969 = EDGE_CURVE('',#8378,#8434,#9970,.T.);
#9970 = SURFACE_CURVE('',#9971,(#10022,#10076),.PCURVE_S1.);
#9971 = B_SPLINE_CURVE_WITH_KNOTS('',7,(#9972,#9973,#9974,#9975,#9976,
    #9977,#9978,#9979,#9980,#9981,#9982,#9983,#9984,#9985,#9986,#9987,
    #9988,#9989,#9990,#9991,#9992,#9993,#9994,#9995,#9996,#9997,#9998,
    #9999,#10000,#10001,#10002,#10003,#10004,#10005,#10006,#10007,#10008
    ,#10009,#10010,#10011,#10012,#10013,#10014,#10015,#10016,#10017,
    #10018,#10019,#10020,#10021),.UNSPECIFIED.,.F.,.F.,(8,6,6,6,6,6,6,6,
    8),(0.,0.20212879521,0.411983715571,0.445208891325,0.499950591593,
    0.554104970069,0.588976444153,0.796748775366,1.),.UNSPECIFIED.);
#9972 = CARTESIAN_POINT('',(-20.85,-14.87750278396,-14.8));
#9973 = CARTESIAN_POINT('',(-20.87992140339,-14.92948218826,-14.8));
#9974 = CARTESIAN_POINT('',(-20.90888937499,-14.98354424415,
    -14.79701557961));
#9975 = CARTESIAN_POINT('',(-20.93661630886,-15.03948625638,
    -14.79138976159));
#9976 = CARTESIAN_POINT('',(-20.96289588879,-15.09716128986,
    -14.78345852248));
#9977 = CARTESIAN_POINT('',(-20.98755947912,-15.15644220169,
    -14.77355189111));
#9978 = CARTESIAN_POINT('',(-21.01045598361,-15.21720145139,
    -14.76202072893));
#9979 = CARTESIAN_POINT('',(-21.05325702933,-15.34378582355,
    -14.7360710076));
#9980 = CARTESIAN_POINT('',(-21.07257396554,-15.4084131759,
    -14.72182603266));
#9981 = CARTESIAN_POINT('',(-21.08995904308,-15.47458161444,
    -14.7067845004));
#9982 = CARTESIAN_POINT('',(-21.10556329089,-15.54346091471,
    -14.69107654571));
#9983 = CARTESIAN_POINT('',(-21.11893496165,-15.61525261914,
    -14.67526640044));
#9984 = CARTESIAN_POINT('',(-21.1297547469,-15.68921971919,
    -14.66079524662));
#9985 = CARTESIAN_POINT('',(-21.13901822462,-15.77763757564,
    -14.64741685047));
#9986 = CARTESIAN_POINT('',(-21.14021619675,-15.78980710997,
    -14.6456576845));
#9987 = CARTESIAN_POINT('',(-21.14134393058,-15.80205718529,
    -14.64397559384));
#9988 = CARTESIAN_POINT('',(-21.14239951078,-15.81438532806,
    -14.64237808178));
#9989 = CARTESIAN_POINT('',(-21.14338114739,-15.82679027241,
    -14.64087252727));
#9990 = CARTESIAN_POINT('',(-21.14428717577,-15.8392719602,
    -14.63946618489));
#9991 = CARTESIAN_POINT('',(-21.14648171826,-15.87252466873,
    -14.63602430863));
#9992 = CARTESIAN_POINT('',(-21.1476402746,-15.89346716518,
    -14.63416708358));
#9993 = CARTESIAN_POINT('',(-21.14857815385,-15.91458716216,
    -14.63263632391));
#9994 = CARTESIAN_POINT('',(-21.14928689423,-15.93583325635,
    -14.6314643984));
#9995 = CARTESIAN_POINT('',(-21.14976170041,-15.95716874448,
    -14.63067394141));
#9996 = CARTESIAN_POINT('',(-21.15,-15.97856585834,-14.63027756377));
#9997 = CARTESIAN_POINT('',(-21.15,-16.0212041755,-14.63027756377));
#9998 = CARTESIAN_POINT('',(-21.14976686669,-16.04236913484,
    -14.63066535774));
#9999 = CARTESIAN_POINT('',(-21.14930214771,-16.06347743449,
    -14.63143900645));
#10000 = CARTESIAN_POINT('',(-21.14860839093,-16.08450074544,
    -14.63258631085));
#10001 = CARTESIAN_POINT('',(-21.14769033931,-16.10539957928,
    -14.63408534529));
#10002 = CARTESIAN_POINT('',(-21.14655612583,-16.12612301407,
    -14.63590499068));
#10003 = CARTESIAN_POINT('',(-21.14435711455,-16.15979952957,
    -14.63935802186));
#10004 = CARTESIAN_POINT('',(-21.14341062121,-16.17290467585,
    -14.64082841748));
#10005 = CARTESIAN_POINT('',(-21.14238075504,-16.18592533958,
    -14.64240842397));
#10006 = CARTESIAN_POINT('',(-21.14126943307,-16.1988615449,
    -14.64408966503));
#10007 = CARTESIAN_POINT('',(-21.14007872274,-16.21171185977,
    -14.64586361858));
#10008 = CARTESIAN_POINT('',(-21.13881084194,-16.22447339594,
    -14.64772161679));
#10009 = CARTESIAN_POINT('',(-21.12946814243,-16.31262315228,
    -14.66117347474));
#10010 = CARTESIAN_POINT('',(-21.11870773029,-16.38580712946,
    -14.67551757418));
#10011 = CARTESIAN_POINT('',(-21.1054560589,-16.45681687403,
    -14.69114906838));
#10012 = CARTESIAN_POINT('',(-21.09001111715,-16.52503074632,
    -14.70669480163));
#10013 = CARTESIAN_POINT('',(-21.07282109366,-16.59055976857,
    -14.72158843744));
#10014 = CARTESIAN_POINT('',(-21.05372751287,-16.65459814537,
    -14.73571006094));
#10015 = CARTESIAN_POINT('',(-21.0111608465,-16.78092595131,
    -14.76166485142));
#10016 = CARTESIAN_POINT('',(-20.98819183569,-16.84203656709,
    -14.77329727468));
#10017 = CARTESIAN_POINT('',(-20.96343498897,-16.90165469433,
    -14.78329535326));
#10018 = CARTESIAN_POINT('',(-20.93704334076,-16.95965165047,
    -14.79130279027));
#10019 = CARTESIAN_POINT('',(-20.90918735587,-17.0158994503,
    -14.79698472887));
#10020 = CARTESIAN_POINT('',(-20.88007563798,-17.0702498757,-14.8));
#10021 = CARTESIAN_POINT('',(-20.85,-17.12249721603,-14.8));
#10022 = PCURVE('',#8146,#10023);
#10023 = DEFINITIONAL_REPRESENTATION('',(#10024),#10075);
#10024 = B_SPLINE_CURVE_WITH_KNOTS('',7,(#10025,#10026,#10027,#10028,
    #10029,#10030,#10031,#10032,#10033,#10034,#10035,#10036,#10037,
    #10038,#10039,#10040,#10041,#10042,#10043,#10044,#10045,#10046,
    #10047,#10048,#10049,#10050,#10051,#10052,#10053,#10054,#10055,
    #10056,#10057,#10058,#10059,#10060,#10061,#10062,#10063,#10064,
    #10065,#10066,#10067,#10068,#10069,#10070,#10071,#10072,#10073,
    #10074),.UNSPECIFIED.,.F.,.F.,(8,6,6,6,6,6,6,6,8),(0.,0.20212879521,
    0.411983715571,0.445208891325,0.499950591593,0.554104970069,
    0.588976444153,0.796748775366,1.),.UNSPECIFIED.);
#10025 = CARTESIAN_POINT('',(1.570796326795,32.077502783968));
#10026 = CARTESIAN_POINT('',(1.485306602812,32.129482188268));
#10027 = CARTESIAN_POINT('',(1.402541329443,32.183544244152));
#10028 = CARTESIAN_POINT('',(1.322299708856,32.239486256382));
#10029 = CARTESIAN_POINT('',(1.244448387661,32.297161289861));
#10030 = CARTESIAN_POINT('',(1.168950822943,32.356442201694));
#10031 = CARTESIAN_POINT('',(1.095930326621,32.417201451394));
#10032 = CARTESIAN_POINT('',(0.952921334439,32.543785823557));
#10033 = CARTESIAN_POINT('',(0.884628603804,32.608413175908));
#10034 = CARTESIAN_POINT('',(0.819228354785,32.674581614444));
#10035 = CARTESIAN_POINT('',(0.75633385579,32.743460914714));
#10036 = CARTESIAN_POINT('',(0.697351979295,32.815252619144));
#10037 = CARTESIAN_POINT('',(0.645758984424,32.889219719196));
#10038 = CARTESIAN_POINT('',(0.599266193408,32.977637575646));
#10039 = CARTESIAN_POINT('',(0.593185415071,32.989807109972));
#10040 = CARTESIAN_POINT('',(0.587399520791,33.002057185295));
#10041 = CARTESIAN_POINT('',(0.581928995478,33.01438532806));
#10042 = CARTESIAN_POINT('',(0.576793970254,33.026790272414));
#10043 = CARTESIAN_POINT('',(0.572014222447,33.039271960205));
#10044 = CARTESIAN_POINT('',(0.560351433559,33.072524668731));
#10045 = CARTESIAN_POINT('',(0.554097564187,33.093467165184));
#10046 = CARTESIAN_POINT('',(0.548968542751,33.11458716216));
#10047 = CARTESIAN_POINT('',(0.545055524006,33.135833256359));
#10048 = CARTESIAN_POINT('',(0.542420928014,33.157168744481));
#10049 = CARTESIAN_POINT('',(0.541099525957,33.178565858342));
#10050 = CARTESIAN_POINT('',(0.541099525957,33.2212041755));
#10051 = CARTESIAN_POINT('',(0.542392304199,33.242369134847));
#10052 = CARTESIAN_POINT('',(0.54497089077,33.263477434492));
#10053 = CARTESIAN_POINT('',(0.54880156415,33.284500745449));
#10054 = CARTESIAN_POINT('',(0.553823711435,33.305399579281));
#10055 = CARTESIAN_POINT('',(0.559949688552,33.326123014076));
#10056 = CARTESIAN_POINT('',(0.571646216898,33.359799529575));
#10057 = CARTESIAN_POINT('',(0.576642421792,33.37290467585));
#10058 = CARTESIAN_POINT('',(0.582030878877,33.385925339582));
#10059 = CARTESIAN_POINT('',(0.587788757751,33.398861544909));
#10060 = CARTESIAN_POINT('',(0.593892813892,33.411711859776));
#10061 = CARTESIAN_POINT('',(0.600319388668,33.42447339594));
#10062 = CARTESIAN_POINT('',(0.647113642327,33.512623152283));
#10063 = CARTESIAN_POINT('',(0.698314301085,33.58580712946));
#10064 = CARTESIAN_POINT('',(0.756689140522,33.656816874039));
#10065 = CARTESIAN_POINT('',(0.818947789217,33.725030746328));
#10066 = CARTESIAN_POINT('',(0.883656896373,33.79055976857));
#10067 = CARTESIAN_POINT('',(0.951236969483,33.854598145373));
#10068 = CARTESIAN_POINT('',(1.093681294008,33.980925951318));
#10069 = CARTESIAN_POINT('',(1.167014533085,34.042036567099));
#10070 = CARTESIAN_POINT('',(1.242850982475,34.101654694336));
#10071 = CARTESIAN_POINT('',(1.321063711659,34.159651650477));
#10072 = CARTESIAN_POINT('',(1.401689971828,34.215899450309));
#10073 = CARTESIAN_POINT('',(1.484865932559,34.270249875702));
#10074 = CARTESIAN_POINT('',(1.570796326795,34.322497216032));
#10075 = ( GEOMETRIC_REPRESENTATION_CONTEXT(2) 
PARAMETRIC_REPRESENTATION_CONTEXT() REPRESENTATION_CONTEXT('2D SPACE',''
  ) );
#10076 = PCURVE('',#8421,#10077);
#10077 = DEFINITIONAL_REPRESENTATION('',(#10078),#10129);
#10078 = B_SPLINE_CURVE_WITH_KNOTS('',7,(#10079,#10080,#10081,#10082,
    #10083,#10084,#10085,#10086,#10087,#10088,#10089,#10090,#10091,
    #10092,#10093,#10094,#10095,#10096,#10097,#10098,#10099,#10100,
    #10101,#10102,#10103,#10104,#10105,#10106,#10107,#10108,#10109,
    #10110,#10111,#10112,#10113,#10114,#10115,#10116,#10117,#10118,
    #10119,#10120,#10121,#10122,#10123,#10124,#10125,#10126,#10127,
    #10128),.UNSPECIFIED.,.F.,.F.,(8,6,6,6,6,6,6,6,8),(0.,0.20212879521,
    0.411983715571,0.445208891325,0.499950591593,0.554104970069,
    0.588976444153,0.796748775366,1.),.UNSPECIFIED.);
#10079 = CARTESIAN_POINT('',(-2.619277831784,-1.E-01));
#10080 = CARTESIAN_POINT('',(-2.645933936553,-1.E-01));
#10081 = CARTESIAN_POINT('',(-2.67318083067,-0.102984420387));
#10082 = CARTESIAN_POINT('',(-2.700907689302,-0.108610238401));
#10083 = CARTESIAN_POINT('',(-2.729049062063,-0.116541477516));
#10084 = CARTESIAN_POINT('',(-2.757559563774,-0.126448108885));
#10085 = CARTESIAN_POINT('',(-2.786400425858,-0.137979271069));
#10086 = CARTESIAN_POINT('',(-2.845789135414,-0.163928992395));
#10087 = CARTESIAN_POINT('',(-2.875748824734,-0.178173967333));
#10088 = CARTESIAN_POINT('',(-2.906128722896,-0.193215499595));
#10089 = CARTESIAN_POINT('',(-2.937479459021,-0.208923454288));
#10090 = CARTESIAN_POINT('',(-2.969896374655,-0.224733599556));
#10091 = CARTESIAN_POINT('',(-3.003092915826,-0.239204753379));
#10092 = CARTESIAN_POINT('',(-3.042604825226,-0.252583149529));
#10093 = CARTESIAN_POINT('',(-3.048039543859,-0.254342315492));
#10094 = CARTESIAN_POINT('',(-3.053506868135,-0.25602440616));
#10095 = CARTESIAN_POINT('',(-3.059005887364,-0.257621918217));
#10096 = CARTESIAN_POINT('',(-3.064536244746,-0.259127472722));
#10097 = CARTESIAN_POINT('',(-3.070098137374,-0.260533815103));
#10098 = CARTESIAN_POINT('',(-3.084909268597,-0.263975691369));
#10099 = CARTESIAN_POINT('',(-3.094230746152,-0.265832916413));
#10100 = CARTESIAN_POINT('',(-3.103625771664,-0.267363676088));
#10101 = CARTESIAN_POINT('',(-3.113072692004,-0.268535601594));
#10102 = CARTESIAN_POINT('',(-3.122556535353,-0.269326058587));
#10103 = CARTESIAN_POINT('',(-3.132066368409,-0.269722436227));
#10104 = CARTESIAN_POINT('',(-3.15101673159,-0.269722436227));
#10105 = CARTESIAN_POINT('',(-3.160423383917,-0.269334642254));
#10106 = CARTESIAN_POINT('',(-3.169806210539,-0.268560993545));
#10107 = CARTESIAN_POINT('',(-3.179153982993,-0.267413689143));
#10108 = CARTESIAN_POINT('',(-3.188450448375,-0.265914654705));
#10109 = CARTESIAN_POINT('',(-3.197674133332,-0.264095009315));
#10110 = CARTESIAN_POINT('',(-3.212673348763,-0.260641978131));
#10111 = CARTESIAN_POINT('',(-3.218512890288,-0.259171582518));
#10112 = CARTESIAN_POINT('',(-3.224317709587,-0.257591576023));
#10113 = CARTESIAN_POINT('',(-3.230088075677,-0.255910334966));
#10114 = CARTESIAN_POINT('',(-3.235823589635,-0.254136381418));
#10115 = CARTESIAN_POINT('',(-3.24152318459,-0.252278383202));
#10116 = CARTESIAN_POINT('',(-3.280920284384,-0.238826525252));
#10117 = CARTESIAN_POINT('',(-3.313769539602,-0.22448242582));
#10118 = CARTESIAN_POINT('',(-3.345836218096,-0.208850931616));
#10119 = CARTESIAN_POINT('',(-3.376884109609,-0.193305198361));
#10120 = CARTESIAN_POINT('',(-3.406967719662,-0.17841156256));
#10121 = CARTESIAN_POINT('',(-3.43664878282,-0.164289939053));
#10122 = CARTESIAN_POINT('',(-3.495896137323,-0.138335148579));
#10123 = CARTESIAN_POINT('',(-3.524894220753,-0.126702725317));
#10124 = CARTESIAN_POINT('',(-3.553558602905,-0.116704646731));
#10125 = CARTESIAN_POINT('',(-3.581850384698,-0.108697209727));
#10126 = CARTESIAN_POINT('',(-3.609724125913,-0.10301527113));
#10127 = CARTESIAN_POINT('',(-3.637113967534,-1.E-01));
#10128 = CARTESIAN_POINT('',(-3.663907475396,-1.E-01));
#10129 = ( GEOMETRIC_REPRESENTATION_CONTEXT(2) 
PARAMETRIC_REPRESENTATION_CONTEXT() REPRESENTATION_CONTEXT('2D SPACE',''
  ) );
#10130 = ORIENTED_EDGE('',*,*,#8461,.T.);
#10131 = ORIENTED_EDGE('',*,*,#8130,.F.);
#10132 = ADVANCED_FACE('',(#10133),#8200,.T.);
#10133 = FACE_BOUND('',#10134,.F.);
#10134 = EDGE_LOOP('',(#10135,#10155,#10156,#10157));
#10135 = ORIENTED_EDGE('',*,*,#10136,.T.);
#10136 = EDGE_CURVE('',#8241,#9255,#10137,.T.);
#10137 = SURFACE_CURVE('',#10138,(#10143,#10149),.PCURVE_S1.);
#10138 = CIRCLE('',#10139,0.35);
#10139 = AXIS2_PLACEMENT_3D('',#10140,#10141,#10142);
#10140 = CARTESIAN_POINT('',(-20.85,17.2,-13.35));
#10141 = DIRECTION('',(6.123233995737E-17,1.,-0.));
#10142 = DIRECTION('',(-1.,6.123233995737E-17,0.));
#10143 = PCURVE('',#8200,#10144);
#10144 = DEFINITIONAL_REPRESENTATION('',(#10145),#10148);
#10145 = B_SPLINE_CURVE_WITH_KNOTS('',1,(#10146,#10147),.UNSPECIFIED.,
  .F.,.F.,(2,2),(0.,1.570796326795),.PIECEWISE_BEZIER_KNOTS.);
#10146 = CARTESIAN_POINT('',(0.,0.));
#10147 = CARTESIAN_POINT('',(-1.570796326795,0.));
#10148 = ( GEOMETRIC_REPRESENTATION_CONTEXT(2) 
PARAMETRIC_REPRESENTATION_CONTEXT() REPRESENTATION_CONTEXT('2D SPACE',''
  ) );
#10149 = PCURVE('',#9271,#10150);
#10150 = DEFINITIONAL_REPRESENTATION('',(#10151),#10154);
#10151 = B_SPLINE_CURVE_WITH_KNOTS('',1,(#10152,#10153),.UNSPECIFIED.,
  .F.,.F.,(2,2),(0.,1.570796326795),.PIECEWISE_BEZIER_KNOTS.);
#10152 = CARTESIAN_POINT('',(1.570796326795,0.));
#10153 = CARTESIAN_POINT('',(1.570796326795,1.570796326795));
#10154 = ( GEOMETRIC_REPRESENTATION_CONTEXT(2) 
PARAMETRIC_REPRESENTATION_CONTEXT() REPRESENTATION_CONTEXT('2D SPACE',''
  ) );
#10155 = ORIENTED_EDGE('',*,*,#9283,.T.);
#10156 = ORIENTED_EDGE('',*,*,#8184,.F.);
#10157 = ORIENTED_EDGE('',*,*,#8268,.F.);
#10158 = ADVANCED_FACE('',(#10159),#8256,.T.);
#10159 = FACE_BOUND('',#10160,.T.);
#10160 = EDGE_LOOP('',(#10161,#10191,#10213,#10214));
#10161 = ORIENTED_EDGE('',*,*,#10162,.F.);
#10162 = EDGE_CURVE('',#10163,#10165,#10167,.T.);
#10163 = VERTEX_POINT('',#10164);
#10164 = CARTESIAN_POINT('',(-13.2,25.2,-14.45));
#10165 = VERTEX_POINT('',#10166);
#10166 = CARTESIAN_POINT('',(-13.2,25.2,-13.35));
#10167 = SURFACE_CURVE('',#10168,(#10172,#10179),.PCURVE_S1.);
#10168 = LINE('',#10169,#10170);
#10169 = CARTESIAN_POINT('',(-13.2,25.2,-14.8));
#10170 = VECTOR('',#10171,1.);
#10171 = DIRECTION('',(0.,0.,1.));
#10172 = PCURVE('',#8256,#10173);
#10173 = DEFINITIONAL_REPRESENTATION('',(#10174),#10178);
#10174 = LINE('',#10175,#10176);
#10175 = CARTESIAN_POINT('',(0.,0.));
#10176 = VECTOR('',#10177,1.);
#10177 = DIRECTION('',(0.,1.));
#10178 = ( GEOMETRIC_REPRESENTATION_CONTEXT(2) 
PARAMETRIC_REPRESENTATION_CONTEXT() REPRESENTATION_CONTEXT('2D SPACE',''
  ) );
#10179 = PCURVE('',#10180,#10185);
#10180 = PLANE('',#10181);
#10181 = AXIS2_PLACEMENT_3D('',#10182,#10183,#10184);
#10182 = CARTESIAN_POINT('',(21.2,25.2,-14.8));
#10183 = DIRECTION('',(0.,-1.,0.));
#10184 = DIRECTION('',(-1.,0.,0.));
#10185 = DEFINITIONAL_REPRESENTATION('',(#10186),#10190);
#10186 = LINE('',#10187,#10188);
#10187 = CARTESIAN_POINT('',(34.4,0.));
#10188 = VECTOR('',#10189,1.);
#10189 = DIRECTION('',(0.,-1.));
#10190 = ( GEOMETRIC_REPRESENTATION_CONTEXT(2) 
PARAMETRIC_REPRESENTATION_CONTEXT() REPRESENTATION_CONTEXT('2D SPACE',''
  ) );
#10191 = ORIENTED_EDGE('',*,*,#10192,.T.);
#10192 = EDGE_CURVE('',#10163,#8239,#10193,.T.);
#10193 = SURFACE_CURVE('',#10194,(#10199,#10206),.PCURVE_S1.);
#10194 = CIRCLE('',#10195,8.);
#10195 = AXIS2_PLACEMENT_3D('',#10196,#10197,#10198);
#10196 = CARTESIAN_POINT('',(-13.2,17.2,-14.45));
#10197 = DIRECTION('',(0.,0.,1.));
#10198 = DIRECTION('',(0.,1.,-0.));
#10199 = PCURVE('',#8256,#10200);
#10200 = DEFINITIONAL_REPRESENTATION('',(#10201),#10205);
#10201 = LINE('',#10202,#10203);
#10202 = CARTESIAN_POINT('',(0.,0.35));
#10203 = VECTOR('',#10204,1.);
#10204 = DIRECTION('',(1.,0.));
#10205 = ( GEOMETRIC_REPRESENTATION_CONTEXT(2) 
PARAMETRIC_REPRESENTATION_CONTEXT() REPRESENTATION_CONTEXT('2D SPACE',''
  ) );
#10206 = PCURVE('',#8722,#10207);
#10207 = DEFINITIONAL_REPRESENTATION('',(#10208),#10212);
#10208 = LINE('',#10209,#10210);
#10209 = CARTESIAN_POINT('',(-0.,0.));
#10210 = VECTOR('',#10211,1.);
#10211 = DIRECTION('',(-1.,0.));
#10212 = ( GEOMETRIC_REPRESENTATION_CONTEXT(2) 
PARAMETRIC_REPRESENTATION_CONTEXT() REPRESENTATION_CONTEXT('2D SPACE',''
  ) );
#10213 = ORIENTED_EDGE('',*,*,#8238,.T.);
#10214 = ORIENTED_EDGE('',*,*,#10215,.F.);
#10215 = EDGE_CURVE('',#10165,#8241,#10216,.T.);
#10216 = SURFACE_CURVE('',#10217,(#10222,#10229),.PCURVE_S1.);
#10217 = CIRCLE('',#10218,8.);
#10218 = AXIS2_PLACEMENT_3D('',#10219,#10220,#10221);
#10219 = CARTESIAN_POINT('',(-13.2,17.2,-13.35));
#10220 = DIRECTION('',(0.,0.,1.));
#10221 = DIRECTION('',(0.,1.,-0.));
#10222 = PCURVE('',#8256,#10223);
#10223 = DEFINITIONAL_REPRESENTATION('',(#10224),#10228);
#10224 = LINE('',#10225,#10226);
#10225 = CARTESIAN_POINT('',(0.,1.45));
#10226 = VECTOR('',#10227,1.);
#10227 = DIRECTION('',(1.,0.));
#10228 = ( GEOMETRIC_REPRESENTATION_CONTEXT(2) 
PARAMETRIC_REPRESENTATION_CONTEXT() REPRESENTATION_CONTEXT('2D SPACE',''
  ) );
#10229 = PCURVE('',#9271,#10230);
#10230 = DEFINITIONAL_REPRESENTATION('',(#10231),#10235);
#10231 = LINE('',#10232,#10233);
#10232 = CARTESIAN_POINT('',(0.,0.));
#10233 = VECTOR('',#10234,1.);
#10234 = DIRECTION('',(1.,0.));
#10235 = ( GEOMETRIC_REPRESENTATION_CONTEXT(2) 
PARAMETRIC_REPRESENTATION_CONTEXT() REPRESENTATION_CONTEXT('2D SPACE',''
  ) );
#10236 = ADVANCED_FACE('',(#10237),#8337,.F.);
#10237 = FACE_BOUND('',#10238,.T.);
#10238 = EDGE_LOOP('',(#10239,#10240,#10263,#10290,#10291,#10292));
#10239 = ORIENTED_EDGE('',*,*,#8314,.T.);
#10240 = ORIENTED_EDGE('',*,*,#10241,.T.);
#10241 = EDGE_CURVE('',#8317,#10242,#10244,.T.);
#10242 = VERTEX_POINT('',#10243);
#10243 = CARTESIAN_POINT('',(-16.65,16.,-14.));
#10244 = SEAM_CURVE('',#10245,(#10249,#10256),.PCURVE_S1.);
#10245 = LINE('',#10246,#10247);
#10246 = CARTESIAN_POINT('',(-16.65,16.,-14.9));
#10247 = VECTOR('',#10248,1.);
#10248 = DIRECTION('',(0.,0.,1.));
#10249 = PCURVE('',#8337,#10250);
#10250 = DEFINITIONAL_REPRESENTATION('',(#10251),#10255);
#10251 = LINE('',#10252,#10253);
#10252 = CARTESIAN_POINT('',(-6.28318530718,0.));
#10253 = VECTOR('',#10254,1.);
#10254 = DIRECTION('',(-0.,-1.));
#10255 = ( GEOMETRIC_REPRESENTATION_CONTEXT(2) 
PARAMETRIC_REPRESENTATION_CONTEXT() REPRESENTATION_CONTEXT('2D SPACE',''
  ) );
#10256 = PCURVE('',#8337,#10257);
#10257 = DEFINITIONAL_REPRESENTATION('',(#10258),#10262);
#10258 = LINE('',#10259,#10260);
#10259 = CARTESIAN_POINT('',(-0.,0.));
#10260 = VECTOR('',#10261,1.);
#10261 = DIRECTION('',(-0.,-1.));
#10262 = ( GEOMETRIC_REPRESENTATION_CONTEXT(2) 
PARAMETRIC_REPRESENTATION_CONTEXT() REPRESENTATION_CONTEXT('2D SPACE',''
  ) );
#10263 = ORIENTED_EDGE('',*,*,#10264,.T.);
#10264 = EDGE_CURVE('',#10242,#10242,#10265,.T.);
#10265 = SURFACE_CURVE('',#10266,(#10271,#10278),.PCURVE_S1.);
#10266 = CIRCLE('',#10267,2.25);
#10267 = AXIS2_PLACEMENT_3D('',#10268,#10269,#10270);
#10268 = CARTESIAN_POINT('',(-18.9,16.,-14.));
#10269 = DIRECTION('',(0.,0.,1.));
#10270 = DIRECTION('',(1.,0.,0.));
#10271 = PCURVE('',#8337,#10272);
#10272 = DEFINITIONAL_REPRESENTATION('',(#10273),#10277);
#10273 = LINE('',#10274,#10275);
#10274 = CARTESIAN_POINT('',(-0.,-0.9));
#10275 = VECTOR('',#10276,1.);
#10276 = DIRECTION('',(-1.,0.));
#10277 = ( GEOMETRIC_REPRESENTATION_CONTEXT(2) 
PARAMETRIC_REPRESENTATION_CONTEXT() REPRESENTATION_CONTEXT('2D SPACE',''
  ) );
#10278 = PCURVE('',#10279,#10284);
#10279 = PLANE('',#10280);
#10280 = AXIS2_PLACEMENT_3D('',#10281,#10282,#10283);
#10281 = CARTESIAN_POINT('',(-18.9,16.,-14.));
#10282 = DIRECTION('',(0.,0.,1.));
#10283 = DIRECTION('',(1.,0.,-0.));
#10284 = DEFINITIONAL_REPRESENTATION('',(#10285),#10289);
#10285 = CIRCLE('',#10286,2.25);
#10286 = AXIS2_PLACEMENT_2D('',#10287,#10288);
#10287 = CARTESIAN_POINT('',(-3.552713678801E-15,0.));
#10288 = DIRECTION('',(1.,0.));
#10289 = ( GEOMETRIC_REPRESENTATION_CONTEXT(2) 
PARAMETRIC_REPRESENTATION_CONTEXT() REPRESENTATION_CONTEXT('2D SPACE',''
  ) );
#10290 = ORIENTED_EDGE('',*,*,#10241,.F.);
#10291 = ORIENTED_EDGE('',*,*,#8349,.T.);
#10292 = ORIENTED_EDGE('',*,*,#9806,.F.);
#10293 = ADVANCED_FACE('',(#10294),#8722,.T.);
#10294 = FACE_BOUND('',#10295,.F.);
#10295 = EDGE_LOOP('',(#10296,#10316,#10317,#10318));
#10296 = ORIENTED_EDGE('',*,*,#10297,.F.);
#10297 = EDGE_CURVE('',#10163,#8678,#10298,.T.);
#10298 = SURFACE_CURVE('',#10299,(#10304,#10310),.PCURVE_S1.);
#10299 = CIRCLE('',#10300,0.35);
#10300 = AXIS2_PLACEMENT_3D('',#10301,#10302,#10303);
#10301 = CARTESIAN_POINT('',(-13.2,24.85,-14.45));
#10302 = DIRECTION('',(-1.,0.,0.));
#10303 = DIRECTION('',(0.,1.,-0.));
#10304 = PCURVE('',#8722,#10305);
#10305 = DEFINITIONAL_REPRESENTATION('',(#10306),#10309);
#10306 = B_SPLINE_CURVE_WITH_KNOTS('',1,(#10307,#10308),.UNSPECIFIED.,
  .F.,.F.,(2,2),(0.,1.570796326795),.PIECEWISE_BEZIER_KNOTS.);
#10307 = CARTESIAN_POINT('',(0.,0.));
#10308 = CARTESIAN_POINT('',(0.,1.570796326795));
#10309 = ( GEOMETRIC_REPRESENTATION_CONTEXT(2) 
PARAMETRIC_REPRESENTATION_CONTEXT() REPRESENTATION_CONTEXT('2D SPACE',''
  ) );
#10310 = PCURVE('',#8693,#10311);
#10311 = DEFINITIONAL_REPRESENTATION('',(#10312),#10315);
#10312 = B_SPLINE_CURVE_WITH_KNOTS('',1,(#10313,#10314),.UNSPECIFIED.,
  .F.,.F.,(2,2),(0.,1.570796326795),.PIECEWISE_BEZIER_KNOTS.);
#10313 = CARTESIAN_POINT('',(0.,26.4));
#10314 = CARTESIAN_POINT('',(1.570796326795,26.4));
#10315 = ( GEOMETRIC_REPRESENTATION_CONTEXT(2) 
PARAMETRIC_REPRESENTATION_CONTEXT() REPRESENTATION_CONTEXT('2D SPACE',''
  ) );
#10316 = ORIENTED_EDGE('',*,*,#10192,.T.);
#10317 = ORIENTED_EDGE('',*,*,#9785,.T.);
#10318 = ORIENTED_EDGE('',*,*,#8705,.F.);
#10319 = ADVANCED_FACE('',(#10320),#8693,.T.);
#10320 = FACE_BOUND('',#10321,.T.);
#10321 = EDGE_LOOP('',(#10322,#10344,#10345,#10346));
#10322 = ORIENTED_EDGE('',*,*,#10323,.T.);
#10323 = EDGE_CURVE('',#10324,#8649,#10326,.T.);
#10324 = VERTEX_POINT('',#10325);
#10325 = CARTESIAN_POINT('',(13.2,25.2,-14.45));
#10326 = SURFACE_CURVE('',#10327,(#10332,#10338),.PCURVE_S1.);
#10327 = CIRCLE('',#10328,0.35);
#10328 = AXIS2_PLACEMENT_3D('',#10329,#10330,#10331);
#10329 = CARTESIAN_POINT('',(13.2,24.85,-14.45));
#10330 = DIRECTION('',(-1.,6.123233995737E-17,0.));
#10331 = DIRECTION('',(6.123233995737E-17,1.,-0.));
#10332 = PCURVE('',#8693,#10333);
#10333 = DEFINITIONAL_REPRESENTATION('',(#10334),#10337);
#10334 = B_SPLINE_CURVE_WITH_KNOTS('',1,(#10335,#10336),.UNSPECIFIED.,
  .F.,.F.,(2,2),(0.,1.570796326795),.PIECEWISE_BEZIER_KNOTS.);
#10335 = CARTESIAN_POINT('',(0.,0.));
#10336 = CARTESIAN_POINT('',(1.570796326795,0.));
#10337 = ( GEOMETRIC_REPRESENTATION_CONTEXT(2) 
PARAMETRIC_REPRESENTATION_CONTEXT() REPRESENTATION_CONTEXT('2D SPACE',''
  ) );
#10338 = PCURVE('',#8665,#10339);
#10339 = DEFINITIONAL_REPRESENTATION('',(#10340),#10343);
#10340 = B_SPLINE_CURVE_WITH_KNOTS('',1,(#10341,#10342),.UNSPECIFIED.,
  .F.,.F.,(2,2),(0.,1.570796326795),.PIECEWISE_BEZIER_KNOTS.);
#10341 = CARTESIAN_POINT('',(-1.570796326795,0.));
#10342 = CARTESIAN_POINT('',(-1.570796326795,1.570796326795));
#10343 = ( GEOMETRIC_REPRESENTATION_CONTEXT(2) 
PARAMETRIC_REPRESENTATION_CONTEXT() REPRESENTATION_CONTEXT('2D SPACE',''
  ) );
#10344 = ORIENTED_EDGE('',*,*,#8677,.T.);
#10345 = ORIENTED_EDGE('',*,*,#10297,.F.);
#10346 = ORIENTED_EDGE('',*,*,#10347,.F.);
#10347 = EDGE_CURVE('',#10324,#10163,#10348,.T.);
#10348 = SURFACE_CURVE('',#10349,(#10353,#10360),.PCURVE_S1.);
#10349 = LINE('',#10350,#10351);
#10350 = CARTESIAN_POINT('',(13.2,25.2,-14.45));
#10351 = VECTOR('',#10352,1.);
#10352 = DIRECTION('',(-1.,0.,0.));
#10353 = PCURVE('',#8693,#10354);
#10354 = DEFINITIONAL_REPRESENTATION('',(#10355),#10359);
#10355 = LINE('',#10356,#10357);
#10356 = CARTESIAN_POINT('',(0.,0.));
#10357 = VECTOR('',#10358,1.);
#10358 = DIRECTION('',(0.,1.));
#10359 = ( GEOMETRIC_REPRESENTATION_CONTEXT(2) 
PARAMETRIC_REPRESENTATION_CONTEXT() REPRESENTATION_CONTEXT('2D SPACE',''
  ) );
#10360 = PCURVE('',#10180,#10361);
#10361 = DEFINITIONAL_REPRESENTATION('',(#10362),#10366);
#10362 = LINE('',#10363,#10364);
#10363 = CARTESIAN_POINT('',(8.,-0.35));
#10364 = VECTOR('',#10365,1.);
#10365 = DIRECTION('',(1.,0.));
#10366 = ( GEOMETRIC_REPRESENTATION_CONTEXT(2) 
PARAMETRIC_REPRESENTATION_CONTEXT() REPRESENTATION_CONTEXT('2D SPACE',''
  ) );
#10367 = ADVANCED_FACE('',(#10368),#8421,.F.);
#10368 = FACE_BOUND('',#10369,.T.);
#10369 = EDGE_LOOP('',(#10370,#10371,#10394,#10421,#10422,#10423));
#10370 = ORIENTED_EDGE('',*,*,#8400,.T.);
#10371 = ORIENTED_EDGE('',*,*,#10372,.T.);
#10372 = EDGE_CURVE('',#8401,#10373,#10375,.T.);
#10373 = VERTEX_POINT('',#10374);
#10374 = CARTESIAN_POINT('',(-16.65,-16.,-14.));
#10375 = SEAM_CURVE('',#10376,(#10380,#10387),.PCURVE_S1.);
#10376 = LINE('',#10377,#10378);
#10377 = CARTESIAN_POINT('',(-16.65,-16.,-14.9));
#10378 = VECTOR('',#10379,1.);
#10379 = DIRECTION('',(0.,0.,1.));
#10380 = PCURVE('',#8421,#10381);
#10381 = DEFINITIONAL_REPRESENTATION('',(#10382),#10386);
#10382 = LINE('',#10383,#10384);
#10383 = CARTESIAN_POINT('',(-6.28318530718,0.));
#10384 = VECTOR('',#10385,1.);
#10385 = DIRECTION('',(-0.,-1.));
#10386 = ( GEOMETRIC_REPRESENTATION_CONTEXT(2) 
PARAMETRIC_REPRESENTATION_CONTEXT() REPRESENTATION_CONTEXT('2D SPACE',''
  ) );
#10387 = PCURVE('',#8421,#10388);
#10388 = DEFINITIONAL_REPRESENTATION('',(#10389),#10393);
#10389 = LINE('',#10390,#10391);
#10390 = CARTESIAN_POINT('',(-0.,0.));
#10391 = VECTOR('',#10392,1.);
#10392 = DIRECTION('',(-0.,-1.));
#10393 = ( GEOMETRIC_REPRESENTATION_CONTEXT(2) 
PARAMETRIC_REPRESENTATION_CONTEXT() REPRESENTATION_CONTEXT('2D SPACE',''
  ) );
#10394 = ORIENTED_EDGE('',*,*,#10395,.T.);
#10395 = EDGE_CURVE('',#10373,#10373,#10396,.T.);
#10396 = SURFACE_CURVE('',#10397,(#10402,#10409),.PCURVE_S1.);
#10397 = CIRCLE('',#10398,2.25);
#10398 = AXIS2_PLACEMENT_3D('',#10399,#10400,#10401);
#10399 = CARTESIAN_POINT('',(-18.9,-16.,-14.));
#10400 = DIRECTION('',(0.,0.,1.));
#10401 = DIRECTION('',(1.,0.,0.));
#10402 = PCURVE('',#8421,#10403);
#10403 = DEFINITIONAL_REPRESENTATION('',(#10404),#10408);
#10404 = LINE('',#10405,#10406);
#10405 = CARTESIAN_POINT('',(-0.,-0.9));
#10406 = VECTOR('',#10407,1.);
#10407 = DIRECTION('',(-1.,0.));
#10408 = ( GEOMETRIC_REPRESENTATION_CONTEXT(2) 
PARAMETRIC_REPRESENTATION_CONTEXT() REPRESENTATION_CONTEXT('2D SPACE',''
  ) );
#10409 = PCURVE('',#10410,#10415);
#10410 = PLANE('',#10411);
#10411 = AXIS2_PLACEMENT_3D('',#10412,#10413,#10414);
#10412 = CARTESIAN_POINT('',(-18.9,-16.,-14.));
#10413 = DIRECTION('',(0.,0.,1.));
#10414 = DIRECTION('',(1.,0.,-0.));
#10415 = DEFINITIONAL_REPRESENTATION('',(#10416),#10420);
#10416 = CIRCLE('',#10417,2.25);
#10417 = AXIS2_PLACEMENT_2D('',#10418,#10419);
#10418 = CARTESIAN_POINT('',(-3.552713678801E-15,0.));
#10419 = DIRECTION('',(1.,0.));
#10420 = ( GEOMETRIC_REPRESENTATION_CONTEXT(2) 
PARAMETRIC_REPRESENTATION_CONTEXT() REPRESENTATION_CONTEXT('2D SPACE',''
  ) );
#10421 = ORIENTED_EDGE('',*,*,#10372,.F.);
#10422 = ORIENTED_EDGE('',*,*,#8433,.T.);
#10423 = ORIENTED_EDGE('',*,*,#9969,.F.);
#10424 = ADVANCED_FACE('',(#10425),#8665,.T.);
#10425 = FACE_BOUND('',#10426,.F.);
#10426 = EDGE_LOOP('',(#10427,#10447,#10469,#10470));
#10427 = ORIENTED_EDGE('',*,*,#10428,.F.);
#10428 = EDGE_CURVE('',#9733,#8626,#10429,.T.);
#10429 = SURFACE_CURVE('',#10430,(#10435,#10441),.PCURVE_S1.);
#10430 = CIRCLE('',#10431,0.35);
#10431 = AXIS2_PLACEMENT_3D('',#10432,#10433,#10434);
#10432 = CARTESIAN_POINT('',(20.85,17.2,-14.45));
#10433 = DIRECTION('',(0.,1.,0.));
#10434 = DIRECTION('',(1.,0.,-0.));
#10435 = PCURVE('',#8665,#10436);
#10436 = DEFINITIONAL_REPRESENTATION('',(#10437),#10440);
#10437 = B_SPLINE_CURVE_WITH_KNOTS('',1,(#10438,#10439),.UNSPECIFIED.,
  .F.,.F.,(2,2),(0.,1.570796326795),.PIECEWISE_BEZIER_KNOTS.);
#10438 = CARTESIAN_POINT('',(0.,0.));
#10439 = CARTESIAN_POINT('',(0.,1.570796326795));
#10440 = ( GEOMETRIC_REPRESENTATION_CONTEXT(2) 
PARAMETRIC_REPRESENTATION_CONTEXT() REPRESENTATION_CONTEXT('2D SPACE',''
  ) );
#10441 = PCURVE('',#8524,#10442);
#10442 = DEFINITIONAL_REPRESENTATION('',(#10443),#10446);
#10443 = B_SPLINE_CURVE_WITH_KNOTS('',1,(#10444,#10445),.UNSPECIFIED.,
  .F.,.F.,(2,2),(0.,1.570796326795),.PIECEWISE_BEZIER_KNOTS.);
#10444 = CARTESIAN_POINT('',(0.,34.4));
#10445 = CARTESIAN_POINT('',(1.570796326795,34.4));
#10446 = ( GEOMETRIC_REPRESENTATION_CONTEXT(2) 
PARAMETRIC_REPRESENTATION_CONTEXT() REPRESENTATION_CONTEXT('2D SPACE',''
  ) );
#10447 = ORIENTED_EDGE('',*,*,#10448,.T.);
#10448 = EDGE_CURVE('',#9733,#10324,#10449,.T.);
#10449 = SURFACE_CURVE('',#10450,(#10455,#10462),.PCURVE_S1.);
#10450 = CIRCLE('',#10451,8.);
#10451 = AXIS2_PLACEMENT_3D('',#10452,#10453,#10454);
#10452 = CARTESIAN_POINT('',(13.2,17.2,-14.45));
#10453 = DIRECTION('',(0.,0.,1.));
#10454 = DIRECTION('',(1.,0.,-0.));
#10455 = PCURVE('',#8665,#10456);
#10456 = DEFINITIONAL_REPRESENTATION('',(#10457),#10461);
#10457 = LINE('',#10458,#10459);
#10458 = CARTESIAN_POINT('',(-0.,0.));
#10459 = VECTOR('',#10460,1.);
#10460 = DIRECTION('',(-1.,0.));
#10461 = ( GEOMETRIC_REPRESENTATION_CONTEXT(2) 
PARAMETRIC_REPRESENTATION_CONTEXT() REPRESENTATION_CONTEXT('2D SPACE',''
  ) );
#10462 = PCURVE('',#9748,#10463);
#10463 = DEFINITIONAL_REPRESENTATION('',(#10464),#10468);
#10464 = LINE('',#10465,#10466);
#10465 = CARTESIAN_POINT('',(0.,0.35));
#10466 = VECTOR('',#10467,1.);
#10467 = DIRECTION('',(1.,0.));
#10468 = ( GEOMETRIC_REPRESENTATION_CONTEXT(2) 
PARAMETRIC_REPRESENTATION_CONTEXT() REPRESENTATION_CONTEXT('2D SPACE',''
  ) );
#10469 = ORIENTED_EDGE('',*,*,#10323,.T.);
#10470 = ORIENTED_EDGE('',*,*,#8648,.F.);
#10471 = ADVANCED_FACE('',(#10472),#8524,.T.);
#10472 = FACE_BOUND('',#10473,.T.);
#10473 = EDGE_LOOP('',(#10474,#10475,#10476,#10477,#10551,#10623,#10624,
    #10698,#10770,#10771));
#10474 = ORIENTED_EDGE('',*,*,#9760,.F.);
#10475 = ORIENTED_EDGE('',*,*,#9120,.T.);
#10476 = ORIENTED_EDGE('',*,*,#8508,.T.);
#10477 = ORIENTED_EDGE('',*,*,#10478,.T.);
#10478 = EDGE_CURVE('',#8509,#10479,#10481,.T.);
#10479 = VERTEX_POINT('',#10480);
#10480 = CARTESIAN_POINT('',(21.15,-16.,-14.63027756377));
#10481 = SURFACE_CURVE('',#10482,(#10503,#10527),.PCURVE_S1.);
#10482 = B_SPLINE_CURVE_WITH_KNOTS('',7,(#10483,#10484,#10485,#10486,
    #10487,#10488,#10489,#10490,#10491,#10492,#10493,#10494,#10495,
    #10496,#10497,#10498,#10499,#10500,#10501,#10502),.UNSPECIFIED.,.F.,
  .F.,(8,6,6,8),(0.,0.404600436377,0.824666227926,1.),.UNSPECIFIED.);
#10483 = CARTESIAN_POINT('',(20.85,-17.12249721603,-14.8));
#10484 = CARTESIAN_POINT('',(20.879921403394,-17.07051781173,-14.8));
#10485 = CARTESIAN_POINT('',(20.908889374998,-17.01645575584,
    -14.79701557961));
#10486 = CARTESIAN_POINT('',(20.936616308863,-16.96051374361,
    -14.79138976159));
#10487 = CARTESIAN_POINT('',(20.962895888791,-16.90283871013,
    -14.78345852248));
#10488 = CARTESIAN_POINT('',(20.987559479126,-16.8435577983,
    -14.77355189111));
#10489 = CARTESIAN_POINT('',(21.010455983619,-16.7827985486,
    -14.76202072893));
#10490 = CARTESIAN_POINT('',(21.053257029332,-16.65621417644,
    -14.7360710076));
#10491 = CARTESIAN_POINT('',(21.072573965546,-16.59158682409,
    -14.72182603266));
#10492 = CARTESIAN_POINT('',(21.089959043087,-16.52541838555,
    -14.7067845004));
#10493 = CARTESIAN_POINT('',(21.105563290892,-16.45653908528,
    -14.69107654571));
#10494 = CARTESIAN_POINT('',(21.118934961658,-16.38474738085,
    -14.67526640044));
#10495 = CARTESIAN_POINT('',(21.129754746901,-16.3107802808,
    -14.66079524662));
#10496 = CARTESIAN_POINT('',(21.141090098994,-16.20258683937,
    -14.64442463124));
#10497 = CARTESIAN_POINT('',(21.143986495769,-16.16983484004,
    -14.64004042126));
#10498 = CARTESIAN_POINT('',(21.146356826141,-16.13651308702,
    -14.63628952614));
#10499 = CARTESIAN_POINT('',(21.148161378353,-16.10281188676,
    -14.63333745494));
#10500 = CARTESIAN_POINT('',(21.149380814306,-16.06881993576,
    -14.63130784678));
#10501 = CARTESIAN_POINT('',(21.15,-16.03455559408,-14.63027756377));
#10502 = CARTESIAN_POINT('',(21.15,-16.,-14.63027756377));
#10503 = PCURVE('',#8524,#10504);
#10504 = DEFINITIONAL_REPRESENTATION('',(#10505),#10526);
#10505 = B_SPLINE_CURVE_WITH_KNOTS('',7,(#10506,#10507,#10508,#10509,
    #10510,#10511,#10512,#10513,#10514,#10515,#10516,#10517,#10518,
    #10519,#10520,#10521,#10522,#10523,#10524,#10525),.UNSPECIFIED.,.F.,
  .F.,(8,6,6,8),(0.,0.404600436377,0.824666227926,1.),.UNSPECIFIED.);
#10506 = CARTESIAN_POINT('',(1.570796326795,7.750278396782E-02));
#10507 = CARTESIAN_POINT('',(1.485306602812,0.129482188268));
#10508 = CARTESIAN_POINT('',(1.402541329443,0.183544244152));
#10509 = CARTESIAN_POINT('',(1.322299708856,0.239486256382));
#10510 = CARTESIAN_POINT('',(1.244448387661,0.297161289861));
#10511 = CARTESIAN_POINT('',(1.168950822943,0.356442201694));
#10512 = CARTESIAN_POINT('',(1.095930326621,0.417201451394));
#10513 = CARTESIAN_POINT('',(0.952921334439,0.543785823557));
#10514 = CARTESIAN_POINT('',(0.884628603805,0.608413175907));
#10515 = CARTESIAN_POINT('',(0.819228354785,0.674581614444));
#10516 = CARTESIAN_POINT('',(0.75633385579,0.743460914714));
#10517 = CARTESIAN_POINT('',(0.697351979295,0.815252619144));
#10518 = CARTESIAN_POINT('',(0.645758984424,0.889219719196));
#10519 = CARTESIAN_POINT('',(0.58886759095,0.997413160621));
#10520 = CARTESIAN_POINT('',(0.573858287236,1.030165159956));
#10521 = CARTESIAN_POINT('',(0.561183882769,1.063486912976));
#10522 = CARTESIAN_POINT('',(0.551299303227,1.097188113239));
#10523 = CARTESIAN_POINT('',(0.544533751628,1.131180064233));
#10524 = CARTESIAN_POINT('',(0.541099525957,1.165444405912));
#10525 = CARTESIAN_POINT('',(0.541099525957,1.2));
#10526 = ( GEOMETRIC_REPRESENTATION_CONTEXT(2) 
PARAMETRIC_REPRESENTATION_CONTEXT() REPRESENTATION_CONTEXT('2D SPACE',''
  ) );
#10527 = PCURVE('',#8557,#10528);
#10528 = DEFINITIONAL_REPRESENTATION('',(#10529),#10550);
#10529 = B_SPLINE_CURVE_WITH_KNOTS('',7,(#10530,#10531,#10532,#10533,
    #10534,#10535,#10536,#10537,#10538,#10539,#10540,#10541,#10542,
    #10543,#10544,#10545,#10546,#10547,#10548,#10549),.UNSPECIFIED.,.F.,
  .F.,(8,6,6,8),(0.,0.404600436377,0.824666227926,1.),.UNSPECIFIED.);
#10530 = CARTESIAN_POINT('',(-5.760870485374,-1.E-01));
#10531 = CARTESIAN_POINT('',(-5.787526590143,-1.E-01));
#10532 = CARTESIAN_POINT('',(-5.814773484259,-0.102984420387));
#10533 = CARTESIAN_POINT('',(-5.842500342892,-0.108610238401));
#10534 = CARTESIAN_POINT('',(-5.870641715653,-0.116541477516));
#10535 = CARTESIAN_POINT('',(-5.899152217364,-0.126448108885));
#10536 = CARTESIAN_POINT('',(-5.927993079448,-0.137979271069));
#10537 = CARTESIAN_POINT('',(-5.987381789004,-0.163928992395));
#10538 = CARTESIAN_POINT('',(-6.017341478324,-0.178173967333));
#10539 = CARTESIAN_POINT('',(-6.047721376485,-0.193215499595));
#10540 = CARTESIAN_POINT('',(-6.079072112611,-0.208923454288));
#10541 = CARTESIAN_POINT('',(-6.111489028244,-0.224733599556));
#10542 = CARTESIAN_POINT('',(-6.144685569416,-0.239204753379));
#10543 = CARTESIAN_POINT('',(-6.193034733566,-0.255575368754));
#10544 = CARTESIAN_POINT('',(-6.207646068352,-0.259959578737));
#10545 = CARTESIAN_POINT('',(-6.22248962144,-0.263710473859));
#10546 = CARTESIAN_POINT('',(-6.237485206121,-0.266662545057));
#10547 = CARTESIAN_POINT('',(-6.252598673574,-0.268692153211));
#10548 = CARTESIAN_POINT('',(-6.267827265363,-0.269722436227));
#10549 = CARTESIAN_POINT('',(-6.28318530718,-0.269722436227));
#10550 = ( GEOMETRIC_REPRESENTATION_CONTEXT(2) 
PARAMETRIC_REPRESENTATION_CONTEXT() REPRESENTATION_CONTEXT('2D SPACE',''
  ) );
#10551 = ORIENTED_EDGE('',*,*,#10552,.T.);
#10552 = EDGE_CURVE('',#10479,#8537,#10553,.T.);
#10553 = SURFACE_CURVE('',#10554,(#10575,#10599),.PCURVE_S1.);
#10554 = B_SPLINE_CURVE_WITH_KNOTS('',7,(#10555,#10556,#10557,#10558,
    #10559,#10560,#10561,#10562,#10563,#10564,#10565,#10566,#10567,
    #10568,#10569,#10570,#10571,#10572,#10573,#10574),.UNSPECIFIED.,.F.,
  .F.,(8,6,6,8),(0.,0.17738022661,0.593214369416,1.),.UNSPECIFIED.);
#10555 = CARTESIAN_POINT('',(21.15,-16.,-14.63027756377));
#10556 = CARTESIAN_POINT('',(21.15,-15.9650228459,-14.63027756377));
#10557 = CARTESIAN_POINT('',(21.149365613486,-15.93035147951,
    -14.63133313443));
#10558 = CARTESIAN_POINT('',(21.148116963843,-15.89596262416,
    -14.63341138391));
#10559 = CARTESIAN_POINT('',(21.146269760517,-15.86187259879,
    -14.63643189025));
#10560 = CARTESIAN_POINT('',(21.143843923876,-15.82817158187,
    -14.64026586403));
#10561 = CARTESIAN_POINT('',(21.140880684796,-15.79505587853,
    -14.64474140406));
#10562 = CARTESIAN_POINT('',(21.12946814243,-15.68737684771,
    -14.66117347474));
#10563 = CARTESIAN_POINT('',(21.118707730297,-15.61419287054,
    -14.67551757418));
#10564 = CARTESIAN_POINT('',(21.105456058908,-15.54318312596,
    -14.69114906838));
#10565 = CARTESIAN_POINT('',(21.090011117158,-15.47496925367,
    -14.70669480163));
#10566 = CARTESIAN_POINT('',(21.072821093665,-15.40944023143,
    -14.72158843744));
#10567 = CARTESIAN_POINT('',(21.053727512874,-15.34540185462,
    -14.73571006094));
#10568 = CARTESIAN_POINT('',(21.0111608465,-15.21907404868,
    -14.76166485142));
#10569 = CARTESIAN_POINT('',(20.988191835695,-15.1579634329,
    -14.77329727468));
#10570 = CARTESIAN_POINT('',(20.963434988977,-15.09834530566,
    -14.78329535326));
#10571 = CARTESIAN_POINT('',(20.937043340764,-15.04034834952,
    -14.79130279027));
#10572 = CARTESIAN_POINT('',(20.909187355879,-14.98410054969,
    -14.79698472887));
#10573 = CARTESIAN_POINT('',(20.880075637982,-14.92975012429,-14.8));
#10574 = CARTESIAN_POINT('',(20.85,-14.87750278396,-14.8));
#10575 = PCURVE('',#8524,#10576);
#10576 = DEFINITIONAL_REPRESENTATION('',(#10577),#10598);
#10577 = B_SPLINE_CURVE_WITH_KNOTS('',7,(#10578,#10579,#10580,#10581,
    #10582,#10583,#10584,#10585,#10586,#10587,#10588,#10589,#10590,
    #10591,#10592,#10593,#10594,#10595,#10596,#10597),.UNSPECIFIED.,.F.,
  .F.,(8,6,6,8),(0.,0.17738022661,0.593214369416,1.),.UNSPECIFIED.);
#10578 = CARTESIAN_POINT('',(0.541099525957,1.2));
#10579 = CARTESIAN_POINT('',(0.541099525957,1.234977154099));
#10580 = CARTESIAN_POINT('',(0.544618039727,1.26964852049));
#10581 = CARTESIAN_POINT('',(0.551545744549,1.30403737584));
#10582 = CARTESIAN_POINT('',(0.56166063376,1.338127401205));
#10583 = CARTESIAN_POINT('',(0.574620208275,1.371828418128));
#10584 = CARTESIAN_POINT('',(0.589952283171,1.404944121465));
#10585 = CARTESIAN_POINT('',(0.647113642327,1.512623152283));
#10586 = CARTESIAN_POINT('',(0.698314301085,1.58580712946));
#10587 = CARTESIAN_POINT('',(0.756689140522,1.656816874038));
#10588 = CARTESIAN_POINT('',(0.818947789217,1.725030746328));
#10589 = CARTESIAN_POINT('',(0.883656896373,1.79055976857));
#10590 = CARTESIAN_POINT('',(0.951236969483,1.854598145373));
#10591 = CARTESIAN_POINT('',(1.093681294008,1.980925951318));
#10592 = CARTESIAN_POINT('',(1.167014533085,2.042036567099));
#10593 = CARTESIAN_POINT('',(1.242850982475,2.101654694336));
#10594 = CARTESIAN_POINT('',(1.321063711659,2.159651650477));
#10595 = CARTESIAN_POINT('',(1.401689971828,2.215899450309));
#10596 = CARTESIAN_POINT('',(1.484865932559,2.270249875702));
#10597 = CARTESIAN_POINT('',(1.570796326795,2.322497216032));
#10598 = ( GEOMETRIC_REPRESENTATION_CONTEXT(2) 
PARAMETRIC_REPRESENTATION_CONTEXT() REPRESENTATION_CONTEXT('2D SPACE',''
  ) );
#10599 = PCURVE('',#8557,#10600);
#10600 = DEFINITIONAL_REPRESENTATION('',(#10601),#10622);
#10601 = B_SPLINE_CURVE_WITH_KNOTS('',7,(#10602,#10603,#10604,#10605,
    #10606,#10607,#10608,#10609,#10610,#10611,#10612,#10613,#10614,
    #10615,#10616,#10617,#10618,#10619,#10620,#10621),.UNSPECIFIED.,.F.,
  .F.,(8,6,6,8),(0.,0.17738022661,0.593214369416,1.),.UNSPECIFIED.);
#10602 = CARTESIAN_POINT('',(0.,-0.269722436227));
#10603 = CARTESIAN_POINT('',(-1.554540182176E-02,-0.269722436227));
#10604 = CARTESIAN_POINT('',(-3.095489330613E-02,-0.268666865568));
#10605 = CARTESIAN_POINT('',(-4.624498259011E-02,-0.266588616089));
#10606 = CARTESIAN_POINT('',(-6.141400077529E-02,-0.263568109749));
#10607 = CARTESIAN_POINT('',(-7.642732319115E-02,-0.259734135968));
#10608 = CARTESIAN_POINT('',(-9.120223942864E-02,-0.255258595933));
#10609 = CARTESIAN_POINT('',(-0.139327630794,-0.238826525252));
#10610 = CARTESIAN_POINT('',(-0.172176886012,-0.22448242582));
#10611 = CARTESIAN_POINT('',(-0.204243564506,-0.208850931616));
#10612 = CARTESIAN_POINT('',(-0.23529145602,-0.193305198361));
#10613 = CARTESIAN_POINT('',(-0.265375066072,-0.17841156256));
#10614 = CARTESIAN_POINT('',(-0.295056129231,-0.164289939053));
#10615 = CARTESIAN_POINT('',(-0.354303483733,-0.138335148579));
#10616 = CARTESIAN_POINT('',(-0.383301567163,-0.126702725317));
#10617 = CARTESIAN_POINT('',(-0.411965949316,-0.116704646731));
#10618 = CARTESIAN_POINT('',(-0.440257731109,-0.108697209727));
#10619 = CARTESIAN_POINT('',(-0.468131472324,-0.10301527113));
#10620 = CARTESIAN_POINT('',(-0.495521313944,-1.E-01));
#10621 = CARTESIAN_POINT('',(-0.522314821806,-1.E-01));
#10622 = ( GEOMETRIC_REPRESENTATION_CONTEXT(2) 
PARAMETRIC_REPRESENTATION_CONTEXT() REPRESENTATION_CONTEXT('2D SPACE',''
  ) );
#10623 = ORIENTED_EDGE('',*,*,#8569,.T.);
#10624 = ORIENTED_EDGE('',*,*,#10625,.T.);
#10625 = EDGE_CURVE('',#8570,#10626,#10628,.T.);
#10626 = VERTEX_POINT('',#10627);
#10627 = CARTESIAN_POINT('',(21.15,16.,-14.63027756377));
#10628 = SURFACE_CURVE('',#10629,(#10650,#10674),.PCURVE_S1.);
#10629 = B_SPLINE_CURVE_WITH_KNOTS('',7,(#10630,#10631,#10632,#10633,
    #10634,#10635,#10636,#10637,#10638,#10639,#10640,#10641,#10642,
    #10643,#10644,#10645,#10646,#10647,#10648,#10649),.UNSPECIFIED.,.F.,
  .F.,(8,6,6,8),(0.,0.404600436376,0.824666227925,1.),.UNSPECIFIED.);
#10630 = CARTESIAN_POINT('',(20.85,14.877502783968,-14.8));
#10631 = CARTESIAN_POINT('',(20.879921403394,14.929482188268,-14.8));
#10632 = CARTESIAN_POINT('',(20.908889374998,14.983544244152,
    -14.79701557961));
#10633 = CARTESIAN_POINT('',(20.936616308863,15.039486256382,
    -14.79138976159));
#10634 = CARTESIAN_POINT('',(20.962895888791,15.097161289861,
    -14.78345852248));
#10635 = CARTESIAN_POINT('',(20.987559479126,15.156442201694,
    -14.77355189111));
#10636 = CARTESIAN_POINT('',(21.010455983619,15.217201451394,
    -14.76202072893));
#10637 = CARTESIAN_POINT('',(21.053257029332,15.343785823558,
    -14.7360710076));
#10638 = CARTESIAN_POINT('',(21.072573965546,15.408413175907,
    -14.72182603266));
#10639 = CARTESIAN_POINT('',(21.089959043087,15.474581614444,
    -14.7067845004));
#10640 = CARTESIAN_POINT('',(21.105563290892,15.543460914714,
    -14.69107654571));
#10641 = CARTESIAN_POINT('',(21.118934961658,15.615252619143,
    -14.67526640044));
#10642 = CARTESIAN_POINT('',(21.129754746901,15.689219719197,
    -14.66079524662));
#10643 = CARTESIAN_POINT('',(21.141090098994,15.797413160621,
    -14.64442463124));
#10644 = CARTESIAN_POINT('',(21.143986495769,15.830165159956,
    -14.64004042126));
#10645 = CARTESIAN_POINT('',(21.146356826141,15.863486912976,
    -14.63628952614));
#10646 = CARTESIAN_POINT('',(21.148161378353,15.897188113239,
    -14.63333745494));
#10647 = CARTESIAN_POINT('',(21.149380814306,15.931180064233,
    -14.63130784678));
#10648 = CARTESIAN_POINT('',(21.15,15.965444405912,-14.63027756377));
#10649 = CARTESIAN_POINT('',(21.15,16.,-14.63027756377));
#10650 = PCURVE('',#8524,#10651);
#10651 = DEFINITIONAL_REPRESENTATION('',(#10652),#10673);
#10652 = B_SPLINE_CURVE_WITH_KNOTS('',7,(#10653,#10654,#10655,#10656,
    #10657,#10658,#10659,#10660,#10661,#10662,#10663,#10664,#10665,
    #10666,#10667,#10668,#10669,#10670,#10671,#10672),.UNSPECIFIED.,.F.,
  .F.,(8,6,6,8),(0.,0.404600436376,0.824666227925,1.),.UNSPECIFIED.);
#10653 = CARTESIAN_POINT('',(1.570796326795,32.077502783968));
#10654 = CARTESIAN_POINT('',(1.485306602812,32.129482188268));
#10655 = CARTESIAN_POINT('',(1.402541329443,32.183544244152));
#10656 = CARTESIAN_POINT('',(1.322299708856,32.239486256382));
#10657 = CARTESIAN_POINT('',(1.24444838766,32.297161289861));
#10658 = CARTESIAN_POINT('',(1.168950822943,32.356442201694));
#10659 = CARTESIAN_POINT('',(1.095930326621,32.417201451394));
#10660 = CARTESIAN_POINT('',(0.952921334438,32.543785823558));
#10661 = CARTESIAN_POINT('',(0.884628603805,32.608413175907));
#10662 = CARTESIAN_POINT('',(0.819228354784,32.674581614444));
#10663 = CARTESIAN_POINT('',(0.75633385579,32.743460914714));
#10664 = CARTESIAN_POINT('',(0.697351979295,32.815252619143));
#10665 = CARTESIAN_POINT('',(0.645758984424,32.889219719197));
#10666 = CARTESIAN_POINT('',(0.58886759095,32.997413160621));
#10667 = CARTESIAN_POINT('',(0.573858287236,33.030165159956));
#10668 = CARTESIAN_POINT('',(0.561183882768,33.063486912976));
#10669 = CARTESIAN_POINT('',(0.551299303227,33.097188113239));
#10670 = CARTESIAN_POINT('',(0.544533751628,33.131180064233));
#10671 = CARTESIAN_POINT('',(0.541099525957,33.165444405912));
#10672 = CARTESIAN_POINT('',(0.541099525957,33.2));
#10673 = ( GEOMETRIC_REPRESENTATION_CONTEXT(2) 
PARAMETRIC_REPRESENTATION_CONTEXT() REPRESENTATION_CONTEXT('2D SPACE',''
  ) );
#10674 = PCURVE('',#8613,#10675);
#10675 = DEFINITIONAL_REPRESENTATION('',(#10676),#10697);
#10676 = B_SPLINE_CURVE_WITH_KNOTS('',7,(#10677,#10678,#10679,#10680,
    #10681,#10682,#10683,#10684,#10685,#10686,#10687,#10688,#10689,
    #10690,#10691,#10692,#10693,#10694,#10695,#10696),.UNSPECIFIED.,.F.,
  .F.,(8,6,6,8),(0.,0.404600436376,0.824666227925,1.),.UNSPECIFIED.);
#10677 = CARTESIAN_POINT('',(-5.760870485374,-1.E-01));
#10678 = CARTESIAN_POINT('',(-5.787526590143,-1.E-01));
#10679 = CARTESIAN_POINT('',(-5.814773484259,-0.102984420387));
#10680 = CARTESIAN_POINT('',(-5.842500342892,-0.108610238401));
#10681 = CARTESIAN_POINT('',(-5.870641715653,-0.116541477516));
#10682 = CARTESIAN_POINT('',(-5.899152217364,-0.126448108885));
#10683 = CARTESIAN_POINT('',(-5.927993079448,-0.137979271069));
#10684 = CARTESIAN_POINT('',(-5.987381789004,-0.163928992395));
#10685 = CARTESIAN_POINT('',(-6.017341478324,-0.178173967333));
#10686 = CARTESIAN_POINT('',(-6.047721376486,-0.193215499595));
#10687 = CARTESIAN_POINT('',(-6.079072112611,-0.208923454288));
#10688 = CARTESIAN_POINT('',(-6.111489028244,-0.224733599556));
#10689 = CARTESIAN_POINT('',(-6.144685569416,-0.23920475338));
#10690 = CARTESIAN_POINT('',(-6.193034733566,-0.255575368754));
#10691 = CARTESIAN_POINT('',(-6.207646068352,-0.259959578737));
#10692 = CARTESIAN_POINT('',(-6.22248962144,-0.263710473859));
#10693 = CARTESIAN_POINT('',(-6.237485206122,-0.266662545057));
#10694 = CARTESIAN_POINT('',(-6.252598673574,-0.268692153211));
#10695 = CARTESIAN_POINT('',(-6.267827265363,-0.269722436227));
#10696 = CARTESIAN_POINT('',(-6.28318530718,-0.269722436227));
#10697 = ( GEOMETRIC_REPRESENTATION_CONTEXT(2) 
PARAMETRIC_REPRESENTATION_CONTEXT() REPRESENTATION_CONTEXT('2D SPACE',''
  ) );
#10698 = ORIENTED_EDGE('',*,*,#10699,.T.);
#10699 = EDGE_CURVE('',#10626,#8593,#10700,.T.);
#10700 = SURFACE_CURVE('',#10701,(#10722,#10746),.PCURVE_S1.);
#10701 = B_SPLINE_CURVE_WITH_KNOTS('',7,(#10702,#10703,#10704,#10705,
    #10706,#10707,#10708,#10709,#10710,#10711,#10712,#10713,#10714,
    #10715,#10716,#10717,#10718,#10719,#10720,#10721),.UNSPECIFIED.,.F.,
  .F.,(8,6,6,8),(0.,0.17738022661,0.593214369416,1.),.UNSPECIFIED.);
#10702 = CARTESIAN_POINT('',(21.15,16.,-14.63027756377));
#10703 = CARTESIAN_POINT('',(21.15,16.034977154099,-14.63027756377));
#10704 = CARTESIAN_POINT('',(21.149365613486,16.06964852049,
    -14.63133313443));
#10705 = CARTESIAN_POINT('',(21.148116963843,16.10403737584,
    -14.63341138391));
#10706 = CARTESIAN_POINT('',(21.146269760517,16.138127401205,
    -14.63643189025));
#10707 = CARTESIAN_POINT('',(21.143843923876,16.171828418128,
    -14.64026586403));
#10708 = CARTESIAN_POINT('',(21.140880684796,16.204944121465,
    -14.64474140406));
#10709 = CARTESIAN_POINT('',(21.12946814243,16.312623152283,
    -14.66117347474));
#10710 = CARTESIAN_POINT('',(21.118707730297,16.38580712946,
    -14.67551757418));
#10711 = CARTESIAN_POINT('',(21.105456058908,16.456816874038,
    -14.69114906838));
#10712 = CARTESIAN_POINT('',(21.090011117158,16.525030746329,
    -14.70669480163));
#10713 = CARTESIAN_POINT('',(21.072821093665,16.59055976857,
    -14.72158843744));
#10714 = CARTESIAN_POINT('',(21.053727512874,16.654598145373,
    -14.73571006094));
#10715 = CARTESIAN_POINT('',(21.0111608465,16.780925951318,
    -14.76166485142));
#10716 = CARTESIAN_POINT('',(20.988191835695,16.842036567099,
    -14.77329727468));
#10717 = CARTESIAN_POINT('',(20.963434988977,16.901654694336,
    -14.78329535326));
#10718 = CARTESIAN_POINT('',(20.937043340764,16.959651650477,
    -14.79130279027));
#10719 = CARTESIAN_POINT('',(20.909187355879,17.015899450309,
    -14.79698472887));
#10720 = CARTESIAN_POINT('',(20.880075637982,17.070249875702,-14.8));
#10721 = CARTESIAN_POINT('',(20.85,17.122497216032,-14.8));
#10722 = PCURVE('',#8524,#10723);
#10723 = DEFINITIONAL_REPRESENTATION('',(#10724),#10745);
#10724 = B_SPLINE_CURVE_WITH_KNOTS('',7,(#10725,#10726,#10727,#10728,
    #10729,#10730,#10731,#10732,#10733,#10734,#10735,#10736,#10737,
    #10738,#10739,#10740,#10741,#10742,#10743,#10744),.UNSPECIFIED.,.F.,
  .F.,(8,6,6,8),(0.,0.17738022661,0.593214369416,1.),.UNSPECIFIED.);
#10725 = CARTESIAN_POINT('',(0.541099525957,33.2));
#10726 = CARTESIAN_POINT('',(0.541099525957,33.234977154099));
#10727 = CARTESIAN_POINT('',(0.544618039727,33.26964852049));
#10728 = CARTESIAN_POINT('',(0.551545744549,33.30403737584));
#10729 = CARTESIAN_POINT('',(0.56166063376,33.338127401205));
#10730 = CARTESIAN_POINT('',(0.574620208275,33.371828418128));
#10731 = CARTESIAN_POINT('',(0.589952283171,33.404944121465));
#10732 = CARTESIAN_POINT('',(0.647113642327,33.512623152283));
#10733 = CARTESIAN_POINT('',(0.698314301085,33.58580712946));
#10734 = CARTESIAN_POINT('',(0.756689140521,33.656816874038));
#10735 = CARTESIAN_POINT('',(0.818947789218,33.725030746329));
#10736 = CARTESIAN_POINT('',(0.883656896373,33.79055976857));
#10737 = CARTESIAN_POINT('',(0.951236969483,33.854598145373));
#10738 = CARTESIAN_POINT('',(1.093681294008,33.980925951318));
#10739 = CARTESIAN_POINT('',(1.167014533085,34.042036567099));
#10740 = CARTESIAN_POINT('',(1.242850982475,34.101654694336));
#10741 = CARTESIAN_POINT('',(1.321063711659,34.159651650477));
#10742 = CARTESIAN_POINT('',(1.401689971828,34.215899450309));
#10743 = CARTESIAN_POINT('',(1.484865932559,34.270249875702));
#10744 = CARTESIAN_POINT('',(1.570796326795,34.322497216032));
#10745 = ( GEOMETRIC_REPRESENTATION_CONTEXT(2) 
PARAMETRIC_REPRESENTATION_CONTEXT() REPRESENTATION_CONTEXT('2D SPACE',''
  ) );
#10746 = PCURVE('',#8613,#10747);
#10747 = DEFINITIONAL_REPRESENTATION('',(#10748),#10769);
#10748 = B_SPLINE_CURVE_WITH_KNOTS('',7,(#10749,#10750,#10751,#10752,
    #10753,#10754,#10755,#10756,#10757,#10758,#10759,#10760,#10761,
    #10762,#10763,#10764,#10765,#10766,#10767,#10768),.UNSPECIFIED.,.F.,
  .F.,(8,6,6,8),(0.,0.17738022661,0.593214369416,1.),.UNSPECIFIED.);
#10749 = CARTESIAN_POINT('',(0.,-0.269722436227));
#10750 = CARTESIAN_POINT('',(-1.554540182176E-02,-0.269722436227));
#10751 = CARTESIAN_POINT('',(-3.095489330613E-02,-0.268666865568));
#10752 = CARTESIAN_POINT('',(-4.624498259011E-02,-0.266588616089));
#10753 = CARTESIAN_POINT('',(-6.14140007753E-02,-0.263568109749));
#10754 = CARTESIAN_POINT('',(-7.642732319116E-02,-0.259734135968));
#10755 = CARTESIAN_POINT('',(-9.120223942865E-02,-0.255258595933));
#10756 = CARTESIAN_POINT('',(-0.139327630794,-0.238826525252));
#10757 = CARTESIAN_POINT('',(-0.172176886012,-0.22448242582));
#10758 = CARTESIAN_POINT('',(-0.204243564506,-0.208850931616));
#10759 = CARTESIAN_POINT('',(-0.23529145602,-0.193305198361));
#10760 = CARTESIAN_POINT('',(-0.265375066072,-0.17841156256));
#10761 = CARTESIAN_POINT('',(-0.295056129231,-0.164289939053));
#10762 = CARTESIAN_POINT('',(-0.354303483733,-0.138335148579));
#10763 = CARTESIAN_POINT('',(-0.383301567163,-0.126702725317));
#10764 = CARTESIAN_POINT('',(-0.411965949316,-0.116704646731));
#10765 = CARTESIAN_POINT('',(-0.440257731109,-0.108697209727));
#10766 = CARTESIAN_POINT('',(-0.468131472324,-0.10301527113));
#10767 = CARTESIAN_POINT('',(-0.495521313944,-1.E-01));
#10768 = CARTESIAN_POINT('',(-0.522314821806,-1.E-01));
#10769 = ( GEOMETRIC_REPRESENTATION_CONTEXT(2) 
PARAMETRIC_REPRESENTATION_CONTEXT() REPRESENTATION_CONTEXT('2D SPACE',''
  ) );
#10770 = ORIENTED_EDGE('',*,*,#8625,.T.);
#10771 = ORIENTED_EDGE('',*,*,#10428,.F.);
#10772 = ADVANCED_FACE('',(#10773),#8613,.F.);
#10773 = FACE_BOUND('',#10774,.T.);
#10774 = EDGE_LOOP('',(#10775,#10776,#10799,#10826,#10827,#10828));
#10775 = ORIENTED_EDGE('',*,*,#10699,.F.);
#10776 = ORIENTED_EDGE('',*,*,#10777,.T.);
#10777 = EDGE_CURVE('',#10626,#10778,#10780,.T.);
#10778 = VERTEX_POINT('',#10779);
#10779 = CARTESIAN_POINT('',(21.15,16.,-14.));
#10780 = SEAM_CURVE('',#10781,(#10785,#10792),.PCURVE_S1.);
#10781 = LINE('',#10782,#10783);
#10782 = CARTESIAN_POINT('',(21.15,16.,-14.9));
#10783 = VECTOR('',#10784,1.);
#10784 = DIRECTION('',(0.,0.,1.));
#10785 = PCURVE('',#8613,#10786);
#10786 = DEFINITIONAL_REPRESENTATION('',(#10787),#10791);
#10787 = LINE('',#10788,#10789);
#10788 = CARTESIAN_POINT('',(-6.28318530718,0.));
#10789 = VECTOR('',#10790,1.);
#10790 = DIRECTION('',(-0.,-1.));
#10791 = ( GEOMETRIC_REPRESENTATION_CONTEXT(2) 
PARAMETRIC_REPRESENTATION_CONTEXT() REPRESENTATION_CONTEXT('2D SPACE',''
  ) );
#10792 = PCURVE('',#8613,#10793);
#10793 = DEFINITIONAL_REPRESENTATION('',(#10794),#10798);
#10794 = LINE('',#10795,#10796);
#10795 = CARTESIAN_POINT('',(-0.,0.));
#10796 = VECTOR('',#10797,1.);
#10797 = DIRECTION('',(-0.,-1.));
#10798 = ( GEOMETRIC_REPRESENTATION_CONTEXT(2) 
PARAMETRIC_REPRESENTATION_CONTEXT() REPRESENTATION_CONTEXT('2D SPACE',''
  ) );
#10799 = ORIENTED_EDGE('',*,*,#10800,.T.);
#10800 = EDGE_CURVE('',#10778,#10778,#10801,.T.);
#10801 = SURFACE_CURVE('',#10802,(#10807,#10814),.PCURVE_S1.);
#10802 = CIRCLE('',#10803,2.25);
#10803 = AXIS2_PLACEMENT_3D('',#10804,#10805,#10806);
#10804 = CARTESIAN_POINT('',(18.9,16.,-14.));
#10805 = DIRECTION('',(0.,0.,1.));
#10806 = DIRECTION('',(1.,0.,0.));
#10807 = PCURVE('',#8613,#10808);
#10808 = DEFINITIONAL_REPRESENTATION('',(#10809),#10813);
#10809 = LINE('',#10810,#10811);
#10810 = CARTESIAN_POINT('',(-0.,-0.9));
#10811 = VECTOR('',#10812,1.);
#10812 = DIRECTION('',(-1.,0.));
#10813 = ( GEOMETRIC_REPRESENTATION_CONTEXT(2) 
PARAMETRIC_REPRESENTATION_CONTEXT() REPRESENTATION_CONTEXT('2D SPACE',''
  ) );
#10814 = PCURVE('',#10815,#10820);
#10815 = PLANE('',#10816);
#10816 = AXIS2_PLACEMENT_3D('',#10817,#10818,#10819);
#10817 = CARTESIAN_POINT('',(18.9,16.,-14.));
#10818 = DIRECTION('',(0.,0.,1.));
#10819 = DIRECTION('',(1.,0.,-0.));
#10820 = DEFINITIONAL_REPRESENTATION('',(#10821),#10825);
#10821 = CIRCLE('',#10822,2.25);
#10822 = AXIS2_PLACEMENT_2D('',#10823,#10824);
#10823 = CARTESIAN_POINT('',(0.,0.));
#10824 = DIRECTION('',(1.,0.));
#10825 = ( GEOMETRIC_REPRESENTATION_CONTEXT(2) 
PARAMETRIC_REPRESENTATION_CONTEXT() REPRESENTATION_CONTEXT('2D SPACE',''
  ) );
#10826 = ORIENTED_EDGE('',*,*,#10777,.F.);
#10827 = ORIENTED_EDGE('',*,*,#10625,.F.);
#10828 = ORIENTED_EDGE('',*,*,#8592,.T.);
#10829 = ADVANCED_FACE('',(#10830),#8557,.F.);
#10830 = FACE_BOUND('',#10831,.T.);
#10831 = EDGE_LOOP('',(#10832,#10833,#10856,#10883,#10884,#10885));
#10832 = ORIENTED_EDGE('',*,*,#10552,.F.);
#10833 = ORIENTED_EDGE('',*,*,#10834,.T.);
#10834 = EDGE_CURVE('',#10479,#10835,#10837,.T.);
#10835 = VERTEX_POINT('',#10836);
#10836 = CARTESIAN_POINT('',(21.15,-16.,-14.));
#10837 = SEAM_CURVE('',#10838,(#10842,#10849),.PCURVE_S1.);
#10838 = LINE('',#10839,#10840);
#10839 = CARTESIAN_POINT('',(21.15,-16.,-14.9));
#10840 = VECTOR('',#10841,1.);
#10841 = DIRECTION('',(0.,0.,1.));
#10842 = PCURVE('',#8557,#10843);
#10843 = DEFINITIONAL_REPRESENTATION('',(#10844),#10848);
#10844 = LINE('',#10845,#10846);
#10845 = CARTESIAN_POINT('',(-6.28318530718,0.));
#10846 = VECTOR('',#10847,1.);
#10847 = DIRECTION('',(-0.,-1.));
#10848 = ( GEOMETRIC_REPRESENTATION_CONTEXT(2) 
PARAMETRIC_REPRESENTATION_CONTEXT() REPRESENTATION_CONTEXT('2D SPACE',''
  ) );
#10849 = PCURVE('',#8557,#10850);
#10850 = DEFINITIONAL_REPRESENTATION('',(#10851),#10855);
#10851 = LINE('',#10852,#10853);
#10852 = CARTESIAN_POINT('',(-0.,0.));
#10853 = VECTOR('',#10854,1.);
#10854 = DIRECTION('',(-0.,-1.));
#10855 = ( GEOMETRIC_REPRESENTATION_CONTEXT(2) 
PARAMETRIC_REPRESENTATION_CONTEXT() REPRESENTATION_CONTEXT('2D SPACE',''
  ) );
#10856 = ORIENTED_EDGE('',*,*,#10857,.T.);
#10857 = EDGE_CURVE('',#10835,#10835,#10858,.T.);
#10858 = SURFACE_CURVE('',#10859,(#10864,#10871),.PCURVE_S1.);
#10859 = CIRCLE('',#10860,2.25);
#10860 = AXIS2_PLACEMENT_3D('',#10861,#10862,#10863);
#10861 = CARTESIAN_POINT('',(18.9,-16.,-14.));
#10862 = DIRECTION('',(0.,0.,1.));
#10863 = DIRECTION('',(1.,0.,0.));
#10864 = PCURVE('',#8557,#10865);
#10865 = DEFINITIONAL_REPRESENTATION('',(#10866),#10870);
#10866 = LINE('',#10867,#10868);
#10867 = CARTESIAN_POINT('',(-0.,-0.9));
#10868 = VECTOR('',#10869,1.);
#10869 = DIRECTION('',(-1.,0.));
#10870 = ( GEOMETRIC_REPRESENTATION_CONTEXT(2) 
PARAMETRIC_REPRESENTATION_CONTEXT() REPRESENTATION_CONTEXT('2D SPACE',''
  ) );
#10871 = PCURVE('',#10872,#10877);
#10872 = PLANE('',#10873);
#10873 = AXIS2_PLACEMENT_3D('',#10874,#10875,#10876);
#10874 = CARTESIAN_POINT('',(18.9,-16.,-14.));
#10875 = DIRECTION('',(0.,0.,1.));
#10876 = DIRECTION('',(1.,0.,-0.));
#10877 = DEFINITIONAL_REPRESENTATION('',(#10878),#10882);
#10878 = CIRCLE('',#10879,2.25);
#10879 = AXIS2_PLACEMENT_2D('',#10880,#10881);
#10880 = CARTESIAN_POINT('',(0.,0.));
#10881 = DIRECTION('',(1.,0.));
#10882 = ( GEOMETRIC_REPRESENTATION_CONTEXT(2) 
PARAMETRIC_REPRESENTATION_CONTEXT() REPRESENTATION_CONTEXT('2D SPACE',''
  ) );
#10883 = ORIENTED_EDGE('',*,*,#10834,.F.);
#10884 = ORIENTED_EDGE('',*,*,#10478,.F.);
#10885 = ORIENTED_EDGE('',*,*,#8536,.T.);
#10886 = ADVANCED_FACE('',(#10887),#8774,.F.);
#10887 = FACE_BOUND('',#10888,.F.);
#10888 = EDGE_LOOP('',(#10889,#10890,#10913,#10939));
#10889 = ORIENTED_EDGE('',*,*,#8757,.T.);
#10890 = ORIENTED_EDGE('',*,*,#10891,.T.);
#10891 = EDGE_CURVE('',#8760,#10892,#10894,.T.);
#10892 = VERTEX_POINT('',#10893);
#10893 = CARTESIAN_POINT('',(-5.8,-1.2,-13.));
#10894 = SURFACE_CURVE('',#10895,(#10899,#10906),.PCURVE_S1.);
#10895 = LINE('',#10896,#10897);
#10896 = CARTESIAN_POINT('',(-5.8,-1.2,-15.));
#10897 = VECTOR('',#10898,1.);
#10898 = DIRECTION('',(0.,0.,1.));
#10899 = PCURVE('',#8774,#10900);
#10900 = DEFINITIONAL_REPRESENTATION('',(#10901),#10905);
#10901 = LINE('',#10902,#10903);
#10902 = CARTESIAN_POINT('',(0.,0.));
#10903 = VECTOR('',#10904,1.);
#10904 = DIRECTION('',(0.,-1.));
#10905 = ( GEOMETRIC_REPRESENTATION_CONTEXT(2) 
PARAMETRIC_REPRESENTATION_CONTEXT() REPRESENTATION_CONTEXT('2D SPACE',''
  ) );
#10906 = PCURVE('',#8863,#10907);
#10907 = DEFINITIONAL_REPRESENTATION('',(#10908),#10912);
#10908 = LINE('',#10909,#10910);
#10909 = CARTESIAN_POINT('',(3.14159265359,0.));
#10910 = VECTOR('',#10911,1.);
#10911 = DIRECTION('',(0.,-1.));
#10912 = ( GEOMETRIC_REPRESENTATION_CONTEXT(2) 
PARAMETRIC_REPRESENTATION_CONTEXT() REPRESENTATION_CONTEXT('2D SPACE',''
  ) );
#10913 = ORIENTED_EDGE('',*,*,#10914,.F.);
#10914 = EDGE_CURVE('',#10915,#10892,#10917,.T.);
#10915 = VERTEX_POINT('',#10916);
#10916 = CARTESIAN_POINT('',(-5.8,7.2,-13.));
#10917 = SURFACE_CURVE('',#10918,(#10922,#10928),.PCURVE_S1.);
#10918 = LINE('',#10919,#10920);
#10919 = CARTESIAN_POINT('',(-5.8,-0.6,-13.));
#10920 = VECTOR('',#10921,1.);
#10921 = DIRECTION('',(-1.110223024625E-16,-1.,0.));
#10922 = PCURVE('',#8774,#10923);
#10923 = DEFINITIONAL_REPRESENTATION('',(#10924),#10927);
#10924 = B_SPLINE_CURVE_WITH_KNOTS('',1,(#10925,#10926),.UNSPECIFIED.,
  .F.,.F.,(2,2),(-7.8,0.6),.PIECEWISE_BEZIER_KNOTS.);
#10925 = CARTESIAN_POINT('',(8.4,-2.));
#10926 = CARTESIAN_POINT('',(0.,-2.));
#10927 = ( GEOMETRIC_REPRESENTATION_CONTEXT(2) 
PARAMETRIC_REPRESENTATION_CONTEXT() REPRESENTATION_CONTEXT('2D SPACE',''
  ) );
#10928 = PCURVE('',#10929,#10934);
#10929 = PLANE('',#10930);
#10930 = AXIS2_PLACEMENT_3D('',#10931,#10932,#10933);
#10931 = CARTESIAN_POINT('',(0.,0.,-13.));
#10932 = DIRECTION('',(0.,0.,1.));
#10933 = DIRECTION('',(1.,0.,-0.));
#10934 = DEFINITIONAL_REPRESENTATION('',(#10935),#10938);
#10935 = B_SPLINE_CURVE_WITH_KNOTS('',1,(#10936,#10937),.UNSPECIFIED.,
  .F.,.F.,(2,2),(-7.8,0.6),.PIECEWISE_BEZIER_KNOTS.);
#10936 = CARTESIAN_POINT('',(-5.8,7.2));
#10937 = CARTESIAN_POINT('',(-5.8,-1.2));
#10938 = ( GEOMETRIC_REPRESENTATION_CONTEXT(2) 
PARAMETRIC_REPRESENTATION_CONTEXT() REPRESENTATION_CONTEXT('2D SPACE',''
  ) );
#10939 = ORIENTED_EDGE('',*,*,#10940,.F.);
#10940 = EDGE_CURVE('',#8758,#10915,#10941,.T.);
#10941 = SURFACE_CURVE('',#10942,(#10946,#10953),.PCURVE_S1.);
#10942 = LINE('',#10943,#10944);
#10943 = CARTESIAN_POINT('',(-5.8,7.2,-15.));
#10944 = VECTOR('',#10945,1.);
#10945 = DIRECTION('',(0.,0.,1.));
#10946 = PCURVE('',#8774,#10947);
#10947 = DEFINITIONAL_REPRESENTATION('',(#10948),#10952);
#10948 = LINE('',#10949,#10950);
#10949 = CARTESIAN_POINT('',(8.4,0.));
#10950 = VECTOR('',#10951,1.);
#10951 = DIRECTION('',(0.,-1.));
#10952 = ( GEOMETRIC_REPRESENTATION_CONTEXT(2) 
PARAMETRIC_REPRESENTATION_CONTEXT() REPRESENTATION_CONTEXT('2D SPACE',''
  ) );
#10953 = PCURVE('',#8806,#10954);
#10954 = DEFINITIONAL_REPRESENTATION('',(#10955),#10959);
#10955 = LINE('',#10956,#10957);
#10956 = CARTESIAN_POINT('',(0.,0.));
#10957 = VECTOR('',#10958,1.);
#10958 = DIRECTION('',(0.,-1.));
#10959 = ( GEOMETRIC_REPRESENTATION_CONTEXT(2) 
PARAMETRIC_REPRESENTATION_CONTEXT() REPRESENTATION_CONTEXT('2D SPACE',''
  ) );
#10960 = ADVANCED_FACE('',(#10961),#8806,.F.);
#10961 = FACE_BOUND('',#10962,.F.);
#10962 = EDGE_LOOP('',(#10963,#10964,#10965,#10993));
#10963 = ORIENTED_EDGE('',*,*,#8785,.F.);
#10964 = ORIENTED_EDGE('',*,*,#10940,.T.);
#10965 = ORIENTED_EDGE('',*,*,#10966,.T.);
#10966 = EDGE_CURVE('',#10915,#10967,#10969,.T.);
#10967 = VERTEX_POINT('',#10968);
#10968 = CARTESIAN_POINT('',(-4.2,7.2,-13.));
#10969 = SURFACE_CURVE('',#10970,(#10975,#10982),.PCURVE_S1.);
#10970 = CIRCLE('',#10971,0.8);
#10971 = AXIS2_PLACEMENT_3D('',#10972,#10973,#10974);
#10972 = CARTESIAN_POINT('',(-5.,7.2,-13.));
#10973 = DIRECTION('',(0.,0.,-1.));
#10974 = DIRECTION('',(-1.,1.221245327088E-15,0.));
#10975 = PCURVE('',#8806,#10976);
#10976 = DEFINITIONAL_REPRESENTATION('',(#10977),#10981);
#10977 = LINE('',#10978,#10979);
#10978 = CARTESIAN_POINT('',(0.,-2.));
#10979 = VECTOR('',#10980,1.);
#10980 = DIRECTION('',(1.,0.));
#10981 = ( GEOMETRIC_REPRESENTATION_CONTEXT(2) 
PARAMETRIC_REPRESENTATION_CONTEXT() REPRESENTATION_CONTEXT('2D SPACE',''
  ) );
#10982 = PCURVE('',#10929,#10983);
#10983 = DEFINITIONAL_REPRESENTATION('',(#10984),#10992);
#10984 = ( BOUNDED_CURVE() B_SPLINE_CURVE(2,(#10985,#10986,#10987,#10988
    ,#10989,#10990,#10991),.UNSPECIFIED.,.T.,.F.) 
B_SPLINE_CURVE_WITH_KNOTS((1,2,2,2,2,1),(-2.094395102393,0.,
    2.094395102393,4.188790204786,6.28318530718,8.377580409573),
.UNSPECIFIED.) CURVE() GEOMETRIC_REPRESENTATION_ITEM() 
RATIONAL_B_SPLINE_CURVE((1.,0.5,1.,0.5,1.,0.5,1.)) REPRESENTATION_ITEM(
  '') );
#10985 = CARTESIAN_POINT('',(-5.8,7.2));
#10986 = CARTESIAN_POINT('',(-5.8,8.585640646055));
#10987 = CARTESIAN_POINT('',(-4.6,7.892820323028));
#10988 = CARTESIAN_POINT('',(-3.4,7.2));
#10989 = CARTESIAN_POINT('',(-4.6,6.507179676972));
#10990 = CARTESIAN_POINT('',(-5.8,5.814359353945));
#10991 = CARTESIAN_POINT('',(-5.8,7.2));
#10992 = ( GEOMETRIC_REPRESENTATION_CONTEXT(2) 
PARAMETRIC_REPRESENTATION_CONTEXT() REPRESENTATION_CONTEXT('2D SPACE',''
  ) );
#10993 = ORIENTED_EDGE('',*,*,#10994,.F.);
#10994 = EDGE_CURVE('',#8786,#10967,#10995,.T.);
#10995 = SURFACE_CURVE('',#10996,(#11000,#11007),.PCURVE_S1.);
#10996 = LINE('',#10997,#10998);
#10997 = CARTESIAN_POINT('',(-4.2,7.2,-15.));
#10998 = VECTOR('',#10999,1.);
#10999 = DIRECTION('',(0.,0.,1.));
#11000 = PCURVE('',#8806,#11001);
#11001 = DEFINITIONAL_REPRESENTATION('',(#11002),#11006);
#11002 = LINE('',#11003,#11004);
#11003 = CARTESIAN_POINT('',(3.14159265359,0.));
#11004 = VECTOR('',#11005,1.);
#11005 = DIRECTION('',(0.,-1.));
#11006 = ( GEOMETRIC_REPRESENTATION_CONTEXT(2) 
PARAMETRIC_REPRESENTATION_CONTEXT() REPRESENTATION_CONTEXT('2D SPACE',''
  ) );
#11007 = PCURVE('',#8833,#11008);
#11008 = DEFINITIONAL_REPRESENTATION('',(#11009),#11013);
#11009 = LINE('',#11010,#11011);
#11010 = CARTESIAN_POINT('',(0.,0.));
#11011 = VECTOR('',#11012,1.);
#11012 = DIRECTION('',(0.,-1.));
#11013 = ( GEOMETRIC_REPRESENTATION_CONTEXT(2) 
PARAMETRIC_REPRESENTATION_CONTEXT() REPRESENTATION_CONTEXT('2D SPACE',''
  ) );
#11014 = ADVANCED_FACE('',(#11015),#8863,.F.);
#11015 = FACE_BOUND('',#11016,.F.);
#11016 = EDGE_LOOP('',(#11017,#11018,#11041,#11067));
#11017 = ORIENTED_EDGE('',*,*,#8844,.F.);
#11018 = ORIENTED_EDGE('',*,*,#11019,.T.);
#11019 = EDGE_CURVE('',#8819,#11020,#11022,.T.);
#11020 = VERTEX_POINT('',#11021);
#11021 = CARTESIAN_POINT('',(-4.2,-1.2,-13.));
#11022 = SURFACE_CURVE('',#11023,(#11027,#11034),.PCURVE_S1.);
#11023 = LINE('',#11024,#11025);
#11024 = CARTESIAN_POINT('',(-4.2,-1.2,-15.));
#11025 = VECTOR('',#11026,1.);
#11026 = DIRECTION('',(0.,0.,1.));
#11027 = PCURVE('',#8863,#11028);
#11028 = DEFINITIONAL_REPRESENTATION('',(#11029),#11033);
#11029 = LINE('',#11030,#11031);
#11030 = CARTESIAN_POINT('',(0.,0.));
#11031 = VECTOR('',#11032,1.);
#11032 = DIRECTION('',(0.,-1.));
#11033 = ( GEOMETRIC_REPRESENTATION_CONTEXT(2) 
PARAMETRIC_REPRESENTATION_CONTEXT() REPRESENTATION_CONTEXT('2D SPACE',''
  ) );
#11034 = PCURVE('',#8833,#11035);
#11035 = DEFINITIONAL_REPRESENTATION('',(#11036),#11040);
#11036 = LINE('',#11037,#11038);
#11037 = CARTESIAN_POINT('',(8.4,0.));
#11038 = VECTOR('',#11039,1.);
#11039 = DIRECTION('',(0.,-1.));
#11040 = ( GEOMETRIC_REPRESENTATION_CONTEXT(2) 
PARAMETRIC_REPRESENTATION_CONTEXT() REPRESENTATION_CONTEXT('2D SPACE',''
  ) );
#11041 = ORIENTED_EDGE('',*,*,#11042,.T.);
#11042 = EDGE_CURVE('',#11020,#10892,#11043,.T.);
#11043 = SURFACE_CURVE('',#11044,(#11049,#11056),.PCURVE_S1.);
#11044 = CIRCLE('',#11045,0.8);
#11045 = AXIS2_PLACEMENT_3D('',#11046,#11047,#11048);
#11046 = CARTESIAN_POINT('',(-5.,-1.2,-13.));
#11047 = DIRECTION('',(-0.,0.,-1.));
#11048 = DIRECTION('',(1.,-1.221245327088E-15,-0.));
#11049 = PCURVE('',#8863,#11050);
#11050 = DEFINITIONAL_REPRESENTATION('',(#11051),#11055);
#11051 = LINE('',#11052,#11053);
#11052 = CARTESIAN_POINT('',(0.,-2.));
#11053 = VECTOR('',#11054,1.);
#11054 = DIRECTION('',(1.,0.));
#11055 = ( GEOMETRIC_REPRESENTATION_CONTEXT(2) 
PARAMETRIC_REPRESENTATION_CONTEXT() REPRESENTATION_CONTEXT('2D SPACE',''
  ) );
#11056 = PCURVE('',#10929,#11057);
#11057 = DEFINITIONAL_REPRESENTATION('',(#11058),#11066);
#11058 = ( BOUNDED_CURVE() B_SPLINE_CURVE(2,(#11059,#11060,#11061,#11062
    ,#11063,#11064,#11065),.UNSPECIFIED.,.T.,.F.) 
B_SPLINE_CURVE_WITH_KNOTS((1,2,2,2,2,1),(-2.094395102393,0.,
    2.094395102393,4.188790204786,6.28318530718,8.377580409573),
.UNSPECIFIED.) CURVE() GEOMETRIC_REPRESENTATION_ITEM() 
RATIONAL_B_SPLINE_CURVE((1.,0.5,1.,0.5,1.,0.5,1.)) REPRESENTATION_ITEM(
  '') );
#11059 = CARTESIAN_POINT('',(-4.2,-1.2));
#11060 = CARTESIAN_POINT('',(-4.2,-2.585640646055));
#11061 = CARTESIAN_POINT('',(-5.4,-1.892820323028));
#11062 = CARTESIAN_POINT('',(-6.6,-1.2));
#11063 = CARTESIAN_POINT('',(-5.4,-0.507179676972));
#11064 = CARTESIAN_POINT('',(-4.2,0.185640646055));
#11065 = CARTESIAN_POINT('',(-4.2,-1.2));
#11066 = ( GEOMETRIC_REPRESENTATION_CONTEXT(2) 
PARAMETRIC_REPRESENTATION_CONTEXT() REPRESENTATION_CONTEXT('2D SPACE',''
  ) );
#11067 = ORIENTED_EDGE('',*,*,#10891,.F.);
#11068 = ADVANCED_FACE('',(#11069),#8833,.F.);
#11069 = FACE_BOUND('',#11070,.F.);
#11070 = EDGE_LOOP('',(#11071,#11072,#11073,#11092));
#11071 = ORIENTED_EDGE('',*,*,#8818,.T.);
#11072 = ORIENTED_EDGE('',*,*,#10994,.T.);
#11073 = ORIENTED_EDGE('',*,*,#11074,.F.);
#11074 = EDGE_CURVE('',#11020,#10967,#11075,.T.);
#11075 = SURFACE_CURVE('',#11076,(#11080,#11086),.PCURVE_S1.);
#11076 = LINE('',#11077,#11078);
#11077 = CARTESIAN_POINT('',(-4.2,3.6,-13.));
#11078 = VECTOR('',#11079,1.);
#11079 = DIRECTION('',(1.110223024625E-16,1.,-0.));
#11080 = PCURVE('',#8833,#11081);
#11081 = DEFINITIONAL_REPRESENTATION('',(#11082),#11085);
#11082 = B_SPLINE_CURVE_WITH_KNOTS('',1,(#11083,#11084),.UNSPECIFIED.,
  .F.,.F.,(2,2),(-4.8,3.6),.PIECEWISE_BEZIER_KNOTS.);
#11083 = CARTESIAN_POINT('',(8.4,-2.));
#11084 = CARTESIAN_POINT('',(0.,-2.));
#11085 = ( GEOMETRIC_REPRESENTATION_CONTEXT(2) 
PARAMETRIC_REPRESENTATION_CONTEXT() REPRESENTATION_CONTEXT('2D SPACE',''
  ) );
#11086 = PCURVE('',#10929,#11087);
#11087 = DEFINITIONAL_REPRESENTATION('',(#11088),#11091);
#11088 = B_SPLINE_CURVE_WITH_KNOTS('',1,(#11089,#11090),.UNSPECIFIED.,
  .F.,.F.,(2,2),(-4.8,3.6),.PIECEWISE_BEZIER_KNOTS.);
#11089 = CARTESIAN_POINT('',(-4.2,-1.2));
#11090 = CARTESIAN_POINT('',(-4.2,7.2));
#11091 = ( GEOMETRIC_REPRESENTATION_CONTEXT(2) 
PARAMETRIC_REPRESENTATION_CONTEXT() REPRESENTATION_CONTEXT('2D SPACE',''
  ) );
#11092 = ORIENTED_EDGE('',*,*,#11019,.F.);
#11093 = ADVANCED_FACE('',(#11094),#8894,.F.);
#11094 = FACE_BOUND('',#11095,.F.);
#11095 = EDGE_LOOP('',(#11096,#11097,#11120,#11141));
#11096 = ORIENTED_EDGE('',*,*,#8877,.T.);
#11097 = ORIENTED_EDGE('',*,*,#11098,.T.);
#11098 = EDGE_CURVE('',#8880,#11099,#11101,.T.);
#11099 = VERTEX_POINT('',#11100);
#11100 = CARTESIAN_POINT('',(-0.8,-1.2,-13.));
#11101 = SURFACE_CURVE('',#11102,(#11106,#11113),.PCURVE_S1.);
#11102 = LINE('',#11103,#11104);
#11103 = CARTESIAN_POINT('',(-0.8,-1.2,-15.));
#11104 = VECTOR('',#11105,1.);
#11105 = DIRECTION('',(0.,0.,1.));
#11106 = PCURVE('',#8894,#11107);
#11107 = DEFINITIONAL_REPRESENTATION('',(#11108),#11112);
#11108 = LINE('',#11109,#11110);
#11109 = CARTESIAN_POINT('',(0.,0.));
#11110 = VECTOR('',#11111,1.);
#11111 = DIRECTION('',(0.,-1.));
#11112 = ( GEOMETRIC_REPRESENTATION_CONTEXT(2) 
PARAMETRIC_REPRESENTATION_CONTEXT() REPRESENTATION_CONTEXT('2D SPACE',''
  ) );
#11113 = PCURVE('',#8983,#11114);
#11114 = DEFINITIONAL_REPRESENTATION('',(#11115),#11119);
#11115 = LINE('',#11116,#11117);
#11116 = CARTESIAN_POINT('',(3.14159265359,0.));
#11117 = VECTOR('',#11118,1.);
#11118 = DIRECTION('',(0.,-1.));
#11119 = ( GEOMETRIC_REPRESENTATION_CONTEXT(2) 
PARAMETRIC_REPRESENTATION_CONTEXT() REPRESENTATION_CONTEXT('2D SPACE',''
  ) );
#11120 = ORIENTED_EDGE('',*,*,#11121,.F.);
#11121 = EDGE_CURVE('',#11122,#11099,#11124,.T.);
#11122 = VERTEX_POINT('',#11123);
#11123 = CARTESIAN_POINT('',(-0.8,7.2,-13.));
#11124 = SURFACE_CURVE('',#11125,(#11129,#11135),.PCURVE_S1.);
#11125 = LINE('',#11126,#11127);
#11126 = CARTESIAN_POINT('',(-0.8,-0.6,-13.));
#11127 = VECTOR('',#11128,1.);
#11128 = DIRECTION('',(-1.110223024625E-16,-1.,0.));
#11129 = PCURVE('',#8894,#11130);
#11130 = DEFINITIONAL_REPRESENTATION('',(#11131),#11134);
#11131 = B_SPLINE_CURVE_WITH_KNOTS('',1,(#11132,#11133),.UNSPECIFIED.,
  .F.,.F.,(2,2),(-7.8,0.6),.PIECEWISE_BEZIER_KNOTS.);
#11132 = CARTESIAN_POINT('',(8.4,-2.));
#11133 = CARTESIAN_POINT('',(0.,-2.));
#11134 = ( GEOMETRIC_REPRESENTATION_CONTEXT(2) 
PARAMETRIC_REPRESENTATION_CONTEXT() REPRESENTATION_CONTEXT('2D SPACE',''
  ) );
#11135 = PCURVE('',#10929,#11136);
#11136 = DEFINITIONAL_REPRESENTATION('',(#11137),#11140);
#11137 = B_SPLINE_CURVE_WITH_KNOTS('',1,(#11138,#11139),.UNSPECIFIED.,
  .F.,.F.,(2,2),(-7.8,0.6),.PIECEWISE_BEZIER_KNOTS.);
#11138 = CARTESIAN_POINT('',(-0.8,7.2));
#11139 = CARTESIAN_POINT('',(-0.8,-1.2));
#11140 = ( GEOMETRIC_REPRESENTATION_CONTEXT(2) 
PARAMETRIC_REPRESENTATION_CONTEXT() REPRESENTATION_CONTEXT('2D SPACE',''
  ) );
#11141 = ORIENTED_EDGE('',*,*,#11142,.F.);
#11142 = EDGE_CURVE('',#8878,#11122,#11143,.T.);
#11143 = SURFACE_CURVE('',#11144,(#11148,#11155),.PCURVE_S1.);
#11144 = LINE('',#11145,#11146);
#11145 = CARTESIAN_POINT('',(-0.8,7.2,-15.));
#11146 = VECTOR('',#11147,1.);
#11147 = DIRECTION('',(0.,0.,1.));
#11148 = PCURVE('',#8894,#11149);
#11149 = DEFINITIONAL_REPRESENTATION('',(#11150),#11154);
#11150 = LINE('',#11151,#11152);
#11151 = CARTESIAN_POINT('',(8.4,0.));
#11152 = VECTOR('',#11153,1.);
#11153 = DIRECTION('',(0.,-1.));
#11154 = ( GEOMETRIC_REPRESENTATION_CONTEXT(2) 
PARAMETRIC_REPRESENTATION_CONTEXT() REPRESENTATION_CONTEXT('2D SPACE',''
  ) );
#11155 = PCURVE('',#8926,#11156);
#11156 = DEFINITIONAL_REPRESENTATION('',(#11157),#11161);
#11157 = LINE('',#11158,#11159);
#11158 = CARTESIAN_POINT('',(0.,0.));
#11159 = VECTOR('',#11160,1.);
#11160 = DIRECTION('',(0.,-1.));
#11161 = ( GEOMETRIC_REPRESENTATION_CONTEXT(2) 
PARAMETRIC_REPRESENTATION_CONTEXT() REPRESENTATION_CONTEXT('2D SPACE',''
  ) );
#11162 = ADVANCED_FACE('',(#11163),#8926,.F.);
#11163 = FACE_BOUND('',#11164,.F.);
#11164 = EDGE_LOOP('',(#11165,#11166,#11167,#11195));
#11165 = ORIENTED_EDGE('',*,*,#8905,.F.);
#11166 = ORIENTED_EDGE('',*,*,#11142,.T.);
#11167 = ORIENTED_EDGE('',*,*,#11168,.T.);
#11168 = EDGE_CURVE('',#11122,#11169,#11171,.T.);
#11169 = VERTEX_POINT('',#11170);
#11170 = CARTESIAN_POINT('',(0.8,7.2,-13.));
#11171 = SURFACE_CURVE('',#11172,(#11177,#11184),.PCURVE_S1.);
#11172 = CIRCLE('',#11173,0.8);
#11173 = AXIS2_PLACEMENT_3D('',#11174,#11175,#11176);
#11174 = CARTESIAN_POINT('',(5.218048215738E-16,7.2,-13.));
#11175 = DIRECTION('',(0.,0.,-1.));
#11176 = DIRECTION('',(-1.,1.221245327088E-15,0.));
#11177 = PCURVE('',#8926,#11178);
#11178 = DEFINITIONAL_REPRESENTATION('',(#11179),#11183);
#11179 = LINE('',#11180,#11181);
#11180 = CARTESIAN_POINT('',(0.,-2.));
#11181 = VECTOR('',#11182,1.);
#11182 = DIRECTION('',(1.,0.));
#11183 = ( GEOMETRIC_REPRESENTATION_CONTEXT(2) 
PARAMETRIC_REPRESENTATION_CONTEXT() REPRESENTATION_CONTEXT('2D SPACE',''
  ) );
#11184 = PCURVE('',#10929,#11185);
#11185 = DEFINITIONAL_REPRESENTATION('',(#11186),#11194);
#11186 = ( BOUNDED_CURVE() B_SPLINE_CURVE(2,(#11187,#11188,#11189,#11190
    ,#11191,#11192,#11193),.UNSPECIFIED.,.T.,.F.) 
B_SPLINE_CURVE_WITH_KNOTS((1,2,2,2,2,1),(-2.094395102393,0.,
    2.094395102393,4.188790204786,6.28318530718,8.377580409573),
.UNSPECIFIED.) CURVE() GEOMETRIC_REPRESENTATION_ITEM() 
RATIONAL_B_SPLINE_CURVE((1.,0.5,1.,0.5,1.,0.5,1.)) REPRESENTATION_ITEM(
  '') );
#11187 = CARTESIAN_POINT('',(-0.8,7.2));
#11188 = CARTESIAN_POINT('',(-0.8,8.585640646055));
#11189 = CARTESIAN_POINT('',(0.4,7.892820323028));
#11190 = CARTESIAN_POINT('',(1.6,7.2));
#11191 = CARTESIAN_POINT('',(0.4,6.507179676972));
#11192 = CARTESIAN_POINT('',(-0.8,5.814359353945));
#11193 = CARTESIAN_POINT('',(-0.8,7.2));
#11194 = ( GEOMETRIC_REPRESENTATION_CONTEXT(2) 
PARAMETRIC_REPRESENTATION_CONTEXT() REPRESENTATION_CONTEXT('2D SPACE',''
  ) );
#11195 = ORIENTED_EDGE('',*,*,#11196,.F.);
#11196 = EDGE_CURVE('',#8906,#11169,#11197,.T.);
#11197 = SURFACE_CURVE('',#11198,(#11202,#11209),.PCURVE_S1.);
#11198 = LINE('',#11199,#11200);
#11199 = CARTESIAN_POINT('',(0.8,7.2,-15.));
#11200 = VECTOR('',#11201,1.);
#11201 = DIRECTION('',(0.,0.,1.));
#11202 = PCURVE('',#8926,#11203);
#11203 = DEFINITIONAL_REPRESENTATION('',(#11204),#11208);
#11204 = LINE('',#11205,#11206);
#11205 = CARTESIAN_POINT('',(3.14159265359,0.));
#11206 = VECTOR('',#11207,1.);
#11207 = DIRECTION('',(0.,-1.));
#11208 = ( GEOMETRIC_REPRESENTATION_CONTEXT(2) 
PARAMETRIC_REPRESENTATION_CONTEXT() REPRESENTATION_CONTEXT('2D SPACE',''
  ) );
#11209 = PCURVE('',#8953,#11210);
#11210 = DEFINITIONAL_REPRESENTATION('',(#11211),#11215);
#11211 = LINE('',#11212,#11213);
#11212 = CARTESIAN_POINT('',(0.,0.));
#11213 = VECTOR('',#11214,1.);
#11214 = DIRECTION('',(0.,-1.));
#11215 = ( GEOMETRIC_REPRESENTATION_CONTEXT(2) 
PARAMETRIC_REPRESENTATION_CONTEXT() REPRESENTATION_CONTEXT('2D SPACE',''
  ) );
#11216 = ADVANCED_FACE('',(#11217),#8983,.F.);
#11217 = FACE_BOUND('',#11218,.F.);
#11218 = EDGE_LOOP('',(#11219,#11220,#11243,#11269));
#11219 = ORIENTED_EDGE('',*,*,#8964,.F.);
#11220 = ORIENTED_EDGE('',*,*,#11221,.T.);
#11221 = EDGE_CURVE('',#8939,#11222,#11224,.T.);
#11222 = VERTEX_POINT('',#11223);
#11223 = CARTESIAN_POINT('',(0.8,-1.2,-13.));
#11224 = SURFACE_CURVE('',#11225,(#11229,#11236),.PCURVE_S1.);
#11225 = LINE('',#11226,#11227);
#11226 = CARTESIAN_POINT('',(0.8,-1.2,-15.));
#11227 = VECTOR('',#11228,1.);
#11228 = DIRECTION('',(0.,0.,1.));
#11229 = PCURVE('',#8983,#11230);
#11230 = DEFINITIONAL_REPRESENTATION('',(#11231),#11235);
#11231 = LINE('',#11232,#11233);
#11232 = CARTESIAN_POINT('',(0.,0.));
#11233 = VECTOR('',#11234,1.);
#11234 = DIRECTION('',(0.,-1.));
#11235 = ( GEOMETRIC_REPRESENTATION_CONTEXT(2) 
PARAMETRIC_REPRESENTATION_CONTEXT() REPRESENTATION_CONTEXT('2D SPACE',''
  ) );
#11236 = PCURVE('',#8953,#11237);
#11237 = DEFINITIONAL_REPRESENTATION('',(#11238),#11242);
#11238 = LINE('',#11239,#11240);
#11239 = CARTESIAN_POINT('',(8.4,0.));
#11240 = VECTOR('',#11241,1.);
#11241 = DIRECTION('',(0.,-1.));
#11242 = ( GEOMETRIC_REPRESENTATION_CONTEXT(2) 
PARAMETRIC_REPRESENTATION_CONTEXT() REPRESENTATION_CONTEXT('2D SPACE',''
  ) );
#11243 = ORIENTED_EDGE('',*,*,#11244,.T.);
#11244 = EDGE_CURVE('',#11222,#11099,#11245,.T.);
#11245 = SURFACE_CURVE('',#11246,(#11251,#11258),.PCURVE_S1.);
#11246 = CIRCLE('',#11247,0.8);
#11247 = AXIS2_PLACEMENT_3D('',#11248,#11249,#11250);
#11248 = CARTESIAN_POINT('',(-5.218048215738E-16,-1.2,-13.));
#11249 = DIRECTION('',(-0.,0.,-1.));
#11250 = DIRECTION('',(1.,-1.221245327088E-15,-0.));
#11251 = PCURVE('',#8983,#11252);
#11252 = DEFINITIONAL_REPRESENTATION('',(#11253),#11257);
#11253 = LINE('',#11254,#11255);
#11254 = CARTESIAN_POINT('',(0.,-2.));
#11255 = VECTOR('',#11256,1.);
#11256 = DIRECTION('',(1.,0.));
#11257 = ( GEOMETRIC_REPRESENTATION_CONTEXT(2) 
PARAMETRIC_REPRESENTATION_CONTEXT() REPRESENTATION_CONTEXT('2D SPACE',''
  ) );
#11258 = PCURVE('',#10929,#11259);
#11259 = DEFINITIONAL_REPRESENTATION('',(#11260),#11268);
#11260 = ( BOUNDED_CURVE() B_SPLINE_CURVE(2,(#11261,#11262,#11263,#11264
    ,#11265,#11266,#11267),.UNSPECIFIED.,.T.,.F.) 
B_SPLINE_CURVE_WITH_KNOTS((1,2,2,2,2,1),(-2.094395102393,0.,
    2.094395102393,4.188790204786,6.28318530718,8.377580409573),
.UNSPECIFIED.) CURVE() GEOMETRIC_REPRESENTATION_ITEM() 
RATIONAL_B_SPLINE_CURVE((1.,0.5,1.,0.5,1.,0.5,1.)) REPRESENTATION_ITEM(
  '') );
#11261 = CARTESIAN_POINT('',(0.8,-1.2));
#11262 = CARTESIAN_POINT('',(0.8,-2.585640646055));
#11263 = CARTESIAN_POINT('',(-0.4,-1.892820323028));
#11264 = CARTESIAN_POINT('',(-1.6,-1.2));
#11265 = CARTESIAN_POINT('',(-0.4,-0.507179676972));
#11266 = CARTESIAN_POINT('',(0.8,0.185640646055));
#11267 = CARTESIAN_POINT('',(0.8,-1.2));
#11268 = ( GEOMETRIC_REPRESENTATION_CONTEXT(2) 
PARAMETRIC_REPRESENTATION_CONTEXT() REPRESENTATION_CONTEXT('2D SPACE',''
  ) );
#11269 = ORIENTED_EDGE('',*,*,#11098,.F.);
#11270 = ADVANCED_FACE('',(#11271),#8953,.F.);
#11271 = FACE_BOUND('',#11272,.F.);
#11272 = EDGE_LOOP('',(#11273,#11274,#11275,#11294));
#11273 = ORIENTED_EDGE('',*,*,#8938,.T.);
#11274 = ORIENTED_EDGE('',*,*,#11196,.T.);
#11275 = ORIENTED_EDGE('',*,*,#11276,.F.);
#11276 = EDGE_CURVE('',#11222,#11169,#11277,.T.);
#11277 = SURFACE_CURVE('',#11278,(#11282,#11288),.PCURVE_S1.);
#11278 = LINE('',#11279,#11280);
#11279 = CARTESIAN_POINT('',(0.8,3.6,-13.));
#11280 = VECTOR('',#11281,1.);
#11281 = DIRECTION('',(1.110223024625E-16,1.,-0.));
#11282 = PCURVE('',#8953,#11283);
#11283 = DEFINITIONAL_REPRESENTATION('',(#11284),#11287);
#11284 = B_SPLINE_CURVE_WITH_KNOTS('',1,(#11285,#11286),.UNSPECIFIED.,
  .F.,.F.,(2,2),(-4.8,3.6),.PIECEWISE_BEZIER_KNOTS.);
#11285 = CARTESIAN_POINT('',(8.4,-2.));
#11286 = CARTESIAN_POINT('',(0.,-2.));
#11287 = ( GEOMETRIC_REPRESENTATION_CONTEXT(2) 
PARAMETRIC_REPRESENTATION_CONTEXT() REPRESENTATION_CONTEXT('2D SPACE',''
  ) );
#11288 = PCURVE('',#10929,#11289);
#11289 = DEFINITIONAL_REPRESENTATION('',(#11290),#11293);
#11290 = B_SPLINE_CURVE_WITH_KNOTS('',1,(#11291,#11292),.UNSPECIFIED.,
  .F.,.F.,(2,2),(-4.8,3.6),.PIECEWISE_BEZIER_KNOTS.);
#11291 = CARTESIAN_POINT('',(0.8,-1.2));
#11292 = CARTESIAN_POINT('',(0.8,7.2));
#11293 = ( GEOMETRIC_REPRESENTATION_CONTEXT(2) 
PARAMETRIC_REPRESENTATION_CONTEXT() REPRESENTATION_CONTEXT('2D SPACE',''
  ) );
#11294 = ORIENTED_EDGE('',*,*,#11221,.F.);
#11295 = ADVANCED_FACE('',(#11296),#9014,.F.);
#11296 = FACE_BOUND('',#11297,.F.);
#11297 = EDGE_LOOP('',(#11298,#11299,#11322,#11343));
#11298 = ORIENTED_EDGE('',*,*,#8997,.T.);
#11299 = ORIENTED_EDGE('',*,*,#11300,.T.);
#11300 = EDGE_CURVE('',#9000,#11301,#11303,.T.);
#11301 = VERTEX_POINT('',#11302);
#11302 = CARTESIAN_POINT('',(4.2,-1.2,-13.));
#11303 = SURFACE_CURVE('',#11304,(#11308,#11315),.PCURVE_S1.);
#11304 = LINE('',#11305,#11306);
#11305 = CARTESIAN_POINT('',(4.2,-1.2,-15.));
#11306 = VECTOR('',#11307,1.);
#11307 = DIRECTION('',(0.,0.,1.));
#11308 = PCURVE('',#9014,#11309);
#11309 = DEFINITIONAL_REPRESENTATION('',(#11310),#11314);
#11310 = LINE('',#11311,#11312);
#11311 = CARTESIAN_POINT('',(0.,0.));
#11312 = VECTOR('',#11313,1.);
#11313 = DIRECTION('',(0.,-1.));
#11314 = ( GEOMETRIC_REPRESENTATION_CONTEXT(2) 
PARAMETRIC_REPRESENTATION_CONTEXT() REPRESENTATION_CONTEXT('2D SPACE',''
  ) );
#11315 = PCURVE('',#9103,#11316);
#11316 = DEFINITIONAL_REPRESENTATION('',(#11317),#11321);
#11317 = LINE('',#11318,#11319);
#11318 = CARTESIAN_POINT('',(3.14159265359,0.));
#11319 = VECTOR('',#11320,1.);
#11320 = DIRECTION('',(0.,-1.));
#11321 = ( GEOMETRIC_REPRESENTATION_CONTEXT(2) 
PARAMETRIC_REPRESENTATION_CONTEXT() REPRESENTATION_CONTEXT('2D SPACE',''
  ) );
#11322 = ORIENTED_EDGE('',*,*,#11323,.F.);
#11323 = EDGE_CURVE('',#11324,#11301,#11326,.T.);
#11324 = VERTEX_POINT('',#11325);
#11325 = CARTESIAN_POINT('',(4.2,7.2,-13.));
#11326 = SURFACE_CURVE('',#11327,(#11331,#11337),.PCURVE_S1.);
#11327 = LINE('',#11328,#11329);
#11328 = CARTESIAN_POINT('',(4.2,-0.6,-13.));
#11329 = VECTOR('',#11330,1.);
#11330 = DIRECTION('',(-1.110223024625E-16,-1.,0.));
#11331 = PCURVE('',#9014,#11332);
#11332 = DEFINITIONAL_REPRESENTATION('',(#11333),#11336);
#11333 = B_SPLINE_CURVE_WITH_KNOTS('',1,(#11334,#11335),.UNSPECIFIED.,
  .F.,.F.,(2,2),(-7.8,0.6),.PIECEWISE_BEZIER_KNOTS.);
#11334 = CARTESIAN_POINT('',(8.4,-2.));
#11335 = CARTESIAN_POINT('',(0.,-2.));
#11336 = ( GEOMETRIC_REPRESENTATION_CONTEXT(2) 
PARAMETRIC_REPRESENTATION_CONTEXT() REPRESENTATION_CONTEXT('2D SPACE',''
  ) );
#11337 = PCURVE('',#10929,#11338);
#11338 = DEFINITIONAL_REPRESENTATION('',(#11339),#11342);
#11339 = B_SPLINE_CURVE_WITH_KNOTS('',1,(#11340,#11341),.UNSPECIFIED.,
  .F.,.F.,(2,2),(-7.8,0.6),.PIECEWISE_BEZIER_KNOTS.);
#11340 = CARTESIAN_POINT('',(4.2,7.2));
#11341 = CARTESIAN_POINT('',(4.2,-1.2));
#11342 = ( GEOMETRIC_REPRESENTATION_CONTEXT(2) 
PARAMETRIC_REPRESENTATION_CONTEXT() REPRESENTATION_CONTEXT('2D SPACE',''
  ) );
#11343 = ORIENTED_EDGE('',*,*,#11344,.F.);
#11344 = EDGE_CURVE('',#8998,#11324,#11345,.T.);
#11345 = SURFACE_CURVE('',#11346,(#11350,#11357),.PCURVE_S1.);
#11346 = LINE('',#11347,#11348);
#11347 = CARTESIAN_POINT('',(4.2,7.2,-15.));
#11348 = VECTOR('',#11349,1.);
#11349 = DIRECTION('',(0.,0.,1.));
#11350 = PCURVE('',#9014,#11351);
#11351 = DEFINITIONAL_REPRESENTATION('',(#11352),#11356);
#11352 = LINE('',#11353,#11354);
#11353 = CARTESIAN_POINT('',(8.4,0.));
#11354 = VECTOR('',#11355,1.);
#11355 = DIRECTION('',(0.,-1.));
#11356 = ( GEOMETRIC_REPRESENTATION_CONTEXT(2) 
PARAMETRIC_REPRESENTATION_CONTEXT() REPRESENTATION_CONTEXT('2D SPACE',''
  ) );
#11357 = PCURVE('',#9046,#11358);
#11358 = DEFINITIONAL_REPRESENTATION('',(#11359),#11363);
#11359 = LINE('',#11360,#11361);
#11360 = CARTESIAN_POINT('',(0.,0.));
#11361 = VECTOR('',#11362,1.);
#11362 = DIRECTION('',(0.,-1.));
#11363 = ( GEOMETRIC_REPRESENTATION_CONTEXT(2) 
PARAMETRIC_REPRESENTATION_CONTEXT() REPRESENTATION_CONTEXT('2D SPACE',''
  ) );
#11364 = ADVANCED_FACE('',(#11365),#9103,.F.);
#11365 = FACE_BOUND('',#11366,.F.);
#11366 = EDGE_LOOP('',(#11367,#11368,#11391,#11417));
#11367 = ORIENTED_EDGE('',*,*,#9084,.F.);
#11368 = ORIENTED_EDGE('',*,*,#11369,.T.);
#11369 = EDGE_CURVE('',#9059,#11370,#11372,.T.);
#11370 = VERTEX_POINT('',#11371);
#11371 = CARTESIAN_POINT('',(5.8,-1.2,-13.));
#11372 = SURFACE_CURVE('',#11373,(#11377,#11384),.PCURVE_S1.);
#11373 = LINE('',#11374,#11375);
#11374 = CARTESIAN_POINT('',(5.8,-1.2,-15.));
#11375 = VECTOR('',#11376,1.);
#11376 = DIRECTION('',(0.,0.,1.));
#11377 = PCURVE('',#9103,#11378);
#11378 = DEFINITIONAL_REPRESENTATION('',(#11379),#11383);
#11379 = LINE('',#11380,#11381);
#11380 = CARTESIAN_POINT('',(0.,0.));
#11381 = VECTOR('',#11382,1.);
#11382 = DIRECTION('',(0.,-1.));
#11383 = ( GEOMETRIC_REPRESENTATION_CONTEXT(2) 
PARAMETRIC_REPRESENTATION_CONTEXT() REPRESENTATION_CONTEXT('2D SPACE',''
  ) );
#11384 = PCURVE('',#9073,#11385);
#11385 = DEFINITIONAL_REPRESENTATION('',(#11386),#11390);
#11386 = LINE('',#11387,#11388);
#11387 = CARTESIAN_POINT('',(8.4,0.));
#11388 = VECTOR('',#11389,1.);
#11389 = DIRECTION('',(0.,-1.));
#11390 = ( GEOMETRIC_REPRESENTATION_CONTEXT(2) 
PARAMETRIC_REPRESENTATION_CONTEXT() REPRESENTATION_CONTEXT('2D SPACE',''
  ) );
#11391 = ORIENTED_EDGE('',*,*,#11392,.T.);
#11392 = EDGE_CURVE('',#11370,#11301,#11393,.T.);
#11393 = SURFACE_CURVE('',#11394,(#11399,#11406),.PCURVE_S1.);
#11394 = CIRCLE('',#11395,0.8);
#11395 = AXIS2_PLACEMENT_3D('',#11396,#11397,#11398);
#11396 = CARTESIAN_POINT('',(5.,-1.2,-13.));
#11397 = DIRECTION('',(-0.,0.,-1.));
#11398 = DIRECTION('',(1.,-1.221245327088E-15,-0.));
#11399 = PCURVE('',#9103,#11400);
#11400 = DEFINITIONAL_REPRESENTATION('',(#11401),#11405);
#11401 = LINE('',#11402,#11403);
#11402 = CARTESIAN_POINT('',(0.,-2.));
#11403 = VECTOR('',#11404,1.);
#11404 = DIRECTION('',(1.,0.));
#11405 = ( GEOMETRIC_REPRESENTATION_CONTEXT(2) 
PARAMETRIC_REPRESENTATION_CONTEXT() REPRESENTATION_CONTEXT('2D SPACE',''
  ) );
#11406 = PCURVE('',#10929,#11407);
#11407 = DEFINITIONAL_REPRESENTATION('',(#11408),#11416);
#11408 = ( BOUNDED_CURVE() B_SPLINE_CURVE(2,(#11409,#11410,#11411,#11412
    ,#11413,#11414,#11415),.UNSPECIFIED.,.T.,.F.) 
B_SPLINE_CURVE_WITH_KNOTS((1,2,2,2,2,1),(-2.094395102393,0.,
    2.094395102393,4.188790204786,6.28318530718,8.377580409573),
.UNSPECIFIED.) CURVE() GEOMETRIC_REPRESENTATION_ITEM() 
RATIONAL_B_SPLINE_CURVE((1.,0.5,1.,0.5,1.,0.5,1.)) REPRESENTATION_ITEM(
  '') );
#11409 = CARTESIAN_POINT('',(5.8,-1.2));
#11410 = CARTESIAN_POINT('',(5.8,-2.585640646055));
#11411 = CARTESIAN_POINT('',(4.6,-1.892820323028));
#11412 = CARTESIAN_POINT('',(3.4,-1.2));
#11413 = CARTESIAN_POINT('',(4.6,-0.507179676972));
#11414 = CARTESIAN_POINT('',(5.8,0.185640646055));
#11415 = CARTESIAN_POINT('',(5.8,-1.2));
#11416 = ( GEOMETRIC_REPRESENTATION_CONTEXT(2) 
PARAMETRIC_REPRESENTATION_CONTEXT() REPRESENTATION_CONTEXT('2D SPACE',''
  ) );
#11417 = ORIENTED_EDGE('',*,*,#11300,.F.);
#11418 = ADVANCED_FACE('',(#11419),#9073,.F.);
#11419 = FACE_BOUND('',#11420,.F.);
#11420 = EDGE_LOOP('',(#11421,#11422,#11445,#11464));
#11421 = ORIENTED_EDGE('',*,*,#9058,.T.);
#11422 = ORIENTED_EDGE('',*,*,#11423,.T.);
#11423 = EDGE_CURVE('',#9026,#11424,#11426,.T.);
#11424 = VERTEX_POINT('',#11425);
#11425 = CARTESIAN_POINT('',(5.8,7.2,-13.));
#11426 = SURFACE_CURVE('',#11427,(#11431,#11438),.PCURVE_S1.);
#11427 = LINE('',#11428,#11429);
#11428 = CARTESIAN_POINT('',(5.8,7.2,-15.));
#11429 = VECTOR('',#11430,1.);
#11430 = DIRECTION('',(0.,0.,1.));
#11431 = PCURVE('',#9073,#11432);
#11432 = DEFINITIONAL_REPRESENTATION('',(#11433),#11437);
#11433 = LINE('',#11434,#11435);
#11434 = CARTESIAN_POINT('',(0.,0.));
#11435 = VECTOR('',#11436,1.);
#11436 = DIRECTION('',(0.,-1.));
#11437 = ( GEOMETRIC_REPRESENTATION_CONTEXT(2) 
PARAMETRIC_REPRESENTATION_CONTEXT() REPRESENTATION_CONTEXT('2D SPACE',''
  ) );
#11438 = PCURVE('',#9046,#11439);
#11439 = DEFINITIONAL_REPRESENTATION('',(#11440),#11444);
#11440 = LINE('',#11441,#11442);
#11441 = CARTESIAN_POINT('',(3.14159265359,0.));
#11442 = VECTOR('',#11443,1.);
#11443 = DIRECTION('',(0.,-1.));
#11444 = ( GEOMETRIC_REPRESENTATION_CONTEXT(2) 
PARAMETRIC_REPRESENTATION_CONTEXT() REPRESENTATION_CONTEXT('2D SPACE',''
  ) );
#11445 = ORIENTED_EDGE('',*,*,#11446,.F.);
#11446 = EDGE_CURVE('',#11370,#11424,#11447,.T.);
#11447 = SURFACE_CURVE('',#11448,(#11452,#11458),.PCURVE_S1.);
#11448 = LINE('',#11449,#11450);
#11449 = CARTESIAN_POINT('',(5.8,3.6,-13.));
#11450 = VECTOR('',#11451,1.);
#11451 = DIRECTION('',(1.110223024625E-16,1.,-0.));
#11452 = PCURVE('',#9073,#11453);
#11453 = DEFINITIONAL_REPRESENTATION('',(#11454),#11457);
#11454 = B_SPLINE_CURVE_WITH_KNOTS('',1,(#11455,#11456),.UNSPECIFIED.,
  .F.,.F.,(2,2),(-4.8,3.6),.PIECEWISE_BEZIER_KNOTS.);
#11455 = CARTESIAN_POINT('',(8.4,-2.));
#11456 = CARTESIAN_POINT('',(0.,-2.));
#11457 = ( GEOMETRIC_REPRESENTATION_CONTEXT(2) 
PARAMETRIC_REPRESENTATION_CONTEXT() REPRESENTATION_CONTEXT('2D SPACE',''
  ) );
#11458 = PCURVE('',#10929,#11459);
#11459 = DEFINITIONAL_REPRESENTATION('',(#11460),#11463);
#11460 = B_SPLINE_CURVE_WITH_KNOTS('',1,(#11461,#11462),.UNSPECIFIED.,
  .F.,.F.,(2,2),(-4.8,3.6),.PIECEWISE_BEZIER_KNOTS.);
#11461 = CARTESIAN_POINT('',(5.8,-1.2));
#11462 = CARTESIAN_POINT('',(5.8,7.2));
#11463 = ( GEOMETRIC_REPRESENTATION_CONTEXT(2) 
PARAMETRIC_REPRESENTATION_CONTEXT() REPRESENTATION_CONTEXT('2D SPACE',''
  ) );
#11464 = ORIENTED_EDGE('',*,*,#11369,.F.);
#11465 = ADVANCED_FACE('',(#11466),#9046,.F.);
#11466 = FACE_BOUND('',#11467,.F.);
#11467 = EDGE_LOOP('',(#11468,#11469,#11470,#11496));
#11468 = ORIENTED_EDGE('',*,*,#9025,.F.);
#11469 = ORIENTED_EDGE('',*,*,#11344,.T.);
#11470 = ORIENTED_EDGE('',*,*,#11471,.T.);
#11471 = EDGE_CURVE('',#11324,#11424,#11472,.T.);
#11472 = SURFACE_CURVE('',#11473,(#11478,#11485),.PCURVE_S1.);
#11473 = CIRCLE('',#11474,0.8);
#11474 = AXIS2_PLACEMENT_3D('',#11475,#11476,#11477);
#11475 = CARTESIAN_POINT('',(5.,7.2,-13.));
#11476 = DIRECTION('',(0.,0.,-1.));
#11477 = DIRECTION('',(-1.,1.221245327088E-15,0.));
#11478 = PCURVE('',#9046,#11479);
#11479 = DEFINITIONAL_REPRESENTATION('',(#11480),#11484);
#11480 = LINE('',#11481,#11482);
#11481 = CARTESIAN_POINT('',(0.,-2.));
#11482 = VECTOR('',#11483,1.);
#11483 = DIRECTION('',(1.,0.));
#11484 = ( GEOMETRIC_REPRESENTATION_CONTEXT(2) 
PARAMETRIC_REPRESENTATION_CONTEXT() REPRESENTATION_CONTEXT('2D SPACE',''
  ) );
#11485 = PCURVE('',#10929,#11486);
#11486 = DEFINITIONAL_REPRESENTATION('',(#11487),#11495);
#11487 = ( BOUNDED_CURVE() B_SPLINE_CURVE(2,(#11488,#11489,#11490,#11491
    ,#11492,#11493,#11494),.UNSPECIFIED.,.T.,.F.) 
B_SPLINE_CURVE_WITH_KNOTS((1,2,2,2,2,1),(-2.094395102393,0.,
    2.094395102393,4.188790204786,6.28318530718,8.377580409573),
.UNSPECIFIED.) CURVE() GEOMETRIC_REPRESENTATION_ITEM() 
RATIONAL_B_SPLINE_CURVE((1.,0.5,1.,0.5,1.,0.5,1.)) REPRESENTATION_ITEM(
  '') );
#11488 = CARTESIAN_POINT('',(4.2,7.2));
#11489 = CARTESIAN_POINT('',(4.2,8.585640646055));
#11490 = CARTESIAN_POINT('',(5.4,7.892820323028));
#11491 = CARTESIAN_POINT('',(6.6,7.2));
#11492 = CARTESIAN_POINT('',(5.4,6.507179676972));
#11493 = CARTESIAN_POINT('',(4.2,5.814359353945));
#11494 = CARTESIAN_POINT('',(4.2,7.2));
#11495 = ( GEOMETRIC_REPRESENTATION_CONTEXT(2) 
PARAMETRIC_REPRESENTATION_CONTEXT() REPRESENTATION_CONTEXT('2D SPACE',''
  ) );
#11496 = ORIENTED_EDGE('',*,*,#11423,.F.);
#11497 = ADVANCED_FACE('',(#11498),#9185,.T.);
#11498 = FACE_BOUND('',#11499,.F.);
#11499 = EDGE_LOOP('',(#11500,#11501,#11502,#11522));
#11500 = ORIENTED_EDGE('',*,*,#9684,.T.);
#11501 = ORIENTED_EDGE('',*,*,#9169,.T.);
#11502 = ORIENTED_EDGE('',*,*,#11503,.F.);
#11503 = EDGE_CURVE('',#9710,#9170,#11504,.T.);
#11504 = SURFACE_CURVE('',#11505,(#11510,#11516),.PCURVE_S1.);
#11505 = CIRCLE('',#11506,0.35);
#11506 = AXIS2_PLACEMENT_3D('',#11507,#11508,#11509);
#11507 = CARTESIAN_POINT('',(20.85,17.2,-13.35));
#11508 = DIRECTION('',(0.,-1.,-0.));
#11509 = DIRECTION('',(1.,0.,-0.));
#11510 = PCURVE('',#9185,#11511);
#11511 = DEFINITIONAL_REPRESENTATION('',(#11512),#11515);
#11512 = B_SPLINE_CURVE_WITH_KNOTS('',1,(#11513,#11514),.UNSPECIFIED.,
  .F.,.F.,(2,2),(0.,1.570796326795),.PIECEWISE_BEZIER_KNOTS.);
#11513 = CARTESIAN_POINT('',(0.,34.4));
#11514 = CARTESIAN_POINT('',(-1.570796326795,34.4));
#11515 = ( GEOMETRIC_REPRESENTATION_CONTEXT(2) 
PARAMETRIC_REPRESENTATION_CONTEXT() REPRESENTATION_CONTEXT('2D SPACE',''
  ) );
#11516 = PCURVE('',#9214,#11517);
#11517 = DEFINITIONAL_REPRESENTATION('',(#11518),#11521);
#11518 = B_SPLINE_CURVE_WITH_KNOTS('',1,(#11519,#11520),.UNSPECIFIED.,
  .F.,.F.,(2,2),(0.,1.570796326795),.PIECEWISE_BEZIER_KNOTS.);
#11519 = CARTESIAN_POINT('',(0.,0.));
#11520 = CARTESIAN_POINT('',(0.,1.570796326795));
#11521 = ( GEOMETRIC_REPRESENTATION_CONTEXT(2) 
PARAMETRIC_REPRESENTATION_CONTEXT() REPRESENTATION_CONTEXT('2D SPACE',''
  ) );
#11522 = ORIENTED_EDGE('',*,*,#9709,.F.);
#11523 = ADVANCED_FACE('',(#11524),#9271,.T.);
#11524 = FACE_BOUND('',#11525,.T.);
#11525 = EDGE_LOOP('',(#11526,#11546,#11547,#11548));
#11526 = ORIENTED_EDGE('',*,*,#11527,.F.);
#11527 = EDGE_CURVE('',#10165,#9227,#11528,.T.);
#11528 = SURFACE_CURVE('',#11529,(#11534,#11540),.PCURVE_S1.);
#11529 = CIRCLE('',#11530,0.35);
#11530 = AXIS2_PLACEMENT_3D('',#11531,#11532,#11533);
#11531 = CARTESIAN_POINT('',(-13.2,24.85,-13.35));
#11532 = DIRECTION('',(1.,0.,-0.));
#11533 = DIRECTION('',(0.,1.,0.));
#11534 = PCURVE('',#9271,#11535);
#11535 = DEFINITIONAL_REPRESENTATION('',(#11536),#11539);
#11536 = B_SPLINE_CURVE_WITH_KNOTS('',1,(#11537,#11538),.UNSPECIFIED.,
  .F.,.F.,(2,2),(0.,1.570796326795),.PIECEWISE_BEZIER_KNOTS.);
#11537 = CARTESIAN_POINT('',(0.,0.));
#11538 = CARTESIAN_POINT('',(0.,1.570796326795));
#11539 = ( GEOMETRIC_REPRESENTATION_CONTEXT(2) 
PARAMETRIC_REPRESENTATION_CONTEXT() REPRESENTATION_CONTEXT('2D SPACE',''
  ) );
#11540 = PCURVE('',#9242,#11541);
#11541 = DEFINITIONAL_REPRESENTATION('',(#11542),#11545);
#11542 = B_SPLINE_CURVE_WITH_KNOTS('',1,(#11543,#11544),.UNSPECIFIED.,
  .F.,.F.,(2,2),(0.,1.570796326795),.PIECEWISE_BEZIER_KNOTS.);
#11543 = CARTESIAN_POINT('',(0.,26.4));
#11544 = CARTESIAN_POINT('',(-1.570796326795,26.4));
#11545 = ( GEOMETRIC_REPRESENTATION_CONTEXT(2) 
PARAMETRIC_REPRESENTATION_CONTEXT() REPRESENTATION_CONTEXT('2D SPACE',''
  ) );
#11546 = ORIENTED_EDGE('',*,*,#10215,.T.);
#11547 = ORIENTED_EDGE('',*,*,#10136,.T.);
#11548 = ORIENTED_EDGE('',*,*,#9254,.F.);
#11549 = ADVANCED_FACE('',(#11550),#9214,.T.);
#11550 = FACE_BOUND('',#11551,.T.);
#11551 = EDGE_LOOP('',(#11552,#11553,#11577,#11597));
#11552 = ORIENTED_EDGE('',*,*,#11503,.F.);
#11553 = ORIENTED_EDGE('',*,*,#11554,.T.);
#11554 = EDGE_CURVE('',#9710,#11555,#11557,.T.);
#11555 = VERTEX_POINT('',#11556);
#11556 = CARTESIAN_POINT('',(13.2,25.2,-13.35));
#11557 = SURFACE_CURVE('',#11558,(#11563,#11570),.PCURVE_S1.);
#11558 = CIRCLE('',#11559,8.);
#11559 = AXIS2_PLACEMENT_3D('',#11560,#11561,#11562);
#11560 = CARTESIAN_POINT('',(13.2,17.2,-13.35));
#11561 = DIRECTION('',(0.,0.,1.));
#11562 = DIRECTION('',(1.,0.,-0.));
#11563 = PCURVE('',#9214,#11564);
#11564 = DEFINITIONAL_REPRESENTATION('',(#11565),#11569);
#11565 = LINE('',#11566,#11567);
#11566 = CARTESIAN_POINT('',(0.,0.));
#11567 = VECTOR('',#11568,1.);
#11568 = DIRECTION('',(1.,0.));
#11569 = ( GEOMETRIC_REPRESENTATION_CONTEXT(2) 
PARAMETRIC_REPRESENTATION_CONTEXT() REPRESENTATION_CONTEXT('2D SPACE',''
  ) );
#11570 = PCURVE('',#9748,#11571);
#11571 = DEFINITIONAL_REPRESENTATION('',(#11572),#11576);
#11572 = LINE('',#11573,#11574);
#11573 = CARTESIAN_POINT('',(0.,1.45));
#11574 = VECTOR('',#11575,1.);
#11575 = DIRECTION('',(1.,0.));
#11576 = ( GEOMETRIC_REPRESENTATION_CONTEXT(2) 
PARAMETRIC_REPRESENTATION_CONTEXT() REPRESENTATION_CONTEXT('2D SPACE',''
  ) );
#11577 = ORIENTED_EDGE('',*,*,#11578,.T.);
#11578 = EDGE_CURVE('',#11555,#9198,#11579,.T.);
#11579 = SURFACE_CURVE('',#11580,(#11585,#11591),.PCURVE_S1.);
#11580 = CIRCLE('',#11581,0.35);
#11581 = AXIS2_PLACEMENT_3D('',#11582,#11583,#11584);
#11582 = CARTESIAN_POINT('',(13.2,24.85,-13.35));
#11583 = DIRECTION('',(1.,-6.123233995737E-17,0.));
#11584 = DIRECTION('',(6.123233995737E-17,1.,0.));
#11585 = PCURVE('',#9214,#11586);
#11586 = DEFINITIONAL_REPRESENTATION('',(#11587),#11590);
#11587 = B_SPLINE_CURVE_WITH_KNOTS('',1,(#11588,#11589),.UNSPECIFIED.,
  .F.,.F.,(2,2),(0.,1.570796326795),.PIECEWISE_BEZIER_KNOTS.);
#11588 = CARTESIAN_POINT('',(1.570796326795,0.));
#11589 = CARTESIAN_POINT('',(1.570796326795,1.570796326795));
#11590 = ( GEOMETRIC_REPRESENTATION_CONTEXT(2) 
PARAMETRIC_REPRESENTATION_CONTEXT() REPRESENTATION_CONTEXT('2D SPACE',''
  ) );
#11591 = PCURVE('',#9242,#11592);
#11592 = DEFINITIONAL_REPRESENTATION('',(#11593),#11596);
#11593 = B_SPLINE_CURVE_WITH_KNOTS('',1,(#11594,#11595),.UNSPECIFIED.,
  .F.,.F.,(2,2),(0.,1.570796326795),.PIECEWISE_BEZIER_KNOTS.);
#11594 = CARTESIAN_POINT('',(0.,0.));
#11595 = CARTESIAN_POINT('',(-1.570796326795,0.));
#11596 = ( GEOMETRIC_REPRESENTATION_CONTEXT(2) 
PARAMETRIC_REPRESENTATION_CONTEXT() REPRESENTATION_CONTEXT('2D SPACE',''
  ) );
#11597 = ORIENTED_EDGE('',*,*,#9197,.F.);
#11598 = ADVANCED_FACE('',(#11599),#9242,.T.);
#11599 = FACE_BOUND('',#11600,.F.);
#11600 = EDGE_LOOP('',(#11601,#11602,#11603,#11604));
#11601 = ORIENTED_EDGE('',*,*,#11578,.T.);
#11602 = ORIENTED_EDGE('',*,*,#9226,.T.);
#11603 = ORIENTED_EDGE('',*,*,#11527,.F.);
#11604 = ORIENTED_EDGE('',*,*,#11605,.F.);
#11605 = EDGE_CURVE('',#11555,#10165,#11606,.T.);
#11606 = SURFACE_CURVE('',#11607,(#11611,#11618),.PCURVE_S1.);
#11607 = LINE('',#11608,#11609);
#11608 = CARTESIAN_POINT('',(13.2,25.2,-13.35));
#11609 = VECTOR('',#11610,1.);
#11610 = DIRECTION('',(-1.,0.,0.));
#11611 = PCURVE('',#9242,#11612);
#11612 = DEFINITIONAL_REPRESENTATION('',(#11613),#11617);
#11613 = LINE('',#11614,#11615);
#11614 = CARTESIAN_POINT('',(-0.,0.));
#11615 = VECTOR('',#11616,1.);
#11616 = DIRECTION('',(-0.,1.));
#11617 = ( GEOMETRIC_REPRESENTATION_CONTEXT(2) 
PARAMETRIC_REPRESENTATION_CONTEXT() REPRESENTATION_CONTEXT('2D SPACE',''
  ) );
#11618 = PCURVE('',#10180,#11619);
#11619 = DEFINITIONAL_REPRESENTATION('',(#11620),#11624);
#11620 = LINE('',#11621,#11622);
#11621 = CARTESIAN_POINT('',(8.,-1.45));
#11622 = VECTOR('',#11623,1.);
#11623 = DIRECTION('',(1.,0.));
#11624 = ( GEOMETRIC_REPRESENTATION_CONTEXT(2) 
PARAMETRIC_REPRESENTATION_CONTEXT() REPRESENTATION_CONTEXT('2D SPACE',''
  ) );
#11625 = ADVANCED_FACE('',(#11626),#9328,.F.);
#11626 = FACE_BOUND('',#11627,.T.);
#11627 = EDGE_LOOP('',(#11628,#11656,#11677,#11678));
#11628 = ORIENTED_EDGE('',*,*,#11629,.T.);
#11629 = EDGE_CURVE('',#11630,#11630,#11632,.T.);
#11630 = VERTEX_POINT('',#11631);
#11631 = CARTESIAN_POINT('',(-17.75,-16.,-14.));
#11632 = SURFACE_CURVE('',#11633,(#11638,#11645),.PCURVE_S1.);
#11633 = CIRCLE('',#11634,1.15);
#11634 = AXIS2_PLACEMENT_3D('',#11635,#11636,#11637);
#11635 = CARTESIAN_POINT('',(-18.9,-16.,-14.));
#11636 = DIRECTION('',(0.,0.,-1.));
#11637 = DIRECTION('',(1.,0.,0.));
#11638 = PCURVE('',#9328,#11639);
#11639 = DEFINITIONAL_REPRESENTATION('',(#11640),#11644);
#11640 = LINE('',#11641,#11642);
#11641 = CARTESIAN_POINT('',(-6.28318530718,-1.));
#11642 = VECTOR('',#11643,1.);
#11643 = DIRECTION('',(1.,-0.));
#11644 = ( GEOMETRIC_REPRESENTATION_CONTEXT(2) 
PARAMETRIC_REPRESENTATION_CONTEXT() REPRESENTATION_CONTEXT('2D SPACE',''
  ) );
#11645 = PCURVE('',#10410,#11646);
#11646 = DEFINITIONAL_REPRESENTATION('',(#11647),#11655);
#11647 = ( BOUNDED_CURVE() B_SPLINE_CURVE(2,(#11648,#11649,#11650,#11651
    ,#11652,#11653,#11654),.UNSPECIFIED.,.T.,.F.) 
B_SPLINE_CURVE_WITH_KNOTS((1,2,2,2,2,1),(-2.094395102393,0.,
    2.094395102393,4.188790204786,6.28318530718,8.377580409573),
.UNSPECIFIED.) CURVE() GEOMETRIC_REPRESENTATION_ITEM() 
RATIONAL_B_SPLINE_CURVE((1.,0.5,1.,0.5,1.,0.5,1.)) REPRESENTATION_ITEM(
  '') );
#11648 = CARTESIAN_POINT('',(1.15,0.));
#11649 = CARTESIAN_POINT('',(1.15,-1.991858428704));
#11650 = CARTESIAN_POINT('',(-0.575,-0.995929214352));
#11651 = CARTESIAN_POINT('',(-2.3,-2.816687638039E-16));
#11652 = CARTESIAN_POINT('',(-0.575,0.995929214352));
#11653 = CARTESIAN_POINT('',(1.15,1.991858428704));
#11654 = CARTESIAN_POINT('',(1.15,0.));
#11655 = ( GEOMETRIC_REPRESENTATION_CONTEXT(2) 
PARAMETRIC_REPRESENTATION_CONTEXT() REPRESENTATION_CONTEXT('2D SPACE',''
  ) );
#11656 = ORIENTED_EDGE('',*,*,#11657,.T.);
#11657 = EDGE_CURVE('',#11630,#9308,#11658,.T.);
#11658 = SEAM_CURVE('',#11659,(#11663,#11670),.PCURVE_S1.);
#11659 = LINE('',#11660,#11661);
#11660 = CARTESIAN_POINT('',(-17.75,-16.,-15.));
#11661 = VECTOR('',#11662,1.);
#11662 = DIRECTION('',(0.,0.,1.));
#11663 = PCURVE('',#9328,#11664);
#11664 = DEFINITIONAL_REPRESENTATION('',(#11665),#11669);
#11665 = LINE('',#11666,#11667);
#11666 = CARTESIAN_POINT('',(-6.28318530718,0.));
#11667 = VECTOR('',#11668,1.);
#11668 = DIRECTION('',(-0.,-1.));
#11669 = ( GEOMETRIC_REPRESENTATION_CONTEXT(2) 
PARAMETRIC_REPRESENTATION_CONTEXT() REPRESENTATION_CONTEXT('2D SPACE',''
  ) );
#11670 = PCURVE('',#9328,#11671);
#11671 = DEFINITIONAL_REPRESENTATION('',(#11672),#11676);
#11672 = LINE('',#11673,#11674);
#11673 = CARTESIAN_POINT('',(-0.,0.));
#11674 = VECTOR('',#11675,1.);
#11675 = DIRECTION('',(-0.,-1.));
#11676 = ( GEOMETRIC_REPRESENTATION_CONTEXT(2) 
PARAMETRIC_REPRESENTATION_CONTEXT() REPRESENTATION_CONTEXT('2D SPACE',''
  ) );
#11677 = ORIENTED_EDGE('',*,*,#9307,.F.);
#11678 = ORIENTED_EDGE('',*,*,#11657,.F.);
#11679 = ADVANCED_FACE('',(#11680),#9363,.F.);
#11680 = FACE_BOUND('',#11681,.T.);
#11681 = EDGE_LOOP('',(#11682,#11710,#11731,#11732));
#11682 = ORIENTED_EDGE('',*,*,#11683,.T.);
#11683 = EDGE_CURVE('',#11684,#11684,#11686,.T.);
#11684 = VERTEX_POINT('',#11685);
#11685 = CARTESIAN_POINT('',(20.05,-16.,-14.));
#11686 = SURFACE_CURVE('',#11687,(#11692,#11699),.PCURVE_S1.);
#11687 = CIRCLE('',#11688,1.15);
#11688 = AXIS2_PLACEMENT_3D('',#11689,#11690,#11691);
#11689 = CARTESIAN_POINT('',(18.9,-16.,-14.));
#11690 = DIRECTION('',(0.,0.,-1.));
#11691 = DIRECTION('',(1.,0.,0.));
#11692 = PCURVE('',#9363,#11693);
#11693 = DEFINITIONAL_REPRESENTATION('',(#11694),#11698);
#11694 = LINE('',#11695,#11696);
#11695 = CARTESIAN_POINT('',(-6.28318530718,-1.));
#11696 = VECTOR('',#11697,1.);
#11697 = DIRECTION('',(1.,-0.));
#11698 = ( GEOMETRIC_REPRESENTATION_CONTEXT(2) 
PARAMETRIC_REPRESENTATION_CONTEXT() REPRESENTATION_CONTEXT('2D SPACE',''
  ) );
#11699 = PCURVE('',#10872,#11700);
#11700 = DEFINITIONAL_REPRESENTATION('',(#11701),#11709);
#11701 = ( BOUNDED_CURVE() B_SPLINE_CURVE(2,(#11702,#11703,#11704,#11705
    ,#11706,#11707,#11708),.UNSPECIFIED.,.T.,.F.) 
B_SPLINE_CURVE_WITH_KNOTS((1,2,2,2,2,1),(-2.094395102393,0.,
    2.094395102393,4.188790204786,6.28318530718,8.377580409573),
.UNSPECIFIED.) CURVE() GEOMETRIC_REPRESENTATION_ITEM() 
RATIONAL_B_SPLINE_CURVE((1.,0.5,1.,0.5,1.,0.5,1.)) REPRESENTATION_ITEM(
  '') );
#11702 = CARTESIAN_POINT('',(1.15,0.));
#11703 = CARTESIAN_POINT('',(1.15,-1.991858428704));
#11704 = CARTESIAN_POINT('',(-0.575,-0.995929214352));
#11705 = CARTESIAN_POINT('',(-2.3,-2.816687638039E-16));
#11706 = CARTESIAN_POINT('',(-0.575,0.995929214352));
#11707 = CARTESIAN_POINT('',(1.15,1.991858428704));
#11708 = CARTESIAN_POINT('',(1.15,0.));
#11709 = ( GEOMETRIC_REPRESENTATION_CONTEXT(2) 
PARAMETRIC_REPRESENTATION_CONTEXT() REPRESENTATION_CONTEXT('2D SPACE',''
  ) );
#11710 = ORIENTED_EDGE('',*,*,#11711,.T.);
#11711 = EDGE_CURVE('',#11684,#9343,#11712,.T.);
#11712 = SEAM_CURVE('',#11713,(#11717,#11724),.PCURVE_S1.);
#11713 = LINE('',#11714,#11715);
#11714 = CARTESIAN_POINT('',(20.05,-16.,-15.));
#11715 = VECTOR('',#11716,1.);
#11716 = DIRECTION('',(0.,0.,1.));
#11717 = PCURVE('',#9363,#11718);
#11718 = DEFINITIONAL_REPRESENTATION('',(#11719),#11723);
#11719 = LINE('',#11720,#11721);
#11720 = CARTESIAN_POINT('',(-6.28318530718,0.));
#11721 = VECTOR('',#11722,1.);
#11722 = DIRECTION('',(-0.,-1.));
#11723 = ( GEOMETRIC_REPRESENTATION_CONTEXT(2) 
PARAMETRIC_REPRESENTATION_CONTEXT() REPRESENTATION_CONTEXT('2D SPACE',''
  ) );
#11724 = PCURVE('',#9363,#11725);
#11725 = DEFINITIONAL_REPRESENTATION('',(#11726),#11730);
#11726 = LINE('',#11727,#11728);
#11727 = CARTESIAN_POINT('',(-0.,0.));
#11728 = VECTOR('',#11729,1.);
#11729 = DIRECTION('',(-0.,-1.));
#11730 = ( GEOMETRIC_REPRESENTATION_CONTEXT(2) 
PARAMETRIC_REPRESENTATION_CONTEXT() REPRESENTATION_CONTEXT('2D SPACE',''
  ) );
#11731 = ORIENTED_EDGE('',*,*,#9342,.F.);
#11732 = ORIENTED_EDGE('',*,*,#11711,.F.);
#11733 = ADVANCED_FACE('',(#11734),#9398,.F.);
#11734 = FACE_BOUND('',#11735,.T.);
#11735 = EDGE_LOOP('',(#11736,#11764,#11785,#11786));
#11736 = ORIENTED_EDGE('',*,*,#11737,.T.);
#11737 = EDGE_CURVE('',#11738,#11738,#11740,.T.);
#11738 = VERTEX_POINT('',#11739);
#11739 = CARTESIAN_POINT('',(-17.75,16.,-14.));
#11740 = SURFACE_CURVE('',#11741,(#11746,#11753),.PCURVE_S1.);
#11741 = CIRCLE('',#11742,1.15);
#11742 = AXIS2_PLACEMENT_3D('',#11743,#11744,#11745);
#11743 = CARTESIAN_POINT('',(-18.9,16.,-14.));
#11744 = DIRECTION('',(0.,0.,-1.));
#11745 = DIRECTION('',(1.,0.,0.));
#11746 = PCURVE('',#9398,#11747);
#11747 = DEFINITIONAL_REPRESENTATION('',(#11748),#11752);
#11748 = LINE('',#11749,#11750);
#11749 = CARTESIAN_POINT('',(-6.28318530718,-1.));
#11750 = VECTOR('',#11751,1.);
#11751 = DIRECTION('',(1.,-0.));
#11752 = ( GEOMETRIC_REPRESENTATION_CONTEXT(2) 
PARAMETRIC_REPRESENTATION_CONTEXT() REPRESENTATION_CONTEXT('2D SPACE',''
  ) );
#11753 = PCURVE('',#10279,#11754);
#11754 = DEFINITIONAL_REPRESENTATION('',(#11755),#11763);
#11755 = ( BOUNDED_CURVE() B_SPLINE_CURVE(2,(#11756,#11757,#11758,#11759
    ,#11760,#11761,#11762),.UNSPECIFIED.,.T.,.F.) 
B_SPLINE_CURVE_WITH_KNOTS((1,2,2,2,2,1),(-2.094395102393,0.,
    2.094395102393,4.188790204786,6.28318530718,8.377580409573),
.UNSPECIFIED.) CURVE() GEOMETRIC_REPRESENTATION_ITEM() 
RATIONAL_B_SPLINE_CURVE((1.,0.5,1.,0.5,1.,0.5,1.)) REPRESENTATION_ITEM(
  '') );
#11756 = CARTESIAN_POINT('',(1.15,0.));
#11757 = CARTESIAN_POINT('',(1.15,-1.991858428704));
#11758 = CARTESIAN_POINT('',(-0.575,-0.995929214352));
#11759 = CARTESIAN_POINT('',(-2.3,-2.816687638039E-16));
#11760 = CARTESIAN_POINT('',(-0.575,0.995929214352));
#11761 = CARTESIAN_POINT('',(1.15,1.991858428704));
#11762 = CARTESIAN_POINT('',(1.15,0.));
#11763 = ( GEOMETRIC_REPRESENTATION_CONTEXT(2) 
PARAMETRIC_REPRESENTATION_CONTEXT() REPRESENTATION_CONTEXT('2D SPACE',''
  ) );
#11764 = ORIENTED_EDGE('',*,*,#11765,.T.);
#11765 = EDGE_CURVE('',#11738,#9378,#11766,.T.);
#11766 = SEAM_CURVE('',#11767,(#11771,#11778),.PCURVE_S1.);
#11767 = LINE('',#11768,#11769);
#11768 = CARTESIAN_POINT('',(-17.75,16.,-15.));
#11769 = VECTOR('',#11770,1.);
#11770 = DIRECTION('',(0.,0.,1.));
#11771 = PCURVE('',#9398,#11772);
#11772 = DEFINITIONAL_REPRESENTATION('',(#11773),#11777);
#11773 = LINE('',#11774,#11775);
#11774 = CARTESIAN_POINT('',(-6.28318530718,0.));
#11775 = VECTOR('',#11776,1.);
#11776 = DIRECTION('',(-0.,-1.));
#11777 = ( GEOMETRIC_REPRESENTATION_CONTEXT(2) 
PARAMETRIC_REPRESENTATION_CONTEXT() REPRESENTATION_CONTEXT('2D SPACE',''
  ) );
#11778 = PCURVE('',#9398,#11779);
#11779 = DEFINITIONAL_REPRESENTATION('',(#11780),#11784);
#11780 = LINE('',#11781,#11782);
#11781 = CARTESIAN_POINT('',(-0.,0.));
#11782 = VECTOR('',#11783,1.);
#11783 = DIRECTION('',(-0.,-1.));
#11784 = ( GEOMETRIC_REPRESENTATION_CONTEXT(2) 
PARAMETRIC_REPRESENTATION_CONTEXT() REPRESENTATION_CONTEXT('2D SPACE',''
  ) );
#11785 = ORIENTED_EDGE('',*,*,#9377,.F.);
#11786 = ORIENTED_EDGE('',*,*,#11765,.F.);
#11787 = ADVANCED_FACE('',(#11788),#9430,.F.);
#11788 = FACE_BOUND('',#11789,.F.);
#11789 = EDGE_LOOP('',(#11790,#11791,#11814,#11842));
#11790 = ORIENTED_EDGE('',*,*,#9412,.F.);
#11791 = ORIENTED_EDGE('',*,*,#11792,.T.);
#11792 = EDGE_CURVE('',#9413,#11793,#11795,.T.);
#11793 = VERTEX_POINT('',#11794);
#11794 = CARTESIAN_POINT('',(-11.715,-20.615,-11.5));
#11795 = SURFACE_CURVE('',#11796,(#11800,#11807),.PCURVE_S1.);
#11796 = LINE('',#11797,#11798);
#11797 = CARTESIAN_POINT('',(-11.715,-20.615,-13.));
#11798 = VECTOR('',#11799,1.);
#11799 = DIRECTION('',(0.,0.,1.));
#11800 = PCURVE('',#9430,#11801);
#11801 = DEFINITIONAL_REPRESENTATION('',(#11802),#11806);
#11802 = LINE('',#11803,#11804);
#11803 = CARTESIAN_POINT('',(4.9,0.));
#11804 = VECTOR('',#11805,1.);
#11805 = DIRECTION('',(0.,-1.));
#11806 = ( GEOMETRIC_REPRESENTATION_CONTEXT(2) 
PARAMETRIC_REPRESENTATION_CONTEXT() REPRESENTATION_CONTEXT('2D SPACE',''
  ) );
#11807 = PCURVE('',#9463,#11808);
#11808 = DEFINITIONAL_REPRESENTATION('',(#11809),#11813);
#11809 = LINE('',#11810,#11811);
#11810 = CARTESIAN_POINT('',(-0.,0.));
#11811 = VECTOR('',#11812,1.);
#11812 = DIRECTION('',(-0.,1.));
#11813 = ( GEOMETRIC_REPRESENTATION_CONTEXT(2) 
PARAMETRIC_REPRESENTATION_CONTEXT() REPRESENTATION_CONTEXT('2D SPACE',''
  ) );
#11814 = ORIENTED_EDGE('',*,*,#11815,.T.);
#11815 = EDGE_CURVE('',#11793,#11816,#11818,.T.);
#11816 = VERTEX_POINT('',#11817);
#11817 = CARTESIAN_POINT('',(11.715,-20.615,-11.5));
#11818 = SURFACE_CURVE('',#11819,(#11823,#11830),.PCURVE_S1.);
#11819 = LINE('',#11820,#11821);
#11820 = CARTESIAN_POINT('',(-16.615,-20.615,-11.5));
#11821 = VECTOR('',#11822,1.);
#11822 = DIRECTION('',(1.,0.,0.));
#11823 = PCURVE('',#9430,#11824);
#11824 = DEFINITIONAL_REPRESENTATION('',(#11825),#11829);
#11825 = LINE('',#11826,#11827);
#11826 = CARTESIAN_POINT('',(0.,-1.5));
#11827 = VECTOR('',#11828,1.);
#11828 = DIRECTION('',(1.,0.));
#11829 = ( GEOMETRIC_REPRESENTATION_CONTEXT(2) 
PARAMETRIC_REPRESENTATION_CONTEXT() REPRESENTATION_CONTEXT('2D SPACE',''
  ) );
#11830 = PCURVE('',#11831,#11836);
#11831 = PLANE('',#11832);
#11832 = AXIS2_PLACEMENT_3D('',#11833,#11834,#11835);
#11833 = CARTESIAN_POINT('',(0.,-7.634087948E-16,-11.5));
#11834 = DIRECTION('',(0.,0.,1.));
#11835 = DIRECTION('',(1.,0.,-0.));
#11836 = DEFINITIONAL_REPRESENTATION('',(#11837),#11841);
#11837 = LINE('',#11838,#11839);
#11838 = CARTESIAN_POINT('',(-16.615,-20.615));
#11839 = VECTOR('',#11840,1.);
#11840 = DIRECTION('',(1.,0.));
#11841 = ( GEOMETRIC_REPRESENTATION_CONTEXT(2) 
PARAMETRIC_REPRESENTATION_CONTEXT() REPRESENTATION_CONTEXT('2D SPACE',''
  ) );
#11842 = ORIENTED_EDGE('',*,*,#11843,.F.);
#11843 = EDGE_CURVE('',#9415,#11816,#11844,.T.);
#11844 = SURFACE_CURVE('',#11845,(#11849,#11856),.PCURVE_S1.);
#11845 = LINE('',#11846,#11847);
#11846 = CARTESIAN_POINT('',(11.715,-20.615,-13.));
#11847 = VECTOR('',#11848,1.);
#11848 = DIRECTION('',(0.,0.,1.));
#11849 = PCURVE('',#9430,#11850);
#11850 = DEFINITIONAL_REPRESENTATION('',(#11851),#11855);
#11851 = LINE('',#11852,#11853);
#11852 = CARTESIAN_POINT('',(28.33,0.));
#11853 = VECTOR('',#11854,1.);
#11854 = DIRECTION('',(0.,-1.));
#11855 = ( GEOMETRIC_REPRESENTATION_CONTEXT(2) 
PARAMETRIC_REPRESENTATION_CONTEXT() REPRESENTATION_CONTEXT('2D SPACE',''
  ) );
#11856 = PCURVE('',#9632,#11857);
#11857 = DEFINITIONAL_REPRESENTATION('',(#11858),#11862);
#11858 = LINE('',#11859,#11860);
#11859 = CARTESIAN_POINT('',(0.,0.));
#11860 = VECTOR('',#11861,1.);
#11861 = DIRECTION('',(0.,1.));
#11862 = ( GEOMETRIC_REPRESENTATION_CONTEXT(2) 
PARAMETRIC_REPRESENTATION_CONTEXT() REPRESENTATION_CONTEXT('2D SPACE',''
  ) );
#11863 = ADVANCED_FACE('',(#11864),#9463,.T.);
#11864 = FACE_BOUND('',#11865,.F.);
#11865 = EDGE_LOOP('',(#11866,#11867,#11890,#11916));
#11866 = ORIENTED_EDGE('',*,*,#9442,.T.);
#11867 = ORIENTED_EDGE('',*,*,#11868,.T.);
#11868 = EDGE_CURVE('',#9443,#11869,#11871,.T.);
#11869 = VERTEX_POINT('',#11870);
#11870 = CARTESIAN_POINT('',(-16.615,-15.715,-11.5));
#11871 = SURFACE_CURVE('',#11872,(#11876,#11883),.PCURVE_S1.);
#11872 = LINE('',#11873,#11874);
#11873 = CARTESIAN_POINT('',(-16.615,-15.715,-13.));
#11874 = VECTOR('',#11875,1.);
#11875 = DIRECTION('',(0.,0.,1.));
#11876 = PCURVE('',#9463,#11877);
#11877 = DEFINITIONAL_REPRESENTATION('',(#11878),#11882);
#11878 = LINE('',#11879,#11880);
#11879 = CARTESIAN_POINT('',(-1.570796326795,0.));
#11880 = VECTOR('',#11881,1.);
#11881 = DIRECTION('',(-0.,1.));
#11882 = ( GEOMETRIC_REPRESENTATION_CONTEXT(2) 
PARAMETRIC_REPRESENTATION_CONTEXT() REPRESENTATION_CONTEXT('2D SPACE',''
  ) );
#11883 = PCURVE('',#9491,#11884);
#11884 = DEFINITIONAL_REPRESENTATION('',(#11885),#11889);
#11885 = LINE('',#11886,#11887);
#11886 = CARTESIAN_POINT('',(36.33,0.));
#11887 = VECTOR('',#11888,1.);
#11888 = DIRECTION('',(0.,-1.));
#11889 = ( GEOMETRIC_REPRESENTATION_CONTEXT(2) 
PARAMETRIC_REPRESENTATION_CONTEXT() REPRESENTATION_CONTEXT('2D SPACE',''
  ) );
#11890 = ORIENTED_EDGE('',*,*,#11891,.F.);
#11891 = EDGE_CURVE('',#11793,#11869,#11892,.T.);
#11892 = SURFACE_CURVE('',#11893,(#11898,#11905),.PCURVE_S1.);
#11893 = CIRCLE('',#11894,4.9);
#11894 = AXIS2_PLACEMENT_3D('',#11895,#11896,#11897);
#11895 = CARTESIAN_POINT('',(-11.715,-15.715,-11.5));
#11896 = DIRECTION('',(-0.,-0.,-1.));
#11897 = DIRECTION('',(0.,-1.,0.));
#11898 = PCURVE('',#9463,#11899);
#11899 = DEFINITIONAL_REPRESENTATION('',(#11900),#11904);
#11900 = LINE('',#11901,#11902);
#11901 = CARTESIAN_POINT('',(-0.,1.5));
#11902 = VECTOR('',#11903,1.);
#11903 = DIRECTION('',(-1.,0.));
#11904 = ( GEOMETRIC_REPRESENTATION_CONTEXT(2) 
PARAMETRIC_REPRESENTATION_CONTEXT() REPRESENTATION_CONTEXT('2D SPACE',''
  ) );
#11905 = PCURVE('',#11831,#11906);
#11906 = DEFINITIONAL_REPRESENTATION('',(#11907),#11915);
#11907 = ( BOUNDED_CURVE() B_SPLINE_CURVE(2,(#11908,#11909,#11910,#11911
    ,#11912,#11913,#11914),.UNSPECIFIED.,.T.,.F.) 
B_SPLINE_CURVE_WITH_KNOTS((1,2,2,2,2,1),(-2.094395102393,0.,
    2.094395102393,4.188790204786,6.28318530718,8.377580409573),
.UNSPECIFIED.) CURVE() GEOMETRIC_REPRESENTATION_ITEM() 
RATIONAL_B_SPLINE_CURVE((1.,0.5,1.,0.5,1.,0.5,1.)) REPRESENTATION_ITEM(
  '') );
#11908 = CARTESIAN_POINT('',(-11.715,-20.615));
#11909 = CARTESIAN_POINT('',(-20.20204895708,-20.615));
#11910 = CARTESIAN_POINT('',(-15.95852447854,-13.265));
#11911 = CARTESIAN_POINT('',(-11.715,-5.915));
#11912 = CARTESIAN_POINT('',(-7.471475521456,-13.265));
#11913 = CARTESIAN_POINT('',(-3.227951042912,-20.615));
#11914 = CARTESIAN_POINT('',(-11.715,-20.615));
#11915 = ( GEOMETRIC_REPRESENTATION_CONTEXT(2) 
PARAMETRIC_REPRESENTATION_CONTEXT() REPRESENTATION_CONTEXT('2D SPACE',''
  ) );
#11916 = ORIENTED_EDGE('',*,*,#11792,.F.);
#11917 = ADVANCED_FACE('',(#11918),#9632,.T.);
#11918 = FACE_BOUND('',#11919,.T.);
#11919 = EDGE_LOOP('',(#11920,#11921,#11944,#11966));
#11920 = ORIENTED_EDGE('',*,*,#9617,.T.);
#11921 = ORIENTED_EDGE('',*,*,#11922,.T.);
#11922 = EDGE_CURVE('',#9590,#11923,#11925,.T.);
#11923 = VERTEX_POINT('',#11924);
#11924 = CARTESIAN_POINT('',(16.615,-15.715,-11.5));
#11925 = SURFACE_CURVE('',#11926,(#11930,#11937),.PCURVE_S1.);
#11926 = LINE('',#11927,#11928);
#11927 = CARTESIAN_POINT('',(16.615,-15.715,-13.));
#11928 = VECTOR('',#11929,1.);
#11929 = DIRECTION('',(0.,0.,1.));
#11930 = PCURVE('',#9632,#11931);
#11931 = DEFINITIONAL_REPRESENTATION('',(#11932),#11936);
#11932 = LINE('',#11933,#11934);
#11933 = CARTESIAN_POINT('',(1.570796326795,0.));
#11934 = VECTOR('',#11935,1.);
#11935 = DIRECTION('',(0.,1.));
#11936 = ( GEOMETRIC_REPRESENTATION_CONTEXT(2) 
PARAMETRIC_REPRESENTATION_CONTEXT() REPRESENTATION_CONTEXT('2D SPACE',''
  ) );
#11937 = PCURVE('',#9605,#11938);
#11938 = DEFINITIONAL_REPRESENTATION('',(#11939),#11943);
#11939 = LINE('',#11940,#11941);
#11940 = CARTESIAN_POINT('',(4.9,0.));
#11941 = VECTOR('',#11942,1.);
#11942 = DIRECTION('',(0.,-1.));
#11943 = ( GEOMETRIC_REPRESENTATION_CONTEXT(2) 
PARAMETRIC_REPRESENTATION_CONTEXT() REPRESENTATION_CONTEXT('2D SPACE',''
  ) );
#11944 = ORIENTED_EDGE('',*,*,#11945,.F.);
#11945 = EDGE_CURVE('',#11816,#11923,#11946,.T.);
#11946 = SURFACE_CURVE('',#11947,(#11952,#11959),.PCURVE_S1.);
#11947 = CIRCLE('',#11948,4.9);
#11948 = AXIS2_PLACEMENT_3D('',#11949,#11950,#11951);
#11949 = CARTESIAN_POINT('',(11.715,-15.715,-11.5));
#11950 = DIRECTION('',(0.,0.,1.));
#11951 = DIRECTION('',(0.,-1.,0.));
#11952 = PCURVE('',#9632,#11953);
#11953 = DEFINITIONAL_REPRESENTATION('',(#11954),#11958);
#11954 = LINE('',#11955,#11956);
#11955 = CARTESIAN_POINT('',(0.,1.5));
#11956 = VECTOR('',#11957,1.);
#11957 = DIRECTION('',(1.,0.));
#11958 = ( GEOMETRIC_REPRESENTATION_CONTEXT(2) 
PARAMETRIC_REPRESENTATION_CONTEXT() REPRESENTATION_CONTEXT('2D SPACE',''
  ) );
#11959 = PCURVE('',#11831,#11960);
#11960 = DEFINITIONAL_REPRESENTATION('',(#11961),#11965);
#11961 = CIRCLE('',#11962,4.9);
#11962 = AXIS2_PLACEMENT_2D('',#11963,#11964);
#11963 = CARTESIAN_POINT('',(11.715,-15.715));
#11964 = DIRECTION('',(0.,-1.));
#11965 = ( GEOMETRIC_REPRESENTATION_CONTEXT(2) 
PARAMETRIC_REPRESENTATION_CONTEXT() REPRESENTATION_CONTEXT('2D SPACE',''
  ) );
#11966 = ORIENTED_EDGE('',*,*,#11843,.F.);
#11967 = ADVANCED_FACE('',(#11968),#9491,.F.);
#11968 = FACE_BOUND('',#11969,.F.);
#11969 = EDGE_LOOP('',(#11970,#11971,#11994,#12015));
#11970 = ORIENTED_EDGE('',*,*,#9475,.F.);
#11971 = ORIENTED_EDGE('',*,*,#11972,.T.);
#11972 = EDGE_CURVE('',#9476,#11973,#11975,.T.);
#11973 = VERTEX_POINT('',#11974);
#11974 = CARTESIAN_POINT('',(-16.615,15.715,-11.5));
#11975 = SURFACE_CURVE('',#11976,(#11980,#11987),.PCURVE_S1.);
#11976 = LINE('',#11977,#11978);
#11977 = CARTESIAN_POINT('',(-16.615,15.715,-13.));
#11978 = VECTOR('',#11979,1.);
#11979 = DIRECTION('',(0.,0.,1.));
#11980 = PCURVE('',#9491,#11981);
#11981 = DEFINITIONAL_REPRESENTATION('',(#11982),#11986);
#11982 = LINE('',#11983,#11984);
#11983 = CARTESIAN_POINT('',(4.9,0.));
#11984 = VECTOR('',#11985,1.);
#11985 = DIRECTION('',(0.,-1.));
#11986 = ( GEOMETRIC_REPRESENTATION_CONTEXT(2) 
PARAMETRIC_REPRESENTATION_CONTEXT() REPRESENTATION_CONTEXT('2D SPACE',''
  ) );
#11987 = PCURVE('',#9520,#11988);
#11988 = DEFINITIONAL_REPRESENTATION('',(#11989),#11993);
#11989 = LINE('',#11990,#11991);
#11990 = CARTESIAN_POINT('',(1.570796326795,0.));
#11991 = VECTOR('',#11992,1.);
#11992 = DIRECTION('',(0.,1.));
#11993 = ( GEOMETRIC_REPRESENTATION_CONTEXT(2) 
PARAMETRIC_REPRESENTATION_CONTEXT() REPRESENTATION_CONTEXT('2D SPACE',''
  ) );
#11994 = ORIENTED_EDGE('',*,*,#11995,.T.);
#11995 = EDGE_CURVE('',#11973,#11869,#11996,.T.);
#11996 = SURFACE_CURVE('',#11997,(#12001,#12008),.PCURVE_S1.);
#11997 = LINE('',#11998,#11999);
#11998 = CARTESIAN_POINT('',(-16.615,20.615,-11.5));
#11999 = VECTOR('',#12000,1.);
#12000 = DIRECTION('',(0.,-1.,0.));
#12001 = PCURVE('',#9491,#12002);
#12002 = DEFINITIONAL_REPRESENTATION('',(#12003),#12007);
#12003 = LINE('',#12004,#12005);
#12004 = CARTESIAN_POINT('',(0.,-1.5));
#12005 = VECTOR('',#12006,1.);
#12006 = DIRECTION('',(1.,0.));
#12007 = ( GEOMETRIC_REPRESENTATION_CONTEXT(2) 
PARAMETRIC_REPRESENTATION_CONTEXT() REPRESENTATION_CONTEXT('2D SPACE',''
  ) );
#12008 = PCURVE('',#11831,#12009);
#12009 = DEFINITIONAL_REPRESENTATION('',(#12010),#12014);
#12010 = LINE('',#12011,#12012);
#12011 = CARTESIAN_POINT('',(-16.615,20.615));
#12012 = VECTOR('',#12013,1.);
#12013 = DIRECTION('',(0.,-1.));
#12014 = ( GEOMETRIC_REPRESENTATION_CONTEXT(2) 
PARAMETRIC_REPRESENTATION_CONTEXT() REPRESENTATION_CONTEXT('2D SPACE',''
  ) );
#12015 = ORIENTED_EDGE('',*,*,#11868,.F.);
#12016 = ADVANCED_FACE('',(#12017),#9605,.F.);
#12017 = FACE_BOUND('',#12018,.F.);
#12018 = EDGE_LOOP('',(#12019,#12020,#12021,#12044));
#12019 = ORIENTED_EDGE('',*,*,#9589,.F.);
#12020 = ORIENTED_EDGE('',*,*,#11922,.T.);
#12021 = ORIENTED_EDGE('',*,*,#12022,.T.);
#12022 = EDGE_CURVE('',#11923,#12023,#12025,.T.);
#12023 = VERTEX_POINT('',#12024);
#12024 = CARTESIAN_POINT('',(16.615,15.715,-11.5));
#12025 = SURFACE_CURVE('',#12026,(#12030,#12037),.PCURVE_S1.);
#12026 = LINE('',#12027,#12028);
#12027 = CARTESIAN_POINT('',(16.615,-20.615,-11.5));
#12028 = VECTOR('',#12029,1.);
#12029 = DIRECTION('',(0.,1.,0.));
#12030 = PCURVE('',#9605,#12031);
#12031 = DEFINITIONAL_REPRESENTATION('',(#12032),#12036);
#12032 = LINE('',#12033,#12034);
#12033 = CARTESIAN_POINT('',(0.,-1.5));
#12034 = VECTOR('',#12035,1.);
#12035 = DIRECTION('',(1.,0.));
#12036 = ( GEOMETRIC_REPRESENTATION_CONTEXT(2) 
PARAMETRIC_REPRESENTATION_CONTEXT() REPRESENTATION_CONTEXT('2D SPACE',''
  ) );
#12037 = PCURVE('',#11831,#12038);
#12038 = DEFINITIONAL_REPRESENTATION('',(#12039),#12043);
#12039 = LINE('',#12040,#12041);
#12040 = CARTESIAN_POINT('',(16.615,-20.615));
#12041 = VECTOR('',#12042,1.);
#12042 = DIRECTION('',(0.,1.));
#12043 = ( GEOMETRIC_REPRESENTATION_CONTEXT(2) 
PARAMETRIC_REPRESENTATION_CONTEXT() REPRESENTATION_CONTEXT('2D SPACE',''
  ) );
#12044 = ORIENTED_EDGE('',*,*,#12045,.F.);
#12045 = EDGE_CURVE('',#9561,#12023,#12046,.T.);
#12046 = SURFACE_CURVE('',#12047,(#12051,#12058),.PCURVE_S1.);
#12047 = LINE('',#12048,#12049);
#12048 = CARTESIAN_POINT('',(16.615,15.715,-13.));
#12049 = VECTOR('',#12050,1.);
#12050 = DIRECTION('',(0.,0.,1.));
#12051 = PCURVE('',#9605,#12052);
#12052 = DEFINITIONAL_REPRESENTATION('',(#12053),#12057);
#12053 = LINE('',#12054,#12055);
#12054 = CARTESIAN_POINT('',(36.33,0.));
#12055 = VECTOR('',#12056,1.);
#12056 = DIRECTION('',(0.,-1.));
#12057 = ( GEOMETRIC_REPRESENTATION_CONTEXT(2) 
PARAMETRIC_REPRESENTATION_CONTEXT() REPRESENTATION_CONTEXT('2D SPACE',''
  ) );
#12058 = PCURVE('',#9577,#12059);
#12059 = DEFINITIONAL_REPRESENTATION('',(#12060),#12064);
#12060 = LINE('',#12061,#12062);
#12061 = CARTESIAN_POINT('',(0.,0.));
#12062 = VECTOR('',#12063,1.);
#12063 = DIRECTION('',(0.,1.));
#12064 = ( GEOMETRIC_REPRESENTATION_CONTEXT(2) 
PARAMETRIC_REPRESENTATION_CONTEXT() REPRESENTATION_CONTEXT('2D SPACE',''
  ) );
#12065 = ADVANCED_FACE('',(#12066),#9520,.T.);
#12066 = FACE_BOUND('',#12067,.T.);
#12067 = EDGE_LOOP('',(#12068,#12069,#12070,#12094));
#12068 = ORIENTED_EDGE('',*,*,#9503,.T.);
#12069 = ORIENTED_EDGE('',*,*,#11972,.T.);
#12070 = ORIENTED_EDGE('',*,*,#12071,.F.);
#12071 = EDGE_CURVE('',#12072,#11973,#12074,.T.);
#12072 = VERTEX_POINT('',#12073);
#12073 = CARTESIAN_POINT('',(-11.715,20.615,-11.5));
#12074 = SURFACE_CURVE('',#12075,(#12080,#12087),.PCURVE_S1.);
#12075 = CIRCLE('',#12076,4.9);
#12076 = AXIS2_PLACEMENT_3D('',#12077,#12078,#12079);
#12077 = CARTESIAN_POINT('',(-11.715,15.715,-11.5));
#12078 = DIRECTION('',(0.,0.,1.));
#12079 = DIRECTION('',(0.,-1.,0.));
#12080 = PCURVE('',#9520,#12081);
#12081 = DEFINITIONAL_REPRESENTATION('',(#12082),#12086);
#12082 = LINE('',#12083,#12084);
#12083 = CARTESIAN_POINT('',(-3.14159265359,1.5));
#12084 = VECTOR('',#12085,1.);
#12085 = DIRECTION('',(1.,0.));
#12086 = ( GEOMETRIC_REPRESENTATION_CONTEXT(2) 
PARAMETRIC_REPRESENTATION_CONTEXT() REPRESENTATION_CONTEXT('2D SPACE',''
  ) );
#12087 = PCURVE('',#11831,#12088);
#12088 = DEFINITIONAL_REPRESENTATION('',(#12089),#12093);
#12089 = CIRCLE('',#12090,4.9);
#12090 = AXIS2_PLACEMENT_2D('',#12091,#12092);
#12091 = CARTESIAN_POINT('',(-11.715,15.715));
#12092 = DIRECTION('',(0.,-1.));
#12093 = ( GEOMETRIC_REPRESENTATION_CONTEXT(2) 
PARAMETRIC_REPRESENTATION_CONTEXT() REPRESENTATION_CONTEXT('2D SPACE',''
  ) );
#12094 = ORIENTED_EDGE('',*,*,#12095,.F.);
#12095 = EDGE_CURVE('',#9504,#12072,#12096,.T.);
#12096 = SURFACE_CURVE('',#12097,(#12101,#12108),.PCURVE_S1.);
#12097 = LINE('',#12098,#12099);
#12098 = CARTESIAN_POINT('',(-11.715,20.615,-13.));
#12099 = VECTOR('',#12100,1.);
#12100 = DIRECTION('',(0.,0.,1.));
#12101 = PCURVE('',#9520,#12102);
#12102 = DEFINITIONAL_REPRESENTATION('',(#12103),#12107);
#12103 = LINE('',#12104,#12105);
#12104 = CARTESIAN_POINT('',(0.,0.));
#12105 = VECTOR('',#12106,1.);
#12106 = DIRECTION('',(0.,1.));
#12107 = ( GEOMETRIC_REPRESENTATION_CONTEXT(2) 
PARAMETRIC_REPRESENTATION_CONTEXT() REPRESENTATION_CONTEXT('2D SPACE',''
  ) );
#12108 = PCURVE('',#9548,#12109);
#12109 = DEFINITIONAL_REPRESENTATION('',(#12110),#12114);
#12110 = LINE('',#12111,#12112);
#12111 = CARTESIAN_POINT('',(28.33,0.));
#12112 = VECTOR('',#12113,1.);
#12113 = DIRECTION('',(0.,-1.));
#12114 = ( GEOMETRIC_REPRESENTATION_CONTEXT(2) 
PARAMETRIC_REPRESENTATION_CONTEXT() REPRESENTATION_CONTEXT('2D SPACE',''
  ) );
#12115 = ADVANCED_FACE('',(#12116),#9577,.T.);
#12116 = FACE_BOUND('',#12117,.T.);
#12117 = EDGE_LOOP('',(#12118,#12119,#12142,#12164));
#12118 = ORIENTED_EDGE('',*,*,#9560,.T.);
#12119 = ORIENTED_EDGE('',*,*,#12120,.T.);
#12120 = EDGE_CURVE('',#9533,#12121,#12123,.T.);
#12121 = VERTEX_POINT('',#12122);
#12122 = CARTESIAN_POINT('',(11.715,20.615,-11.5));
#12123 = SURFACE_CURVE('',#12124,(#12128,#12135),.PCURVE_S1.);
#12124 = LINE('',#12125,#12126);
#12125 = CARTESIAN_POINT('',(11.715,20.615,-13.));
#12126 = VECTOR('',#12127,1.);
#12127 = DIRECTION('',(0.,0.,1.));
#12128 = PCURVE('',#9577,#12129);
#12129 = DEFINITIONAL_REPRESENTATION('',(#12130),#12134);
#12130 = LINE('',#12131,#12132);
#12131 = CARTESIAN_POINT('',(1.570796326795,0.));
#12132 = VECTOR('',#12133,1.);
#12133 = DIRECTION('',(0.,1.));
#12134 = ( GEOMETRIC_REPRESENTATION_CONTEXT(2) 
PARAMETRIC_REPRESENTATION_CONTEXT() REPRESENTATION_CONTEXT('2D SPACE',''
  ) );
#12135 = PCURVE('',#9548,#12136);
#12136 = DEFINITIONAL_REPRESENTATION('',(#12137),#12141);
#12137 = LINE('',#12138,#12139);
#12138 = CARTESIAN_POINT('',(4.9,0.));
#12139 = VECTOR('',#12140,1.);
#12140 = DIRECTION('',(0.,-1.));
#12141 = ( GEOMETRIC_REPRESENTATION_CONTEXT(2) 
PARAMETRIC_REPRESENTATION_CONTEXT() REPRESENTATION_CONTEXT('2D SPACE',''
  ) );
#12142 = ORIENTED_EDGE('',*,*,#12143,.F.);
#12143 = EDGE_CURVE('',#12023,#12121,#12144,.T.);
#12144 = SURFACE_CURVE('',#12145,(#12150,#12157),.PCURVE_S1.);
#12145 = CIRCLE('',#12146,4.9);
#12146 = AXIS2_PLACEMENT_3D('',#12147,#12148,#12149);
#12147 = CARTESIAN_POINT('',(11.715,15.715,-11.5));
#12148 = DIRECTION('',(0.,0.,1.));
#12149 = DIRECTION('',(0.,-1.,0.));
#12150 = PCURVE('',#9577,#12151);
#12151 = DEFINITIONAL_REPRESENTATION('',(#12152),#12156);
#12152 = LINE('',#12153,#12154);
#12153 = CARTESIAN_POINT('',(-1.570796326795,1.5));
#12154 = VECTOR('',#12155,1.);
#12155 = DIRECTION('',(1.,0.));
#12156 = ( GEOMETRIC_REPRESENTATION_CONTEXT(2) 
PARAMETRIC_REPRESENTATION_CONTEXT() REPRESENTATION_CONTEXT('2D SPACE',''
  ) );
#12157 = PCURVE('',#11831,#12158);
#12158 = DEFINITIONAL_REPRESENTATION('',(#12159),#12163);
#12159 = CIRCLE('',#12160,4.9);
#12160 = AXIS2_PLACEMENT_2D('',#12161,#12162);
#12161 = CARTESIAN_POINT('',(11.715,15.715));
#12162 = DIRECTION('',(0.,-1.));
#12163 = ( GEOMETRIC_REPRESENTATION_CONTEXT(2) 
PARAMETRIC_REPRESENTATION_CONTEXT() REPRESENTATION_CONTEXT('2D SPACE',''
  ) );
#12164 = ORIENTED_EDGE('',*,*,#12045,.F.);
#12165 = ADVANCED_FACE('',(#12166),#9548,.F.);
#12166 = FACE_BOUND('',#12167,.F.);
#12167 = EDGE_LOOP('',(#12168,#12169,#12170,#12191));
#12168 = ORIENTED_EDGE('',*,*,#9532,.F.);
#12169 = ORIENTED_EDGE('',*,*,#12120,.T.);
#12170 = ORIENTED_EDGE('',*,*,#12171,.T.);
#12171 = EDGE_CURVE('',#12121,#12072,#12172,.T.);
#12172 = SURFACE_CURVE('',#12173,(#12177,#12184),.PCURVE_S1.);
#12173 = LINE('',#12174,#12175);
#12174 = CARTESIAN_POINT('',(16.615,20.615,-11.5));
#12175 = VECTOR('',#12176,1.);
#12176 = DIRECTION('',(-1.,0.,0.));
#12177 = PCURVE('',#9548,#12178);
#12178 = DEFINITIONAL_REPRESENTATION('',(#12179),#12183);
#12179 = LINE('',#12180,#12181);
#12180 = CARTESIAN_POINT('',(0.,-1.5));
#12181 = VECTOR('',#12182,1.);
#12182 = DIRECTION('',(1.,0.));
#12183 = ( GEOMETRIC_REPRESENTATION_CONTEXT(2) 
PARAMETRIC_REPRESENTATION_CONTEXT() REPRESENTATION_CONTEXT('2D SPACE',''
  ) );
#12184 = PCURVE('',#11831,#12185);
#12185 = DEFINITIONAL_REPRESENTATION('',(#12186),#12190);
#12186 = LINE('',#12187,#12188);
#12187 = CARTESIAN_POINT('',(16.615,20.615));
#12188 = VECTOR('',#12189,1.);
#12189 = DIRECTION('',(-1.,0.));
#12190 = ( GEOMETRIC_REPRESENTATION_CONTEXT(2) 
PARAMETRIC_REPRESENTATION_CONTEXT() REPRESENTATION_CONTEXT('2D SPACE',''
  ) );
#12191 = ORIENTED_EDGE('',*,*,#12095,.F.);
#12192 = ADVANCED_FACE('',(#12193),#9667,.F.);
#12193 = FACE_BOUND('',#12194,.T.);
#12194 = EDGE_LOOP('',(#12195,#12223,#12244,#12245));
#12195 = ORIENTED_EDGE('',*,*,#12196,.T.);
#12196 = EDGE_CURVE('',#12197,#12197,#12199,.T.);
#12197 = VERTEX_POINT('',#12198);
#12198 = CARTESIAN_POINT('',(20.05,16.,-14.));
#12199 = SURFACE_CURVE('',#12200,(#12205,#12212),.PCURVE_S1.);
#12200 = CIRCLE('',#12201,1.15);
#12201 = AXIS2_PLACEMENT_3D('',#12202,#12203,#12204);
#12202 = CARTESIAN_POINT('',(18.9,16.,-14.));
#12203 = DIRECTION('',(0.,0.,-1.));
#12204 = DIRECTION('',(1.,0.,0.));
#12205 = PCURVE('',#9667,#12206);
#12206 = DEFINITIONAL_REPRESENTATION('',(#12207),#12211);
#12207 = LINE('',#12208,#12209);
#12208 = CARTESIAN_POINT('',(-6.28318530718,-1.));
#12209 = VECTOR('',#12210,1.);
#12210 = DIRECTION('',(1.,-0.));
#12211 = ( GEOMETRIC_REPRESENTATION_CONTEXT(2) 
PARAMETRIC_REPRESENTATION_CONTEXT() REPRESENTATION_CONTEXT('2D SPACE',''
  ) );
#12212 = PCURVE('',#10815,#12213);
#12213 = DEFINITIONAL_REPRESENTATION('',(#12214),#12222);
#12214 = ( BOUNDED_CURVE() B_SPLINE_CURVE(2,(#12215,#12216,#12217,#12218
    ,#12219,#12220,#12221),.UNSPECIFIED.,.T.,.F.) 
B_SPLINE_CURVE_WITH_KNOTS((1,2,2,2,2,1),(-2.094395102393,0.,
    2.094395102393,4.188790204786,6.28318530718,8.377580409573),
.UNSPECIFIED.) CURVE() GEOMETRIC_REPRESENTATION_ITEM() 
RATIONAL_B_SPLINE_CURVE((1.,0.5,1.,0.5,1.,0.5,1.)) REPRESENTATION_ITEM(
  '') );
#12215 = CARTESIAN_POINT('',(1.15,0.));
#12216 = CARTESIAN_POINT('',(1.15,-1.991858428704));
#12217 = CARTESIAN_POINT('',(-0.575,-0.995929214352));
#12218 = CARTESIAN_POINT('',(-2.3,-2.816687638039E-16));
#12219 = CARTESIAN_POINT('',(-0.575,0.995929214352));
#12220 = CARTESIAN_POINT('',(1.15,1.991858428704));
#12221 = CARTESIAN_POINT('',(1.15,0.));
#12222 = ( GEOMETRIC_REPRESENTATION_CONTEXT(2) 
PARAMETRIC_REPRESENTATION_CONTEXT() REPRESENTATION_CONTEXT('2D SPACE',''
  ) );
#12223 = ORIENTED_EDGE('',*,*,#12224,.T.);
#12224 = EDGE_CURVE('',#12197,#9647,#12225,.T.);
#12225 = SEAM_CURVE('',#12226,(#12230,#12237),.PCURVE_S1.);
#12226 = LINE('',#12227,#12228);
#12227 = CARTESIAN_POINT('',(20.05,16.,-15.));
#12228 = VECTOR('',#12229,1.);
#12229 = DIRECTION('',(0.,0.,1.));
#12230 = PCURVE('',#9667,#12231);
#12231 = DEFINITIONAL_REPRESENTATION('',(#12232),#12236);
#12232 = LINE('',#12233,#12234);
#12233 = CARTESIAN_POINT('',(-6.28318530718,0.));
#12234 = VECTOR('',#12235,1.);
#12235 = DIRECTION('',(-0.,-1.));
#12236 = ( GEOMETRIC_REPRESENTATION_CONTEXT(2) 
PARAMETRIC_REPRESENTATION_CONTEXT() REPRESENTATION_CONTEXT('2D SPACE',''
  ) );
#12237 = PCURVE('',#9667,#12238);
#12238 = DEFINITIONAL_REPRESENTATION('',(#12239),#12243);
#12239 = LINE('',#12240,#12241);
#12240 = CARTESIAN_POINT('',(-0.,0.));
#12241 = VECTOR('',#12242,1.);
#12242 = DIRECTION('',(-0.,-1.));
#12243 = ( GEOMETRIC_REPRESENTATION_CONTEXT(2) 
PARAMETRIC_REPRESENTATION_CONTEXT() REPRESENTATION_CONTEXT('2D SPACE',''
  ) );
#12244 = ORIENTED_EDGE('',*,*,#9646,.F.);
#12245 = ORIENTED_EDGE('',*,*,#12224,.F.);
#12246 = ADVANCED_FACE('',(#12247),#9748,.T.);
#12247 = FACE_BOUND('',#12248,.T.);
#12248 = EDGE_LOOP('',(#12249,#12250,#12251,#12272));
#12249 = ORIENTED_EDGE('',*,*,#9732,.F.);
#12250 = ORIENTED_EDGE('',*,*,#10448,.T.);
#12251 = ORIENTED_EDGE('',*,*,#12252,.T.);
#12252 = EDGE_CURVE('',#10324,#11555,#12253,.T.);
#12253 = SURFACE_CURVE('',#12254,(#12258,#12265),.PCURVE_S1.);
#12254 = LINE('',#12255,#12256);
#12255 = CARTESIAN_POINT('',(13.2,25.2,-14.8));
#12256 = VECTOR('',#12257,1.);
#12257 = DIRECTION('',(0.,0.,1.));
#12258 = PCURVE('',#9748,#12259);
#12259 = DEFINITIONAL_REPRESENTATION('',(#12260),#12264);
#12260 = LINE('',#12261,#12262);
#12261 = CARTESIAN_POINT('',(1.570796326795,0.));
#12262 = VECTOR('',#12263,1.);
#12263 = DIRECTION('',(0.,1.));
#12264 = ( GEOMETRIC_REPRESENTATION_CONTEXT(2) 
PARAMETRIC_REPRESENTATION_CONTEXT() REPRESENTATION_CONTEXT('2D SPACE',''
  ) );
#12265 = PCURVE('',#10180,#12266);
#12266 = DEFINITIONAL_REPRESENTATION('',(#12267),#12271);
#12267 = LINE('',#12268,#12269);
#12268 = CARTESIAN_POINT('',(8.,0.));
#12269 = VECTOR('',#12270,1.);
#12270 = DIRECTION('',(0.,-1.));
#12271 = ( GEOMETRIC_REPRESENTATION_CONTEXT(2) 
PARAMETRIC_REPRESENTATION_CONTEXT() REPRESENTATION_CONTEXT('2D SPACE',''
  ) );
#12272 = ORIENTED_EDGE('',*,*,#11554,.F.);
#12273 = ADVANCED_FACE('',(#12274),#10180,.F.);
#12274 = FACE_BOUND('',#12275,.F.);
#12275 = EDGE_LOOP('',(#12276,#12277,#12278,#12279));
#12276 = ORIENTED_EDGE('',*,*,#12252,.T.);
#12277 = ORIENTED_EDGE('',*,*,#11605,.T.);
#12278 = ORIENTED_EDGE('',*,*,#10162,.F.);
#12279 = ORIENTED_EDGE('',*,*,#10347,.F.);
#12280 = ADVANCED_FACE('',(#12281,#12284),#10279,.F.);
#12281 = FACE_BOUND('',#12282,.F.);
#12282 = EDGE_LOOP('',(#12283));
#12283 = ORIENTED_EDGE('',*,*,#10264,.T.);
#12284 = FACE_BOUND('',#12285,.F.);
#12285 = EDGE_LOOP('',(#12286));
#12286 = ORIENTED_EDGE('',*,*,#11737,.T.);
#12287 = ADVANCED_FACE('',(#12288,#12291),#10410,.F.);
#12288 = FACE_BOUND('',#12289,.F.);
#12289 = EDGE_LOOP('',(#12290));
#12290 = ORIENTED_EDGE('',*,*,#10395,.T.);
#12291 = FACE_BOUND('',#12292,.F.);
#12292 = EDGE_LOOP('',(#12293));
#12293 = ORIENTED_EDGE('',*,*,#11629,.T.);
#12294 = ADVANCED_FACE('',(#12295,#12298),#10815,.F.);
#12295 = FACE_BOUND('',#12296,.F.);
#12296 = EDGE_LOOP('',(#12297));
#12297 = ORIENTED_EDGE('',*,*,#10800,.T.);
#12298 = FACE_BOUND('',#12299,.F.);
#12299 = EDGE_LOOP('',(#12300));
#12300 = ORIENTED_EDGE('',*,*,#12196,.T.);
#12301 = ADVANCED_FACE('',(#12302,#12305),#10872,.F.);
#12302 = FACE_BOUND('',#12303,.F.);
#12303 = EDGE_LOOP('',(#12304));
#12304 = ORIENTED_EDGE('',*,*,#10857,.T.);
#12305 = FACE_BOUND('',#12306,.F.);
#12306 = EDGE_LOOP('',(#12307));
#12307 = ORIENTED_EDGE('',*,*,#11683,.T.);
#12308 = ADVANCED_FACE('',(#12309,#12535,#12566,#12597,#12603,#12634,
    #12640,#12646),#10929,.T.);
#12309 = FACE_BOUND('',#12310,.T.);
#12310 = EDGE_LOOP('',(#12311,#12340,#12369,#12396,#12425,#12452,#12481,
    #12508));
#12311 = ORIENTED_EDGE('',*,*,#12312,.F.);
#12312 = EDGE_CURVE('',#12313,#12315,#12317,.T.);
#12313 = VERTEX_POINT('',#12314);
#12314 = CARTESIAN_POINT('',(11.715,-19.115,-13.));
#12315 = VERTEX_POINT('',#12316);
#12316 = CARTESIAN_POINT('',(-11.715,-19.115,-13.));
#12317 = SURFACE_CURVE('',#12318,(#12322,#12329),.PCURVE_S1.);
#12318 = LINE('',#12319,#12320);
#12319 = CARTESIAN_POINT('',(-7.5575,-19.115,-13.));
#12320 = VECTOR('',#12321,1.);
#12321 = DIRECTION('',(-1.,0.,0.));
#12322 = PCURVE('',#10929,#12323);
#12323 = DEFINITIONAL_REPRESENTATION('',(#12324),#12328);
#12324 = LINE('',#12325,#12326);
#12325 = CARTESIAN_POINT('',(-7.5575,-19.115));
#12326 = VECTOR('',#12327,1.);
#12327 = DIRECTION('',(-1.,0.));
#12328 = ( GEOMETRIC_REPRESENTATION_CONTEXT(2) 
PARAMETRIC_REPRESENTATION_CONTEXT() REPRESENTATION_CONTEXT('2D SPACE',''
  ) );
#12329 = PCURVE('',#12330,#12335);
#12330 = PLANE('',#12331);
#12331 = AXIS2_PLACEMENT_3D('',#12332,#12333,#12334);
#12332 = CARTESIAN_POINT('',(-15.115,-19.115,-13.1));
#12333 = DIRECTION('',(0.,1.,0.));
#12334 = DIRECTION('',(1.,0.,0.));
#12335 = DEFINITIONAL_REPRESENTATION('',(#12336),#12339);
#12336 = B_SPLINE_CURVE_WITH_KNOTS('',1,(#12337,#12338),.UNSPECIFIED.,
  .F.,.F.,(2,2),(-19.2725,4.1575),.PIECEWISE_BEZIER_KNOTS.);
#12337 = CARTESIAN_POINT('',(26.83,-0.1));
#12338 = CARTESIAN_POINT('',(3.4,-0.1));
#12339 = ( GEOMETRIC_REPRESENTATION_CONTEXT(2) 
PARAMETRIC_REPRESENTATION_CONTEXT() REPRESENTATION_CONTEXT('2D SPACE',''
  ) );
#12340 = ORIENTED_EDGE('',*,*,#12341,.T.);
#12341 = EDGE_CURVE('',#12313,#12342,#12344,.T.);
#12342 = VERTEX_POINT('',#12343);
#12343 = CARTESIAN_POINT('',(15.115,-15.715,-13.));
#12344 = SURFACE_CURVE('',#12345,(#12350,#12357),.PCURVE_S1.);
#12345 = CIRCLE('',#12346,3.4);
#12346 = AXIS2_PLACEMENT_3D('',#12347,#12348,#12349);
#12347 = CARTESIAN_POINT('',(11.715,-15.715,-13.));
#12348 = DIRECTION('',(0.,0.,1.));
#12349 = DIRECTION('',(0.,-1.,0.));
#12350 = PCURVE('',#10929,#12351);
#12351 = DEFINITIONAL_REPRESENTATION('',(#12352),#12356);
#12352 = CIRCLE('',#12353,3.4);
#12353 = AXIS2_PLACEMENT_2D('',#12354,#12355);
#12354 = CARTESIAN_POINT('',(11.715,-15.715));
#12355 = DIRECTION('',(0.,-1.));
#12356 = ( GEOMETRIC_REPRESENTATION_CONTEXT(2) 
PARAMETRIC_REPRESENTATION_CONTEXT() REPRESENTATION_CONTEXT('2D SPACE',''
  ) );
#12357 = PCURVE('',#12358,#12363);
#12358 = CYLINDRICAL_SURFACE('',#12359,3.4);
#12359 = AXIS2_PLACEMENT_3D('',#12360,#12361,#12362);
#12360 = CARTESIAN_POINT('',(11.715,-15.715,-13.1));
#12361 = DIRECTION('',(0.,0.,1.));
#12362 = DIRECTION('',(0.,-1.,0.));
#12363 = DEFINITIONAL_REPRESENTATION('',(#12364),#12368);
#12364 = LINE('',#12365,#12366);
#12365 = CARTESIAN_POINT('',(0.,0.1));
#12366 = VECTOR('',#12367,1.);
#12367 = DIRECTION('',(1.,0.));
#12368 = ( GEOMETRIC_REPRESENTATION_CONTEXT(2) 
PARAMETRIC_REPRESENTATION_CONTEXT() REPRESENTATION_CONTEXT('2D SPACE',''
  ) );
#12369 = ORIENTED_EDGE('',*,*,#12370,.F.);
#12370 = EDGE_CURVE('',#12371,#12342,#12373,.T.);
#12371 = VERTEX_POINT('',#12372);
#12372 = CARTESIAN_POINT('',(15.115,15.715,-13.));
#12373 = SURFACE_CURVE('',#12374,(#12378,#12385),.PCURVE_S1.);
#12374 = LINE('',#12375,#12376);
#12375 = CARTESIAN_POINT('',(15.115,-9.5575,-13.));
#12376 = VECTOR('',#12377,1.);
#12377 = DIRECTION('',(0.,-1.,0.));
#12378 = PCURVE('',#10929,#12379);
#12379 = DEFINITIONAL_REPRESENTATION('',(#12380),#12384);
#12380 = LINE('',#12381,#12382);
#12381 = CARTESIAN_POINT('',(15.115,-9.5575));
#12382 = VECTOR('',#12383,1.);
#12383 = DIRECTION('',(0.,-1.));
#12384 = ( GEOMETRIC_REPRESENTATION_CONTEXT(2) 
PARAMETRIC_REPRESENTATION_CONTEXT() REPRESENTATION_CONTEXT('2D SPACE',''
  ) );
#12385 = PCURVE('',#12386,#12391);
#12386 = PLANE('',#12387);
#12387 = AXIS2_PLACEMENT_3D('',#12388,#12389,#12390);
#12388 = CARTESIAN_POINT('',(15.115,-19.115,-13.1));
#12389 = DIRECTION('',(-1.,0.,0.));
#12390 = DIRECTION('',(0.,1.,0.));
#12391 = DEFINITIONAL_REPRESENTATION('',(#12392),#12395);
#12392 = B_SPLINE_CURVE_WITH_KNOTS('',1,(#12393,#12394),.UNSPECIFIED.,
  .F.,.F.,(2,2),(-25.2725,6.1575),.PIECEWISE_BEZIER_KNOTS.);
#12393 = CARTESIAN_POINT('',(34.83,-0.1));
#12394 = CARTESIAN_POINT('',(3.4,-0.1));
#12395 = ( GEOMETRIC_REPRESENTATION_CONTEXT(2) 
PARAMETRIC_REPRESENTATION_CONTEXT() REPRESENTATION_CONTEXT('2D SPACE',''
  ) );
#12396 = ORIENTED_EDGE('',*,*,#12397,.T.);
#12397 = EDGE_CURVE('',#12371,#12398,#12400,.T.);
#12398 = VERTEX_POINT('',#12399);
#12399 = CARTESIAN_POINT('',(11.715,19.115,-13.));
#12400 = SURFACE_CURVE('',#12401,(#12406,#12413),.PCURVE_S1.);
#12401 = CIRCLE('',#12402,3.4);
#12402 = AXIS2_PLACEMENT_3D('',#12403,#12404,#12405);
#12403 = CARTESIAN_POINT('',(11.715,15.715,-13.));
#12404 = DIRECTION('',(0.,0.,1.));
#12405 = DIRECTION('',(1.,0.,-0.));
#12406 = PCURVE('',#10929,#12407);
#12407 = DEFINITIONAL_REPRESENTATION('',(#12408),#12412);
#12408 = CIRCLE('',#12409,3.4);
#12409 = AXIS2_PLACEMENT_2D('',#12410,#12411);
#12410 = CARTESIAN_POINT('',(11.715,15.715));
#12411 = DIRECTION('',(1.,0.));
#12412 = ( GEOMETRIC_REPRESENTATION_CONTEXT(2) 
PARAMETRIC_REPRESENTATION_CONTEXT() REPRESENTATION_CONTEXT('2D SPACE',''
  ) );
#12413 = PCURVE('',#12414,#12419);
#12414 = CYLINDRICAL_SURFACE('',#12415,3.4);
#12415 = AXIS2_PLACEMENT_3D('',#12416,#12417,#12418);
#12416 = CARTESIAN_POINT('',(11.715,15.715,-13.1));
#12417 = DIRECTION('',(0.,0.,1.));
#12418 = DIRECTION('',(1.,0.,-0.));
#12419 = DEFINITIONAL_REPRESENTATION('',(#12420),#12424);
#12420 = LINE('',#12421,#12422);
#12421 = CARTESIAN_POINT('',(0.,0.1));
#12422 = VECTOR('',#12423,1.);
#12423 = DIRECTION('',(1.,0.));
#12424 = ( GEOMETRIC_REPRESENTATION_CONTEXT(2) 
PARAMETRIC_REPRESENTATION_CONTEXT() REPRESENTATION_CONTEXT('2D SPACE',''
  ) );
#12425 = ORIENTED_EDGE('',*,*,#12426,.F.);
#12426 = EDGE_CURVE('',#12427,#12398,#12429,.T.);
#12427 = VERTEX_POINT('',#12428);
#12428 = CARTESIAN_POINT('',(-11.715,19.115,-13.));
#12429 = SURFACE_CURVE('',#12430,(#12434,#12441),.PCURVE_S1.);
#12430 = LINE('',#12431,#12432);
#12431 = CARTESIAN_POINT('',(7.5575,19.115,-13.));
#12432 = VECTOR('',#12433,1.);
#12433 = DIRECTION('',(1.,0.,-0.));
#12434 = PCURVE('',#10929,#12435);
#12435 = DEFINITIONAL_REPRESENTATION('',(#12436),#12440);
#12436 = LINE('',#12437,#12438);
#12437 = CARTESIAN_POINT('',(7.5575,19.115));
#12438 = VECTOR('',#12439,1.);
#12439 = DIRECTION('',(1.,0.));
#12440 = ( GEOMETRIC_REPRESENTATION_CONTEXT(2) 
PARAMETRIC_REPRESENTATION_CONTEXT() REPRESENTATION_CONTEXT('2D SPACE',''
  ) );
#12441 = PCURVE('',#12442,#12447);
#12442 = PLANE('',#12443);
#12443 = AXIS2_PLACEMENT_3D('',#12444,#12445,#12446);
#12444 = CARTESIAN_POINT('',(15.115,19.115,-13.1));
#12445 = DIRECTION('',(0.,-1.,0.));
#12446 = DIRECTION('',(-1.,0.,0.));
#12447 = DEFINITIONAL_REPRESENTATION('',(#12448),#12451);
#12448 = B_SPLINE_CURVE_WITH_KNOTS('',1,(#12449,#12450),.UNSPECIFIED.,
  .F.,.F.,(2,2),(-19.2725,4.1575),.PIECEWISE_BEZIER_KNOTS.);
#12449 = CARTESIAN_POINT('',(26.83,-0.1));
#12450 = CARTESIAN_POINT('',(3.4,-0.1));
#12451 = ( GEOMETRIC_REPRESENTATION_CONTEXT(2) 
PARAMETRIC_REPRESENTATION_CONTEXT() REPRESENTATION_CONTEXT('2D SPACE',''
  ) );
#12452 = ORIENTED_EDGE('',*,*,#12453,.T.);
#12453 = EDGE_CURVE('',#12427,#12454,#12456,.T.);
#12454 = VERTEX_POINT('',#12455);
#12455 = CARTESIAN_POINT('',(-15.115,15.715,-13.));
#12456 = SURFACE_CURVE('',#12457,(#12462,#12469),.PCURVE_S1.);
#12457 = CIRCLE('',#12458,3.4);
#12458 = AXIS2_PLACEMENT_3D('',#12459,#12460,#12461);
#12459 = CARTESIAN_POINT('',(-11.715,15.715,-13.));
#12460 = DIRECTION('',(0.,0.,1.));
#12461 = DIRECTION('',(-0.,1.,0.));
#12462 = PCURVE('',#10929,#12463);
#12463 = DEFINITIONAL_REPRESENTATION('',(#12464),#12468);
#12464 = CIRCLE('',#12465,3.4);
#12465 = AXIS2_PLACEMENT_2D('',#12466,#12467);
#12466 = CARTESIAN_POINT('',(-11.715,15.715));
#12467 = DIRECTION('',(0.,1.));
#12468 = ( GEOMETRIC_REPRESENTATION_CONTEXT(2) 
PARAMETRIC_REPRESENTATION_CONTEXT() REPRESENTATION_CONTEXT('2D SPACE',''
  ) );
#12469 = PCURVE('',#12470,#12475);
#12470 = CYLINDRICAL_SURFACE('',#12471,3.4);
#12471 = AXIS2_PLACEMENT_3D('',#12472,#12473,#12474);
#12472 = CARTESIAN_POINT('',(-11.715,15.715,-13.1));
#12473 = DIRECTION('',(0.,0.,1.));
#12474 = DIRECTION('',(-0.,1.,0.));
#12475 = DEFINITIONAL_REPRESENTATION('',(#12476),#12480);
#12476 = LINE('',#12477,#12478);
#12477 = CARTESIAN_POINT('',(0.,0.1));
#12478 = VECTOR('',#12479,1.);
#12479 = DIRECTION('',(1.,0.));
#12480 = ( GEOMETRIC_REPRESENTATION_CONTEXT(2) 
PARAMETRIC_REPRESENTATION_CONTEXT() REPRESENTATION_CONTEXT('2D SPACE',''
  ) );
#12481 = ORIENTED_EDGE('',*,*,#12482,.F.);
#12482 = EDGE_CURVE('',#12483,#12454,#12485,.T.);
#12483 = VERTEX_POINT('',#12484);
#12484 = CARTESIAN_POINT('',(-15.115,-15.715,-13.));
#12485 = SURFACE_CURVE('',#12486,(#12490,#12497),.PCURVE_S1.);
#12486 = LINE('',#12487,#12488);
#12487 = CARTESIAN_POINT('',(-15.115,9.5575,-13.));
#12488 = VECTOR('',#12489,1.);
#12489 = DIRECTION('',(-0.,1.,0.));
#12490 = PCURVE('',#10929,#12491);
#12491 = DEFINITIONAL_REPRESENTATION('',(#12492),#12496);
#12492 = LINE('',#12493,#12494);
#12493 = CARTESIAN_POINT('',(-15.115,9.5575));
#12494 = VECTOR('',#12495,1.);
#12495 = DIRECTION('',(0.,1.));
#12496 = ( GEOMETRIC_REPRESENTATION_CONTEXT(2) 
PARAMETRIC_REPRESENTATION_CONTEXT() REPRESENTATION_CONTEXT('2D SPACE',''
  ) );
#12497 = PCURVE('',#12498,#12503);
#12498 = PLANE('',#12499);
#12499 = AXIS2_PLACEMENT_3D('',#12500,#12501,#12502);
#12500 = CARTESIAN_POINT('',(-15.115,19.115,-13.1));
#12501 = DIRECTION('',(1.,0.,-0.));
#12502 = DIRECTION('',(0.,-1.,0.));
#12503 = DEFINITIONAL_REPRESENTATION('',(#12504),#12507);
#12504 = B_SPLINE_CURVE_WITH_KNOTS('',1,(#12505,#12506),.UNSPECIFIED.,
  .F.,.F.,(2,2),(-25.2725,6.1575),.PIECEWISE_BEZIER_KNOTS.);
#12505 = CARTESIAN_POINT('',(34.83,-0.1));
#12506 = CARTESIAN_POINT('',(3.4,-0.1));
#12507 = ( GEOMETRIC_REPRESENTATION_CONTEXT(2) 
PARAMETRIC_REPRESENTATION_CONTEXT() REPRESENTATION_CONTEXT('2D SPACE',''
  ) );
#12508 = ORIENTED_EDGE('',*,*,#12509,.T.);
#12509 = EDGE_CURVE('',#12483,#12315,#12510,.T.);
#12510 = SURFACE_CURVE('',#12511,(#12516,#12523),.PCURVE_S1.);
#12511 = CIRCLE('',#12512,3.4);
#12512 = AXIS2_PLACEMENT_3D('',#12513,#12514,#12515);
#12513 = CARTESIAN_POINT('',(-11.715,-15.715,-13.));
#12514 = DIRECTION('',(0.,0.,1.));
#12515 = DIRECTION('',(0.,-1.,0.));
#12516 = PCURVE('',#10929,#12517);
#12517 = DEFINITIONAL_REPRESENTATION('',(#12518),#12522);
#12518 = CIRCLE('',#12519,3.4);
#12519 = AXIS2_PLACEMENT_2D('',#12520,#12521);
#12520 = CARTESIAN_POINT('',(-11.715,-15.715));
#12521 = DIRECTION('',(0.,-1.));
#12522 = ( GEOMETRIC_REPRESENTATION_CONTEXT(2) 
PARAMETRIC_REPRESENTATION_CONTEXT() REPRESENTATION_CONTEXT('2D SPACE',''
  ) );
#12523 = PCURVE('',#12524,#12529);
#12524 = CYLINDRICAL_SURFACE('',#12525,3.4);
#12525 = AXIS2_PLACEMENT_3D('',#12526,#12527,#12528);
#12526 = CARTESIAN_POINT('',(-11.715,-15.715,-13.1));
#12527 = DIRECTION('',(0.,0.,1.));
#12528 = DIRECTION('',(0.,-1.,0.));
#12529 = DEFINITIONAL_REPRESENTATION('',(#12530),#12534);
#12530 = LINE('',#12531,#12532);
#12531 = CARTESIAN_POINT('',(-6.28318530718,0.1));
#12532 = VECTOR('',#12533,1.);
#12533 = DIRECTION('',(1.,-0.));
#12534 = ( GEOMETRIC_REPRESENTATION_CONTEXT(2) 
PARAMETRIC_REPRESENTATION_CONTEXT() REPRESENTATION_CONTEXT('2D SPACE',''
  ) );
#12535 = FACE_BOUND('',#12536,.T.);
#12536 = EDGE_LOOP('',(#12537));
#12537 = ORIENTED_EDGE('',*,*,#12538,.F.);
#12538 = EDGE_CURVE('',#12539,#12539,#12541,.T.);
#12539 = VERTEX_POINT('',#12540);
#12540 = CARTESIAN_POINT('',(-10.5,-17.,-13.));
#12541 = SURFACE_CURVE('',#12542,(#12547,#12554),.PCURVE_S1.);
#12542 = CIRCLE('',#12543,1.);
#12543 = AXIS2_PLACEMENT_3D('',#12544,#12545,#12546);
#12544 = CARTESIAN_POINT('',(-11.5,-17.,-13.));
#12545 = DIRECTION('',(0.,0.,1.));
#12546 = DIRECTION('',(1.,0.,0.));
#12547 = PCURVE('',#10929,#12548);
#12548 = DEFINITIONAL_REPRESENTATION('',(#12549),#12553);
#12549 = CIRCLE('',#12550,1.);
#12550 = AXIS2_PLACEMENT_2D('',#12551,#12552);
#12551 = CARTESIAN_POINT('',(-11.5,-17.));
#12552 = DIRECTION('',(1.,0.));
#12553 = ( GEOMETRIC_REPRESENTATION_CONTEXT(2) 
PARAMETRIC_REPRESENTATION_CONTEXT() REPRESENTATION_CONTEXT('2D SPACE',''
  ) );
#12554 = PCURVE('',#12555,#12560);
#12555 = CYLINDRICAL_SURFACE('',#12556,1.);
#12556 = AXIS2_PLACEMENT_3D('',#12557,#12558,#12559);
#12557 = CARTESIAN_POINT('',(-11.5,-17.,-13.));
#12558 = DIRECTION('',(-0.,-0.,-1.));
#12559 = DIRECTION('',(1.,0.,0.));
#12560 = DEFINITIONAL_REPRESENTATION('',(#12561),#12565);
#12561 = LINE('',#12562,#12563);
#12562 = CARTESIAN_POINT('',(-0.,0.));
#12563 = VECTOR('',#12564,1.);
#12564 = DIRECTION('',(-1.,0.));
#12565 = ( GEOMETRIC_REPRESENTATION_CONTEXT(2) 
PARAMETRIC_REPRESENTATION_CONTEXT() REPRESENTATION_CONTEXT('2D SPACE',''
  ) );
#12566 = FACE_BOUND('',#12567,.T.);
#12567 = EDGE_LOOP('',(#12568));
#12568 = ORIENTED_EDGE('',*,*,#12569,.F.);
#12569 = EDGE_CURVE('',#12570,#12570,#12572,.T.);
#12570 = VERTEX_POINT('',#12571);
#12571 = CARTESIAN_POINT('',(12.7,-16.4,-13.));
#12572 = SURFACE_CURVE('',#12573,(#12578,#12585),.PCURVE_S1.);
#12573 = CIRCLE('',#12574,1.2);
#12574 = AXIS2_PLACEMENT_3D('',#12575,#12576,#12577);
#12575 = CARTESIAN_POINT('',(11.5,-16.4,-13.));
#12576 = DIRECTION('',(0.,0.,1.));
#12577 = DIRECTION('',(1.,0.,0.));
#12578 = PCURVE('',#10929,#12579);
#12579 = DEFINITIONAL_REPRESENTATION('',(#12580),#12584);
#12580 = CIRCLE('',#12581,1.2);
#12581 = AXIS2_PLACEMENT_2D('',#12582,#12583);
#12582 = CARTESIAN_POINT('',(11.5,-16.4));
#12583 = DIRECTION('',(1.,0.));
#12584 = ( GEOMETRIC_REPRESENTATION_CONTEXT(2) 
PARAMETRIC_REPRESENTATION_CONTEXT() REPRESENTATION_CONTEXT('2D SPACE',''
  ) );
#12585 = PCURVE('',#12586,#12591);
#12586 = CYLINDRICAL_SURFACE('',#12587,1.2);
#12587 = AXIS2_PLACEMENT_3D('',#12588,#12589,#12590);
#12588 = CARTESIAN_POINT('',(11.5,-16.4,-13.));
#12589 = DIRECTION('',(-0.,-0.,-1.));
#12590 = DIRECTION('',(1.,0.,0.));
#12591 = DEFINITIONAL_REPRESENTATION('',(#12592),#12596);
#12592 = LINE('',#12593,#12594);
#12593 = CARTESIAN_POINT('',(-0.,0.));
#12594 = VECTOR('',#12595,1.);
#12595 = DIRECTION('',(-1.,0.));
#12596 = ( GEOMETRIC_REPRESENTATION_CONTEXT(2) 
PARAMETRIC_REPRESENTATION_CONTEXT() REPRESENTATION_CONTEXT('2D SPACE',''
  ) );
#12597 = FACE_BOUND('',#12598,.T.);
#12598 = EDGE_LOOP('',(#12599,#12600,#12601,#12602));
#12599 = ORIENTED_EDGE('',*,*,#10914,.F.);
#12600 = ORIENTED_EDGE('',*,*,#10966,.T.);
#12601 = ORIENTED_EDGE('',*,*,#11074,.F.);
#12602 = ORIENTED_EDGE('',*,*,#11042,.T.);
#12603 = FACE_BOUND('',#12604,.T.);
#12604 = EDGE_LOOP('',(#12605));
#12605 = ORIENTED_EDGE('',*,*,#12606,.F.);
#12606 = EDGE_CURVE('',#12607,#12607,#12609,.T.);
#12607 = VERTEX_POINT('',#12608);
#12608 = CARTESIAN_POINT('',(-12.,14.5,-13.));
#12609 = SURFACE_CURVE('',#12610,(#12615,#12622),.PCURVE_S1.);
#12610 = CIRCLE('',#12611,0.8);
#12611 = AXIS2_PLACEMENT_3D('',#12612,#12613,#12614);
#12612 = CARTESIAN_POINT('',(-12.8,14.5,-13.));
#12613 = DIRECTION('',(0.,0.,1.));
#12614 = DIRECTION('',(1.,0.,0.));
#12615 = PCURVE('',#10929,#12616);
#12616 = DEFINITIONAL_REPRESENTATION('',(#12617),#12621);
#12617 = CIRCLE('',#12618,0.8);
#12618 = AXIS2_PLACEMENT_2D('',#12619,#12620);
#12619 = CARTESIAN_POINT('',(-12.8,14.5));
#12620 = DIRECTION('',(1.,0.));
#12621 = ( GEOMETRIC_REPRESENTATION_CONTEXT(2) 
PARAMETRIC_REPRESENTATION_CONTEXT() REPRESENTATION_CONTEXT('2D SPACE',''
  ) );
#12622 = PCURVE('',#12623,#12628);
#12623 = CYLINDRICAL_SURFACE('',#12624,0.8);
#12624 = AXIS2_PLACEMENT_3D('',#12625,#12626,#12627);
#12625 = CARTESIAN_POINT('',(-12.8,14.5,-13.));
#12626 = DIRECTION('',(-0.,-0.,-1.));
#12627 = DIRECTION('',(1.,0.,0.));
#12628 = DEFINITIONAL_REPRESENTATION('',(#12629),#12633);
#12629 = LINE('',#12630,#12631);
#12630 = CARTESIAN_POINT('',(-0.,0.));
#12631 = VECTOR('',#12632,1.);
#12632 = DIRECTION('',(-1.,0.));
#12633 = ( GEOMETRIC_REPRESENTATION_CONTEXT(2) 
PARAMETRIC_REPRESENTATION_CONTEXT() REPRESENTATION_CONTEXT('2D SPACE',''
  ) );
#12634 = FACE_BOUND('',#12635,.T.);
#12635 = EDGE_LOOP('',(#12636,#12637,#12638,#12639));
#12636 = ORIENTED_EDGE('',*,*,#11121,.F.);
#12637 = ORIENTED_EDGE('',*,*,#11168,.T.);
#12638 = ORIENTED_EDGE('',*,*,#11276,.F.);
#12639 = ORIENTED_EDGE('',*,*,#11244,.T.);
#12640 = FACE_BOUND('',#12641,.T.);
#12641 = EDGE_LOOP('',(#12642,#12643,#12644,#12645));
#12642 = ORIENTED_EDGE('',*,*,#11323,.F.);
#12643 = ORIENTED_EDGE('',*,*,#11471,.T.);
#12644 = ORIENTED_EDGE('',*,*,#11446,.F.);
#12645 = ORIENTED_EDGE('',*,*,#11392,.T.);
#12646 = FACE_BOUND('',#12647,.T.);
#12647 = EDGE_LOOP('',(#12648));
#12648 = ORIENTED_EDGE('',*,*,#12649,.F.);
#12649 = EDGE_CURVE('',#12650,#12650,#12652,.T.);
#12650 = VERTEX_POINT('',#12651);
#12651 = CARTESIAN_POINT('',(12.7,16.4,-13.));
#12652 = SURFACE_CURVE('',#12653,(#12658,#12665),.PCURVE_S1.);
#12653 = CIRCLE('',#12654,1.2);
#12654 = AXIS2_PLACEMENT_3D('',#12655,#12656,#12657);
#12655 = CARTESIAN_POINT('',(11.5,16.4,-13.));
#12656 = DIRECTION('',(0.,0.,1.));
#12657 = DIRECTION('',(1.,0.,0.));
#12658 = PCURVE('',#10929,#12659);
#12659 = DEFINITIONAL_REPRESENTATION('',(#12660),#12664);
#12660 = CIRCLE('',#12661,1.2);
#12661 = AXIS2_PLACEMENT_2D('',#12662,#12663);
#12662 = CARTESIAN_POINT('',(11.5,16.4));
#12663 = DIRECTION('',(1.,0.));
#12664 = ( GEOMETRIC_REPRESENTATION_CONTEXT(2) 
PARAMETRIC_REPRESENTATION_CONTEXT() REPRESENTATION_CONTEXT('2D SPACE',''
  ) );
#12665 = PCURVE('',#12666,#12671);
#12666 = CYLINDRICAL_SURFACE('',#12667,1.2);
#12667 = AXIS2_PLACEMENT_3D('',#12668,#12669,#12670);
#12668 = CARTESIAN_POINT('',(11.5,16.4,-13.));
#12669 = DIRECTION('',(-0.,-0.,-1.));
#12670 = DIRECTION('',(1.,0.,0.));
#12671 = DEFINITIONAL_REPRESENTATION('',(#12672),#12676);
#12672 = LINE('',#12673,#12674);
#12673 = CARTESIAN_POINT('',(-0.,0.));
#12674 = VECTOR('',#12675,1.);
#12675 = DIRECTION('',(-1.,0.));
#12676 = ( GEOMETRIC_REPRESENTATION_CONTEXT(2) 
PARAMETRIC_REPRESENTATION_CONTEXT() REPRESENTATION_CONTEXT('2D SPACE',''
  ) );
#12677 = ADVANCED_FACE('',(#12678,#12688),#11831,.T.);
#12678 = FACE_BOUND('',#12679,.T.);
#12679 = EDGE_LOOP('',(#12680,#12681,#12682,#12683,#12684,#12685,#12686,
    #12687));
#12680 = ORIENTED_EDGE('',*,*,#11815,.T.);
#12681 = ORIENTED_EDGE('',*,*,#11945,.T.);
#12682 = ORIENTED_EDGE('',*,*,#12022,.T.);
#12683 = ORIENTED_EDGE('',*,*,#12143,.T.);
#12684 = ORIENTED_EDGE('',*,*,#12171,.T.);
#12685 = ORIENTED_EDGE('',*,*,#12071,.T.);
#12686 = ORIENTED_EDGE('',*,*,#11995,.T.);
#12687 = ORIENTED_EDGE('',*,*,#11891,.F.);
#12688 = FACE_BOUND('',#12689,.T.);
#12689 = EDGE_LOOP('',(#12690,#12716,#12737,#12761,#12782,#12806,#12827,
    #12851));
#12690 = ORIENTED_EDGE('',*,*,#12691,.F.);
#12691 = EDGE_CURVE('',#12692,#12694,#12696,.T.);
#12692 = VERTEX_POINT('',#12693);
#12693 = CARTESIAN_POINT('',(11.715,-19.115,-11.5));
#12694 = VERTEX_POINT('',#12695);
#12695 = CARTESIAN_POINT('',(15.115,-15.715,-11.5));
#12696 = SURFACE_CURVE('',#12697,(#12702,#12709),.PCURVE_S1.);
#12697 = CIRCLE('',#12698,3.4);
#12698 = AXIS2_PLACEMENT_3D('',#12699,#12700,#12701);
#12699 = CARTESIAN_POINT('',(11.715,-15.715,-11.5));
#12700 = DIRECTION('',(0.,0.,1.));
#12701 = DIRECTION('',(0.,-1.,0.));
#12702 = PCURVE('',#11831,#12703);
#12703 = DEFINITIONAL_REPRESENTATION('',(#12704),#12708);
#12704 = CIRCLE('',#12705,3.4);
#12705 = AXIS2_PLACEMENT_2D('',#12706,#12707);
#12706 = CARTESIAN_POINT('',(11.715,-15.715));
#12707 = DIRECTION('',(0.,-1.));
#12708 = ( GEOMETRIC_REPRESENTATION_CONTEXT(2) 
PARAMETRIC_REPRESENTATION_CONTEXT() REPRESENTATION_CONTEXT('2D SPACE',''
  ) );
#12709 = PCURVE('',#12358,#12710);
#12710 = DEFINITIONAL_REPRESENTATION('',(#12711),#12715);
#12711 = LINE('',#12712,#12713);
#12712 = CARTESIAN_POINT('',(0.,1.6));
#12713 = VECTOR('',#12714,1.);
#12714 = DIRECTION('',(1.,0.));
#12715 = ( GEOMETRIC_REPRESENTATION_CONTEXT(2) 
PARAMETRIC_REPRESENTATION_CONTEXT() REPRESENTATION_CONTEXT('2D SPACE',''
  ) );
#12716 = ORIENTED_EDGE('',*,*,#12717,.T.);
#12717 = EDGE_CURVE('',#12692,#12718,#12720,.T.);
#12718 = VERTEX_POINT('',#12719);
#12719 = CARTESIAN_POINT('',(-11.715,-19.115,-11.5));
#12720 = SURFACE_CURVE('',#12721,(#12725,#12731),.PCURVE_S1.);
#12721 = LINE('',#12722,#12723);
#12722 = CARTESIAN_POINT('',(-7.5575,-19.115,-11.5));
#12723 = VECTOR('',#12724,1.);
#12724 = DIRECTION('',(-1.,0.,0.));
#12725 = PCURVE('',#11831,#12726);
#12726 = DEFINITIONAL_REPRESENTATION('',(#12727),#12730);
#12727 = B_SPLINE_CURVE_WITH_KNOTS('',1,(#12728,#12729),.UNSPECIFIED.,
  .F.,.F.,(2,2),(-19.2725,4.1575),.PIECEWISE_BEZIER_KNOTS.);
#12728 = CARTESIAN_POINT('',(11.715,-19.115));
#12729 = CARTESIAN_POINT('',(-11.715,-19.115));
#12730 = ( GEOMETRIC_REPRESENTATION_CONTEXT(2) 
PARAMETRIC_REPRESENTATION_CONTEXT() REPRESENTATION_CONTEXT('2D SPACE',''
  ) );
#12731 = PCURVE('',#12330,#12732);
#12732 = DEFINITIONAL_REPRESENTATION('',(#12733),#12736);
#12733 = B_SPLINE_CURVE_WITH_KNOTS('',1,(#12734,#12735),.UNSPECIFIED.,
  .F.,.F.,(2,2),(-19.2725,4.1575),.PIECEWISE_BEZIER_KNOTS.);
#12734 = CARTESIAN_POINT('',(26.83,-1.6));
#12735 = CARTESIAN_POINT('',(3.4,-1.6));
#12736 = ( GEOMETRIC_REPRESENTATION_CONTEXT(2) 
PARAMETRIC_REPRESENTATION_CONTEXT() REPRESENTATION_CONTEXT('2D SPACE',''
  ) );
#12737 = ORIENTED_EDGE('',*,*,#12738,.F.);
#12738 = EDGE_CURVE('',#12739,#12718,#12741,.T.);
#12739 = VERTEX_POINT('',#12740);
#12740 = CARTESIAN_POINT('',(-15.115,-15.715,-11.5));
#12741 = SURFACE_CURVE('',#12742,(#12747,#12754),.PCURVE_S1.);
#12742 = CIRCLE('',#12743,3.4);
#12743 = AXIS2_PLACEMENT_3D('',#12744,#12745,#12746);
#12744 = CARTESIAN_POINT('',(-11.715,-15.715,-11.5));
#12745 = DIRECTION('',(0.,0.,1.));
#12746 = DIRECTION('',(0.,-1.,0.));
#12747 = PCURVE('',#11831,#12748);
#12748 = DEFINITIONAL_REPRESENTATION('',(#12749),#12753);
#12749 = CIRCLE('',#12750,3.4);
#12750 = AXIS2_PLACEMENT_2D('',#12751,#12752);
#12751 = CARTESIAN_POINT('',(-11.715,-15.715));
#12752 = DIRECTION('',(0.,-1.));
#12753 = ( GEOMETRIC_REPRESENTATION_CONTEXT(2) 
PARAMETRIC_REPRESENTATION_CONTEXT() REPRESENTATION_CONTEXT('2D SPACE',''
  ) );
#12754 = PCURVE('',#12524,#12755);
#12755 = DEFINITIONAL_REPRESENTATION('',(#12756),#12760);
#12756 = LINE('',#12757,#12758);
#12757 = CARTESIAN_POINT('',(-6.28318530718,1.6));
#12758 = VECTOR('',#12759,1.);
#12759 = DIRECTION('',(1.,-0.));
#12760 = ( GEOMETRIC_REPRESENTATION_CONTEXT(2) 
PARAMETRIC_REPRESENTATION_CONTEXT() REPRESENTATION_CONTEXT('2D SPACE',''
  ) );
#12761 = ORIENTED_EDGE('',*,*,#12762,.T.);
#12762 = EDGE_CURVE('',#12739,#12763,#12765,.T.);
#12763 = VERTEX_POINT('',#12764);
#12764 = CARTESIAN_POINT('',(-15.115,15.715,-11.5));
#12765 = SURFACE_CURVE('',#12766,(#12770,#12776),.PCURVE_S1.);
#12766 = LINE('',#12767,#12768);
#12767 = CARTESIAN_POINT('',(-15.115,9.5575,-11.5));
#12768 = VECTOR('',#12769,1.);
#12769 = DIRECTION('',(-0.,1.,0.));
#12770 = PCURVE('',#11831,#12771);
#12771 = DEFINITIONAL_REPRESENTATION('',(#12772),#12775);
#12772 = B_SPLINE_CURVE_WITH_KNOTS('',1,(#12773,#12774),.UNSPECIFIED.,
  .F.,.F.,(2,2),(-25.2725,6.1575),.PIECEWISE_BEZIER_KNOTS.);
#12773 = CARTESIAN_POINT('',(-15.115,-15.715));
#12774 = CARTESIAN_POINT('',(-15.115,15.715));
#12775 = ( GEOMETRIC_REPRESENTATION_CONTEXT(2) 
PARAMETRIC_REPRESENTATION_CONTEXT() REPRESENTATION_CONTEXT('2D SPACE',''
  ) );
#12776 = PCURVE('',#12498,#12777);
#12777 = DEFINITIONAL_REPRESENTATION('',(#12778),#12781);
#12778 = B_SPLINE_CURVE_WITH_KNOTS('',1,(#12779,#12780),.UNSPECIFIED.,
  .F.,.F.,(2,2),(-25.2725,6.1575),.PIECEWISE_BEZIER_KNOTS.);
#12779 = CARTESIAN_POINT('',(34.83,-1.6));
#12780 = CARTESIAN_POINT('',(3.4,-1.6));
#12781 = ( GEOMETRIC_REPRESENTATION_CONTEXT(2) 
PARAMETRIC_REPRESENTATION_CONTEXT() REPRESENTATION_CONTEXT('2D SPACE',''
  ) );
#12782 = ORIENTED_EDGE('',*,*,#12783,.F.);
#12783 = EDGE_CURVE('',#12784,#12763,#12786,.T.);
#12784 = VERTEX_POINT('',#12785);
#12785 = CARTESIAN_POINT('',(-11.715,19.115,-11.5));
#12786 = SURFACE_CURVE('',#12787,(#12792,#12799),.PCURVE_S1.);
#12787 = CIRCLE('',#12788,3.4);
#12788 = AXIS2_PLACEMENT_3D('',#12789,#12790,#12791);
#12789 = CARTESIAN_POINT('',(-11.715,15.715,-11.5));
#12790 = DIRECTION('',(0.,0.,1.));
#12791 = DIRECTION('',(-0.,1.,0.));
#12792 = PCURVE('',#11831,#12793);
#12793 = DEFINITIONAL_REPRESENTATION('',(#12794),#12798);
#12794 = CIRCLE('',#12795,3.4);
#12795 = AXIS2_PLACEMENT_2D('',#12796,#12797);
#12796 = CARTESIAN_POINT('',(-11.715,15.715));
#12797 = DIRECTION('',(0.,1.));
#12798 = ( GEOMETRIC_REPRESENTATION_CONTEXT(2) 
PARAMETRIC_REPRESENTATION_CONTEXT() REPRESENTATION_CONTEXT('2D SPACE',''
  ) );
#12799 = PCURVE('',#12470,#12800);
#12800 = DEFINITIONAL_REPRESENTATION('',(#12801),#12805);
#12801 = LINE('',#12802,#12803);
#12802 = CARTESIAN_POINT('',(0.,1.6));
#12803 = VECTOR('',#12804,1.);
#12804 = DIRECTION('',(1.,0.));
#12805 = ( GEOMETRIC_REPRESENTATION_CONTEXT(2) 
PARAMETRIC_REPRESENTATION_CONTEXT() REPRESENTATION_CONTEXT('2D SPACE',''
  ) );
#12806 = ORIENTED_EDGE('',*,*,#12807,.T.);
#12807 = EDGE_CURVE('',#12784,#12808,#12810,.T.);
#12808 = VERTEX_POINT('',#12809);
#12809 = CARTESIAN_POINT('',(11.715,19.115,-11.5));
#12810 = SURFACE_CURVE('',#12811,(#12815,#12821),.PCURVE_S1.);
#12811 = LINE('',#12812,#12813);
#12812 = CARTESIAN_POINT('',(7.5575,19.115,-11.5));
#12813 = VECTOR('',#12814,1.);
#12814 = DIRECTION('',(1.,0.,-0.));
#12815 = PCURVE('',#11831,#12816);
#12816 = DEFINITIONAL_REPRESENTATION('',(#12817),#12820);
#12817 = B_SPLINE_CURVE_WITH_KNOTS('',1,(#12818,#12819),.UNSPECIFIED.,
  .F.,.F.,(2,2),(-19.2725,4.1575),.PIECEWISE_BEZIER_KNOTS.);
#12818 = CARTESIAN_POINT('',(-11.715,19.115));
#12819 = CARTESIAN_POINT('',(11.715,19.115));
#12820 = ( GEOMETRIC_REPRESENTATION_CONTEXT(2) 
PARAMETRIC_REPRESENTATION_CONTEXT() REPRESENTATION_CONTEXT('2D SPACE',''
  ) );
#12821 = PCURVE('',#12442,#12822);
#12822 = DEFINITIONAL_REPRESENTATION('',(#12823),#12826);
#12823 = B_SPLINE_CURVE_WITH_KNOTS('',1,(#12824,#12825),.UNSPECIFIED.,
  .F.,.F.,(2,2),(-19.2725,4.1575),.PIECEWISE_BEZIER_KNOTS.);
#12824 = CARTESIAN_POINT('',(26.83,-1.6));
#12825 = CARTESIAN_POINT('',(3.4,-1.6));
#12826 = ( GEOMETRIC_REPRESENTATION_CONTEXT(2) 
PARAMETRIC_REPRESENTATION_CONTEXT() REPRESENTATION_CONTEXT('2D SPACE',''
  ) );
#12827 = ORIENTED_EDGE('',*,*,#12828,.F.);
#12828 = EDGE_CURVE('',#12829,#12808,#12831,.T.);
#12829 = VERTEX_POINT('',#12830);
#12830 = CARTESIAN_POINT('',(15.115,15.715,-11.5));
#12831 = SURFACE_CURVE('',#12832,(#12837,#12844),.PCURVE_S1.);
#12832 = CIRCLE('',#12833,3.4);
#12833 = AXIS2_PLACEMENT_3D('',#12834,#12835,#12836);
#12834 = CARTESIAN_POINT('',(11.715,15.715,-11.5));
#12835 = DIRECTION('',(0.,0.,1.));
#12836 = DIRECTION('',(1.,0.,-0.));
#12837 = PCURVE('',#11831,#12838);
#12838 = DEFINITIONAL_REPRESENTATION('',(#12839),#12843);
#12839 = CIRCLE('',#12840,3.4);
#12840 = AXIS2_PLACEMENT_2D('',#12841,#12842);
#12841 = CARTESIAN_POINT('',(11.715,15.715));
#12842 = DIRECTION('',(1.,0.));
#12843 = ( GEOMETRIC_REPRESENTATION_CONTEXT(2) 
PARAMETRIC_REPRESENTATION_CONTEXT() REPRESENTATION_CONTEXT('2D SPACE',''
  ) );
#12844 = PCURVE('',#12414,#12845);
#12845 = DEFINITIONAL_REPRESENTATION('',(#12846),#12850);
#12846 = LINE('',#12847,#12848);
#12847 = CARTESIAN_POINT('',(0.,1.6));
#12848 = VECTOR('',#12849,1.);
#12849 = DIRECTION('',(1.,0.));
#12850 = ( GEOMETRIC_REPRESENTATION_CONTEXT(2) 
PARAMETRIC_REPRESENTATION_CONTEXT() REPRESENTATION_CONTEXT('2D SPACE',''
  ) );
#12851 = ORIENTED_EDGE('',*,*,#12852,.T.);
#12852 = EDGE_CURVE('',#12829,#12694,#12853,.T.);
#12853 = SURFACE_CURVE('',#12854,(#12858,#12864),.PCURVE_S1.);
#12854 = LINE('',#12855,#12856);
#12855 = CARTESIAN_POINT('',(15.115,-9.5575,-11.5));
#12856 = VECTOR('',#12857,1.);
#12857 = DIRECTION('',(0.,-1.,0.));
#12858 = PCURVE('',#11831,#12859);
#12859 = DEFINITIONAL_REPRESENTATION('',(#12860),#12863);
#12860 = B_SPLINE_CURVE_WITH_KNOTS('',1,(#12861,#12862),.UNSPECIFIED.,
  .F.,.F.,(2,2),(-25.2725,6.1575),.PIECEWISE_BEZIER_KNOTS.);
#12861 = CARTESIAN_POINT('',(15.115,15.715));
#12862 = CARTESIAN_POINT('',(15.115,-15.715));
#12863 = ( GEOMETRIC_REPRESENTATION_CONTEXT(2) 
PARAMETRIC_REPRESENTATION_CONTEXT() REPRESENTATION_CONTEXT('2D SPACE',''
  ) );
#12864 = PCURVE('',#12386,#12865);
#12865 = DEFINITIONAL_REPRESENTATION('',(#12866),#12869);
#12866 = B_SPLINE_CURVE_WITH_KNOTS('',1,(#12867,#12868),.UNSPECIFIED.,
  .F.,.F.,(2,2),(-25.2725,6.1575),.PIECEWISE_BEZIER_KNOTS.);
#12867 = CARTESIAN_POINT('',(34.83,-1.6));
#12868 = CARTESIAN_POINT('',(3.4,-1.6));
#12869 = ( GEOMETRIC_REPRESENTATION_CONTEXT(2) 
PARAMETRIC_REPRESENTATION_CONTEXT() REPRESENTATION_CONTEXT('2D SPACE',''
  ) );
#12870 = ADVANCED_FACE('',(#12871),#12330,.T.);
#12871 = FACE_BOUND('',#12872,.T.);
#12872 = EDGE_LOOP('',(#12873,#12874,#12895,#12896));
#12873 = ORIENTED_EDGE('',*,*,#12312,.T.);
#12874 = ORIENTED_EDGE('',*,*,#12875,.T.);
#12875 = EDGE_CURVE('',#12315,#12718,#12876,.T.);
#12876 = SURFACE_CURVE('',#12877,(#12881,#12888),.PCURVE_S1.);
#12877 = LINE('',#12878,#12879);
#12878 = CARTESIAN_POINT('',(-11.715,-19.115,-13.1));
#12879 = VECTOR('',#12880,1.);
#12880 = DIRECTION('',(0.,0.,1.));
#12881 = PCURVE('',#12330,#12882);
#12882 = DEFINITIONAL_REPRESENTATION('',(#12883),#12887);
#12883 = LINE('',#12884,#12885);
#12884 = CARTESIAN_POINT('',(3.4,0.));
#12885 = VECTOR('',#12886,1.);
#12886 = DIRECTION('',(0.,-1.));
#12887 = ( GEOMETRIC_REPRESENTATION_CONTEXT(2) 
PARAMETRIC_REPRESENTATION_CONTEXT() REPRESENTATION_CONTEXT('2D SPACE',''
  ) );
#12888 = PCURVE('',#12524,#12889);
#12889 = DEFINITIONAL_REPRESENTATION('',(#12890),#12894);
#12890 = LINE('',#12891,#12892);
#12891 = CARTESIAN_POINT('',(-0.,0.));
#12892 = VECTOR('',#12893,1.);
#12893 = DIRECTION('',(-0.,1.));
#12894 = ( GEOMETRIC_REPRESENTATION_CONTEXT(2) 
PARAMETRIC_REPRESENTATION_CONTEXT() REPRESENTATION_CONTEXT('2D SPACE',''
  ) );
#12895 = ORIENTED_EDGE('',*,*,#12717,.F.);
#12896 = ORIENTED_EDGE('',*,*,#12897,.F.);
#12897 = EDGE_CURVE('',#12313,#12692,#12898,.T.);
#12898 = SURFACE_CURVE('',#12899,(#12903,#12910),.PCURVE_S1.);
#12899 = LINE('',#12900,#12901);
#12900 = CARTESIAN_POINT('',(11.715,-19.115,-13.1));
#12901 = VECTOR('',#12902,1.);
#12902 = DIRECTION('',(0.,0.,1.));
#12903 = PCURVE('',#12330,#12904);
#12904 = DEFINITIONAL_REPRESENTATION('',(#12905),#12909);
#12905 = LINE('',#12906,#12907);
#12906 = CARTESIAN_POINT('',(26.83,0.));
#12907 = VECTOR('',#12908,1.);
#12908 = DIRECTION('',(0.,-1.));
#12909 = ( GEOMETRIC_REPRESENTATION_CONTEXT(2) 
PARAMETRIC_REPRESENTATION_CONTEXT() REPRESENTATION_CONTEXT('2D SPACE',''
  ) );
#12910 = PCURVE('',#12358,#12911);
#12911 = DEFINITIONAL_REPRESENTATION('',(#12912),#12916);
#12912 = LINE('',#12913,#12914);
#12913 = CARTESIAN_POINT('',(0.,0.));
#12914 = VECTOR('',#12915,1.);
#12915 = DIRECTION('',(0.,1.));
#12916 = ( GEOMETRIC_REPRESENTATION_CONTEXT(2) 
PARAMETRIC_REPRESENTATION_CONTEXT() REPRESENTATION_CONTEXT('2D SPACE',''
  ) );
#12917 = ADVANCED_FACE('',(#12918),#12358,.F.);
#12918 = FACE_BOUND('',#12919,.F.);
#12919 = EDGE_LOOP('',(#12920,#12921,#12922,#12943));
#12920 = ORIENTED_EDGE('',*,*,#12897,.F.);
#12921 = ORIENTED_EDGE('',*,*,#12341,.T.);
#12922 = ORIENTED_EDGE('',*,*,#12923,.T.);
#12923 = EDGE_CURVE('',#12342,#12694,#12924,.T.);
#12924 = SURFACE_CURVE('',#12925,(#12929,#12936),.PCURVE_S1.);
#12925 = LINE('',#12926,#12927);
#12926 = CARTESIAN_POINT('',(15.115,-15.715,-13.1));
#12927 = VECTOR('',#12928,1.);
#12928 = DIRECTION('',(0.,0.,1.));
#12929 = PCURVE('',#12358,#12930);
#12930 = DEFINITIONAL_REPRESENTATION('',(#12931),#12935);
#12931 = LINE('',#12932,#12933);
#12932 = CARTESIAN_POINT('',(1.570796326795,0.));
#12933 = VECTOR('',#12934,1.);
#12934 = DIRECTION('',(0.,1.));
#12935 = ( GEOMETRIC_REPRESENTATION_CONTEXT(2) 
PARAMETRIC_REPRESENTATION_CONTEXT() REPRESENTATION_CONTEXT('2D SPACE',''
  ) );
#12936 = PCURVE('',#12386,#12937);
#12937 = DEFINITIONAL_REPRESENTATION('',(#12938),#12942);
#12938 = LINE('',#12939,#12940);
#12939 = CARTESIAN_POINT('',(3.4,0.));
#12940 = VECTOR('',#12941,1.);
#12941 = DIRECTION('',(0.,-1.));
#12942 = ( GEOMETRIC_REPRESENTATION_CONTEXT(2) 
PARAMETRIC_REPRESENTATION_CONTEXT() REPRESENTATION_CONTEXT('2D SPACE',''
  ) );
#12943 = ORIENTED_EDGE('',*,*,#12691,.F.);
#12944 = ADVANCED_FACE('',(#12945),#12524,.F.);
#12945 = FACE_BOUND('',#12946,.T.);
#12946 = EDGE_LOOP('',(#12947,#12948,#12949,#12970));
#12947 = ORIENTED_EDGE('',*,*,#12875,.F.);
#12948 = ORIENTED_EDGE('',*,*,#12509,.F.);
#12949 = ORIENTED_EDGE('',*,*,#12950,.T.);
#12950 = EDGE_CURVE('',#12483,#12739,#12951,.T.);
#12951 = SURFACE_CURVE('',#12952,(#12956,#12963),.PCURVE_S1.);
#12952 = LINE('',#12953,#12954);
#12953 = CARTESIAN_POINT('',(-15.115,-15.715,-13.1));
#12954 = VECTOR('',#12955,1.);
#12955 = DIRECTION('',(0.,0.,1.));
#12956 = PCURVE('',#12524,#12957);
#12957 = DEFINITIONAL_REPRESENTATION('',(#12958),#12962);
#12958 = LINE('',#12959,#12960);
#12959 = CARTESIAN_POINT('',(-1.570796326795,0.));
#12960 = VECTOR('',#12961,1.);
#12961 = DIRECTION('',(-0.,1.));
#12962 = ( GEOMETRIC_REPRESENTATION_CONTEXT(2) 
PARAMETRIC_REPRESENTATION_CONTEXT() REPRESENTATION_CONTEXT('2D SPACE',''
  ) );
#12963 = PCURVE('',#12498,#12964);
#12964 = DEFINITIONAL_REPRESENTATION('',(#12965),#12969);
#12965 = LINE('',#12966,#12967);
#12966 = CARTESIAN_POINT('',(34.83,0.));
#12967 = VECTOR('',#12968,1.);
#12968 = DIRECTION('',(0.,-1.));
#12969 = ( GEOMETRIC_REPRESENTATION_CONTEXT(2) 
PARAMETRIC_REPRESENTATION_CONTEXT() REPRESENTATION_CONTEXT('2D SPACE',''
  ) );
#12970 = ORIENTED_EDGE('',*,*,#12738,.T.);
#12971 = ADVANCED_FACE('',(#12972),#12386,.T.);
#12972 = FACE_BOUND('',#12973,.T.);
#12973 = EDGE_LOOP('',(#12974,#12975,#12976,#12977));
#12974 = ORIENTED_EDGE('',*,*,#12370,.T.);
#12975 = ORIENTED_EDGE('',*,*,#12923,.T.);
#12976 = ORIENTED_EDGE('',*,*,#12852,.F.);
#12977 = ORIENTED_EDGE('',*,*,#12978,.F.);
#12978 = EDGE_CURVE('',#12371,#12829,#12979,.T.);
#12979 = SURFACE_CURVE('',#12980,(#12984,#12991),.PCURVE_S1.);
#12980 = LINE('',#12981,#12982);
#12981 = CARTESIAN_POINT('',(15.115,15.715,-13.1));
#12982 = VECTOR('',#12983,1.);
#12983 = DIRECTION('',(0.,0.,1.));
#12984 = PCURVE('',#12386,#12985);
#12985 = DEFINITIONAL_REPRESENTATION('',(#12986),#12990);
#12986 = LINE('',#12987,#12988);
#12987 = CARTESIAN_POINT('',(34.83,0.));
#12988 = VECTOR('',#12989,1.);
#12989 = DIRECTION('',(0.,-1.));
#12990 = ( GEOMETRIC_REPRESENTATION_CONTEXT(2) 
PARAMETRIC_REPRESENTATION_CONTEXT() REPRESENTATION_CONTEXT('2D SPACE',''
  ) );
#12991 = PCURVE('',#12414,#12992);
#12992 = DEFINITIONAL_REPRESENTATION('',(#12993),#12997);
#12993 = LINE('',#12994,#12995);
#12994 = CARTESIAN_POINT('',(0.,0.));
#12995 = VECTOR('',#12996,1.);
#12996 = DIRECTION('',(0.,1.));
#12997 = ( GEOMETRIC_REPRESENTATION_CONTEXT(2) 
PARAMETRIC_REPRESENTATION_CONTEXT() REPRESENTATION_CONTEXT('2D SPACE',''
  ) );
#12998 = ADVANCED_FACE('',(#12999),#12498,.T.);
#12999 = FACE_BOUND('',#13000,.T.);
#13000 = EDGE_LOOP('',(#13001,#13002,#13023,#13024));
#13001 = ORIENTED_EDGE('',*,*,#12482,.T.);
#13002 = ORIENTED_EDGE('',*,*,#13003,.T.);
#13003 = EDGE_CURVE('',#12454,#12763,#13004,.T.);
#13004 = SURFACE_CURVE('',#13005,(#13009,#13016),.PCURVE_S1.);
#13005 = LINE('',#13006,#13007);
#13006 = CARTESIAN_POINT('',(-15.115,15.715,-13.1));
#13007 = VECTOR('',#13008,1.);
#13008 = DIRECTION('',(0.,0.,1.));
#13009 = PCURVE('',#12498,#13010);
#13010 = DEFINITIONAL_REPRESENTATION('',(#13011),#13015);
#13011 = LINE('',#13012,#13013);
#13012 = CARTESIAN_POINT('',(3.4,0.));
#13013 = VECTOR('',#13014,1.);
#13014 = DIRECTION('',(0.,-1.));
#13015 = ( GEOMETRIC_REPRESENTATION_CONTEXT(2) 
PARAMETRIC_REPRESENTATION_CONTEXT() REPRESENTATION_CONTEXT('2D SPACE',''
  ) );
#13016 = PCURVE('',#12470,#13017);
#13017 = DEFINITIONAL_REPRESENTATION('',(#13018),#13022);
#13018 = LINE('',#13019,#13020);
#13019 = CARTESIAN_POINT('',(1.570796326795,0.));
#13020 = VECTOR('',#13021,1.);
#13021 = DIRECTION('',(0.,1.));
#13022 = ( GEOMETRIC_REPRESENTATION_CONTEXT(2) 
PARAMETRIC_REPRESENTATION_CONTEXT() REPRESENTATION_CONTEXT('2D SPACE',''
  ) );
#13023 = ORIENTED_EDGE('',*,*,#12762,.F.);
#13024 = ORIENTED_EDGE('',*,*,#12950,.F.);
#13025 = ADVANCED_FACE('',(#13026),#12414,.F.);
#13026 = FACE_BOUND('',#13027,.F.);
#13027 = EDGE_LOOP('',(#13028,#13029,#13030,#13051));
#13028 = ORIENTED_EDGE('',*,*,#12978,.F.);
#13029 = ORIENTED_EDGE('',*,*,#12397,.T.);
#13030 = ORIENTED_EDGE('',*,*,#13031,.T.);
#13031 = EDGE_CURVE('',#12398,#12808,#13032,.T.);
#13032 = SURFACE_CURVE('',#13033,(#13037,#13044),.PCURVE_S1.);
#13033 = LINE('',#13034,#13035);
#13034 = CARTESIAN_POINT('',(11.715,19.115,-13.1));
#13035 = VECTOR('',#13036,1.);
#13036 = DIRECTION('',(0.,0.,1.));
#13037 = PCURVE('',#12414,#13038);
#13038 = DEFINITIONAL_REPRESENTATION('',(#13039),#13043);
#13039 = LINE('',#13040,#13041);
#13040 = CARTESIAN_POINT('',(1.570796326795,0.));
#13041 = VECTOR('',#13042,1.);
#13042 = DIRECTION('',(0.,1.));
#13043 = ( GEOMETRIC_REPRESENTATION_CONTEXT(2) 
PARAMETRIC_REPRESENTATION_CONTEXT() REPRESENTATION_CONTEXT('2D SPACE',''
  ) );
#13044 = PCURVE('',#12442,#13045);
#13045 = DEFINITIONAL_REPRESENTATION('',(#13046),#13050);
#13046 = LINE('',#13047,#13048);
#13047 = CARTESIAN_POINT('',(3.4,0.));
#13048 = VECTOR('',#13049,1.);
#13049 = DIRECTION('',(0.,-1.));
#13050 = ( GEOMETRIC_REPRESENTATION_CONTEXT(2) 
PARAMETRIC_REPRESENTATION_CONTEXT() REPRESENTATION_CONTEXT('2D SPACE',''
  ) );
#13051 = ORIENTED_EDGE('',*,*,#12828,.F.);
#13052 = ADVANCED_FACE('',(#13053),#12470,.F.);
#13053 = FACE_BOUND('',#13054,.F.);
#13054 = EDGE_LOOP('',(#13055,#13076,#13077,#13078));
#13055 = ORIENTED_EDGE('',*,*,#13056,.F.);
#13056 = EDGE_CURVE('',#12427,#12784,#13057,.T.);
#13057 = SURFACE_CURVE('',#13058,(#13062,#13069),.PCURVE_S1.);
#13058 = LINE('',#13059,#13060);
#13059 = CARTESIAN_POINT('',(-11.715,19.115,-13.1));
#13060 = VECTOR('',#13061,1.);
#13061 = DIRECTION('',(0.,0.,1.));
#13062 = PCURVE('',#12470,#13063);
#13063 = DEFINITIONAL_REPRESENTATION('',(#13064),#13068);
#13064 = LINE('',#13065,#13066);
#13065 = CARTESIAN_POINT('',(0.,0.));
#13066 = VECTOR('',#13067,1.);
#13067 = DIRECTION('',(0.,1.));
#13068 = ( GEOMETRIC_REPRESENTATION_CONTEXT(2) 
PARAMETRIC_REPRESENTATION_CONTEXT() REPRESENTATION_CONTEXT('2D SPACE',''
  ) );
#13069 = PCURVE('',#12442,#13070);
#13070 = DEFINITIONAL_REPRESENTATION('',(#13071),#13075);
#13071 = LINE('',#13072,#13073);
#13072 = CARTESIAN_POINT('',(26.83,0.));
#13073 = VECTOR('',#13074,1.);
#13074 = DIRECTION('',(0.,-1.));
#13075 = ( GEOMETRIC_REPRESENTATION_CONTEXT(2) 
PARAMETRIC_REPRESENTATION_CONTEXT() REPRESENTATION_CONTEXT('2D SPACE',''
  ) );
#13076 = ORIENTED_EDGE('',*,*,#12453,.T.);
#13077 = ORIENTED_EDGE('',*,*,#13003,.T.);
#13078 = ORIENTED_EDGE('',*,*,#12783,.F.);
#13079 = ADVANCED_FACE('',(#13080),#12442,.T.);
#13080 = FACE_BOUND('',#13081,.T.);
#13081 = EDGE_LOOP('',(#13082,#13083,#13084,#13085));
#13082 = ORIENTED_EDGE('',*,*,#12426,.T.);
#13083 = ORIENTED_EDGE('',*,*,#13031,.T.);
#13084 = ORIENTED_EDGE('',*,*,#12807,.F.);
#13085 = ORIENTED_EDGE('',*,*,#13056,.F.);
#13086 = ADVANCED_FACE('',(#13087),#12555,.T.);
#13087 = FACE_BOUND('',#13088,.F.);
#13088 = EDGE_LOOP('',(#13089,#13112,#13139,#13140));
#13089 = ORIENTED_EDGE('',*,*,#13090,.T.);
#13090 = EDGE_CURVE('',#12539,#13091,#13093,.T.);
#13091 = VERTEX_POINT('',#13092);
#13092 = CARTESIAN_POINT('',(-10.5,-17.,-7.55));
#13093 = SEAM_CURVE('',#13094,(#13098,#13105),.PCURVE_S1.);
#13094 = LINE('',#13095,#13096);
#13095 = CARTESIAN_POINT('',(-10.5,-17.,-13.));
#13096 = VECTOR('',#13097,1.);
#13097 = DIRECTION('',(0.,0.,1.));
#13098 = PCURVE('',#12555,#13099);
#13099 = DEFINITIONAL_REPRESENTATION('',(#13100),#13104);
#13100 = LINE('',#13101,#13102);
#13101 = CARTESIAN_POINT('',(-0.,0.));
#13102 = VECTOR('',#13103,1.);
#13103 = DIRECTION('',(-0.,-1.));
#13104 = ( GEOMETRIC_REPRESENTATION_CONTEXT(2) 
PARAMETRIC_REPRESENTATION_CONTEXT() REPRESENTATION_CONTEXT('2D SPACE',''
  ) );
#13105 = PCURVE('',#12555,#13106);
#13106 = DEFINITIONAL_REPRESENTATION('',(#13107),#13111);
#13107 = LINE('',#13108,#13109);
#13108 = CARTESIAN_POINT('',(-6.28318530718,0.));
#13109 = VECTOR('',#13110,1.);
#13110 = DIRECTION('',(-0.,-1.));
#13111 = ( GEOMETRIC_REPRESENTATION_CONTEXT(2) 
PARAMETRIC_REPRESENTATION_CONTEXT() REPRESENTATION_CONTEXT('2D SPACE',''
  ) );
#13112 = ORIENTED_EDGE('',*,*,#13113,.T.);
#13113 = EDGE_CURVE('',#13091,#13091,#13114,.T.);
#13114 = SURFACE_CURVE('',#13115,(#13120,#13127),.PCURVE_S1.);
#13115 = CIRCLE('',#13116,1.);
#13116 = AXIS2_PLACEMENT_3D('',#13117,#13118,#13119);
#13117 = CARTESIAN_POINT('',(-11.5,-17.,-7.55));
#13118 = DIRECTION('',(0.,0.,1.));
#13119 = DIRECTION('',(1.,0.,0.));
#13120 = PCURVE('',#12555,#13121);
#13121 = DEFINITIONAL_REPRESENTATION('',(#13122),#13126);
#13122 = LINE('',#13123,#13124);
#13123 = CARTESIAN_POINT('',(-0.,-5.45));
#13124 = VECTOR('',#13125,1.);
#13125 = DIRECTION('',(-1.,0.));
#13126 = ( GEOMETRIC_REPRESENTATION_CONTEXT(2) 
PARAMETRIC_REPRESENTATION_CONTEXT() REPRESENTATION_CONTEXT('2D SPACE',''
  ) );
#13127 = PCURVE('',#13128,#13133);
#13128 = PLANE('',#13129);
#13129 = AXIS2_PLACEMENT_3D('',#13130,#13131,#13132);
#13130 = CARTESIAN_POINT('',(-11.5,-17.,-7.55));
#13131 = DIRECTION('',(0.,0.,1.));
#13132 = DIRECTION('',(1.,0.,-0.));
#13133 = DEFINITIONAL_REPRESENTATION('',(#13134),#13138);
#13134 = CIRCLE('',#13135,1.);
#13135 = AXIS2_PLACEMENT_2D('',#13136,#13137);
#13136 = CARTESIAN_POINT('',(0.,-3.552713678801E-15));
#13137 = DIRECTION('',(1.,0.));
#13138 = ( GEOMETRIC_REPRESENTATION_CONTEXT(2) 
PARAMETRIC_REPRESENTATION_CONTEXT() REPRESENTATION_CONTEXT('2D SPACE',''
  ) );
#13139 = ORIENTED_EDGE('',*,*,#13090,.F.);
#13140 = ORIENTED_EDGE('',*,*,#12538,.F.);
#13141 = ADVANCED_FACE('',(#13142),#12586,.T.);
#13142 = FACE_BOUND('',#13143,.F.);
#13143 = EDGE_LOOP('',(#13144,#13167,#13194,#13195));
#13144 = ORIENTED_EDGE('',*,*,#13145,.T.);
#13145 = EDGE_CURVE('',#12570,#13146,#13148,.T.);
#13146 = VERTEX_POINT('',#13147);
#13147 = CARTESIAN_POINT('',(12.7,-16.4,-7.55));
#13148 = SEAM_CURVE('',#13149,(#13153,#13160),.PCURVE_S1.);
#13149 = LINE('',#13150,#13151);
#13150 = CARTESIAN_POINT('',(12.7,-16.4,-13.));
#13151 = VECTOR('',#13152,1.);
#13152 = DIRECTION('',(0.,0.,1.));
#13153 = PCURVE('',#12586,#13154);
#13154 = DEFINITIONAL_REPRESENTATION('',(#13155),#13159);
#13155 = LINE('',#13156,#13157);
#13156 = CARTESIAN_POINT('',(-0.,0.));
#13157 = VECTOR('',#13158,1.);
#13158 = DIRECTION('',(-0.,-1.));
#13159 = ( GEOMETRIC_REPRESENTATION_CONTEXT(2) 
PARAMETRIC_REPRESENTATION_CONTEXT() REPRESENTATION_CONTEXT('2D SPACE',''
  ) );
#13160 = PCURVE('',#12586,#13161);
#13161 = DEFINITIONAL_REPRESENTATION('',(#13162),#13166);
#13162 = LINE('',#13163,#13164);
#13163 = CARTESIAN_POINT('',(-6.28318530718,0.));
#13164 = VECTOR('',#13165,1.);
#13165 = DIRECTION('',(-0.,-1.));
#13166 = ( GEOMETRIC_REPRESENTATION_CONTEXT(2) 
PARAMETRIC_REPRESENTATION_CONTEXT() REPRESENTATION_CONTEXT('2D SPACE',''
  ) );
#13167 = ORIENTED_EDGE('',*,*,#13168,.T.);
#13168 = EDGE_CURVE('',#13146,#13146,#13169,.T.);
#13169 = SURFACE_CURVE('',#13170,(#13175,#13182),.PCURVE_S1.);
#13170 = CIRCLE('',#13171,1.2);
#13171 = AXIS2_PLACEMENT_3D('',#13172,#13173,#13174);
#13172 = CARTESIAN_POINT('',(11.5,-16.4,-7.55));
#13173 = DIRECTION('',(0.,0.,1.));
#13174 = DIRECTION('',(1.,0.,0.));
#13175 = PCURVE('',#12586,#13176);
#13176 = DEFINITIONAL_REPRESENTATION('',(#13177),#13181);
#13177 = LINE('',#13178,#13179);
#13178 = CARTESIAN_POINT('',(-0.,-5.45));
#13179 = VECTOR('',#13180,1.);
#13180 = DIRECTION('',(-1.,0.));
#13181 = ( GEOMETRIC_REPRESENTATION_CONTEXT(2) 
PARAMETRIC_REPRESENTATION_CONTEXT() REPRESENTATION_CONTEXT('2D SPACE',''
  ) );
#13182 = PCURVE('',#13183,#13188);
#13183 = PLANE('',#13184);
#13184 = AXIS2_PLACEMENT_3D('',#13185,#13186,#13187);
#13185 = CARTESIAN_POINT('',(11.5,-16.4,-7.55));
#13186 = DIRECTION('',(0.,0.,1.));
#13187 = DIRECTION('',(1.,0.,-0.));
#13188 = DEFINITIONAL_REPRESENTATION('',(#13189),#13193);
#13189 = CIRCLE('',#13190,1.2);
#13190 = AXIS2_PLACEMENT_2D('',#13191,#13192);
#13191 = CARTESIAN_POINT('',(1.7763568394E-15,0.));
#13192 = DIRECTION('',(1.,0.));
#13193 = ( GEOMETRIC_REPRESENTATION_CONTEXT(2) 
PARAMETRIC_REPRESENTATION_CONTEXT() REPRESENTATION_CONTEXT('2D SPACE',''
  ) );
#13194 = ORIENTED_EDGE('',*,*,#13145,.F.);
#13195 = ORIENTED_EDGE('',*,*,#12569,.F.);
#13196 = ADVANCED_FACE('',(#13197),#12623,.T.);
#13197 = FACE_BOUND('',#13198,.F.);
#13198 = EDGE_LOOP('',(#13199,#13222,#13249,#13250));
#13199 = ORIENTED_EDGE('',*,*,#13200,.T.);
#13200 = EDGE_CURVE('',#12607,#13201,#13203,.T.);
#13201 = VERTEX_POINT('',#13202);
#13202 = CARTESIAN_POINT('',(-12.,14.5,-7.55));
#13203 = SEAM_CURVE('',#13204,(#13208,#13215),.PCURVE_S1.);
#13204 = LINE('',#13205,#13206);
#13205 = CARTESIAN_POINT('',(-12.,14.5,-13.));
#13206 = VECTOR('',#13207,1.);
#13207 = DIRECTION('',(0.,0.,1.));
#13208 = PCURVE('',#12623,#13209);
#13209 = DEFINITIONAL_REPRESENTATION('',(#13210),#13214);
#13210 = LINE('',#13211,#13212);
#13211 = CARTESIAN_POINT('',(-0.,0.));
#13212 = VECTOR('',#13213,1.);
#13213 = DIRECTION('',(-0.,-1.));
#13214 = ( GEOMETRIC_REPRESENTATION_CONTEXT(2) 
PARAMETRIC_REPRESENTATION_CONTEXT() REPRESENTATION_CONTEXT('2D SPACE',''
  ) );
#13215 = PCURVE('',#12623,#13216);
#13216 = DEFINITIONAL_REPRESENTATION('',(#13217),#13221);
#13217 = LINE('',#13218,#13219);
#13218 = CARTESIAN_POINT('',(-6.28318530718,0.));
#13219 = VECTOR('',#13220,1.);
#13220 = DIRECTION('',(-0.,-1.));
#13221 = ( GEOMETRIC_REPRESENTATION_CONTEXT(2) 
PARAMETRIC_REPRESENTATION_CONTEXT() REPRESENTATION_CONTEXT('2D SPACE',''
  ) );
#13222 = ORIENTED_EDGE('',*,*,#13223,.T.);
#13223 = EDGE_CURVE('',#13201,#13201,#13224,.T.);
#13224 = SURFACE_CURVE('',#13225,(#13230,#13237),.PCURVE_S1.);
#13225 = CIRCLE('',#13226,0.8);
#13226 = AXIS2_PLACEMENT_3D('',#13227,#13228,#13229);
#13227 = CARTESIAN_POINT('',(-12.8,14.5,-7.55));
#13228 = DIRECTION('',(0.,0.,1.));
#13229 = DIRECTION('',(1.,0.,0.));
#13230 = PCURVE('',#12623,#13231);
#13231 = DEFINITIONAL_REPRESENTATION('',(#13232),#13236);
#13232 = LINE('',#13233,#13234);
#13233 = CARTESIAN_POINT('',(-0.,-5.45));
#13234 = VECTOR('',#13235,1.);
#13235 = DIRECTION('',(-1.,0.));
#13236 = ( GEOMETRIC_REPRESENTATION_CONTEXT(2) 
PARAMETRIC_REPRESENTATION_CONTEXT() REPRESENTATION_CONTEXT('2D SPACE',''
  ) );
#13237 = PCURVE('',#13238,#13243);
#13238 = PLANE('',#13239);
#13239 = AXIS2_PLACEMENT_3D('',#13240,#13241,#13242);
#13240 = CARTESIAN_POINT('',(-12.8,14.5,-7.55));
#13241 = DIRECTION('',(0.,0.,1.));
#13242 = DIRECTION('',(1.,0.,-0.));
#13243 = DEFINITIONAL_REPRESENTATION('',(#13244),#13248);
#13244 = CIRCLE('',#13245,0.8);
#13245 = AXIS2_PLACEMENT_2D('',#13246,#13247);
#13246 = CARTESIAN_POINT('',(-1.7763568394E-15,1.7763568394E-15));
#13247 = DIRECTION('',(1.,0.));
#13248 = ( GEOMETRIC_REPRESENTATION_CONTEXT(2) 
PARAMETRIC_REPRESENTATION_CONTEXT() REPRESENTATION_CONTEXT('2D SPACE',''
  ) );
#13249 = ORIENTED_EDGE('',*,*,#13200,.F.);
#13250 = ORIENTED_EDGE('',*,*,#12606,.F.);
#13251 = ADVANCED_FACE('',(#13252),#12666,.T.);
#13252 = FACE_BOUND('',#13253,.F.);
#13253 = EDGE_LOOP('',(#13254,#13277,#13304,#13305));
#13254 = ORIENTED_EDGE('',*,*,#13255,.T.);
#13255 = EDGE_CURVE('',#12650,#13256,#13258,.T.);
#13256 = VERTEX_POINT('',#13257);
#13257 = CARTESIAN_POINT('',(12.7,16.4,-7.55));
#13258 = SEAM_CURVE('',#13259,(#13263,#13270),.PCURVE_S1.);
#13259 = LINE('',#13260,#13261);
#13260 = CARTESIAN_POINT('',(12.7,16.4,-13.));
#13261 = VECTOR('',#13262,1.);
#13262 = DIRECTION('',(0.,0.,1.));
#13263 = PCURVE('',#12666,#13264);
#13264 = DEFINITIONAL_REPRESENTATION('',(#13265),#13269);
#13265 = LINE('',#13266,#13267);
#13266 = CARTESIAN_POINT('',(-0.,0.));
#13267 = VECTOR('',#13268,1.);
#13268 = DIRECTION('',(-0.,-1.));
#13269 = ( GEOMETRIC_REPRESENTATION_CONTEXT(2) 
PARAMETRIC_REPRESENTATION_CONTEXT() REPRESENTATION_CONTEXT('2D SPACE',''
  ) );
#13270 = PCURVE('',#12666,#13271);
#13271 = DEFINITIONAL_REPRESENTATION('',(#13272),#13276);
#13272 = LINE('',#13273,#13274);
#13273 = CARTESIAN_POINT('',(-6.28318530718,0.));
#13274 = VECTOR('',#13275,1.);
#13275 = DIRECTION('',(-0.,-1.));
#13276 = ( GEOMETRIC_REPRESENTATION_CONTEXT(2) 
PARAMETRIC_REPRESENTATION_CONTEXT() REPRESENTATION_CONTEXT('2D SPACE',''
  ) );
#13277 = ORIENTED_EDGE('',*,*,#13278,.T.);
#13278 = EDGE_CURVE('',#13256,#13256,#13279,.T.);
#13279 = SURFACE_CURVE('',#13280,(#13285,#13292),.PCURVE_S1.);
#13280 = CIRCLE('',#13281,1.2);
#13281 = AXIS2_PLACEMENT_3D('',#13282,#13283,#13284);
#13282 = CARTESIAN_POINT('',(11.5,16.4,-7.55));
#13283 = DIRECTION('',(0.,0.,1.));
#13284 = DIRECTION('',(1.,0.,0.));
#13285 = PCURVE('',#12666,#13286);
#13286 = DEFINITIONAL_REPRESENTATION('',(#13287),#13291);
#13287 = LINE('',#13288,#13289);
#13288 = CARTESIAN_POINT('',(-0.,-5.45));
#13289 = VECTOR('',#13290,1.);
#13290 = DIRECTION('',(-1.,0.));
#13291 = ( GEOMETRIC_REPRESENTATION_CONTEXT(2) 
PARAMETRIC_REPRESENTATION_CONTEXT() REPRESENTATION_CONTEXT('2D SPACE',''
  ) );
#13292 = PCURVE('',#13293,#13298);
#13293 = PLANE('',#13294);
#13294 = AXIS2_PLACEMENT_3D('',#13295,#13296,#13297);
#13295 = CARTESIAN_POINT('',(11.5,16.4,-7.55));
#13296 = DIRECTION('',(0.,0.,1.));
#13297 = DIRECTION('',(1.,0.,-0.));
#13298 = DEFINITIONAL_REPRESENTATION('',(#13299),#13303);
#13299 = CIRCLE('',#13300,1.2);
#13300 = AXIS2_PLACEMENT_2D('',#13301,#13302);
#13301 = CARTESIAN_POINT('',(0.,0.));
#13302 = DIRECTION('',(1.,0.));
#13303 = ( GEOMETRIC_REPRESENTATION_CONTEXT(2) 
PARAMETRIC_REPRESENTATION_CONTEXT() REPRESENTATION_CONTEXT('2D SPACE',''
  ) );
#13304 = ORIENTED_EDGE('',*,*,#13255,.F.);
#13305 = ORIENTED_EDGE('',*,*,#12649,.F.);
#13306 = ADVANCED_FACE('',(#13307),#13128,.T.);
#13307 = FACE_BOUND('',#13308,.T.);
#13308 = EDGE_LOOP('',(#13309));
#13309 = ORIENTED_EDGE('',*,*,#13113,.T.);
#13310 = ADVANCED_FACE('',(#13311),#13183,.T.);
#13311 = FACE_BOUND('',#13312,.T.);
#13312 = EDGE_LOOP('',(#13313));
#13313 = ORIENTED_EDGE('',*,*,#13168,.T.);
#13314 = ADVANCED_FACE('',(#13315),#13238,.T.);
#13315 = FACE_BOUND('',#13316,.T.);
#13316 = EDGE_LOOP('',(#13317));
#13317 = ORIENTED_EDGE('',*,*,#13223,.T.);
#13318 = ADVANCED_FACE('',(#13319),#13293,.T.);
#13319 = FACE_BOUND('',#13320,.T.);
#13320 = EDGE_LOOP('',(#13321));
#13321 = ORIENTED_EDGE('',*,*,#13278,.T.);
#13322 = ( GEOMETRIC_REPRESENTATION_CONTEXT(3) 
GLOBAL_UNCERTAINTY_ASSIGNED_CONTEXT((#13326)) 
GLOBAL_UNIT_ASSIGNED_CONTEXT((#13323,#13324,#13325)) 
REPRESENTATION_CONTEXT('Context #1',
  '3D Context with UNIT and UNCERTAINTY') );
#13323 = ( LENGTH_UNIT() NAMED_UNIT(*) SI_UNIT(.MILLI.,.METRE.) );
#13324 = ( NAMED_UNIT(*) PLANE_ANGLE_UNIT() SI_UNIT($,.RADIAN.) );
#13325 = ( NAMED_UNIT(*) SI_UNIT($,.STERADIAN.) SOLID_ANGLE_UNIT() );
#13326 = UNCERTAINTY_MEASURE_WITH_UNIT(LENGTH_MEASURE(1.E-07),#13323,
  'distance_accuracy_value','confusion accuracy');
#13327 = CONTEXT_DEPENDENT_SHAPE_REPRESENTATION(#13328,#13330);
#13328 = ( REPRESENTATION_RELATIONSHIP('','',#7679,#10) 
REPRESENTATION_RELATIONSHIP_WITH_TRANSFORMATION(#13329) 
SHAPE_REPRESENTATION_RELATIONSHIP() );
#13329 = ITEM_DEFINED_TRANSFORMATION('','',#11,#19);
#13330 = PRODUCT_DEFINITION_SHAPE('Placement','Placement of an item',
  #13331);
#13331 = NEXT_ASSEMBLY_USAGE_OCCURRENCE('2','removable_lid','',#5,#7674,
  $);
#13332 = PRODUCT_RELATED_PRODUCT_CATEGORY('part',$,(#7676));
#13333 = SHAPE_DEFINITION_REPRESENTATION(#13334,#13340);
#13334 = PRODUCT_DEFINITION_SHAPE('','',#13335);
#13335 = PRODUCT_DEFINITION('design','',#13336,#13339);
#13336 = PRODUCT_DEFINITION_FORMATION('','',#13337);
#13337 = PRODUCT('optional_stand','optional_stand','',(#13338));
#13338 = PRODUCT_CONTEXT('',#2,'mechanical');
#13339 = PRODUCT_DEFINITION_CONTEXT('part definition',#2,'design');
#13340 = ADVANCED_BREP_SHAPE_REPRESENTATION('',(#11,#13341),#15323);
#13341 = MANIFOLD_SOLID_BREP('',#13342);
#13342 = CLOSED_SHELL('',(#13343,#13463,#13663,#13717,#13767,#14368,
    #14395,#14422,#14449,#14476,#14483,#14559,#14609,#14658,#14712,
    #14761,#14811,#14860,#14892,#14968,#15022,#15072,#15121,#15170,
    #15220,#15274,#15301,#15312));
#13343 = ADVANCED_FACE('',(#13344),#13358,.F.);
#13344 = FACE_BOUND('',#13345,.F.);
#13345 = EDGE_LOOP('',(#13346,#13381,#13409,#13437));
#13346 = ORIENTED_EDGE('',*,*,#13347,.F.);
#13347 = EDGE_CURVE('',#13348,#13350,#13352,.T.);
#13348 = VERTEX_POINT('',#13349);
#13349 = CARTESIAN_POINT('',(-18.,-28.2,-17.));
#13350 = VERTEX_POINT('',#13351);
#13351 = CARTESIAN_POINT('',(-18.,-28.2,3.));
#13352 = SURFACE_CURVE('',#13353,(#13357,#13369),.PCURVE_S1.);
#13353 = LINE('',#13354,#13355);
#13354 = CARTESIAN_POINT('',(-18.,-28.2,-21.));
#13355 = VECTOR('',#13356,1.);
#13356 = DIRECTION('',(0.,0.,1.));
#13357 = PCURVE('',#13358,#13363);
#13358 = PLANE('',#13359);
#13359 = AXIS2_PLACEMENT_3D('',#13360,#13361,#13362);
#13360 = CARTESIAN_POINT('',(-18.,-28.2,-21.));
#13361 = DIRECTION('',(1.,0.,0.));
#13362 = DIRECTION('',(0.,0.,1.));
#13363 = DEFINITIONAL_REPRESENTATION('',(#13364),#13368);
#13364 = LINE('',#13365,#13366);
#13365 = CARTESIAN_POINT('',(0.,0.));
#13366 = VECTOR('',#13367,1.);
#13367 = DIRECTION('',(1.,0.));
#13368 = ( GEOMETRIC_REPRESENTATION_CONTEXT(2) 
PARAMETRIC_REPRESENTATION_CONTEXT() REPRESENTATION_CONTEXT('2D SPACE',''
  ) );
#13369 = PCURVE('',#13370,#13375);
#13370 = PLANE('',#13371);
#13371 = AXIS2_PLACEMENT_3D('',#13372,#13373,#13374);
#13372 = CARTESIAN_POINT('',(-18.,-28.2,-21.));
#13373 = DIRECTION('',(0.,1.,0.));
#13374 = DIRECTION('',(0.,0.,1.));
#13375 = DEFINITIONAL_REPRESENTATION('',(#13376),#13380);
#13376 = LINE('',#13377,#13378);
#13377 = CARTESIAN_POINT('',(0.,0.));
#13378 = VECTOR('',#13379,1.);
#13379 = DIRECTION('',(1.,0.));
#13380 = ( GEOMETRIC_REPRESENTATION_CONTEXT(2) 
PARAMETRIC_REPRESENTATION_CONTEXT() REPRESENTATION_CONTEXT('2D SPACE',''
  ) );
#13381 = ORIENTED_EDGE('',*,*,#13382,.T.);
#13382 = EDGE_CURVE('',#13348,#13383,#13385,.T.);
#13383 = VERTEX_POINT('',#13384);
#13384 = CARTESIAN_POINT('',(-18.,-25.2,-17.));
#13385 = SURFACE_CURVE('',#13386,(#13390,#13397),.PCURVE_S1.);
#13386 = LINE('',#13387,#13388);
#13387 = CARTESIAN_POINT('',(-18.,-28.2,-17.));
#13388 = VECTOR('',#13389,1.);
#13389 = DIRECTION('',(0.,1.,0.));
#13390 = PCURVE('',#13358,#13391);
#13391 = DEFINITIONAL_REPRESENTATION('',(#13392),#13396);
#13392 = LINE('',#13393,#13394);
#13393 = CARTESIAN_POINT('',(4.,0.));
#13394 = VECTOR('',#13395,1.);
#13395 = DIRECTION('',(0.,-1.));
#13396 = ( GEOMETRIC_REPRESENTATION_CONTEXT(2) 
PARAMETRIC_REPRESENTATION_CONTEXT() REPRESENTATION_CONTEXT('2D SPACE',''
  ) );
#13397 = PCURVE('',#13398,#13403);
#13398 = CYLINDRICAL_SURFACE('',#13399,4.);
#13399 = AXIS2_PLACEMENT_3D('',#13400,#13401,#13402);
#13400 = CARTESIAN_POINT('',(-14.,-28.2,-17.));
#13401 = DIRECTION('',(0.,1.,0.));
#13402 = DIRECTION('',(-1.,0.,0.));
#13403 = DEFINITIONAL_REPRESENTATION('',(#13404),#13408);
#13404 = LINE('',#13405,#13406);
#13405 = CARTESIAN_POINT('',(-0.,0.));
#13406 = VECTOR('',#13407,1.);
#13407 = DIRECTION('',(-0.,1.));
#13408 = ( GEOMETRIC_REPRESENTATION_CONTEXT(2) 
PARAMETRIC_REPRESENTATION_CONTEXT() REPRESENTATION_CONTEXT('2D SPACE',''
  ) );
#13409 = ORIENTED_EDGE('',*,*,#13410,.T.);
#13410 = EDGE_CURVE('',#13383,#13411,#13413,.T.);
#13411 = VERTEX_POINT('',#13412);
#13412 = CARTESIAN_POINT('',(-18.,-25.2,3.));
#13413 = SURFACE_CURVE('',#13414,(#13418,#13425),.PCURVE_S1.);
#13414 = LINE('',#13415,#13416);
#13415 = CARTESIAN_POINT('',(-18.,-25.2,-21.));
#13416 = VECTOR('',#13417,1.);
#13417 = DIRECTION('',(0.,0.,1.));
#13418 = PCURVE('',#13358,#13419);
#13419 = DEFINITIONAL_REPRESENTATION('',(#13420),#13424);
#13420 = LINE('',#13421,#13422);
#13421 = CARTESIAN_POINT('',(0.,-3.));
#13422 = VECTOR('',#13423,1.);
#13423 = DIRECTION('',(1.,0.));
#13424 = ( GEOMETRIC_REPRESENTATION_CONTEXT(2) 
PARAMETRIC_REPRESENTATION_CONTEXT() REPRESENTATION_CONTEXT('2D SPACE',''
  ) );
#13425 = PCURVE('',#13426,#13431);
#13426 = PLANE('',#13427);
#13427 = AXIS2_PLACEMENT_3D('',#13428,#13429,#13430);
#13428 = CARTESIAN_POINT('',(-18.,-25.2,-21.));
#13429 = DIRECTION('',(0.,1.,0.));
#13430 = DIRECTION('',(0.,0.,1.));
#13431 = DEFINITIONAL_REPRESENTATION('',(#13432),#13436);
#13432 = LINE('',#13433,#13434);
#13433 = CARTESIAN_POINT('',(0.,0.));
#13434 = VECTOR('',#13435,1.);
#13435 = DIRECTION('',(1.,0.));
#13436 = ( GEOMETRIC_REPRESENTATION_CONTEXT(2) 
PARAMETRIC_REPRESENTATION_CONTEXT() REPRESENTATION_CONTEXT('2D SPACE',''
  ) );
#13437 = ORIENTED_EDGE('',*,*,#13438,.F.);
#13438 = EDGE_CURVE('',#13350,#13411,#13439,.T.);
#13439 = SURFACE_CURVE('',#13440,(#13444,#13451),.PCURVE_S1.);
#13440 = LINE('',#13441,#13442);
#13441 = CARTESIAN_POINT('',(-18.,-28.2,3.));
#13442 = VECTOR('',#13443,1.);
#13443 = DIRECTION('',(0.,1.,0.));
#13444 = PCURVE('',#13358,#13445);
#13445 = DEFINITIONAL_REPRESENTATION('',(#13446),#13450);
#13446 = LINE('',#13447,#13448);
#13447 = CARTESIAN_POINT('',(24.,0.));
#13448 = VECTOR('',#13449,1.);
#13449 = DIRECTION('',(0.,-1.));
#13450 = ( GEOMETRIC_REPRESENTATION_CONTEXT(2) 
PARAMETRIC_REPRESENTATION_CONTEXT() REPRESENTATION_CONTEXT('2D SPACE',''
  ) );
#13451 = PCURVE('',#13452,#13457);
#13452 = CYLINDRICAL_SURFACE('',#13453,4.);
#13453 = AXIS2_PLACEMENT_3D('',#13454,#13455,#13456);
#13454 = CARTESIAN_POINT('',(-14.,-28.2,3.));
#13455 = DIRECTION('',(0.,1.,0.));
#13456 = DIRECTION('',(-1.,0.,0.));
#13457 = DEFINITIONAL_REPRESENTATION('',(#13458),#13462);
#13458 = LINE('',#13459,#13460);
#13459 = CARTESIAN_POINT('',(0.,0.));
#13460 = VECTOR('',#13461,1.);
#13461 = DIRECTION('',(0.,1.));
#13462 = ( GEOMETRIC_REPRESENTATION_CONTEXT(2) 
PARAMETRIC_REPRESENTATION_CONTEXT() REPRESENTATION_CONTEXT('2D SPACE',''
  ) );
#13463 = ADVANCED_FACE('',(#13464),#13370,.F.);
#13464 = FACE_BOUND('',#13465,.F.);
#13465 = EDGE_LOOP('',(#13466,#13496,#13522,#13523,#13547,#13575,#13608,
    #13636));
#13466 = ORIENTED_EDGE('',*,*,#13467,.F.);
#13467 = EDGE_CURVE('',#13468,#13470,#13472,.T.);
#13468 = VERTEX_POINT('',#13469);
#13469 = CARTESIAN_POINT('',(-14.,-28.2,-21.));
#13470 = VERTEX_POINT('',#13471);
#13471 = CARTESIAN_POINT('',(14.,-28.2,-21.));
#13472 = SURFACE_CURVE('',#13473,(#13477,#13484),.PCURVE_S1.);
#13473 = LINE('',#13474,#13475);
#13474 = CARTESIAN_POINT('',(-18.,-28.2,-21.));
#13475 = VECTOR('',#13476,1.);
#13476 = DIRECTION('',(1.,0.,0.));
#13477 = PCURVE('',#13370,#13478);
#13478 = DEFINITIONAL_REPRESENTATION('',(#13479),#13483);
#13479 = LINE('',#13480,#13481);
#13480 = CARTESIAN_POINT('',(0.,0.));
#13481 = VECTOR('',#13482,1.);
#13482 = DIRECTION('',(0.,1.));
#13483 = ( GEOMETRIC_REPRESENTATION_CONTEXT(2) 
PARAMETRIC_REPRESENTATION_CONTEXT() REPRESENTATION_CONTEXT('2D SPACE',''
  ) );
#13484 = PCURVE('',#13485,#13490);
#13485 = PLANE('',#13486);
#13486 = AXIS2_PLACEMENT_3D('',#13487,#13488,#13489);
#13487 = CARTESIAN_POINT('',(-18.,-28.2,-21.));
#13488 = DIRECTION('',(0.,0.,1.));
#13489 = DIRECTION('',(1.,0.,0.));
#13490 = DEFINITIONAL_REPRESENTATION('',(#13491),#13495);
#13491 = LINE('',#13492,#13493);
#13492 = CARTESIAN_POINT('',(0.,0.));
#13493 = VECTOR('',#13494,1.);
#13494 = DIRECTION('',(1.,0.));
#13495 = ( GEOMETRIC_REPRESENTATION_CONTEXT(2) 
PARAMETRIC_REPRESENTATION_CONTEXT() REPRESENTATION_CONTEXT('2D SPACE',''
  ) );
#13496 = ORIENTED_EDGE('',*,*,#13497,.F.);
#13497 = EDGE_CURVE('',#13348,#13468,#13498,.T.);
#13498 = SURFACE_CURVE('',#13499,(#13504,#13515),.PCURVE_S1.);
#13499 = CIRCLE('',#13500,4.);
#13500 = AXIS2_PLACEMENT_3D('',#13501,#13502,#13503);
#13501 = CARTESIAN_POINT('',(-14.,-28.2,-17.));
#13502 = DIRECTION('',(-0.,-1.,0.));
#13503 = DIRECTION('',(0.,-0.,1.));
#13504 = PCURVE('',#13370,#13505);
#13505 = DEFINITIONAL_REPRESENTATION('',(#13506),#13514);
#13506 = ( BOUNDED_CURVE() B_SPLINE_CURVE(2,(#13507,#13508,#13509,#13510
    ,#13511,#13512,#13513),.UNSPECIFIED.,.T.,.F.) 
B_SPLINE_CURVE_WITH_KNOTS((1,2,2,2,2,1),(-2.094395102393,0.,
    2.094395102393,4.188790204786,6.28318530718,8.377580409573),
.UNSPECIFIED.) CURVE() GEOMETRIC_REPRESENTATION_ITEM() 
RATIONAL_B_SPLINE_CURVE((1.,0.5,1.,0.5,1.,0.5,1.)) REPRESENTATION_ITEM(
  '') );
#13507 = CARTESIAN_POINT('',(8.,4.));
#13508 = CARTESIAN_POINT('',(8.,-2.928203230276));
#13509 = CARTESIAN_POINT('',(2.,0.535898384862));
#13510 = CARTESIAN_POINT('',(-4.,4.));
#13511 = CARTESIAN_POINT('',(2.,7.464101615138));
#13512 = CARTESIAN_POINT('',(8.,10.928203230276));
#13513 = CARTESIAN_POINT('',(8.,4.));
#13514 = ( GEOMETRIC_REPRESENTATION_CONTEXT(2) 
PARAMETRIC_REPRESENTATION_CONTEXT() REPRESENTATION_CONTEXT('2D SPACE',''
  ) );
#13515 = PCURVE('',#13398,#13516);
#13516 = DEFINITIONAL_REPRESENTATION('',(#13517),#13521);
#13517 = LINE('',#13518,#13519);
#13518 = CARTESIAN_POINT('',(1.570796326795,-0.));
#13519 = VECTOR('',#13520,1.);
#13520 = DIRECTION('',(-1.,0.));
#13521 = ( GEOMETRIC_REPRESENTATION_CONTEXT(2) 
PARAMETRIC_REPRESENTATION_CONTEXT() REPRESENTATION_CONTEXT('2D SPACE',''
  ) );
#13522 = ORIENTED_EDGE('',*,*,#13347,.T.);
#13523 = ORIENTED_EDGE('',*,*,#13524,.T.);
#13524 = EDGE_CURVE('',#13350,#13525,#13527,.T.);
#13525 = VERTEX_POINT('',#13526);
#13526 = CARTESIAN_POINT('',(-14.,-28.2,7.));
#13527 = SURFACE_CURVE('',#13528,(#13533,#13540),.PCURVE_S1.);
#13528 = CIRCLE('',#13529,4.);
#13529 = AXIS2_PLACEMENT_3D('',#13530,#13531,#13532);
#13530 = CARTESIAN_POINT('',(-14.,-28.2,3.));
#13531 = DIRECTION('',(0.,1.,0.));
#13532 = DIRECTION('',(0.,-0.,1.));
#13533 = PCURVE('',#13370,#13534);
#13534 = DEFINITIONAL_REPRESENTATION('',(#13535),#13539);
#13535 = CIRCLE('',#13536,4.);
#13536 = AXIS2_PLACEMENT_2D('',#13537,#13538);
#13537 = CARTESIAN_POINT('',(24.,4.));
#13538 = DIRECTION('',(1.,0.));
#13539 = ( GEOMETRIC_REPRESENTATION_CONTEXT(2) 
PARAMETRIC_REPRESENTATION_CONTEXT() REPRESENTATION_CONTEXT('2D SPACE',''
  ) );
#13540 = PCURVE('',#13452,#13541);
#13541 = DEFINITIONAL_REPRESENTATION('',(#13542),#13546);
#13542 = LINE('',#13543,#13544);
#13543 = CARTESIAN_POINT('',(-4.712388980385,0.));
#13544 = VECTOR('',#13545,1.);
#13545 = DIRECTION('',(1.,0.));
#13546 = ( GEOMETRIC_REPRESENTATION_CONTEXT(2) 
PARAMETRIC_REPRESENTATION_CONTEXT() REPRESENTATION_CONTEXT('2D SPACE',''
  ) );
#13547 = ORIENTED_EDGE('',*,*,#13548,.T.);
#13548 = EDGE_CURVE('',#13525,#13549,#13551,.T.);
#13549 = VERTEX_POINT('',#13550);
#13550 = CARTESIAN_POINT('',(14.,-28.2,7.));
#13551 = SURFACE_CURVE('',#13552,(#13556,#13563),.PCURVE_S1.);
#13552 = LINE('',#13553,#13554);
#13553 = CARTESIAN_POINT('',(-18.,-28.2,7.));
#13554 = VECTOR('',#13555,1.);
#13555 = DIRECTION('',(1.,0.,0.));
#13556 = PCURVE('',#13370,#13557);
#13557 = DEFINITIONAL_REPRESENTATION('',(#13558),#13562);
#13558 = LINE('',#13559,#13560);
#13559 = CARTESIAN_POINT('',(28.,0.));
#13560 = VECTOR('',#13561,1.);
#13561 = DIRECTION('',(0.,1.));
#13562 = ( GEOMETRIC_REPRESENTATION_CONTEXT(2) 
PARAMETRIC_REPRESENTATION_CONTEXT() REPRESENTATION_CONTEXT('2D SPACE',''
  ) );
#13563 = PCURVE('',#13564,#13569);
#13564 = PLANE('',#13565);
#13565 = AXIS2_PLACEMENT_3D('',#13566,#13567,#13568);
#13566 = CARTESIAN_POINT('',(-18.,-28.2,7.));
#13567 = DIRECTION('',(0.,0.,1.));
#13568 = DIRECTION('',(1.,0.,0.));
#13569 = DEFINITIONAL_REPRESENTATION('',(#13570),#13574);
#13570 = LINE('',#13571,#13572);
#13571 = CARTESIAN_POINT('',(0.,0.));
#13572 = VECTOR('',#13573,1.);
#13573 = DIRECTION('',(1.,0.));
#13574 = ( GEOMETRIC_REPRESENTATION_CONTEXT(2) 
PARAMETRIC_REPRESENTATION_CONTEXT() REPRESENTATION_CONTEXT('2D SPACE',''
  ) );
#13575 = ORIENTED_EDGE('',*,*,#13576,.F.);
#13576 = EDGE_CURVE('',#13577,#13549,#13579,.T.);
#13577 = VERTEX_POINT('',#13578);
#13578 = CARTESIAN_POINT('',(18.,-28.2,3.));
#13579 = SURFACE_CURVE('',#13580,(#13585,#13596),.PCURVE_S1.);
#13580 = CIRCLE('',#13581,4.);
#13581 = AXIS2_PLACEMENT_3D('',#13582,#13583,#13584);
#13582 = CARTESIAN_POINT('',(14.,-28.2,3.));
#13583 = DIRECTION('',(-0.,-1.,0.));
#13584 = DIRECTION('',(0.,-0.,1.));
#13585 = PCURVE('',#13370,#13586);
#13586 = DEFINITIONAL_REPRESENTATION('',(#13587),#13595);
#13587 = ( BOUNDED_CURVE() B_SPLINE_CURVE(2,(#13588,#13589,#13590,#13591
    ,#13592,#13593,#13594),.UNSPECIFIED.,.T.,.F.) 
B_SPLINE_CURVE_WITH_KNOTS((1,2,2,2,2,1),(-2.094395102393,0.,
    2.094395102393,4.188790204786,6.28318530718,8.377580409573),
.UNSPECIFIED.) CURVE() GEOMETRIC_REPRESENTATION_ITEM() 
RATIONAL_B_SPLINE_CURVE((1.,0.5,1.,0.5,1.,0.5,1.)) REPRESENTATION_ITEM(
  '') );
#13588 = CARTESIAN_POINT('',(28.,32.));
#13589 = CARTESIAN_POINT('',(28.,25.071796769724));
#13590 = CARTESIAN_POINT('',(22.,28.535898384862));
#13591 = CARTESIAN_POINT('',(16.,32.));
#13592 = CARTESIAN_POINT('',(22.,35.464101615138));
#13593 = CARTESIAN_POINT('',(28.,38.928203230276));
#13594 = CARTESIAN_POINT('',(28.,32.));
#13595 = ( GEOMETRIC_REPRESENTATION_CONTEXT(2) 
PARAMETRIC_REPRESENTATION_CONTEXT() REPRESENTATION_CONTEXT('2D SPACE',''
  ) );
#13596 = PCURVE('',#13597,#13602);
#13597 = CYLINDRICAL_SURFACE('',#13598,4.);
#13598 = AXIS2_PLACEMENT_3D('',#13599,#13600,#13601);
#13599 = CARTESIAN_POINT('',(14.,-28.2,3.));
#13600 = DIRECTION('',(0.,1.,0.));
#13601 = DIRECTION('',(1.,0.,-0.));
#13602 = DEFINITIONAL_REPRESENTATION('',(#13603),#13607);
#13603 = LINE('',#13604,#13605);
#13604 = CARTESIAN_POINT('',(4.712388980385,-0.));
#13605 = VECTOR('',#13606,1.);
#13606 = DIRECTION('',(-1.,0.));
#13607 = ( GEOMETRIC_REPRESENTATION_CONTEXT(2) 
PARAMETRIC_REPRESENTATION_CONTEXT() REPRESENTATION_CONTEXT('2D SPACE',''
  ) );
#13608 = ORIENTED_EDGE('',*,*,#13609,.F.);
#13609 = EDGE_CURVE('',#13610,#13577,#13612,.T.);
#13610 = VERTEX_POINT('',#13611);
#13611 = CARTESIAN_POINT('',(18.,-28.2,-17.));
#13612 = SURFACE_CURVE('',#13613,(#13617,#13624),.PCURVE_S1.);
#13613 = LINE('',#13614,#13615);
#13614 = CARTESIAN_POINT('',(18.,-28.2,-21.));
#13615 = VECTOR('',#13616,1.);
#13616 = DIRECTION('',(0.,0.,1.));
#13617 = PCURVE('',#13370,#13618);
#13618 = DEFINITIONAL_REPRESENTATION('',(#13619),#13623);
#13619 = LINE('',#13620,#13621);
#13620 = CARTESIAN_POINT('',(0.,36.));
#13621 = VECTOR('',#13622,1.);
#13622 = DIRECTION('',(1.,0.));
#13623 = ( GEOMETRIC_REPRESENTATION_CONTEXT(2) 
PARAMETRIC_REPRESENTATION_CONTEXT() REPRESENTATION_CONTEXT('2D SPACE',''
  ) );
#13624 = PCURVE('',#13625,#13630);
#13625 = PLANE('',#13626);
#13626 = AXIS2_PLACEMENT_3D('',#13627,#13628,#13629);
#13627 = CARTESIAN_POINT('',(18.,-28.2,-21.));
#13628 = DIRECTION('',(1.,0.,0.));
#13629 = DIRECTION('',(0.,0.,1.));
#13630 = DEFINITIONAL_REPRESENTATION('',(#13631),#13635);
#13631 = LINE('',#13632,#13633);
#13632 = CARTESIAN_POINT('',(0.,0.));
#13633 = VECTOR('',#13634,1.);
#13634 = DIRECTION('',(1.,0.));
#13635 = ( GEOMETRIC_REPRESENTATION_CONTEXT(2) 
PARAMETRIC_REPRESENTATION_CONTEXT() REPRESENTATION_CONTEXT('2D SPACE',''
  ) );
#13636 = ORIENTED_EDGE('',*,*,#13637,.T.);
#13637 = EDGE_CURVE('',#13610,#13470,#13638,.T.);
#13638 = SURFACE_CURVE('',#13639,(#13644,#13651),.PCURVE_S1.);
#13639 = CIRCLE('',#13640,4.);
#13640 = AXIS2_PLACEMENT_3D('',#13641,#13642,#13643);
#13641 = CARTESIAN_POINT('',(14.,-28.2,-17.));
#13642 = DIRECTION('',(0.,1.,0.));
#13643 = DIRECTION('',(0.,-0.,1.));
#13644 = PCURVE('',#13370,#13645);
#13645 = DEFINITIONAL_REPRESENTATION('',(#13646),#13650);
#13646 = CIRCLE('',#13647,4.);
#13647 = AXIS2_PLACEMENT_2D('',#13648,#13649);
#13648 = CARTESIAN_POINT('',(4.,32.));
#13649 = DIRECTION('',(1.,0.));
#13650 = ( GEOMETRIC_REPRESENTATION_CONTEXT(2) 
PARAMETRIC_REPRESENTATION_CONTEXT() REPRESENTATION_CONTEXT('2D SPACE',''
  ) );
#13651 = PCURVE('',#13652,#13657);
#13652 = CYLINDRICAL_SURFACE('',#13653,4.);
#13653 = AXIS2_PLACEMENT_3D('',#13654,#13655,#13656);
#13654 = CARTESIAN_POINT('',(14.,-28.2,-17.));
#13655 = DIRECTION('',(0.,1.,0.));
#13656 = DIRECTION('',(1.,0.,-0.));
#13657 = DEFINITIONAL_REPRESENTATION('',(#13658),#13662);
#13658 = LINE('',#13659,#13660);
#13659 = CARTESIAN_POINT('',(-1.570796326795,0.));
#13660 = VECTOR('',#13661,1.);
#13661 = DIRECTION('',(1.,0.));
#13662 = ( GEOMETRIC_REPRESENTATION_CONTEXT(2) 
PARAMETRIC_REPRESENTATION_CONTEXT() REPRESENTATION_CONTEXT('2D SPACE',''
  ) );
#13663 = ADVANCED_FACE('',(#13664),#13398,.T.);
#13664 = FACE_BOUND('',#13665,.F.);
#13665 = EDGE_LOOP('',(#13666,#13667,#13690,#13716));
#13666 = ORIENTED_EDGE('',*,*,#13497,.T.);
#13667 = ORIENTED_EDGE('',*,*,#13668,.T.);
#13668 = EDGE_CURVE('',#13468,#13669,#13671,.T.);
#13669 = VERTEX_POINT('',#13670);
#13670 = CARTESIAN_POINT('',(-14.,-25.2,-21.));
#13671 = SURFACE_CURVE('',#13672,(#13676,#13683),.PCURVE_S1.);
#13672 = LINE('',#13673,#13674);
#13673 = CARTESIAN_POINT('',(-14.,-28.2,-21.));
#13674 = VECTOR('',#13675,1.);
#13675 = DIRECTION('',(0.,1.,0.));
#13676 = PCURVE('',#13398,#13677);
#13677 = DEFINITIONAL_REPRESENTATION('',(#13678),#13682);
#13678 = LINE('',#13679,#13680);
#13679 = CARTESIAN_POINT('',(-1.570796326795,0.));
#13680 = VECTOR('',#13681,1.);
#13681 = DIRECTION('',(-0.,1.));
#13682 = ( GEOMETRIC_REPRESENTATION_CONTEXT(2) 
PARAMETRIC_REPRESENTATION_CONTEXT() REPRESENTATION_CONTEXT('2D SPACE',''
  ) );
#13683 = PCURVE('',#13485,#13684);
#13684 = DEFINITIONAL_REPRESENTATION('',(#13685),#13689);
#13685 = LINE('',#13686,#13687);
#13686 = CARTESIAN_POINT('',(4.,0.));
#13687 = VECTOR('',#13688,1.);
#13688 = DIRECTION('',(0.,1.));
#13689 = ( GEOMETRIC_REPRESENTATION_CONTEXT(2) 
PARAMETRIC_REPRESENTATION_CONTEXT() REPRESENTATION_CONTEXT('2D SPACE',''
  ) );
#13690 = ORIENTED_EDGE('',*,*,#13691,.F.);
#13691 = EDGE_CURVE('',#13383,#13669,#13692,.T.);
#13692 = SURFACE_CURVE('',#13693,(#13698,#13705),.PCURVE_S1.);
#13693 = CIRCLE('',#13694,4.);
#13694 = AXIS2_PLACEMENT_3D('',#13695,#13696,#13697);
#13695 = CARTESIAN_POINT('',(-14.,-25.2,-17.));
#13696 = DIRECTION('',(-0.,-1.,0.));
#13697 = DIRECTION('',(0.,-0.,1.));
#13698 = PCURVE('',#13398,#13699);
#13699 = DEFINITIONAL_REPRESENTATION('',(#13700),#13704);
#13700 = LINE('',#13701,#13702);
#13701 = CARTESIAN_POINT('',(1.570796326795,3.));
#13702 = VECTOR('',#13703,1.);
#13703 = DIRECTION('',(-1.,0.));
#13704 = ( GEOMETRIC_REPRESENTATION_CONTEXT(2) 
PARAMETRIC_REPRESENTATION_CONTEXT() REPRESENTATION_CONTEXT('2D SPACE',''
  ) );
#13705 = PCURVE('',#13426,#13706);
#13706 = DEFINITIONAL_REPRESENTATION('',(#13707),#13715);
#13707 = ( BOUNDED_CURVE() B_SPLINE_CURVE(2,(#13708,#13709,#13710,#13711
    ,#13712,#13713,#13714),.UNSPECIFIED.,.T.,.F.) 
B_SPLINE_CURVE_WITH_KNOTS((1,2,2,2,2,1),(-2.094395102393,0.,
    2.094395102393,4.188790204786,6.28318530718,8.377580409573),
.UNSPECIFIED.) CURVE() GEOMETRIC_REPRESENTATION_ITEM() 
RATIONAL_B_SPLINE_CURVE((1.,0.5,1.,0.5,1.,0.5,1.)) REPRESENTATION_ITEM(
  '') );
#13708 = CARTESIAN_POINT('',(8.,4.));
#13709 = CARTESIAN_POINT('',(8.,-2.928203230276));
#13710 = CARTESIAN_POINT('',(2.,0.535898384862));
#13711 = CARTESIAN_POINT('',(-4.,4.));
#13712 = CARTESIAN_POINT('',(2.,7.464101615138));
#13713 = CARTESIAN_POINT('',(8.,10.928203230276));
#13714 = CARTESIAN_POINT('',(8.,4.));
#13715 = ( GEOMETRIC_REPRESENTATION_CONTEXT(2) 
PARAMETRIC_REPRESENTATION_CONTEXT() REPRESENTATION_CONTEXT('2D SPACE',''
  ) );
#13716 = ORIENTED_EDGE('',*,*,#13382,.F.);
#13717 = ADVANCED_FACE('',(#13718),#13452,.T.);
#13718 = FACE_BOUND('',#13719,.T.);
#13719 = EDGE_LOOP('',(#13720,#13721,#13744,#13766));
#13720 = ORIENTED_EDGE('',*,*,#13524,.T.);
#13721 = ORIENTED_EDGE('',*,*,#13722,.T.);
#13722 = EDGE_CURVE('',#13525,#13723,#13725,.T.);
#13723 = VERTEX_POINT('',#13724);
#13724 = CARTESIAN_POINT('',(-14.,-25.2,7.));
#13725 = SURFACE_CURVE('',#13726,(#13730,#13737),.PCURVE_S1.);
#13726 = LINE('',#13727,#13728);
#13727 = CARTESIAN_POINT('',(-14.,-28.2,7.));
#13728 = VECTOR('',#13729,1.);
#13729 = DIRECTION('',(0.,1.,0.));
#13730 = PCURVE('',#13452,#13731);
#13731 = DEFINITIONAL_REPRESENTATION('',(#13732),#13736);
#13732 = LINE('',#13733,#13734);
#13733 = CARTESIAN_POINT('',(1.570796326795,0.));
#13734 = VECTOR('',#13735,1.);
#13735 = DIRECTION('',(0.,1.));
#13736 = ( GEOMETRIC_REPRESENTATION_CONTEXT(2) 
PARAMETRIC_REPRESENTATION_CONTEXT() REPRESENTATION_CONTEXT('2D SPACE',''
  ) );
#13737 = PCURVE('',#13564,#13738);
#13738 = DEFINITIONAL_REPRESENTATION('',(#13739),#13743);
#13739 = LINE('',#13740,#13741);
#13740 = CARTESIAN_POINT('',(4.,0.));
#13741 = VECTOR('',#13742,1.);
#13742 = DIRECTION('',(0.,1.));
#13743 = ( GEOMETRIC_REPRESENTATION_CONTEXT(2) 
PARAMETRIC_REPRESENTATION_CONTEXT() REPRESENTATION_CONTEXT('2D SPACE',''
  ) );
#13744 = ORIENTED_EDGE('',*,*,#13745,.F.);
#13745 = EDGE_CURVE('',#13411,#13723,#13746,.T.);
#13746 = SURFACE_CURVE('',#13747,(#13752,#13759),.PCURVE_S1.);
#13747 = CIRCLE('',#13748,4.);
#13748 = AXIS2_PLACEMENT_3D('',#13749,#13750,#13751);
#13749 = CARTESIAN_POINT('',(-14.,-25.2,3.));
#13750 = DIRECTION('',(0.,1.,0.));
#13751 = DIRECTION('',(0.,-0.,1.));
#13752 = PCURVE('',#13452,#13753);
#13753 = DEFINITIONAL_REPRESENTATION('',(#13754),#13758);
#13754 = LINE('',#13755,#13756);
#13755 = CARTESIAN_POINT('',(-4.712388980385,3.));
#13756 = VECTOR('',#13757,1.);
#13757 = DIRECTION('',(1.,0.));
#13758 = ( GEOMETRIC_REPRESENTATION_CONTEXT(2) 
PARAMETRIC_REPRESENTATION_CONTEXT() REPRESENTATION_CONTEXT('2D SPACE',''
  ) );
#13759 = PCURVE('',#13426,#13760);
#13760 = DEFINITIONAL_REPRESENTATION('',(#13761),#13765);
#13761 = CIRCLE('',#13762,4.);
#13762 = AXIS2_PLACEMENT_2D('',#13763,#13764);
#13763 = CARTESIAN_POINT('',(24.,4.));
#13764 = DIRECTION('',(1.,0.));
#13765 = ( GEOMETRIC_REPRESENTATION_CONTEXT(2) 
PARAMETRIC_REPRESENTATION_CONTEXT() REPRESENTATION_CONTEXT('2D SPACE',''
  ) );
#13766 = ORIENTED_EDGE('',*,*,#13438,.F.);
#13767 = ADVANCED_FACE('',(#13768,#13892,#14130),#13426,.T.);
#13768 = FACE_BOUND('',#13769,.T.);
#13769 = EDGE_LOOP('',(#13770,#13793,#13794,#13795,#13796,#13819,#13847,
    #13870));
#13770 = ORIENTED_EDGE('',*,*,#13771,.F.);
#13771 = EDGE_CURVE('',#13669,#13772,#13774,.T.);
#13772 = VERTEX_POINT('',#13773);
#13773 = CARTESIAN_POINT('',(14.,-25.2,-21.));
#13774 = SURFACE_CURVE('',#13775,(#13779,#13786),.PCURVE_S1.);
#13775 = LINE('',#13776,#13777);
#13776 = CARTESIAN_POINT('',(-18.,-25.2,-21.));
#13777 = VECTOR('',#13778,1.);
#13778 = DIRECTION('',(1.,0.,0.));
#13779 = PCURVE('',#13426,#13780);
#13780 = DEFINITIONAL_REPRESENTATION('',(#13781),#13785);
#13781 = LINE('',#13782,#13783);
#13782 = CARTESIAN_POINT('',(0.,0.));
#13783 = VECTOR('',#13784,1.);
#13784 = DIRECTION('',(0.,1.));
#13785 = ( GEOMETRIC_REPRESENTATION_CONTEXT(2) 
PARAMETRIC_REPRESENTATION_CONTEXT() REPRESENTATION_CONTEXT('2D SPACE',''
  ) );
#13786 = PCURVE('',#13485,#13787);
#13787 = DEFINITIONAL_REPRESENTATION('',(#13788),#13792);
#13788 = LINE('',#13789,#13790);
#13789 = CARTESIAN_POINT('',(0.,3.));
#13790 = VECTOR('',#13791,1.);
#13791 = DIRECTION('',(1.,0.));
#13792 = ( GEOMETRIC_REPRESENTATION_CONTEXT(2) 
PARAMETRIC_REPRESENTATION_CONTEXT() REPRESENTATION_CONTEXT('2D SPACE',''
  ) );
#13793 = ORIENTED_EDGE('',*,*,#13691,.F.);
#13794 = ORIENTED_EDGE('',*,*,#13410,.T.);
#13795 = ORIENTED_EDGE('',*,*,#13745,.T.);
#13796 = ORIENTED_EDGE('',*,*,#13797,.T.);
#13797 = EDGE_CURVE('',#13723,#13798,#13800,.T.);
#13798 = VERTEX_POINT('',#13799);
#13799 = CARTESIAN_POINT('',(14.,-25.2,7.));
#13800 = SURFACE_CURVE('',#13801,(#13805,#13812),.PCURVE_S1.);
#13801 = LINE('',#13802,#13803);
#13802 = CARTESIAN_POINT('',(-18.,-25.2,7.));
#13803 = VECTOR('',#13804,1.);
#13804 = DIRECTION('',(1.,0.,0.));
#13805 = PCURVE('',#13426,#13806);
#13806 = DEFINITIONAL_REPRESENTATION('',(#13807),#13811);
#13807 = LINE('',#13808,#13809);
#13808 = CARTESIAN_POINT('',(28.,0.));
#13809 = VECTOR('',#13810,1.);
#13810 = DIRECTION('',(0.,1.));
#13811 = ( GEOMETRIC_REPRESENTATION_CONTEXT(2) 
PARAMETRIC_REPRESENTATION_CONTEXT() REPRESENTATION_CONTEXT('2D SPACE',''
  ) );
#13812 = PCURVE('',#13564,#13813);
#13813 = DEFINITIONAL_REPRESENTATION('',(#13814),#13818);
#13814 = LINE('',#13815,#13816);
#13815 = CARTESIAN_POINT('',(0.,3.));
#13816 = VECTOR('',#13817,1.);
#13817 = DIRECTION('',(1.,0.));
#13818 = ( GEOMETRIC_REPRESENTATION_CONTEXT(2) 
PARAMETRIC_REPRESENTATION_CONTEXT() REPRESENTATION_CONTEXT('2D SPACE',''
  ) );
#13819 = ORIENTED_EDGE('',*,*,#13820,.F.);
#13820 = EDGE_CURVE('',#13821,#13798,#13823,.T.);
#13821 = VERTEX_POINT('',#13822);
#13822 = CARTESIAN_POINT('',(18.,-25.2,3.));
#13823 = SURFACE_CURVE('',#13824,(#13829,#13840),.PCURVE_S1.);
#13824 = CIRCLE('',#13825,4.);
#13825 = AXIS2_PLACEMENT_3D('',#13826,#13827,#13828);
#13826 = CARTESIAN_POINT('',(14.,-25.2,3.));
#13827 = DIRECTION('',(-0.,-1.,0.));
#13828 = DIRECTION('',(0.,-0.,1.));
#13829 = PCURVE('',#13426,#13830);
#13830 = DEFINITIONAL_REPRESENTATION('',(#13831),#13839);
#13831 = ( BOUNDED_CURVE() B_SPLINE_CURVE(2,(#13832,#13833,#13834,#13835
    ,#13836,#13837,#13838),.UNSPECIFIED.,.T.,.F.) 
B_SPLINE_CURVE_WITH_KNOTS((1,2,2,2,2,1),(-2.094395102393,0.,
    2.094395102393,4.188790204786,6.28318530718,8.377580409573),
.UNSPECIFIED.) CURVE() GEOMETRIC_REPRESENTATION_ITEM() 
RATIONAL_B_SPLINE_CURVE((1.,0.5,1.,0.5,1.,0.5,1.)) REPRESENTATION_ITEM(
  '') );
#13832 = CARTESIAN_POINT('',(28.,32.));
#13833 = CARTESIAN_POINT('',(28.,25.071796769724));
#13834 = CARTESIAN_POINT('',(22.,28.535898384862));
#13835 = CARTESIAN_POINT('',(16.,32.));
#13836 = CARTESIAN_POINT('',(22.,35.464101615138));
#13837 = CARTESIAN_POINT('',(28.,38.928203230276));
#13838 = CARTESIAN_POINT('',(28.,32.));
#13839 = ( GEOMETRIC_REPRESENTATION_CONTEXT(2) 
PARAMETRIC_REPRESENTATION_CONTEXT() REPRESENTATION_CONTEXT('2D SPACE',''
  ) );
#13840 = PCURVE('',#13597,#13841);
#13841 = DEFINITIONAL_REPRESENTATION('',(#13842),#13846);
#13842 = LINE('',#13843,#13844);
#13843 = CARTESIAN_POINT('',(4.712388980385,3.));
#13844 = VECTOR('',#13845,1.);
#13845 = DIRECTION('',(-1.,0.));
#13846 = ( GEOMETRIC_REPRESENTATION_CONTEXT(2) 
PARAMETRIC_REPRESENTATION_CONTEXT() REPRESENTATION_CONTEXT('2D SPACE',''
  ) );
#13847 = ORIENTED_EDGE('',*,*,#13848,.F.);
#13848 = EDGE_CURVE('',#13849,#13821,#13851,.T.);
#13849 = VERTEX_POINT('',#13850);
#13850 = CARTESIAN_POINT('',(18.,-25.2,-17.));
#13851 = SURFACE_CURVE('',#13852,(#13856,#13863),.PCURVE_S1.);
#13852 = LINE('',#13853,#13854);
#13853 = CARTESIAN_POINT('',(18.,-25.2,-21.));
#13854 = VECTOR('',#13855,1.);
#13855 = DIRECTION('',(0.,0.,1.));
#13856 = PCURVE('',#13426,#13857);
#13857 = DEFINITIONAL_REPRESENTATION('',(#13858),#13862);
#13858 = LINE('',#13859,#13860);
#13859 = CARTESIAN_POINT('',(0.,36.));
#13860 = VECTOR('',#13861,1.);
#13861 = DIRECTION('',(1.,0.));
#13862 = ( GEOMETRIC_REPRESENTATION_CONTEXT(2) 
PARAMETRIC_REPRESENTATION_CONTEXT() REPRESENTATION_CONTEXT('2D SPACE',''
  ) );
#13863 = PCURVE('',#13625,#13864);
#13864 = DEFINITIONAL_REPRESENTATION('',(#13865),#13869);
#13865 = LINE('',#13866,#13867);
#13866 = CARTESIAN_POINT('',(0.,-3.));
#13867 = VECTOR('',#13868,1.);
#13868 = DIRECTION('',(1.,0.));
#13869 = ( GEOMETRIC_REPRESENTATION_CONTEXT(2) 
PARAMETRIC_REPRESENTATION_CONTEXT() REPRESENTATION_CONTEXT('2D SPACE',''
  ) );
#13870 = ORIENTED_EDGE('',*,*,#13871,.T.);
#13871 = EDGE_CURVE('',#13849,#13772,#13872,.T.);
#13872 = SURFACE_CURVE('',#13873,(#13878,#13885),.PCURVE_S1.);
#13873 = CIRCLE('',#13874,4.);
#13874 = AXIS2_PLACEMENT_3D('',#13875,#13876,#13877);
#13875 = CARTESIAN_POINT('',(14.,-25.2,-17.));
#13876 = DIRECTION('',(0.,1.,0.));
#13877 = DIRECTION('',(0.,-0.,1.));
#13878 = PCURVE('',#13426,#13879);
#13879 = DEFINITIONAL_REPRESENTATION('',(#13880),#13884);
#13880 = CIRCLE('',#13881,4.);
#13881 = AXIS2_PLACEMENT_2D('',#13882,#13883);
#13882 = CARTESIAN_POINT('',(4.,32.));
#13883 = DIRECTION('',(1.,0.));
#13884 = ( GEOMETRIC_REPRESENTATION_CONTEXT(2) 
PARAMETRIC_REPRESENTATION_CONTEXT() REPRESENTATION_CONTEXT('2D SPACE',''
  ) );
#13885 = PCURVE('',#13652,#13886);
#13886 = DEFINITIONAL_REPRESENTATION('',(#13887),#13891);
#13887 = LINE('',#13888,#13889);
#13888 = CARTESIAN_POINT('',(-1.570796326795,3.));
#13889 = VECTOR('',#13890,1.);
#13890 = DIRECTION('',(1.,0.));
#13891 = ( GEOMETRIC_REPRESENTATION_CONTEXT(2) 
PARAMETRIC_REPRESENTATION_CONTEXT() REPRESENTATION_CONTEXT('2D SPACE',''
  ) );
#13892 = FACE_BOUND('',#13893,.T.);
#13893 = EDGE_LOOP('',(#13894,#13924,#13957,#13985,#14014,#14042,#14075,
    #14103));
#13894 = ORIENTED_EDGE('',*,*,#13895,.F.);
#13895 = EDGE_CURVE('',#13896,#13898,#13900,.T.);
#13896 = VERTEX_POINT('',#13897);
#13897 = CARTESIAN_POINT('',(-15.5,-25.2,-17.1));
#13898 = VERTEX_POINT('',#13899);
#13899 = CARTESIAN_POINT('',(-15.5,-25.2,-16.5));
#13900 = SURFACE_CURVE('',#13901,(#13905,#13912),.PCURVE_S1.);
#13901 = LINE('',#13902,#13903);
#13902 = CARTESIAN_POINT('',(-15.5,-25.2,-18.1));
#13903 = VECTOR('',#13904,1.);
#13904 = DIRECTION('',(0.,0.,1.));
#13905 = PCURVE('',#13426,#13906);
#13906 = DEFINITIONAL_REPRESENTATION('',(#13907),#13911);
#13907 = LINE('',#13908,#13909);
#13908 = CARTESIAN_POINT('',(2.9,2.5));
#13909 = VECTOR('',#13910,1.);
#13910 = DIRECTION('',(1.,0.));
#13911 = ( GEOMETRIC_REPRESENTATION_CONTEXT(2) 
PARAMETRIC_REPRESENTATION_CONTEXT() REPRESENTATION_CONTEXT('2D SPACE',''
  ) );
#13912 = PCURVE('',#13913,#13918);
#13913 = PLANE('',#13914);
#13914 = AXIS2_PLACEMENT_3D('',#13915,#13916,#13917);
#13915 = CARTESIAN_POINT('',(-15.5,-25.2,-18.1));
#13916 = DIRECTION('',(1.,0.,0.));
#13917 = DIRECTION('',(0.,0.,1.));
#13918 = DEFINITIONAL_REPRESENTATION('',(#13919),#13923);
#13919 = LINE('',#13920,#13921);
#13920 = CARTESIAN_POINT('',(0.,0.));
#13921 = VECTOR('',#13922,1.);
#13922 = DIRECTION('',(1.,0.));
#13923 = ( GEOMETRIC_REPRESENTATION_CONTEXT(2) 
PARAMETRIC_REPRESENTATION_CONTEXT() REPRESENTATION_CONTEXT('2D SPACE',''
  ) );
#13924 = ORIENTED_EDGE('',*,*,#13925,.T.);
#13925 = EDGE_CURVE('',#13896,#13926,#13928,.T.);
#13926 = VERTEX_POINT('',#13927);
#13927 = CARTESIAN_POINT('',(-14.5,-25.2,-18.1));
#13928 = SURFACE_CURVE('',#13929,(#13934,#13945),.PCURVE_S1.);
#13929 = CIRCLE('',#13930,1.);
#13930 = AXIS2_PLACEMENT_3D('',#13931,#13932,#13933);
#13931 = CARTESIAN_POINT('',(-14.5,-25.2,-17.1));
#13932 = DIRECTION('',(-0.,-1.,0.));
#13933 = DIRECTION('',(0.,-0.,1.));
#13934 = PCURVE('',#13426,#13935);
#13935 = DEFINITIONAL_REPRESENTATION('',(#13936),#13944);
#13936 = ( BOUNDED_CURVE() B_SPLINE_CURVE(2,(#13937,#13938,#13939,#13940
    ,#13941,#13942,#13943),.UNSPECIFIED.,.T.,.F.) 
B_SPLINE_CURVE_WITH_KNOTS((1,2,2,2,2,1),(-2.094395102393,0.,
    2.094395102393,4.188790204786,6.28318530718,8.377580409573),
.UNSPECIFIED.) CURVE() GEOMETRIC_REPRESENTATION_ITEM() 
RATIONAL_B_SPLINE_CURVE((1.,0.5,1.,0.5,1.,0.5,1.)) REPRESENTATION_ITEM(
  '') );
#13937 = CARTESIAN_POINT('',(4.9,3.5));
#13938 = CARTESIAN_POINT('',(4.9,1.767949192431));
#13939 = CARTESIAN_POINT('',(3.4,2.633974596216));
#13940 = CARTESIAN_POINT('',(1.9,3.5));
#13941 = CARTESIAN_POINT('',(3.4,4.366025403784));
#13942 = CARTESIAN_POINT('',(4.9,5.232050807569));
#13943 = CARTESIAN_POINT('',(4.9,3.5));
#13944 = ( GEOMETRIC_REPRESENTATION_CONTEXT(2) 
PARAMETRIC_REPRESENTATION_CONTEXT() REPRESENTATION_CONTEXT('2D SPACE',''
  ) );
#13945 = PCURVE('',#13946,#13951);
#13946 = CYLINDRICAL_SURFACE('',#13947,1.);
#13947 = AXIS2_PLACEMENT_3D('',#13948,#13949,#13950);
#13948 = CARTESIAN_POINT('',(-14.5,-25.2,-17.1));
#13949 = DIRECTION('',(0.,1.,0.));
#13950 = DIRECTION('',(-1.,0.,0.));
#13951 = DEFINITIONAL_REPRESENTATION('',(#13952),#13956);
#13952 = LINE('',#13953,#13954);
#13953 = CARTESIAN_POINT('',(1.570796326795,-0.));
#13954 = VECTOR('',#13955,1.);
#13955 = DIRECTION('',(-1.,0.));
#13956 = ( GEOMETRIC_REPRESENTATION_CONTEXT(2) 
PARAMETRIC_REPRESENTATION_CONTEXT() REPRESENTATION_CONTEXT('2D SPACE',''
  ) );
#13957 = ORIENTED_EDGE('',*,*,#13958,.T.);
#13958 = EDGE_CURVE('',#13926,#13959,#13961,.T.);
#13959 = VERTEX_POINT('',#13960);
#13960 = CARTESIAN_POINT('',(14.5,-25.2,-18.1));
#13961 = SURFACE_CURVE('',#13962,(#13966,#13973),.PCURVE_S1.);
#13962 = LINE('',#13963,#13964);
#13963 = CARTESIAN_POINT('',(-15.5,-25.2,-18.1));
#13964 = VECTOR('',#13965,1.);
#13965 = DIRECTION('',(1.,0.,0.));
#13966 = PCURVE('',#13426,#13967);
#13967 = DEFINITIONAL_REPRESENTATION('',(#13968),#13972);
#13968 = LINE('',#13969,#13970);
#13969 = CARTESIAN_POINT('',(2.9,2.5));
#13970 = VECTOR('',#13971,1.);
#13971 = DIRECTION('',(0.,1.));
#13972 = ( GEOMETRIC_REPRESENTATION_CONTEXT(2) 
PARAMETRIC_REPRESENTATION_CONTEXT() REPRESENTATION_CONTEXT('2D SPACE',''
  ) );
#13973 = PCURVE('',#13974,#13979);
#13974 = PLANE('',#13975);
#13975 = AXIS2_PLACEMENT_3D('',#13976,#13977,#13978);
#13976 = CARTESIAN_POINT('',(-15.5,-25.2,-18.1));
#13977 = DIRECTION('',(0.,0.,1.));
#13978 = DIRECTION('',(1.,0.,0.));
#13979 = DEFINITIONAL_REPRESENTATION('',(#13980),#13984);
#13980 = LINE('',#13981,#13982);
#13981 = CARTESIAN_POINT('',(0.,0.));
#13982 = VECTOR('',#13983,1.);
#13983 = DIRECTION('',(1.,0.));
#13984 = ( GEOMETRIC_REPRESENTATION_CONTEXT(2) 
PARAMETRIC_REPRESENTATION_CONTEXT() REPRESENTATION_CONTEXT('2D SPACE',''
  ) );
#13985 = ORIENTED_EDGE('',*,*,#13986,.F.);
#13986 = EDGE_CURVE('',#13987,#13959,#13989,.T.);
#13987 = VERTEX_POINT('',#13988);
#13988 = CARTESIAN_POINT('',(15.5,-25.2,-17.1));
#13989 = SURFACE_CURVE('',#13990,(#13995,#14002),.PCURVE_S1.);
#13990 = CIRCLE('',#13991,1.);
#13991 = AXIS2_PLACEMENT_3D('',#13992,#13993,#13994);
#13992 = CARTESIAN_POINT('',(14.5,-25.2,-17.1));
#13993 = DIRECTION('',(0.,1.,0.));
#13994 = DIRECTION('',(0.,-0.,1.));
#13995 = PCURVE('',#13426,#13996);
#13996 = DEFINITIONAL_REPRESENTATION('',(#13997),#14001);
#13997 = CIRCLE('',#13998,1.);
#13998 = AXIS2_PLACEMENT_2D('',#13999,#14000);
#13999 = CARTESIAN_POINT('',(3.9,32.5));
#14000 = DIRECTION('',(1.,0.));
#14001 = ( GEOMETRIC_REPRESENTATION_CONTEXT(2) 
PARAMETRIC_REPRESENTATION_CONTEXT() REPRESENTATION_CONTEXT('2D SPACE',''
  ) );
#14002 = PCURVE('',#14003,#14008);
#14003 = CYLINDRICAL_SURFACE('',#14004,1.);
#14004 = AXIS2_PLACEMENT_3D('',#14005,#14006,#14007);
#14005 = CARTESIAN_POINT('',(14.5,-25.2,-17.1));
#14006 = DIRECTION('',(0.,1.,0.));
#14007 = DIRECTION('',(1.,0.,-0.));
#14008 = DEFINITIONAL_REPRESENTATION('',(#14009),#14013);
#14009 = LINE('',#14010,#14011);
#14010 = CARTESIAN_POINT('',(-1.570796326795,0.));
#14011 = VECTOR('',#14012,1.);
#14012 = DIRECTION('',(1.,0.));
#14013 = ( GEOMETRIC_REPRESENTATION_CONTEXT(2) 
PARAMETRIC_REPRESENTATION_CONTEXT() REPRESENTATION_CONTEXT('2D SPACE',''
  ) );
#14014 = ORIENTED_EDGE('',*,*,#14015,.T.);
#14015 = EDGE_CURVE('',#13987,#14016,#14018,.T.);
#14016 = VERTEX_POINT('',#14017);
#14017 = CARTESIAN_POINT('',(15.5,-25.2,-16.5));
#14018 = SURFACE_CURVE('',#14019,(#14023,#14030),.PCURVE_S1.);
#14019 = LINE('',#14020,#14021);
#14020 = CARTESIAN_POINT('',(15.5,-25.2,-18.1));
#14021 = VECTOR('',#14022,1.);
#14022 = DIRECTION('',(0.,0.,1.));
#14023 = PCURVE('',#13426,#14024);
#14024 = DEFINITIONAL_REPRESENTATION('',(#14025),#14029);
#14025 = LINE('',#14026,#14027);
#14026 = CARTESIAN_POINT('',(2.9,33.5));
#14027 = VECTOR('',#14028,1.);
#14028 = DIRECTION('',(1.,0.));
#14029 = ( GEOMETRIC_REPRESENTATION_CONTEXT(2) 
PARAMETRIC_REPRESENTATION_CONTEXT() REPRESENTATION_CONTEXT('2D SPACE',''
  ) );
#14030 = PCURVE('',#14031,#14036);
#14031 = PLANE('',#14032);
#14032 = AXIS2_PLACEMENT_3D('',#14033,#14034,#14035);
#14033 = CARTESIAN_POINT('',(15.5,-25.2,-18.1));
#14034 = DIRECTION('',(1.,0.,0.));
#14035 = DIRECTION('',(0.,0.,1.));
#14036 = DEFINITIONAL_REPRESENTATION('',(#14037),#14041);
#14037 = LINE('',#14038,#14039);
#14038 = CARTESIAN_POINT('',(0.,0.));
#14039 = VECTOR('',#14040,1.);
#14040 = DIRECTION('',(1.,0.));
#14041 = ( GEOMETRIC_REPRESENTATION_CONTEXT(2) 
PARAMETRIC_REPRESENTATION_CONTEXT() REPRESENTATION_CONTEXT('2D SPACE',''
  ) );
#14042 = ORIENTED_EDGE('',*,*,#14043,.T.);
#14043 = EDGE_CURVE('',#14016,#14044,#14046,.T.);
#14044 = VERTEX_POINT('',#14045);
#14045 = CARTESIAN_POINT('',(14.5,-25.2,-15.5));
#14046 = SURFACE_CURVE('',#14047,(#14052,#14063),.PCURVE_S1.);
#14047 = CIRCLE('',#14048,1.);
#14048 = AXIS2_PLACEMENT_3D('',#14049,#14050,#14051);
#14049 = CARTESIAN_POINT('',(14.5,-25.2,-16.5));
#14050 = DIRECTION('',(-0.,-1.,0.));
#14051 = DIRECTION('',(0.,-0.,1.));
#14052 = PCURVE('',#13426,#14053);
#14053 = DEFINITIONAL_REPRESENTATION('',(#14054),#14062);
#14054 = ( BOUNDED_CURVE() B_SPLINE_CURVE(2,(#14055,#14056,#14057,#14058
    ,#14059,#14060,#14061),.UNSPECIFIED.,.T.,.F.) 
B_SPLINE_CURVE_WITH_KNOTS((1,2,2,2,2,1),(-2.094395102393,0.,
    2.094395102393,4.188790204786,6.28318530718,8.377580409573),
.UNSPECIFIED.) CURVE() GEOMETRIC_REPRESENTATION_ITEM() 
RATIONAL_B_SPLINE_CURVE((1.,0.5,1.,0.5,1.,0.5,1.)) REPRESENTATION_ITEM(
  '') );
#14055 = CARTESIAN_POINT('',(5.5,32.5));
#14056 = CARTESIAN_POINT('',(5.5,30.767949192431));
#14057 = CARTESIAN_POINT('',(4.,31.633974596216));
#14058 = CARTESIAN_POINT('',(2.5,32.5));
#14059 = CARTESIAN_POINT('',(4.,33.366025403784));
#14060 = CARTESIAN_POINT('',(5.5,34.232050807569));
#14061 = CARTESIAN_POINT('',(5.5,32.5));
#14062 = ( GEOMETRIC_REPRESENTATION_CONTEXT(2) 
PARAMETRIC_REPRESENTATION_CONTEXT() REPRESENTATION_CONTEXT('2D SPACE',''
  ) );
#14063 = PCURVE('',#14064,#14069);
#14064 = CYLINDRICAL_SURFACE('',#14065,1.);
#14065 = AXIS2_PLACEMENT_3D('',#14066,#14067,#14068);
#14066 = CARTESIAN_POINT('',(14.5,-25.2,-16.5));
#14067 = DIRECTION('',(0.,1.,0.));
#14068 = DIRECTION('',(1.,0.,-0.));
#14069 = DEFINITIONAL_REPRESENTATION('',(#14070),#14074);
#14070 = LINE('',#14071,#14072);
#14071 = CARTESIAN_POINT('',(4.712388980385,-0.));
#14072 = VECTOR('',#14073,1.);
#14073 = DIRECTION('',(-1.,0.));
#14074 = ( GEOMETRIC_REPRESENTATION_CONTEXT(2) 
PARAMETRIC_REPRESENTATION_CONTEXT() REPRESENTATION_CONTEXT('2D SPACE',''
  ) );
#14075 = ORIENTED_EDGE('',*,*,#14076,.F.);
#14076 = EDGE_CURVE('',#14077,#14044,#14079,.T.);
#14077 = VERTEX_POINT('',#14078);
#14078 = CARTESIAN_POINT('',(-14.5,-25.2,-15.5));
#14079 = SURFACE_CURVE('',#14080,(#14084,#14091),.PCURVE_S1.);
#14080 = LINE('',#14081,#14082);
#14081 = CARTESIAN_POINT('',(-15.5,-25.2,-15.5));
#14082 = VECTOR('',#14083,1.);
#14083 = DIRECTION('',(1.,0.,0.));
#14084 = PCURVE('',#13426,#14085);
#14085 = DEFINITIONAL_REPRESENTATION('',(#14086),#14090);
#14086 = LINE('',#14087,#14088);
#14087 = CARTESIAN_POINT('',(5.5,2.5));
#14088 = VECTOR('',#14089,1.);
#14089 = DIRECTION('',(0.,1.));
#14090 = ( GEOMETRIC_REPRESENTATION_CONTEXT(2) 
PARAMETRIC_REPRESENTATION_CONTEXT() REPRESENTATION_CONTEXT('2D SPACE',''
  ) );
#14091 = PCURVE('',#14092,#14097);
#14092 = PLANE('',#14093);
#14093 = AXIS2_PLACEMENT_3D('',#14094,#14095,#14096);
#14094 = CARTESIAN_POINT('',(-15.5,-25.2,-15.5));
#14095 = DIRECTION('',(0.,0.,1.));
#14096 = DIRECTION('',(1.,0.,0.));
#14097 = DEFINITIONAL_REPRESENTATION('',(#14098),#14102);
#14098 = LINE('',#14099,#14100);
#14099 = CARTESIAN_POINT('',(0.,0.));
#14100 = VECTOR('',#14101,1.);
#14101 = DIRECTION('',(1.,0.));
#14102 = ( GEOMETRIC_REPRESENTATION_CONTEXT(2) 
PARAMETRIC_REPRESENTATION_CONTEXT() REPRESENTATION_CONTEXT('2D SPACE',''
  ) );
#14103 = ORIENTED_EDGE('',*,*,#14104,.F.);
#14104 = EDGE_CURVE('',#13898,#14077,#14105,.T.);
#14105 = SURFACE_CURVE('',#14106,(#14111,#14118),.PCURVE_S1.);
#14106 = CIRCLE('',#14107,1.);
#14107 = AXIS2_PLACEMENT_3D('',#14108,#14109,#14110);
#14108 = CARTESIAN_POINT('',(-14.5,-25.2,-16.5));
#14109 = DIRECTION('',(0.,1.,0.));
#14110 = DIRECTION('',(0.,-0.,1.));
#14111 = PCURVE('',#13426,#14112);
#14112 = DEFINITIONAL_REPRESENTATION('',(#14113),#14117);
#14113 = CIRCLE('',#14114,1.);
#14114 = AXIS2_PLACEMENT_2D('',#14115,#14116);
#14115 = CARTESIAN_POINT('',(4.5,3.5));
#14116 = DIRECTION('',(1.,0.));
#14117 = ( GEOMETRIC_REPRESENTATION_CONTEXT(2) 
PARAMETRIC_REPRESENTATION_CONTEXT() REPRESENTATION_CONTEXT('2D SPACE',''
  ) );
#14118 = PCURVE('',#14119,#14124);
#14119 = CYLINDRICAL_SURFACE('',#14120,1.);
#14120 = AXIS2_PLACEMENT_3D('',#14121,#14122,#14123);
#14121 = CARTESIAN_POINT('',(-14.5,-25.2,-16.5));
#14122 = DIRECTION('',(0.,1.,0.));
#14123 = DIRECTION('',(-1.,0.,0.));
#14124 = DEFINITIONAL_REPRESENTATION('',(#14125),#14129);
#14125 = LINE('',#14126,#14127);
#14126 = CARTESIAN_POINT('',(-4.712388980385,0.));
#14127 = VECTOR('',#14128,1.);
#14128 = DIRECTION('',(1.,0.));
#14129 = ( GEOMETRIC_REPRESENTATION_CONTEXT(2) 
PARAMETRIC_REPRESENTATION_CONTEXT() REPRESENTATION_CONTEXT('2D SPACE',''
  ) );
#14130 = FACE_BOUND('',#14131,.T.);
#14131 = EDGE_LOOP('',(#14132,#14162,#14195,#14223,#14252,#14280,#14313,
    #14341));
#14132 = ORIENTED_EDGE('',*,*,#14133,.F.);
#14133 = EDGE_CURVE('',#14134,#14136,#14138,.T.);
#14134 = VERTEX_POINT('',#14135);
#14135 = CARTESIAN_POINT('',(-15.5,-25.2,1.6));
#14136 = VERTEX_POINT('',#14137);
#14137 = CARTESIAN_POINT('',(-15.5,-25.2,2.));
#14138 = SURFACE_CURVE('',#14139,(#14143,#14150),.PCURVE_S1.);
#14139 = LINE('',#14140,#14141);
#14140 = CARTESIAN_POINT('',(-15.5,-25.2,0.6));
#14141 = VECTOR('',#14142,1.);
#14142 = DIRECTION('',(0.,0.,1.));
#14143 = PCURVE('',#13426,#14144);
#14144 = DEFINITIONAL_REPRESENTATION('',(#14145),#14149);
#14145 = LINE('',#14146,#14147);
#14146 = CARTESIAN_POINT('',(21.6,2.5));
#14147 = VECTOR('',#14148,1.);
#14148 = DIRECTION('',(1.,0.));
#14149 = ( GEOMETRIC_REPRESENTATION_CONTEXT(2) 
PARAMETRIC_REPRESENTATION_CONTEXT() REPRESENTATION_CONTEXT('2D SPACE',''
  ) );
#14150 = PCURVE('',#14151,#14156);
#14151 = PLANE('',#14152);
#14152 = AXIS2_PLACEMENT_3D('',#14153,#14154,#14155);
#14153 = CARTESIAN_POINT('',(-15.5,-25.2,0.6));
#14154 = DIRECTION('',(1.,0.,0.));
#14155 = DIRECTION('',(0.,0.,1.));
#14156 = DEFINITIONAL_REPRESENTATION('',(#14157),#14161);
#14157 = LINE('',#14158,#14159);
#14158 = CARTESIAN_POINT('',(0.,0.));
#14159 = VECTOR('',#14160,1.);
#14160 = DIRECTION('',(1.,0.));
#14161 = ( GEOMETRIC_REPRESENTATION_CONTEXT(2) 
PARAMETRIC_REPRESENTATION_CONTEXT() REPRESENTATION_CONTEXT('2D SPACE',''
  ) );
#14162 = ORIENTED_EDGE('',*,*,#14163,.T.);
#14163 = EDGE_CURVE('',#14134,#14164,#14166,.T.);
#14164 = VERTEX_POINT('',#14165);
#14165 = CARTESIAN_POINT('',(-14.5,-25.2,0.6));
#14166 = SURFACE_CURVE('',#14167,(#14172,#14183),.PCURVE_S1.);
#14167 = CIRCLE('',#14168,1.);
#14168 = AXIS2_PLACEMENT_3D('',#14169,#14170,#14171);
#14169 = CARTESIAN_POINT('',(-14.5,-25.2,1.6));
#14170 = DIRECTION('',(-0.,-1.,0.));
#14171 = DIRECTION('',(0.,-0.,1.));
#14172 = PCURVE('',#13426,#14173);
#14173 = DEFINITIONAL_REPRESENTATION('',(#14174),#14182);
#14174 = ( BOUNDED_CURVE() B_SPLINE_CURVE(2,(#14175,#14176,#14177,#14178
    ,#14179,#14180,#14181),.UNSPECIFIED.,.T.,.F.) 
B_SPLINE_CURVE_WITH_KNOTS((1,2,2,2,2,1),(-2.094395102393,0.,
    2.094395102393,4.188790204786,6.28318530718,8.377580409573),
.UNSPECIFIED.) CURVE() GEOMETRIC_REPRESENTATION_ITEM() 
RATIONAL_B_SPLINE_CURVE((1.,0.5,1.,0.5,1.,0.5,1.)) REPRESENTATION_ITEM(
  '') );
#14175 = CARTESIAN_POINT('',(23.6,3.5));
#14176 = CARTESIAN_POINT('',(23.6,1.767949192431));
#14177 = CARTESIAN_POINT('',(22.1,2.633974596216));
#14178 = CARTESIAN_POINT('',(20.6,3.5));
#14179 = CARTESIAN_POINT('',(22.1,4.366025403784));
#14180 = CARTESIAN_POINT('',(23.6,5.232050807569));
#14181 = CARTESIAN_POINT('',(23.6,3.5));
#14182 = ( GEOMETRIC_REPRESENTATION_CONTEXT(2) 
PARAMETRIC_REPRESENTATION_CONTEXT() REPRESENTATION_CONTEXT('2D SPACE',''
  ) );
#14183 = PCURVE('',#14184,#14189);
#14184 = CYLINDRICAL_SURFACE('',#14185,1.);
#14185 = AXIS2_PLACEMENT_3D('',#14186,#14187,#14188);
#14186 = CARTESIAN_POINT('',(-14.5,-25.2,1.6));
#14187 = DIRECTION('',(0.,1.,0.));
#14188 = DIRECTION('',(-1.,0.,0.));
#14189 = DEFINITIONAL_REPRESENTATION('',(#14190),#14194);
#14190 = LINE('',#14191,#14192);
#14191 = CARTESIAN_POINT('',(1.570796326795,-0.));
#14192 = VECTOR('',#14193,1.);
#14193 = DIRECTION('',(-1.,0.));
#14194 = ( GEOMETRIC_REPRESENTATION_CONTEXT(2) 
PARAMETRIC_REPRESENTATION_CONTEXT() REPRESENTATION_CONTEXT('2D SPACE',''
  ) );
#14195 = ORIENTED_EDGE('',*,*,#14196,.T.);
#14196 = EDGE_CURVE('',#14164,#14197,#14199,.T.);
#14197 = VERTEX_POINT('',#14198);
#14198 = CARTESIAN_POINT('',(14.5,-25.2,0.6));
#14199 = SURFACE_CURVE('',#14200,(#14204,#14211),.PCURVE_S1.);
#14200 = LINE('',#14201,#14202);
#14201 = CARTESIAN_POINT('',(-15.5,-25.2,0.6));
#14202 = VECTOR('',#14203,1.);
#14203 = DIRECTION('',(1.,0.,0.));
#14204 = PCURVE('',#13426,#14205);
#14205 = DEFINITIONAL_REPRESENTATION('',(#14206),#14210);
#14206 = LINE('',#14207,#14208);
#14207 = CARTESIAN_POINT('',(21.6,2.5));
#14208 = VECTOR('',#14209,1.);
#14209 = DIRECTION('',(0.,1.));
#14210 = ( GEOMETRIC_REPRESENTATION_CONTEXT(2) 
PARAMETRIC_REPRESENTATION_CONTEXT() REPRESENTATION_CONTEXT('2D SPACE',''
  ) );
#14211 = PCURVE('',#14212,#14217);
#14212 = PLANE('',#14213);
#14213 = AXIS2_PLACEMENT_3D('',#14214,#14215,#14216);
#14214 = CARTESIAN_POINT('',(-15.5,-25.2,0.6));
#14215 = DIRECTION('',(0.,0.,1.));
#14216 = DIRECTION('',(1.,0.,0.));
#14217 = DEFINITIONAL_REPRESENTATION('',(#14218),#14222);
#14218 = LINE('',#14219,#14220);
#14219 = CARTESIAN_POINT('',(0.,0.));
#14220 = VECTOR('',#14221,1.);
#14221 = DIRECTION('',(1.,0.));
#14222 = ( GEOMETRIC_REPRESENTATION_CONTEXT(2) 
PARAMETRIC_REPRESENTATION_CONTEXT() REPRESENTATION_CONTEXT('2D SPACE',''
  ) );
#14223 = ORIENTED_EDGE('',*,*,#14224,.F.);
#14224 = EDGE_CURVE('',#14225,#14197,#14227,.T.);
#14225 = VERTEX_POINT('',#14226);
#14226 = CARTESIAN_POINT('',(15.5,-25.2,1.6));
#14227 = SURFACE_CURVE('',#14228,(#14233,#14240),.PCURVE_S1.);
#14228 = CIRCLE('',#14229,1.);
#14229 = AXIS2_PLACEMENT_3D('',#14230,#14231,#14232);
#14230 = CARTESIAN_POINT('',(14.5,-25.2,1.6));
#14231 = DIRECTION('',(0.,1.,0.));
#14232 = DIRECTION('',(0.,-0.,1.));
#14233 = PCURVE('',#13426,#14234);
#14234 = DEFINITIONAL_REPRESENTATION('',(#14235),#14239);
#14235 = CIRCLE('',#14236,1.);
#14236 = AXIS2_PLACEMENT_2D('',#14237,#14238);
#14237 = CARTESIAN_POINT('',(22.6,32.5));
#14238 = DIRECTION('',(1.,0.));
#14239 = ( GEOMETRIC_REPRESENTATION_CONTEXT(2) 
PARAMETRIC_REPRESENTATION_CONTEXT() REPRESENTATION_CONTEXT('2D SPACE',''
  ) );
#14240 = PCURVE('',#14241,#14246);
#14241 = CYLINDRICAL_SURFACE('',#14242,1.);
#14242 = AXIS2_PLACEMENT_3D('',#14243,#14244,#14245);
#14243 = CARTESIAN_POINT('',(14.5,-25.2,1.6));
#14244 = DIRECTION('',(0.,1.,0.));
#14245 = DIRECTION('',(1.,0.,-0.));
#14246 = DEFINITIONAL_REPRESENTATION('',(#14247),#14251);
#14247 = LINE('',#14248,#14249);
#14248 = CARTESIAN_POINT('',(-1.570796326795,0.));
#14249 = VECTOR('',#14250,1.);
#14250 = DIRECTION('',(1.,0.));
#14251 = ( GEOMETRIC_REPRESENTATION_CONTEXT(2) 
PARAMETRIC_REPRESENTATION_CONTEXT() REPRESENTATION_CONTEXT('2D SPACE',''
  ) );
#14252 = ORIENTED_EDGE('',*,*,#14253,.T.);
#14253 = EDGE_CURVE('',#14225,#14254,#14256,.T.);
#14254 = VERTEX_POINT('',#14255);
#14255 = CARTESIAN_POINT('',(15.5,-25.2,2.));
#14256 = SURFACE_CURVE('',#14257,(#14261,#14268),.PCURVE_S1.);
#14257 = LINE('',#14258,#14259);
#14258 = CARTESIAN_POINT('',(15.5,-25.2,0.6));
#14259 = VECTOR('',#14260,1.);
#14260 = DIRECTION('',(0.,0.,1.));
#14261 = PCURVE('',#13426,#14262);
#14262 = DEFINITIONAL_REPRESENTATION('',(#14263),#14267);
#14263 = LINE('',#14264,#14265);
#14264 = CARTESIAN_POINT('',(21.6,33.5));
#14265 = VECTOR('',#14266,1.);
#14266 = DIRECTION('',(1.,0.));
#14267 = ( GEOMETRIC_REPRESENTATION_CONTEXT(2) 
PARAMETRIC_REPRESENTATION_CONTEXT() REPRESENTATION_CONTEXT('2D SPACE',''
  ) );
#14268 = PCURVE('',#14269,#14274);
#14269 = PLANE('',#14270);
#14270 = AXIS2_PLACEMENT_3D('',#14271,#14272,#14273);
#14271 = CARTESIAN_POINT('',(15.5,-25.2,0.6));
#14272 = DIRECTION('',(1.,0.,0.));
#14273 = DIRECTION('',(0.,0.,1.));
#14274 = DEFINITIONAL_REPRESENTATION('',(#14275),#14279);
#14275 = LINE('',#14276,#14277);
#14276 = CARTESIAN_POINT('',(0.,0.));
#14277 = VECTOR('',#14278,1.);
#14278 = DIRECTION('',(1.,0.));
#14279 = ( GEOMETRIC_REPRESENTATION_CONTEXT(2) 
PARAMETRIC_REPRESENTATION_CONTEXT() REPRESENTATION_CONTEXT('2D SPACE',''
  ) );
#14280 = ORIENTED_EDGE('',*,*,#14281,.T.);
#14281 = EDGE_CURVE('',#14254,#14282,#14284,.T.);
#14282 = VERTEX_POINT('',#14283);
#14283 = CARTESIAN_POINT('',(14.5,-25.2,3.));
#14284 = SURFACE_CURVE('',#14285,(#14290,#14301),.PCURVE_S1.);
#14285 = CIRCLE('',#14286,1.);
#14286 = AXIS2_PLACEMENT_3D('',#14287,#14288,#14289);
#14287 = CARTESIAN_POINT('',(14.5,-25.2,2.));
#14288 = DIRECTION('',(-0.,-1.,0.));
#14289 = DIRECTION('',(0.,-0.,1.));
#14290 = PCURVE('',#13426,#14291);
#14291 = DEFINITIONAL_REPRESENTATION('',(#14292),#14300);
#14292 = ( BOUNDED_CURVE() B_SPLINE_CURVE(2,(#14293,#14294,#14295,#14296
    ,#14297,#14298,#14299),.UNSPECIFIED.,.T.,.F.) 
B_SPLINE_CURVE_WITH_KNOTS((1,2,2,2,2,1),(-2.094395102393,0.,
    2.094395102393,4.188790204786,6.28318530718,8.377580409573),
.UNSPECIFIED.) CURVE() GEOMETRIC_REPRESENTATION_ITEM() 
RATIONAL_B_SPLINE_CURVE((1.,0.5,1.,0.5,1.,0.5,1.)) REPRESENTATION_ITEM(
  '') );
#14293 = CARTESIAN_POINT('',(24.,32.5));
#14294 = CARTESIAN_POINT('',(24.,30.767949192431));
#14295 = CARTESIAN_POINT('',(22.5,31.633974596216));
#14296 = CARTESIAN_POINT('',(21.,32.5));
#14297 = CARTESIAN_POINT('',(22.5,33.366025403784));
#14298 = CARTESIAN_POINT('',(24.,34.232050807569));
#14299 = CARTESIAN_POINT('',(24.,32.5));
#14300 = ( GEOMETRIC_REPRESENTATION_CONTEXT(2) 
PARAMETRIC_REPRESENTATION_CONTEXT() REPRESENTATION_CONTEXT('2D SPACE',''
  ) );
#14301 = PCURVE('',#14302,#14307);
#14302 = CYLINDRICAL_SURFACE('',#14303,1.);
#14303 = AXIS2_PLACEMENT_3D('',#14304,#14305,#14306);
#14304 = CARTESIAN_POINT('',(14.5,-25.2,2.));
#14305 = DIRECTION('',(0.,1.,0.));
#14306 = DIRECTION('',(1.,0.,-0.));
#14307 = DEFINITIONAL_REPRESENTATION('',(#14308),#14312);
#14308 = LINE('',#14309,#14310);
#14309 = CARTESIAN_POINT('',(4.712388980385,-0.));
#14310 = VECTOR('',#14311,1.);
#14311 = DIRECTION('',(-1.,0.));
#14312 = ( GEOMETRIC_REPRESENTATION_CONTEXT(2) 
PARAMETRIC_REPRESENTATION_CONTEXT() REPRESENTATION_CONTEXT('2D SPACE',''
  ) );
#14313 = ORIENTED_EDGE('',*,*,#14314,.F.);
#14314 = EDGE_CURVE('',#14315,#14282,#14317,.T.);
#14315 = VERTEX_POINT('',#14316);
#14316 = CARTESIAN_POINT('',(-14.5,-25.2,3.));
#14317 = SURFACE_CURVE('',#14318,(#14322,#14329),.PCURVE_S1.);
#14318 = LINE('',#14319,#14320);
#14319 = CARTESIAN_POINT('',(-15.5,-25.2,3.));
#14320 = VECTOR('',#14321,1.);
#14321 = DIRECTION('',(1.,0.,0.));
#14322 = PCURVE('',#13426,#14323);
#14323 = DEFINITIONAL_REPRESENTATION('',(#14324),#14328);
#14324 = LINE('',#14325,#14326);
#14325 = CARTESIAN_POINT('',(24.,2.5));
#14326 = VECTOR('',#14327,1.);
#14327 = DIRECTION('',(0.,1.));
#14328 = ( GEOMETRIC_REPRESENTATION_CONTEXT(2) 
PARAMETRIC_REPRESENTATION_CONTEXT() REPRESENTATION_CONTEXT('2D SPACE',''
  ) );
#14329 = PCURVE('',#14330,#14335);
#14330 = PLANE('',#14331);
#14331 = AXIS2_PLACEMENT_3D('',#14332,#14333,#14334);
#14332 = CARTESIAN_POINT('',(-15.5,-25.2,3.));
#14333 = DIRECTION('',(0.,0.,1.));
#14334 = DIRECTION('',(1.,0.,0.));
#14335 = DEFINITIONAL_REPRESENTATION('',(#14336),#14340);
#14336 = LINE('',#14337,#14338);
#14337 = CARTESIAN_POINT('',(0.,0.));
#14338 = VECTOR('',#14339,1.);
#14339 = DIRECTION('',(1.,0.));
#14340 = ( GEOMETRIC_REPRESENTATION_CONTEXT(2) 
PARAMETRIC_REPRESENTATION_CONTEXT() REPRESENTATION_CONTEXT('2D SPACE',''
  ) );
#14341 = ORIENTED_EDGE('',*,*,#14342,.F.);
#14342 = EDGE_CURVE('',#14136,#14315,#14343,.T.);
#14343 = SURFACE_CURVE('',#14344,(#14349,#14356),.PCURVE_S1.);
#14344 = CIRCLE('',#14345,1.);
#14345 = AXIS2_PLACEMENT_3D('',#14346,#14347,#14348);
#14346 = CARTESIAN_POINT('',(-14.5,-25.2,2.));
#14347 = DIRECTION('',(0.,1.,0.));
#14348 = DIRECTION('',(0.,-0.,1.));
#14349 = PCURVE('',#13426,#14350);
#14350 = DEFINITIONAL_REPRESENTATION('',(#14351),#14355);
#14351 = CIRCLE('',#14352,1.);
#14352 = AXIS2_PLACEMENT_2D('',#14353,#14354);
#14353 = CARTESIAN_POINT('',(23.,3.5));
#14354 = DIRECTION('',(1.,0.));
#14355 = ( GEOMETRIC_REPRESENTATION_CONTEXT(2) 
PARAMETRIC_REPRESENTATION_CONTEXT() REPRESENTATION_CONTEXT('2D SPACE',''
  ) );
#14356 = PCURVE('',#14357,#14362);
#14357 = CYLINDRICAL_SURFACE('',#14358,1.);
#14358 = AXIS2_PLACEMENT_3D('',#14359,#14360,#14361);
#14359 = CARTESIAN_POINT('',(-14.5,-25.2,2.));
#14360 = DIRECTION('',(0.,1.,0.));
#14361 = DIRECTION('',(-1.,0.,0.));
#14362 = DEFINITIONAL_REPRESENTATION('',(#14363),#14367);
#14363 = LINE('',#14364,#14365);
#14364 = CARTESIAN_POINT('',(-4.712388980385,0.));
#14365 = VECTOR('',#14366,1.);
#14366 = DIRECTION('',(1.,0.));
#14367 = ( GEOMETRIC_REPRESENTATION_CONTEXT(2) 
PARAMETRIC_REPRESENTATION_CONTEXT() REPRESENTATION_CONTEXT('2D SPACE',''
  ) );
#14368 = ADVANCED_FACE('',(#14369),#13485,.F.);
#14369 = FACE_BOUND('',#14370,.F.);
#14370 = EDGE_LOOP('',(#14371,#14372,#14373,#14374));
#14371 = ORIENTED_EDGE('',*,*,#13771,.F.);
#14372 = ORIENTED_EDGE('',*,*,#13668,.F.);
#14373 = ORIENTED_EDGE('',*,*,#13467,.T.);
#14374 = ORIENTED_EDGE('',*,*,#14375,.T.);
#14375 = EDGE_CURVE('',#13470,#13772,#14376,.T.);
#14376 = SURFACE_CURVE('',#14377,(#14381,#14388),.PCURVE_S1.);
#14377 = LINE('',#14378,#14379);
#14378 = CARTESIAN_POINT('',(14.,-28.2,-21.));
#14379 = VECTOR('',#14380,1.);
#14380 = DIRECTION('',(0.,1.,0.));
#14381 = PCURVE('',#13485,#14382);
#14382 = DEFINITIONAL_REPRESENTATION('',(#14383),#14387);
#14383 = LINE('',#14384,#14385);
#14384 = CARTESIAN_POINT('',(32.,0.));
#14385 = VECTOR('',#14386,1.);
#14386 = DIRECTION('',(0.,1.));
#14387 = ( GEOMETRIC_REPRESENTATION_CONTEXT(2) 
PARAMETRIC_REPRESENTATION_CONTEXT() REPRESENTATION_CONTEXT('2D SPACE',''
  ) );
#14388 = PCURVE('',#13652,#14389);
#14389 = DEFINITIONAL_REPRESENTATION('',(#14390),#14394);
#14390 = LINE('',#14391,#14392);
#14391 = CARTESIAN_POINT('',(1.570796326795,0.));
#14392 = VECTOR('',#14393,1.);
#14393 = DIRECTION('',(0.,1.));
#14394 = ( GEOMETRIC_REPRESENTATION_CONTEXT(2) 
PARAMETRIC_REPRESENTATION_CONTEXT() REPRESENTATION_CONTEXT('2D SPACE',''
  ) );
#14395 = ADVANCED_FACE('',(#14396),#13652,.T.);
#14396 = FACE_BOUND('',#14397,.T.);
#14397 = EDGE_LOOP('',(#14398,#14399,#14400,#14401));
#14398 = ORIENTED_EDGE('',*,*,#13637,.T.);
#14399 = ORIENTED_EDGE('',*,*,#14375,.T.);
#14400 = ORIENTED_EDGE('',*,*,#13871,.F.);
#14401 = ORIENTED_EDGE('',*,*,#14402,.F.);
#14402 = EDGE_CURVE('',#13610,#13849,#14403,.T.);
#14403 = SURFACE_CURVE('',#14404,(#14408,#14415),.PCURVE_S1.);
#14404 = LINE('',#14405,#14406);
#14405 = CARTESIAN_POINT('',(18.,-28.2,-17.));
#14406 = VECTOR('',#14407,1.);
#14407 = DIRECTION('',(0.,1.,0.));
#14408 = PCURVE('',#13652,#14409);
#14409 = DEFINITIONAL_REPRESENTATION('',(#14410),#14414);
#14410 = LINE('',#14411,#14412);
#14411 = CARTESIAN_POINT('',(0.,0.));
#14412 = VECTOR('',#14413,1.);
#14413 = DIRECTION('',(0.,1.));
#14414 = ( GEOMETRIC_REPRESENTATION_CONTEXT(2) 
PARAMETRIC_REPRESENTATION_CONTEXT() REPRESENTATION_CONTEXT('2D SPACE',''
  ) );
#14415 = PCURVE('',#13625,#14416);
#14416 = DEFINITIONAL_REPRESENTATION('',(#14417),#14421);
#14417 = LINE('',#14418,#14419);
#14418 = CARTESIAN_POINT('',(4.,0.));
#14419 = VECTOR('',#14420,1.);
#14420 = DIRECTION('',(0.,-1.));
#14421 = ( GEOMETRIC_REPRESENTATION_CONTEXT(2) 
PARAMETRIC_REPRESENTATION_CONTEXT() REPRESENTATION_CONTEXT('2D SPACE',''
  ) );
#14422 = ADVANCED_FACE('',(#14423),#13625,.T.);
#14423 = FACE_BOUND('',#14424,.T.);
#14424 = EDGE_LOOP('',(#14425,#14426,#14427,#14428));
#14425 = ORIENTED_EDGE('',*,*,#13609,.F.);
#14426 = ORIENTED_EDGE('',*,*,#14402,.T.);
#14427 = ORIENTED_EDGE('',*,*,#13848,.T.);
#14428 = ORIENTED_EDGE('',*,*,#14429,.F.);
#14429 = EDGE_CURVE('',#13577,#13821,#14430,.T.);
#14430 = SURFACE_CURVE('',#14431,(#14435,#14442),.PCURVE_S1.);
#14431 = LINE('',#14432,#14433);
#14432 = CARTESIAN_POINT('',(18.,-28.2,3.));
#14433 = VECTOR('',#14434,1.);
#14434 = DIRECTION('',(0.,1.,0.));
#14435 = PCURVE('',#13625,#14436);
#14436 = DEFINITIONAL_REPRESENTATION('',(#14437),#14441);
#14437 = LINE('',#14438,#14439);
#14438 = CARTESIAN_POINT('',(24.,0.));
#14439 = VECTOR('',#14440,1.);
#14440 = DIRECTION('',(0.,-1.));
#14441 = ( GEOMETRIC_REPRESENTATION_CONTEXT(2) 
PARAMETRIC_REPRESENTATION_CONTEXT() REPRESENTATION_CONTEXT('2D SPACE',''
  ) );
#14442 = PCURVE('',#13597,#14443);
#14443 = DEFINITIONAL_REPRESENTATION('',(#14444),#14448);
#14444 = LINE('',#14445,#14446);
#14445 = CARTESIAN_POINT('',(-0.,0.));
#14446 = VECTOR('',#14447,1.);
#14447 = DIRECTION('',(-0.,1.));
#14448 = ( GEOMETRIC_REPRESENTATION_CONTEXT(2) 
PARAMETRIC_REPRESENTATION_CONTEXT() REPRESENTATION_CONTEXT('2D SPACE',''
  ) );
#14449 = ADVANCED_FACE('',(#14450),#13597,.T.);
#14450 = FACE_BOUND('',#14451,.F.);
#14451 = EDGE_LOOP('',(#14452,#14453,#14474,#14475));
#14452 = ORIENTED_EDGE('',*,*,#13576,.T.);
#14453 = ORIENTED_EDGE('',*,*,#14454,.T.);
#14454 = EDGE_CURVE('',#13549,#13798,#14455,.T.);
#14455 = SURFACE_CURVE('',#14456,(#14460,#14467),.PCURVE_S1.);
#14456 = LINE('',#14457,#14458);
#14457 = CARTESIAN_POINT('',(14.,-28.2,7.));
#14458 = VECTOR('',#14459,1.);
#14459 = DIRECTION('',(0.,1.,0.));
#14460 = PCURVE('',#13597,#14461);
#14461 = DEFINITIONAL_REPRESENTATION('',(#14462),#14466);
#14462 = LINE('',#14463,#14464);
#14463 = CARTESIAN_POINT('',(-1.570796326795,0.));
#14464 = VECTOR('',#14465,1.);
#14465 = DIRECTION('',(-0.,1.));
#14466 = ( GEOMETRIC_REPRESENTATION_CONTEXT(2) 
PARAMETRIC_REPRESENTATION_CONTEXT() REPRESENTATION_CONTEXT('2D SPACE',''
  ) );
#14467 = PCURVE('',#13564,#14468);
#14468 = DEFINITIONAL_REPRESENTATION('',(#14469),#14473);
#14469 = LINE('',#14470,#14471);
#14470 = CARTESIAN_POINT('',(32.,0.));
#14471 = VECTOR('',#14472,1.);
#14472 = DIRECTION('',(0.,1.));
#14473 = ( GEOMETRIC_REPRESENTATION_CONTEXT(2) 
PARAMETRIC_REPRESENTATION_CONTEXT() REPRESENTATION_CONTEXT('2D SPACE',''
  ) );
#14474 = ORIENTED_EDGE('',*,*,#13820,.F.);
#14475 = ORIENTED_EDGE('',*,*,#14429,.F.);
#14476 = ADVANCED_FACE('',(#14477),#13564,.T.);
#14477 = FACE_BOUND('',#14478,.T.);
#14478 = EDGE_LOOP('',(#14479,#14480,#14481,#14482));
#14479 = ORIENTED_EDGE('',*,*,#13797,.F.);
#14480 = ORIENTED_EDGE('',*,*,#13722,.F.);
#14481 = ORIENTED_EDGE('',*,*,#13548,.T.);
#14482 = ORIENTED_EDGE('',*,*,#14454,.T.);
#14483 = ADVANCED_FACE('',(#14484),#13913,.F.);
#14484 = FACE_BOUND('',#14485,.F.);
#14485 = EDGE_LOOP('',(#14486,#14487,#14510,#14538));
#14486 = ORIENTED_EDGE('',*,*,#13895,.F.);
#14487 = ORIENTED_EDGE('',*,*,#14488,.T.);
#14488 = EDGE_CURVE('',#13896,#14489,#14491,.T.);
#14489 = VERTEX_POINT('',#14490);
#14490 = CARTESIAN_POINT('',(-15.5,-20.2,-17.1));
#14491 = SURFACE_CURVE('',#14492,(#14496,#14503),.PCURVE_S1.);
#14492 = LINE('',#14493,#14494);
#14493 = CARTESIAN_POINT('',(-15.5,-25.2,-17.1));
#14494 = VECTOR('',#14495,1.);
#14495 = DIRECTION('',(0.,1.,0.));
#14496 = PCURVE('',#13913,#14497);
#14497 = DEFINITIONAL_REPRESENTATION('',(#14498),#14502);
#14498 = LINE('',#14499,#14500);
#14499 = CARTESIAN_POINT('',(1.,0.));
#14500 = VECTOR('',#14501,1.);
#14501 = DIRECTION('',(0.,-1.));
#14502 = ( GEOMETRIC_REPRESENTATION_CONTEXT(2) 
PARAMETRIC_REPRESENTATION_CONTEXT() REPRESENTATION_CONTEXT('2D SPACE',''
  ) );
#14503 = PCURVE('',#13946,#14504);
#14504 = DEFINITIONAL_REPRESENTATION('',(#14505),#14509);
#14505 = LINE('',#14506,#14507);
#14506 = CARTESIAN_POINT('',(-0.,0.));
#14507 = VECTOR('',#14508,1.);
#14508 = DIRECTION('',(-0.,1.));
#14509 = ( GEOMETRIC_REPRESENTATION_CONTEXT(2) 
PARAMETRIC_REPRESENTATION_CONTEXT() REPRESENTATION_CONTEXT('2D SPACE',''
  ) );
#14510 = ORIENTED_EDGE('',*,*,#14511,.T.);
#14511 = EDGE_CURVE('',#14489,#14512,#14514,.T.);
#14512 = VERTEX_POINT('',#14513);
#14513 = CARTESIAN_POINT('',(-15.5,-20.2,-16.5));
#14514 = SURFACE_CURVE('',#14515,(#14519,#14526),.PCURVE_S1.);
#14515 = LINE('',#14516,#14517);
#14516 = CARTESIAN_POINT('',(-15.5,-20.2,-18.1));
#14517 = VECTOR('',#14518,1.);
#14518 = DIRECTION('',(0.,0.,1.));
#14519 = PCURVE('',#13913,#14520);
#14520 = DEFINITIONAL_REPRESENTATION('',(#14521),#14525);
#14521 = LINE('',#14522,#14523);
#14522 = CARTESIAN_POINT('',(0.,-5.));
#14523 = VECTOR('',#14524,1.);
#14524 = DIRECTION('',(1.,0.));
#14525 = ( GEOMETRIC_REPRESENTATION_CONTEXT(2) 
PARAMETRIC_REPRESENTATION_CONTEXT() REPRESENTATION_CONTEXT('2D SPACE',''
  ) );
#14526 = PCURVE('',#14527,#14532);
#14527 = PLANE('',#14528);
#14528 = AXIS2_PLACEMENT_3D('',#14529,#14530,#14531);
#14529 = CARTESIAN_POINT('',(-15.5,-20.2,-18.1));
#14530 = DIRECTION('',(0.,1.,0.));
#14531 = DIRECTION('',(0.,0.,1.));
#14532 = DEFINITIONAL_REPRESENTATION('',(#14533),#14537);
#14533 = LINE('',#14534,#14535);
#14534 = CARTESIAN_POINT('',(0.,0.));
#14535 = VECTOR('',#14536,1.);
#14536 = DIRECTION('',(1.,0.));
#14537 = ( GEOMETRIC_REPRESENTATION_CONTEXT(2) 
PARAMETRIC_REPRESENTATION_CONTEXT() REPRESENTATION_CONTEXT('2D SPACE',''
  ) );
#14538 = ORIENTED_EDGE('',*,*,#14539,.F.);
#14539 = EDGE_CURVE('',#13898,#14512,#14540,.T.);
#14540 = SURFACE_CURVE('',#14541,(#14545,#14552),.PCURVE_S1.);
#14541 = LINE('',#14542,#14543);
#14542 = CARTESIAN_POINT('',(-15.5,-25.2,-16.5));
#14543 = VECTOR('',#14544,1.);
#14544 = DIRECTION('',(0.,1.,0.));
#14545 = PCURVE('',#13913,#14546);
#14546 = DEFINITIONAL_REPRESENTATION('',(#14547),#14551);
#14547 = LINE('',#14548,#14549);
#14548 = CARTESIAN_POINT('',(1.6,0.));
#14549 = VECTOR('',#14550,1.);
#14550 = DIRECTION('',(0.,-1.));
#14551 = ( GEOMETRIC_REPRESENTATION_CONTEXT(2) 
PARAMETRIC_REPRESENTATION_CONTEXT() REPRESENTATION_CONTEXT('2D SPACE',''
  ) );
#14552 = PCURVE('',#14119,#14553);
#14553 = DEFINITIONAL_REPRESENTATION('',(#14554),#14558);
#14554 = LINE('',#14555,#14556);
#14555 = CARTESIAN_POINT('',(0.,0.));
#14556 = VECTOR('',#14557,1.);
#14557 = DIRECTION('',(0.,1.));
#14558 = ( GEOMETRIC_REPRESENTATION_CONTEXT(2) 
PARAMETRIC_REPRESENTATION_CONTEXT() REPRESENTATION_CONTEXT('2D SPACE',''
  ) );
#14559 = ADVANCED_FACE('',(#14560),#14119,.T.);
#14560 = FACE_BOUND('',#14561,.T.);
#14561 = EDGE_LOOP('',(#14562,#14563,#14586,#14608));
#14562 = ORIENTED_EDGE('',*,*,#14104,.T.);
#14563 = ORIENTED_EDGE('',*,*,#14564,.T.);
#14564 = EDGE_CURVE('',#14077,#14565,#14567,.T.);
#14565 = VERTEX_POINT('',#14566);
#14566 = CARTESIAN_POINT('',(-14.5,-20.2,-15.5));
#14567 = SURFACE_CURVE('',#14568,(#14572,#14579),.PCURVE_S1.);
#14568 = LINE('',#14569,#14570);
#14569 = CARTESIAN_POINT('',(-14.5,-25.2,-15.5));
#14570 = VECTOR('',#14571,1.);
#14571 = DIRECTION('',(0.,1.,0.));
#14572 = PCURVE('',#14119,#14573);
#14573 = DEFINITIONAL_REPRESENTATION('',(#14574),#14578);
#14574 = LINE('',#14575,#14576);
#14575 = CARTESIAN_POINT('',(1.570796326795,0.));
#14576 = VECTOR('',#14577,1.);
#14577 = DIRECTION('',(0.,1.));
#14578 = ( GEOMETRIC_REPRESENTATION_CONTEXT(2) 
PARAMETRIC_REPRESENTATION_CONTEXT() REPRESENTATION_CONTEXT('2D SPACE',''
  ) );
#14579 = PCURVE('',#14092,#14580);
#14580 = DEFINITIONAL_REPRESENTATION('',(#14581),#14585);
#14581 = LINE('',#14582,#14583);
#14582 = CARTESIAN_POINT('',(1.,0.));
#14583 = VECTOR('',#14584,1.);
#14584 = DIRECTION('',(0.,1.));
#14585 = ( GEOMETRIC_REPRESENTATION_CONTEXT(2) 
PARAMETRIC_REPRESENTATION_CONTEXT() REPRESENTATION_CONTEXT('2D SPACE',''
  ) );
#14586 = ORIENTED_EDGE('',*,*,#14587,.F.);
#14587 = EDGE_CURVE('',#14512,#14565,#14588,.T.);
#14588 = SURFACE_CURVE('',#14589,(#14594,#14601),.PCURVE_S1.);
#14589 = CIRCLE('',#14590,1.);
#14590 = AXIS2_PLACEMENT_3D('',#14591,#14592,#14593);
#14591 = CARTESIAN_POINT('',(-14.5,-20.2,-16.5));
#14592 = DIRECTION('',(0.,1.,0.));
#14593 = DIRECTION('',(0.,-0.,1.));
#14594 = PCURVE('',#14119,#14595);
#14595 = DEFINITIONAL_REPRESENTATION('',(#14596),#14600);
#14596 = LINE('',#14597,#14598);
#14597 = CARTESIAN_POINT('',(-4.712388980385,5.));
#14598 = VECTOR('',#14599,1.);
#14599 = DIRECTION('',(1.,0.));
#14600 = ( GEOMETRIC_REPRESENTATION_CONTEXT(2) 
PARAMETRIC_REPRESENTATION_CONTEXT() REPRESENTATION_CONTEXT('2D SPACE',''
  ) );
#14601 = PCURVE('',#14527,#14602);
#14602 = DEFINITIONAL_REPRESENTATION('',(#14603),#14607);
#14603 = CIRCLE('',#14604,1.);
#14604 = AXIS2_PLACEMENT_2D('',#14605,#14606);
#14605 = CARTESIAN_POINT('',(1.6,1.));
#14606 = DIRECTION('',(1.,0.));
#14607 = ( GEOMETRIC_REPRESENTATION_CONTEXT(2) 
PARAMETRIC_REPRESENTATION_CONTEXT() REPRESENTATION_CONTEXT('2D SPACE',''
  ) );
#14608 = ORIENTED_EDGE('',*,*,#14539,.F.);
#14609 = ADVANCED_FACE('',(#14610),#14092,.T.);
#14610 = FACE_BOUND('',#14611,.T.);
#14611 = EDGE_LOOP('',(#14612,#14635,#14636,#14637));
#14612 = ORIENTED_EDGE('',*,*,#14613,.F.);
#14613 = EDGE_CURVE('',#14565,#14614,#14616,.T.);
#14614 = VERTEX_POINT('',#14615);
#14615 = CARTESIAN_POINT('',(14.5,-20.2,-15.5));
#14616 = SURFACE_CURVE('',#14617,(#14621,#14628),.PCURVE_S1.);
#14617 = LINE('',#14618,#14619);
#14618 = CARTESIAN_POINT('',(-15.5,-20.2,-15.5));
#14619 = VECTOR('',#14620,1.);
#14620 = DIRECTION('',(1.,0.,0.));
#14621 = PCURVE('',#14092,#14622);
#14622 = DEFINITIONAL_REPRESENTATION('',(#14623),#14627);
#14623 = LINE('',#14624,#14625);
#14624 = CARTESIAN_POINT('',(0.,5.));
#14625 = VECTOR('',#14626,1.);
#14626 = DIRECTION('',(1.,0.));
#14627 = ( GEOMETRIC_REPRESENTATION_CONTEXT(2) 
PARAMETRIC_REPRESENTATION_CONTEXT() REPRESENTATION_CONTEXT('2D SPACE',''
  ) );
#14628 = PCURVE('',#14527,#14629);
#14629 = DEFINITIONAL_REPRESENTATION('',(#14630),#14634);
#14630 = LINE('',#14631,#14632);
#14631 = CARTESIAN_POINT('',(2.6,0.));
#14632 = VECTOR('',#14633,1.);
#14633 = DIRECTION('',(0.,1.));
#14634 = ( GEOMETRIC_REPRESENTATION_CONTEXT(2) 
PARAMETRIC_REPRESENTATION_CONTEXT() REPRESENTATION_CONTEXT('2D SPACE',''
  ) );
#14635 = ORIENTED_EDGE('',*,*,#14564,.F.);
#14636 = ORIENTED_EDGE('',*,*,#14076,.T.);
#14637 = ORIENTED_EDGE('',*,*,#14638,.T.);
#14638 = EDGE_CURVE('',#14044,#14614,#14639,.T.);
#14639 = SURFACE_CURVE('',#14640,(#14644,#14651),.PCURVE_S1.);
#14640 = LINE('',#14641,#14642);
#14641 = CARTESIAN_POINT('',(14.5,-25.2,-15.5));
#14642 = VECTOR('',#14643,1.);
#14643 = DIRECTION('',(0.,1.,0.));
#14644 = PCURVE('',#14092,#14645);
#14645 = DEFINITIONAL_REPRESENTATION('',(#14646),#14650);
#14646 = LINE('',#14647,#14648);
#14647 = CARTESIAN_POINT('',(30.,0.));
#14648 = VECTOR('',#14649,1.);
#14649 = DIRECTION('',(0.,1.));
#14650 = ( GEOMETRIC_REPRESENTATION_CONTEXT(2) 
PARAMETRIC_REPRESENTATION_CONTEXT() REPRESENTATION_CONTEXT('2D SPACE',''
  ) );
#14651 = PCURVE('',#14064,#14652);
#14652 = DEFINITIONAL_REPRESENTATION('',(#14653),#14657);
#14653 = LINE('',#14654,#14655);
#14654 = CARTESIAN_POINT('',(-1.570796326795,0.));
#14655 = VECTOR('',#14656,1.);
#14656 = DIRECTION('',(-0.,1.));
#14657 = ( GEOMETRIC_REPRESENTATION_CONTEXT(2) 
PARAMETRIC_REPRESENTATION_CONTEXT() REPRESENTATION_CONTEXT('2D SPACE',''
  ) );
#14658 = ADVANCED_FACE('',(#14659),#14064,.T.);
#14659 = FACE_BOUND('',#14660,.F.);
#14660 = EDGE_LOOP('',(#14661,#14662,#14663,#14691));
#14661 = ORIENTED_EDGE('',*,*,#14043,.T.);
#14662 = ORIENTED_EDGE('',*,*,#14638,.T.);
#14663 = ORIENTED_EDGE('',*,*,#14664,.F.);
#14664 = EDGE_CURVE('',#14665,#14614,#14667,.T.);
#14665 = VERTEX_POINT('',#14666);
#14666 = CARTESIAN_POINT('',(15.5,-20.2,-16.5));
#14667 = SURFACE_CURVE('',#14668,(#14673,#14680),.PCURVE_S1.);
#14668 = CIRCLE('',#14669,1.);
#14669 = AXIS2_PLACEMENT_3D('',#14670,#14671,#14672);
#14670 = CARTESIAN_POINT('',(14.5,-20.2,-16.5));
#14671 = DIRECTION('',(-0.,-1.,0.));
#14672 = DIRECTION('',(0.,-0.,1.));
#14673 = PCURVE('',#14064,#14674);
#14674 = DEFINITIONAL_REPRESENTATION('',(#14675),#14679);
#14675 = LINE('',#14676,#14677);
#14676 = CARTESIAN_POINT('',(4.712388980385,5.));
#14677 = VECTOR('',#14678,1.);
#14678 = DIRECTION('',(-1.,0.));
#14679 = ( GEOMETRIC_REPRESENTATION_CONTEXT(2) 
PARAMETRIC_REPRESENTATION_CONTEXT() REPRESENTATION_CONTEXT('2D SPACE',''
  ) );
#14680 = PCURVE('',#14527,#14681);
#14681 = DEFINITIONAL_REPRESENTATION('',(#14682),#14690);
#14682 = ( BOUNDED_CURVE() B_SPLINE_CURVE(2,(#14683,#14684,#14685,#14686
    ,#14687,#14688,#14689),.UNSPECIFIED.,.T.,.F.) 
B_SPLINE_CURVE_WITH_KNOTS((1,2,2,2,2,1),(-2.094395102393,0.,
    2.094395102393,4.188790204786,6.28318530718,8.377580409573),
.UNSPECIFIED.) CURVE() GEOMETRIC_REPRESENTATION_ITEM() 
RATIONAL_B_SPLINE_CURVE((1.,0.5,1.,0.5,1.,0.5,1.)) REPRESENTATION_ITEM(
  '') );
#14683 = CARTESIAN_POINT('',(2.6,30.));
#14684 = CARTESIAN_POINT('',(2.6,28.267949192431));
#14685 = CARTESIAN_POINT('',(1.1,29.133974596216));
#14686 = CARTESIAN_POINT('',(-0.4,30.));
#14687 = CARTESIAN_POINT('',(1.1,30.866025403784));
#14688 = CARTESIAN_POINT('',(2.6,31.732050807569));
#14689 = CARTESIAN_POINT('',(2.6,30.));
#14690 = ( GEOMETRIC_REPRESENTATION_CONTEXT(2) 
PARAMETRIC_REPRESENTATION_CONTEXT() REPRESENTATION_CONTEXT('2D SPACE',''
  ) );
#14691 = ORIENTED_EDGE('',*,*,#14692,.F.);
#14692 = EDGE_CURVE('',#14016,#14665,#14693,.T.);
#14693 = SURFACE_CURVE('',#14694,(#14698,#14705),.PCURVE_S1.);
#14694 = LINE('',#14695,#14696);
#14695 = CARTESIAN_POINT('',(15.5,-25.2,-16.5));
#14696 = VECTOR('',#14697,1.);
#14697 = DIRECTION('',(0.,1.,0.));
#14698 = PCURVE('',#14064,#14699);
#14699 = DEFINITIONAL_REPRESENTATION('',(#14700),#14704);
#14700 = LINE('',#14701,#14702);
#14701 = CARTESIAN_POINT('',(-0.,0.));
#14702 = VECTOR('',#14703,1.);
#14703 = DIRECTION('',(-0.,1.));
#14704 = ( GEOMETRIC_REPRESENTATION_CONTEXT(2) 
PARAMETRIC_REPRESENTATION_CONTEXT() REPRESENTATION_CONTEXT('2D SPACE',''
  ) );
#14705 = PCURVE('',#14031,#14706);
#14706 = DEFINITIONAL_REPRESENTATION('',(#14707),#14711);
#14707 = LINE('',#14708,#14709);
#14708 = CARTESIAN_POINT('',(1.6,0.));
#14709 = VECTOR('',#14710,1.);
#14710 = DIRECTION('',(0.,-1.));
#14711 = ( GEOMETRIC_REPRESENTATION_CONTEXT(2) 
PARAMETRIC_REPRESENTATION_CONTEXT() REPRESENTATION_CONTEXT('2D SPACE',''
  ) );
#14712 = ADVANCED_FACE('',(#14713),#14031,.T.);
#14713 = FACE_BOUND('',#14714,.T.);
#14714 = EDGE_LOOP('',(#14715,#14716,#14739,#14760));
#14715 = ORIENTED_EDGE('',*,*,#14015,.F.);
#14716 = ORIENTED_EDGE('',*,*,#14717,.T.);
#14717 = EDGE_CURVE('',#13987,#14718,#14720,.T.);
#14718 = VERTEX_POINT('',#14719);
#14719 = CARTESIAN_POINT('',(15.5,-20.2,-17.1));
#14720 = SURFACE_CURVE('',#14721,(#14725,#14732),.PCURVE_S1.);
#14721 = LINE('',#14722,#14723);
#14722 = CARTESIAN_POINT('',(15.5,-25.2,-17.1));
#14723 = VECTOR('',#14724,1.);
#14724 = DIRECTION('',(0.,1.,0.));
#14725 = PCURVE('',#14031,#14726);
#14726 = DEFINITIONAL_REPRESENTATION('',(#14727),#14731);
#14727 = LINE('',#14728,#14729);
#14728 = CARTESIAN_POINT('',(1.,0.));
#14729 = VECTOR('',#14730,1.);
#14730 = DIRECTION('',(0.,-1.));
#14731 = ( GEOMETRIC_REPRESENTATION_CONTEXT(2) 
PARAMETRIC_REPRESENTATION_CONTEXT() REPRESENTATION_CONTEXT('2D SPACE',''
  ) );
#14732 = PCURVE('',#14003,#14733);
#14733 = DEFINITIONAL_REPRESENTATION('',(#14734),#14738);
#14734 = LINE('',#14735,#14736);
#14735 = CARTESIAN_POINT('',(0.,0.));
#14736 = VECTOR('',#14737,1.);
#14737 = DIRECTION('',(0.,1.));
#14738 = ( GEOMETRIC_REPRESENTATION_CONTEXT(2) 
PARAMETRIC_REPRESENTATION_CONTEXT() REPRESENTATION_CONTEXT('2D SPACE',''
  ) );
#14739 = ORIENTED_EDGE('',*,*,#14740,.T.);
#14740 = EDGE_CURVE('',#14718,#14665,#14741,.T.);
#14741 = SURFACE_CURVE('',#14742,(#14746,#14753),.PCURVE_S1.);
#14742 = LINE('',#14743,#14744);
#14743 = CARTESIAN_POINT('',(15.5,-20.2,-18.1));
#14744 = VECTOR('',#14745,1.);
#14745 = DIRECTION('',(0.,0.,1.));
#14746 = PCURVE('',#14031,#14747);
#14747 = DEFINITIONAL_REPRESENTATION('',(#14748),#14752);
#14748 = LINE('',#14749,#14750);
#14749 = CARTESIAN_POINT('',(0.,-5.));
#14750 = VECTOR('',#14751,1.);
#14751 = DIRECTION('',(1.,0.));
#14752 = ( GEOMETRIC_REPRESENTATION_CONTEXT(2) 
PARAMETRIC_REPRESENTATION_CONTEXT() REPRESENTATION_CONTEXT('2D SPACE',''
  ) );
#14753 = PCURVE('',#14527,#14754);
#14754 = DEFINITIONAL_REPRESENTATION('',(#14755),#14759);
#14755 = LINE('',#14756,#14757);
#14756 = CARTESIAN_POINT('',(0.,31.));
#14757 = VECTOR('',#14758,1.);
#14758 = DIRECTION('',(1.,0.));
#14759 = ( GEOMETRIC_REPRESENTATION_CONTEXT(2) 
PARAMETRIC_REPRESENTATION_CONTEXT() REPRESENTATION_CONTEXT('2D SPACE',''
  ) );
#14760 = ORIENTED_EDGE('',*,*,#14692,.F.);
#14761 = ADVANCED_FACE('',(#14762),#14003,.T.);
#14762 = FACE_BOUND('',#14763,.T.);
#14763 = EDGE_LOOP('',(#14764,#14765,#14788,#14810));
#14764 = ORIENTED_EDGE('',*,*,#13986,.T.);
#14765 = ORIENTED_EDGE('',*,*,#14766,.T.);
#14766 = EDGE_CURVE('',#13959,#14767,#14769,.T.);
#14767 = VERTEX_POINT('',#14768);
#14768 = CARTESIAN_POINT('',(14.5,-20.2,-18.1));
#14769 = SURFACE_CURVE('',#14770,(#14774,#14781),.PCURVE_S1.);
#14770 = LINE('',#14771,#14772);
#14771 = CARTESIAN_POINT('',(14.5,-25.2,-18.1));
#14772 = VECTOR('',#14773,1.);
#14773 = DIRECTION('',(0.,1.,0.));
#14774 = PCURVE('',#14003,#14775);
#14775 = DEFINITIONAL_REPRESENTATION('',(#14776),#14780);
#14776 = LINE('',#14777,#14778);
#14777 = CARTESIAN_POINT('',(1.570796326795,0.));
#14778 = VECTOR('',#14779,1.);
#14779 = DIRECTION('',(0.,1.));
#14780 = ( GEOMETRIC_REPRESENTATION_CONTEXT(2) 
PARAMETRIC_REPRESENTATION_CONTEXT() REPRESENTATION_CONTEXT('2D SPACE',''
  ) );
#14781 = PCURVE('',#13974,#14782);
#14782 = DEFINITIONAL_REPRESENTATION('',(#14783),#14787);
#14783 = LINE('',#14784,#14785);
#14784 = CARTESIAN_POINT('',(30.,0.));
#14785 = VECTOR('',#14786,1.);
#14786 = DIRECTION('',(0.,1.));
#14787 = ( GEOMETRIC_REPRESENTATION_CONTEXT(2) 
PARAMETRIC_REPRESENTATION_CONTEXT() REPRESENTATION_CONTEXT('2D SPACE',''
  ) );
#14788 = ORIENTED_EDGE('',*,*,#14789,.F.);
#14789 = EDGE_CURVE('',#14718,#14767,#14790,.T.);
#14790 = SURFACE_CURVE('',#14791,(#14796,#14803),.PCURVE_S1.);
#14791 = CIRCLE('',#14792,1.);
#14792 = AXIS2_PLACEMENT_3D('',#14793,#14794,#14795);
#14793 = CARTESIAN_POINT('',(14.5,-20.2,-17.1));
#14794 = DIRECTION('',(0.,1.,0.));
#14795 = DIRECTION('',(0.,-0.,1.));
#14796 = PCURVE('',#14003,#14797);
#14797 = DEFINITIONAL_REPRESENTATION('',(#14798),#14802);
#14798 = LINE('',#14799,#14800);
#14799 = CARTESIAN_POINT('',(-1.570796326795,5.));
#14800 = VECTOR('',#14801,1.);
#14801 = DIRECTION('',(1.,0.));
#14802 = ( GEOMETRIC_REPRESENTATION_CONTEXT(2) 
PARAMETRIC_REPRESENTATION_CONTEXT() REPRESENTATION_CONTEXT('2D SPACE',''
  ) );
#14803 = PCURVE('',#14527,#14804);
#14804 = DEFINITIONAL_REPRESENTATION('',(#14805),#14809);
#14805 = CIRCLE('',#14806,1.);
#14806 = AXIS2_PLACEMENT_2D('',#14807,#14808);
#14807 = CARTESIAN_POINT('',(1.,30.));
#14808 = DIRECTION('',(1.,0.));
#14809 = ( GEOMETRIC_REPRESENTATION_CONTEXT(2) 
PARAMETRIC_REPRESENTATION_CONTEXT() REPRESENTATION_CONTEXT('2D SPACE',''
  ) );
#14810 = ORIENTED_EDGE('',*,*,#14717,.F.);
#14811 = ADVANCED_FACE('',(#14812),#13974,.F.);
#14812 = FACE_BOUND('',#14813,.F.);
#14813 = EDGE_LOOP('',(#14814,#14837,#14858,#14859));
#14814 = ORIENTED_EDGE('',*,*,#14815,.F.);
#14815 = EDGE_CURVE('',#14816,#14767,#14818,.T.);
#14816 = VERTEX_POINT('',#14817);
#14817 = CARTESIAN_POINT('',(-14.5,-20.2,-18.1));
#14818 = SURFACE_CURVE('',#14819,(#14823,#14830),.PCURVE_S1.);
#14819 = LINE('',#14820,#14821);
#14820 = CARTESIAN_POINT('',(-15.5,-20.2,-18.1));
#14821 = VECTOR('',#14822,1.);
#14822 = DIRECTION('',(1.,0.,0.));
#14823 = PCURVE('',#13974,#14824);
#14824 = DEFINITIONAL_REPRESENTATION('',(#14825),#14829);
#14825 = LINE('',#14826,#14827);
#14826 = CARTESIAN_POINT('',(0.,5.));
#14827 = VECTOR('',#14828,1.);
#14828 = DIRECTION('',(1.,0.));
#14829 = ( GEOMETRIC_REPRESENTATION_CONTEXT(2) 
PARAMETRIC_REPRESENTATION_CONTEXT() REPRESENTATION_CONTEXT('2D SPACE',''
  ) );
#14830 = PCURVE('',#14527,#14831);
#14831 = DEFINITIONAL_REPRESENTATION('',(#14832),#14836);
#14832 = LINE('',#14833,#14834);
#14833 = CARTESIAN_POINT('',(0.,0.));
#14834 = VECTOR('',#14835,1.);
#14835 = DIRECTION('',(0.,1.));
#14836 = ( GEOMETRIC_REPRESENTATION_CONTEXT(2) 
PARAMETRIC_REPRESENTATION_CONTEXT() REPRESENTATION_CONTEXT('2D SPACE',''
  ) );
#14837 = ORIENTED_EDGE('',*,*,#14838,.F.);
#14838 = EDGE_CURVE('',#13926,#14816,#14839,.T.);
#14839 = SURFACE_CURVE('',#14840,(#14844,#14851),.PCURVE_S1.);
#14840 = LINE('',#14841,#14842);
#14841 = CARTESIAN_POINT('',(-14.5,-25.2,-18.1));
#14842 = VECTOR('',#14843,1.);
#14843 = DIRECTION('',(0.,1.,0.));
#14844 = PCURVE('',#13974,#14845);
#14845 = DEFINITIONAL_REPRESENTATION('',(#14846),#14850);
#14846 = LINE('',#14847,#14848);
#14847 = CARTESIAN_POINT('',(1.,0.));
#14848 = VECTOR('',#14849,1.);
#14849 = DIRECTION('',(0.,1.));
#14850 = ( GEOMETRIC_REPRESENTATION_CONTEXT(2) 
PARAMETRIC_REPRESENTATION_CONTEXT() REPRESENTATION_CONTEXT('2D SPACE',''
  ) );
#14851 = PCURVE('',#13946,#14852);
#14852 = DEFINITIONAL_REPRESENTATION('',(#14853),#14857);
#14853 = LINE('',#14854,#14855);
#14854 = CARTESIAN_POINT('',(-1.570796326795,0.));
#14855 = VECTOR('',#14856,1.);
#14856 = DIRECTION('',(-0.,1.));
#14857 = ( GEOMETRIC_REPRESENTATION_CONTEXT(2) 
PARAMETRIC_REPRESENTATION_CONTEXT() REPRESENTATION_CONTEXT('2D SPACE',''
  ) );
#14858 = ORIENTED_EDGE('',*,*,#13958,.T.);
#14859 = ORIENTED_EDGE('',*,*,#14766,.T.);
#14860 = ADVANCED_FACE('',(#14861),#13946,.T.);
#14861 = FACE_BOUND('',#14862,.F.);
#14862 = EDGE_LOOP('',(#14863,#14864,#14865,#14891));
#14863 = ORIENTED_EDGE('',*,*,#13925,.T.);
#14864 = ORIENTED_EDGE('',*,*,#14838,.T.);
#14865 = ORIENTED_EDGE('',*,*,#14866,.F.);
#14866 = EDGE_CURVE('',#14489,#14816,#14867,.T.);
#14867 = SURFACE_CURVE('',#14868,(#14873,#14880),.PCURVE_S1.);
#14868 = CIRCLE('',#14869,1.);
#14869 = AXIS2_PLACEMENT_3D('',#14870,#14871,#14872);
#14870 = CARTESIAN_POINT('',(-14.5,-20.2,-17.1));
#14871 = DIRECTION('',(-0.,-1.,0.));
#14872 = DIRECTION('',(0.,-0.,1.));
#14873 = PCURVE('',#13946,#14874);
#14874 = DEFINITIONAL_REPRESENTATION('',(#14875),#14879);
#14875 = LINE('',#14876,#14877);
#14876 = CARTESIAN_POINT('',(1.570796326795,5.));
#14877 = VECTOR('',#14878,1.);
#14878 = DIRECTION('',(-1.,0.));
#14879 = ( GEOMETRIC_REPRESENTATION_CONTEXT(2) 
PARAMETRIC_REPRESENTATION_CONTEXT() REPRESENTATION_CONTEXT('2D SPACE',''
  ) );
#14880 = PCURVE('',#14527,#14881);
#14881 = DEFINITIONAL_REPRESENTATION('',(#14882),#14890);
#14882 = ( BOUNDED_CURVE() B_SPLINE_CURVE(2,(#14883,#14884,#14885,#14886
    ,#14887,#14888,#14889),.UNSPECIFIED.,.T.,.F.) 
B_SPLINE_CURVE_WITH_KNOTS((1,2,2,2,2,1),(-2.094395102393,0.,
    2.094395102393,4.188790204786,6.28318530718,8.377580409573),
.UNSPECIFIED.) CURVE() GEOMETRIC_REPRESENTATION_ITEM() 
RATIONAL_B_SPLINE_CURVE((1.,0.5,1.,0.5,1.,0.5,1.)) REPRESENTATION_ITEM(
  '') );
#14883 = CARTESIAN_POINT('',(2.,1.));
#14884 = CARTESIAN_POINT('',(2.,-0.732050807569));
#14885 = CARTESIAN_POINT('',(0.5,0.133974596216));
#14886 = CARTESIAN_POINT('',(-1.,1.));
#14887 = CARTESIAN_POINT('',(0.5,1.866025403784));
#14888 = CARTESIAN_POINT('',(2.,2.732050807569));
#14889 = CARTESIAN_POINT('',(2.,1.));
#14890 = ( GEOMETRIC_REPRESENTATION_CONTEXT(2) 
PARAMETRIC_REPRESENTATION_CONTEXT() REPRESENTATION_CONTEXT('2D SPACE',''
  ) );
#14891 = ORIENTED_EDGE('',*,*,#14488,.F.);
#14892 = ADVANCED_FACE('',(#14893),#14151,.F.);
#14893 = FACE_BOUND('',#14894,.F.);
#14894 = EDGE_LOOP('',(#14895,#14896,#14919,#14947));
#14895 = ORIENTED_EDGE('',*,*,#14133,.F.);
#14896 = ORIENTED_EDGE('',*,*,#14897,.T.);
#14897 = EDGE_CURVE('',#14134,#14898,#14900,.T.);
#14898 = VERTEX_POINT('',#14899);
#14899 = CARTESIAN_POINT('',(-15.5,-20.2,1.6));
#14900 = SURFACE_CURVE('',#14901,(#14905,#14912),.PCURVE_S1.);
#14901 = LINE('',#14902,#14903);
#14902 = CARTESIAN_POINT('',(-15.5,-25.2,1.6));
#14903 = VECTOR('',#14904,1.);
#14904 = DIRECTION('',(0.,1.,0.));
#14905 = PCURVE('',#14151,#14906);
#14906 = DEFINITIONAL_REPRESENTATION('',(#14907),#14911);
#14907 = LINE('',#14908,#14909);
#14908 = CARTESIAN_POINT('',(1.,0.));
#14909 = VECTOR('',#14910,1.);
#14910 = DIRECTION('',(0.,-1.));
#14911 = ( GEOMETRIC_REPRESENTATION_CONTEXT(2) 
PARAMETRIC_REPRESENTATION_CONTEXT() REPRESENTATION_CONTEXT('2D SPACE',''
  ) );
#14912 = PCURVE('',#14184,#14913);
#14913 = DEFINITIONAL_REPRESENTATION('',(#14914),#14918);
#14914 = LINE('',#14915,#14916);
#14915 = CARTESIAN_POINT('',(-0.,0.));
#14916 = VECTOR('',#14917,1.);
#14917 = DIRECTION('',(-0.,1.));
#14918 = ( GEOMETRIC_REPRESENTATION_CONTEXT(2) 
PARAMETRIC_REPRESENTATION_CONTEXT() REPRESENTATION_CONTEXT('2D SPACE',''
  ) );
#14919 = ORIENTED_EDGE('',*,*,#14920,.T.);
#14920 = EDGE_CURVE('',#14898,#14921,#14923,.T.);
#14921 = VERTEX_POINT('',#14922);
#14922 = CARTESIAN_POINT('',(-15.5,-20.2,2.));
#14923 = SURFACE_CURVE('',#14924,(#14928,#14935),.PCURVE_S1.);
#14924 = LINE('',#14925,#14926);
#14925 = CARTESIAN_POINT('',(-15.5,-20.2,0.6));
#14926 = VECTOR('',#14927,1.);
#14927 = DIRECTION('',(0.,0.,1.));
#14928 = PCURVE('',#14151,#14929);
#14929 = DEFINITIONAL_REPRESENTATION('',(#14930),#14934);
#14930 = LINE('',#14931,#14932);
#14931 = CARTESIAN_POINT('',(0.,-5.));
#14932 = VECTOR('',#14933,1.);
#14933 = DIRECTION('',(1.,0.));
#14934 = ( GEOMETRIC_REPRESENTATION_CONTEXT(2) 
PARAMETRIC_REPRESENTATION_CONTEXT() REPRESENTATION_CONTEXT('2D SPACE',''
  ) );
#14935 = PCURVE('',#14936,#14941);
#14936 = PLANE('',#14937);
#14937 = AXIS2_PLACEMENT_3D('',#14938,#14939,#14940);
#14938 = CARTESIAN_POINT('',(-15.5,-20.2,0.6));
#14939 = DIRECTION('',(0.,1.,0.));
#14940 = DIRECTION('',(0.,0.,1.));
#14941 = DEFINITIONAL_REPRESENTATION('',(#14942),#14946);
#14942 = LINE('',#14943,#14944);
#14943 = CARTESIAN_POINT('',(0.,0.));
#14944 = VECTOR('',#14945,1.);
#14945 = DIRECTION('',(1.,0.));
#14946 = ( GEOMETRIC_REPRESENTATION_CONTEXT(2) 
PARAMETRIC_REPRESENTATION_CONTEXT() REPRESENTATION_CONTEXT('2D SPACE',''
  ) );
#14947 = ORIENTED_EDGE('',*,*,#14948,.F.);
#14948 = EDGE_CURVE('',#14136,#14921,#14949,.T.);
#14949 = SURFACE_CURVE('',#14950,(#14954,#14961),.PCURVE_S1.);
#14950 = LINE('',#14951,#14952);
#14951 = CARTESIAN_POINT('',(-15.5,-25.2,2.));
#14952 = VECTOR('',#14953,1.);
#14953 = DIRECTION('',(0.,1.,0.));
#14954 = PCURVE('',#14151,#14955);
#14955 = DEFINITIONAL_REPRESENTATION('',(#14956),#14960);
#14956 = LINE('',#14957,#14958);
#14957 = CARTESIAN_POINT('',(1.4,0.));
#14958 = VECTOR('',#14959,1.);
#14959 = DIRECTION('',(0.,-1.));
#14960 = ( GEOMETRIC_REPRESENTATION_CONTEXT(2) 
PARAMETRIC_REPRESENTATION_CONTEXT() REPRESENTATION_CONTEXT('2D SPACE',''
  ) );
#14961 = PCURVE('',#14357,#14962);
#14962 = DEFINITIONAL_REPRESENTATION('',(#14963),#14967);
#14963 = LINE('',#14964,#14965);
#14964 = CARTESIAN_POINT('',(0.,0.));
#14965 = VECTOR('',#14966,1.);
#14966 = DIRECTION('',(0.,1.));
#14967 = ( GEOMETRIC_REPRESENTATION_CONTEXT(2) 
PARAMETRIC_REPRESENTATION_CONTEXT() REPRESENTATION_CONTEXT('2D SPACE',''
  ) );
#14968 = ADVANCED_FACE('',(#14969),#14184,.T.);
#14969 = FACE_BOUND('',#14970,.F.);
#14970 = EDGE_LOOP('',(#14971,#14972,#14995,#15021));
#14971 = ORIENTED_EDGE('',*,*,#14163,.T.);
#14972 = ORIENTED_EDGE('',*,*,#14973,.T.);
#14973 = EDGE_CURVE('',#14164,#14974,#14976,.T.);
#14974 = VERTEX_POINT('',#14975);
#14975 = CARTESIAN_POINT('',(-14.5,-20.2,0.6));
#14976 = SURFACE_CURVE('',#14977,(#14981,#14988),.PCURVE_S1.);
#14977 = LINE('',#14978,#14979);
#14978 = CARTESIAN_POINT('',(-14.5,-25.2,0.6));
#14979 = VECTOR('',#14980,1.);
#14980 = DIRECTION('',(0.,1.,0.));
#14981 = PCURVE('',#14184,#14982);
#14982 = DEFINITIONAL_REPRESENTATION('',(#14983),#14987);
#14983 = LINE('',#14984,#14985);
#14984 = CARTESIAN_POINT('',(-1.570796326795,0.));
#14985 = VECTOR('',#14986,1.);
#14986 = DIRECTION('',(-0.,1.));
#14987 = ( GEOMETRIC_REPRESENTATION_CONTEXT(2) 
PARAMETRIC_REPRESENTATION_CONTEXT() REPRESENTATION_CONTEXT('2D SPACE',''
  ) );
#14988 = PCURVE('',#14212,#14989);
#14989 = DEFINITIONAL_REPRESENTATION('',(#14990),#14994);
#14990 = LINE('',#14991,#14992);
#14991 = CARTESIAN_POINT('',(1.,0.));
#14992 = VECTOR('',#14993,1.);
#14993 = DIRECTION('',(0.,1.));
#14994 = ( GEOMETRIC_REPRESENTATION_CONTEXT(2) 
PARAMETRIC_REPRESENTATION_CONTEXT() REPRESENTATION_CONTEXT('2D SPACE',''
  ) );
#14995 = ORIENTED_EDGE('',*,*,#14996,.F.);
#14996 = EDGE_CURVE('',#14898,#14974,#14997,.T.);
#14997 = SURFACE_CURVE('',#14998,(#15003,#15010),.PCURVE_S1.);
#14998 = CIRCLE('',#14999,1.);
#14999 = AXIS2_PLACEMENT_3D('',#15000,#15001,#15002);
#15000 = CARTESIAN_POINT('',(-14.5,-20.2,1.6));
#15001 = DIRECTION('',(-0.,-1.,0.));
#15002 = DIRECTION('',(0.,-0.,1.));
#15003 = PCURVE('',#14184,#15004);
#15004 = DEFINITIONAL_REPRESENTATION('',(#15005),#15009);
#15005 = LINE('',#15006,#15007);
#15006 = CARTESIAN_POINT('',(1.570796326795,5.));
#15007 = VECTOR('',#15008,1.);
#15008 = DIRECTION('',(-1.,0.));
#15009 = ( GEOMETRIC_REPRESENTATION_CONTEXT(2) 
PARAMETRIC_REPRESENTATION_CONTEXT() REPRESENTATION_CONTEXT('2D SPACE',''
  ) );
#15010 = PCURVE('',#14936,#15011);
#15011 = DEFINITIONAL_REPRESENTATION('',(#15012),#15020);
#15012 = ( BOUNDED_CURVE() B_SPLINE_CURVE(2,(#15013,#15014,#15015,#15016
    ,#15017,#15018,#15019),.UNSPECIFIED.,.T.,.F.) 
B_SPLINE_CURVE_WITH_KNOTS((1,2,2,2,2,1),(-2.094395102393,0.,
    2.094395102393,4.188790204786,6.28318530718,8.377580409573),
.UNSPECIFIED.) CURVE() GEOMETRIC_REPRESENTATION_ITEM() 
RATIONAL_B_SPLINE_CURVE((1.,0.5,1.,0.5,1.,0.5,1.)) REPRESENTATION_ITEM(
  '') );
#15013 = CARTESIAN_POINT('',(2.,1.));
#15014 = CARTESIAN_POINT('',(2.,-0.732050807569));
#15015 = CARTESIAN_POINT('',(0.5,0.133974596216));
#15016 = CARTESIAN_POINT('',(-1.,1.));
#15017 = CARTESIAN_POINT('',(0.5,1.866025403784));
#15018 = CARTESIAN_POINT('',(2.,2.732050807569));
#15019 = CARTESIAN_POINT('',(2.,1.));
#15020 = ( GEOMETRIC_REPRESENTATION_CONTEXT(2) 
PARAMETRIC_REPRESENTATION_CONTEXT() REPRESENTATION_CONTEXT('2D SPACE',''
  ) );
#15021 = ORIENTED_EDGE('',*,*,#14897,.F.);
#15022 = ADVANCED_FACE('',(#15023),#14357,.T.);
#15023 = FACE_BOUND('',#15024,.T.);
#15024 = EDGE_LOOP('',(#15025,#15026,#15049,#15071));
#15025 = ORIENTED_EDGE('',*,*,#14342,.T.);
#15026 = ORIENTED_EDGE('',*,*,#15027,.T.);
#15027 = EDGE_CURVE('',#14315,#15028,#15030,.T.);
#15028 = VERTEX_POINT('',#15029);
#15029 = CARTESIAN_POINT('',(-14.5,-20.2,3.));
#15030 = SURFACE_CURVE('',#15031,(#15035,#15042),.PCURVE_S1.);
#15031 = LINE('',#15032,#15033);
#15032 = CARTESIAN_POINT('',(-14.5,-25.2,3.));
#15033 = VECTOR('',#15034,1.);
#15034 = DIRECTION('',(0.,1.,0.));
#15035 = PCURVE('',#14357,#15036);
#15036 = DEFINITIONAL_REPRESENTATION('',(#15037),#15041);
#15037 = LINE('',#15038,#15039);
#15038 = CARTESIAN_POINT('',(1.570796326795,0.));
#15039 = VECTOR('',#15040,1.);
#15040 = DIRECTION('',(0.,1.));
#15041 = ( GEOMETRIC_REPRESENTATION_CONTEXT(2) 
PARAMETRIC_REPRESENTATION_CONTEXT() REPRESENTATION_CONTEXT('2D SPACE',''
  ) );
#15042 = PCURVE('',#14330,#15043);
#15043 = DEFINITIONAL_REPRESENTATION('',(#15044),#15048);
#15044 = LINE('',#15045,#15046);
#15045 = CARTESIAN_POINT('',(1.,0.));
#15046 = VECTOR('',#15047,1.);
#15047 = DIRECTION('',(0.,1.));
#15048 = ( GEOMETRIC_REPRESENTATION_CONTEXT(2) 
PARAMETRIC_REPRESENTATION_CONTEXT() REPRESENTATION_CONTEXT('2D SPACE',''
  ) );
#15049 = ORIENTED_EDGE('',*,*,#15050,.F.);
#15050 = EDGE_CURVE('',#14921,#15028,#15051,.T.);
#15051 = SURFACE_CURVE('',#15052,(#15057,#15064),.PCURVE_S1.);
#15052 = CIRCLE('',#15053,1.);
#15053 = AXIS2_PLACEMENT_3D('',#15054,#15055,#15056);
#15054 = CARTESIAN_POINT('',(-14.5,-20.2,2.));
#15055 = DIRECTION('',(0.,1.,0.));
#15056 = DIRECTION('',(0.,-0.,1.));
#15057 = PCURVE('',#14357,#15058);
#15058 = DEFINITIONAL_REPRESENTATION('',(#15059),#15063);
#15059 = LINE('',#15060,#15061);
#15060 = CARTESIAN_POINT('',(-4.712388980385,5.));
#15061 = VECTOR('',#15062,1.);
#15062 = DIRECTION('',(1.,0.));
#15063 = ( GEOMETRIC_REPRESENTATION_CONTEXT(2) 
PARAMETRIC_REPRESENTATION_CONTEXT() REPRESENTATION_CONTEXT('2D SPACE',''
  ) );
#15064 = PCURVE('',#14936,#15065);
#15065 = DEFINITIONAL_REPRESENTATION('',(#15066),#15070);
#15066 = CIRCLE('',#15067,1.);
#15067 = AXIS2_PLACEMENT_2D('',#15068,#15069);
#15068 = CARTESIAN_POINT('',(1.4,1.));
#15069 = DIRECTION('',(1.,0.));
#15070 = ( GEOMETRIC_REPRESENTATION_CONTEXT(2) 
PARAMETRIC_REPRESENTATION_CONTEXT() REPRESENTATION_CONTEXT('2D SPACE',''
  ) );
#15071 = ORIENTED_EDGE('',*,*,#14948,.F.);
#15072 = ADVANCED_FACE('',(#15073),#14212,.F.);
#15073 = FACE_BOUND('',#15074,.F.);
#15074 = EDGE_LOOP('',(#15075,#15098,#15099,#15100));
#15075 = ORIENTED_EDGE('',*,*,#15076,.F.);
#15076 = EDGE_CURVE('',#14974,#15077,#15079,.T.);
#15077 = VERTEX_POINT('',#15078);
#15078 = CARTESIAN_POINT('',(14.5,-20.2,0.6));
#15079 = SURFACE_CURVE('',#15080,(#15084,#15091),.PCURVE_S1.);
#15080 = LINE('',#15081,#15082);
#15081 = CARTESIAN_POINT('',(-15.5,-20.2,0.6));
#15082 = VECTOR('',#15083,1.);
#15083 = DIRECTION('',(1.,0.,0.));
#15084 = PCURVE('',#14212,#15085);
#15085 = DEFINITIONAL_REPRESENTATION('',(#15086),#15090);
#15086 = LINE('',#15087,#15088);
#15087 = CARTESIAN_POINT('',(0.,5.));
#15088 = VECTOR('',#15089,1.);
#15089 = DIRECTION('',(1.,0.));
#15090 = ( GEOMETRIC_REPRESENTATION_CONTEXT(2) 
PARAMETRIC_REPRESENTATION_CONTEXT() REPRESENTATION_CONTEXT('2D SPACE',''
  ) );
#15091 = PCURVE('',#14936,#15092);
#15092 = DEFINITIONAL_REPRESENTATION('',(#15093),#15097);
#15093 = LINE('',#15094,#15095);
#15094 = CARTESIAN_POINT('',(0.,0.));
#15095 = VECTOR('',#15096,1.);
#15096 = DIRECTION('',(0.,1.));
#15097 = ( GEOMETRIC_REPRESENTATION_CONTEXT(2) 
PARAMETRIC_REPRESENTATION_CONTEXT() REPRESENTATION_CONTEXT('2D SPACE',''
  ) );
#15098 = ORIENTED_EDGE('',*,*,#14973,.F.);
#15099 = ORIENTED_EDGE('',*,*,#14196,.T.);
#15100 = ORIENTED_EDGE('',*,*,#15101,.T.);
#15101 = EDGE_CURVE('',#14197,#15077,#15102,.T.);
#15102 = SURFACE_CURVE('',#15103,(#15107,#15114),.PCURVE_S1.);
#15103 = LINE('',#15104,#15105);
#15104 = CARTESIAN_POINT('',(14.5,-25.2,0.6));
#15105 = VECTOR('',#15106,1.);
#15106 = DIRECTION('',(0.,1.,0.));
#15107 = PCURVE('',#14212,#15108);
#15108 = DEFINITIONAL_REPRESENTATION('',(#15109),#15113);
#15109 = LINE('',#15110,#15111);
#15110 = CARTESIAN_POINT('',(30.,0.));
#15111 = VECTOR('',#15112,1.);
#15112 = DIRECTION('',(0.,1.));
#15113 = ( GEOMETRIC_REPRESENTATION_CONTEXT(2) 
PARAMETRIC_REPRESENTATION_CONTEXT() REPRESENTATION_CONTEXT('2D SPACE',''
  ) );
#15114 = PCURVE('',#14241,#15115);
#15115 = DEFINITIONAL_REPRESENTATION('',(#15116),#15120);
#15116 = LINE('',#15117,#15118);
#15117 = CARTESIAN_POINT('',(1.570796326795,0.));
#15118 = VECTOR('',#15119,1.);
#15119 = DIRECTION('',(0.,1.));
#15120 = ( GEOMETRIC_REPRESENTATION_CONTEXT(2) 
PARAMETRIC_REPRESENTATION_CONTEXT() REPRESENTATION_CONTEXT('2D SPACE',''
  ) );
#15121 = ADVANCED_FACE('',(#15122),#14330,.T.);
#15122 = FACE_BOUND('',#15123,.T.);
#15123 = EDGE_LOOP('',(#15124,#15147,#15148,#15149));
#15124 = ORIENTED_EDGE('',*,*,#15125,.F.);
#15125 = EDGE_CURVE('',#15028,#15126,#15128,.T.);
#15126 = VERTEX_POINT('',#15127);
#15127 = CARTESIAN_POINT('',(14.5,-20.2,3.));
#15128 = SURFACE_CURVE('',#15129,(#15133,#15140),.PCURVE_S1.);
#15129 = LINE('',#15130,#15131);
#15130 = CARTESIAN_POINT('',(-15.5,-20.2,3.));
#15131 = VECTOR('',#15132,1.);
#15132 = DIRECTION('',(1.,0.,0.));
#15133 = PCURVE('',#14330,#15134);
#15134 = DEFINITIONAL_REPRESENTATION('',(#15135),#15139);
#15135 = LINE('',#15136,#15137);
#15136 = CARTESIAN_POINT('',(0.,5.));
#15137 = VECTOR('',#15138,1.);
#15138 = DIRECTION('',(1.,0.));
#15139 = ( GEOMETRIC_REPRESENTATION_CONTEXT(2) 
PARAMETRIC_REPRESENTATION_CONTEXT() REPRESENTATION_CONTEXT('2D SPACE',''
  ) );
#15140 = PCURVE('',#14936,#15141);
#15141 = DEFINITIONAL_REPRESENTATION('',(#15142),#15146);
#15142 = LINE('',#15143,#15144);
#15143 = CARTESIAN_POINT('',(2.4,0.));
#15144 = VECTOR('',#15145,1.);
#15145 = DIRECTION('',(0.,1.));
#15146 = ( GEOMETRIC_REPRESENTATION_CONTEXT(2) 
PARAMETRIC_REPRESENTATION_CONTEXT() REPRESENTATION_CONTEXT('2D SPACE',''
  ) );
#15147 = ORIENTED_EDGE('',*,*,#15027,.F.);
#15148 = ORIENTED_EDGE('',*,*,#14314,.T.);
#15149 = ORIENTED_EDGE('',*,*,#15150,.T.);
#15150 = EDGE_CURVE('',#14282,#15126,#15151,.T.);
#15151 = SURFACE_CURVE('',#15152,(#15156,#15163),.PCURVE_S1.);
#15152 = LINE('',#15153,#15154);
#15153 = CARTESIAN_POINT('',(14.5,-25.2,3.));
#15154 = VECTOR('',#15155,1.);
#15155 = DIRECTION('',(0.,1.,0.));
#15156 = PCURVE('',#14330,#15157);
#15157 = DEFINITIONAL_REPRESENTATION('',(#15158),#15162);
#15158 = LINE('',#15159,#15160);
#15159 = CARTESIAN_POINT('',(30.,0.));
#15160 = VECTOR('',#15161,1.);
#15161 = DIRECTION('',(0.,1.));
#15162 = ( GEOMETRIC_REPRESENTATION_CONTEXT(2) 
PARAMETRIC_REPRESENTATION_CONTEXT() REPRESENTATION_CONTEXT('2D SPACE',''
  ) );
#15163 = PCURVE('',#14302,#15164);
#15164 = DEFINITIONAL_REPRESENTATION('',(#15165),#15169);
#15165 = LINE('',#15166,#15167);
#15166 = CARTESIAN_POINT('',(-1.570796326795,0.));
#15167 = VECTOR('',#15168,1.);
#15168 = DIRECTION('',(-0.,1.));
#15169 = ( GEOMETRIC_REPRESENTATION_CONTEXT(2) 
PARAMETRIC_REPRESENTATION_CONTEXT() REPRESENTATION_CONTEXT('2D SPACE',''
  ) );
#15170 = ADVANCED_FACE('',(#15171),#14241,.T.);
#15171 = FACE_BOUND('',#15172,.T.);
#15172 = EDGE_LOOP('',(#15173,#15174,#15175,#15199));
#15173 = ORIENTED_EDGE('',*,*,#14224,.T.);
#15174 = ORIENTED_EDGE('',*,*,#15101,.T.);
#15175 = ORIENTED_EDGE('',*,*,#15176,.F.);
#15176 = EDGE_CURVE('',#15177,#15077,#15179,.T.);
#15177 = VERTEX_POINT('',#15178);
#15178 = CARTESIAN_POINT('',(15.5,-20.2,1.6));
#15179 = SURFACE_CURVE('',#15180,(#15185,#15192),.PCURVE_S1.);
#15180 = CIRCLE('',#15181,1.);
#15181 = AXIS2_PLACEMENT_3D('',#15182,#15183,#15184);
#15182 = CARTESIAN_POINT('',(14.5,-20.2,1.6));
#15183 = DIRECTION('',(0.,1.,0.));
#15184 = DIRECTION('',(0.,-0.,1.));
#15185 = PCURVE('',#14241,#15186);
#15186 = DEFINITIONAL_REPRESENTATION('',(#15187),#15191);
#15187 = LINE('',#15188,#15189);
#15188 = CARTESIAN_POINT('',(-1.570796326795,5.));
#15189 = VECTOR('',#15190,1.);
#15190 = DIRECTION('',(1.,0.));
#15191 = ( GEOMETRIC_REPRESENTATION_CONTEXT(2) 
PARAMETRIC_REPRESENTATION_CONTEXT() REPRESENTATION_CONTEXT('2D SPACE',''
  ) );
#15192 = PCURVE('',#14936,#15193);
#15193 = DEFINITIONAL_REPRESENTATION('',(#15194),#15198);
#15194 = CIRCLE('',#15195,1.);
#15195 = AXIS2_PLACEMENT_2D('',#15196,#15197);
#15196 = CARTESIAN_POINT('',(1.,30.));
#15197 = DIRECTION('',(1.,0.));
#15198 = ( GEOMETRIC_REPRESENTATION_CONTEXT(2) 
PARAMETRIC_REPRESENTATION_CONTEXT() REPRESENTATION_CONTEXT('2D SPACE',''
  ) );
#15199 = ORIENTED_EDGE('',*,*,#15200,.F.);
#15200 = EDGE_CURVE('',#14225,#15177,#15201,.T.);
#15201 = SURFACE_CURVE('',#15202,(#15206,#15213),.PCURVE_S1.);
#15202 = LINE('',#15203,#15204);
#15203 = CARTESIAN_POINT('',(15.5,-25.2,1.6));
#15204 = VECTOR('',#15205,1.);
#15205 = DIRECTION('',(0.,1.,0.));
#15206 = PCURVE('',#14241,#15207);
#15207 = DEFINITIONAL_REPRESENTATION('',(#15208),#15212);
#15208 = LINE('',#15209,#15210);
#15209 = CARTESIAN_POINT('',(0.,0.));
#15210 = VECTOR('',#15211,1.);
#15211 = DIRECTION('',(0.,1.));
#15212 = ( GEOMETRIC_REPRESENTATION_CONTEXT(2) 
PARAMETRIC_REPRESENTATION_CONTEXT() REPRESENTATION_CONTEXT('2D SPACE',''
  ) );
#15213 = PCURVE('',#14269,#15214);
#15214 = DEFINITIONAL_REPRESENTATION('',(#15215),#15219);
#15215 = LINE('',#15216,#15217);
#15216 = CARTESIAN_POINT('',(1.,0.));
#15217 = VECTOR('',#15218,1.);
#15218 = DIRECTION('',(0.,-1.));
#15219 = ( GEOMETRIC_REPRESENTATION_CONTEXT(2) 
PARAMETRIC_REPRESENTATION_CONTEXT() REPRESENTATION_CONTEXT('2D SPACE',''
  ) );
#15220 = ADVANCED_FACE('',(#15221),#14302,.T.);
#15221 = FACE_BOUND('',#15222,.F.);
#15222 = EDGE_LOOP('',(#15223,#15224,#15225,#15253));
#15223 = ORIENTED_EDGE('',*,*,#14281,.T.);
#15224 = ORIENTED_EDGE('',*,*,#15150,.T.);
#15225 = ORIENTED_EDGE('',*,*,#15226,.F.);
#15226 = EDGE_CURVE('',#15227,#15126,#15229,.T.);
#15227 = VERTEX_POINT('',#15228);
#15228 = CARTESIAN_POINT('',(15.5,-20.2,2.));
#15229 = SURFACE_CURVE('',#15230,(#15235,#15242),.PCURVE_S1.);
#15230 = CIRCLE('',#15231,1.);
#15231 = AXIS2_PLACEMENT_3D('',#15232,#15233,#15234);
#15232 = CARTESIAN_POINT('',(14.5,-20.2,2.));
#15233 = DIRECTION('',(-0.,-1.,0.));
#15234 = DIRECTION('',(0.,-0.,1.));
#15235 = PCURVE('',#14302,#15236);
#15236 = DEFINITIONAL_REPRESENTATION('',(#15237),#15241);
#15237 = LINE('',#15238,#15239);
#15238 = CARTESIAN_POINT('',(4.712388980385,5.));
#15239 = VECTOR('',#15240,1.);
#15240 = DIRECTION('',(-1.,0.));
#15241 = ( GEOMETRIC_REPRESENTATION_CONTEXT(2) 
PARAMETRIC_REPRESENTATION_CONTEXT() REPRESENTATION_CONTEXT('2D SPACE',''
  ) );
#15242 = PCURVE('',#14936,#15243);
#15243 = DEFINITIONAL_REPRESENTATION('',(#15244),#15252);
#15244 = ( BOUNDED_CURVE() B_SPLINE_CURVE(2,(#15245,#15246,#15247,#15248
    ,#15249,#15250,#15251),.UNSPECIFIED.,.T.,.F.) 
B_SPLINE_CURVE_WITH_KNOTS((1,2,2,2,2,1),(-2.094395102393,0.,
    2.094395102393,4.188790204786,6.28318530718,8.377580409573),
.UNSPECIFIED.) CURVE() GEOMETRIC_REPRESENTATION_ITEM() 
RATIONAL_B_SPLINE_CURVE((1.,0.5,1.,0.5,1.,0.5,1.)) REPRESENTATION_ITEM(
  '') );
#15245 = CARTESIAN_POINT('',(2.4,30.));
#15246 = CARTESIAN_POINT('',(2.4,28.267949192431));
#15247 = CARTESIAN_POINT('',(0.9,29.133974596216));
#15248 = CARTESIAN_POINT('',(-0.6,30.));
#15249 = CARTESIAN_POINT('',(0.9,30.866025403784));
#15250 = CARTESIAN_POINT('',(2.4,31.732050807569));
#15251 = CARTESIAN_POINT('',(2.4,30.));
#15252 = ( GEOMETRIC_REPRESENTATION_CONTEXT(2) 
PARAMETRIC_REPRESENTATION_CONTEXT() REPRESENTATION_CONTEXT('2D SPACE',''
  ) );
#15253 = ORIENTED_EDGE('',*,*,#15254,.F.);
#15254 = EDGE_CURVE('',#14254,#15227,#15255,.T.);
#15255 = SURFACE_CURVE('',#15256,(#15260,#15267),.PCURVE_S1.);
#15256 = LINE('',#15257,#15258);
#15257 = CARTESIAN_POINT('',(15.5,-25.2,2.));
#15258 = VECTOR('',#15259,1.);
#15259 = DIRECTION('',(0.,1.,0.));
#15260 = PCURVE('',#14302,#15261);
#15261 = DEFINITIONAL_REPRESENTATION('',(#15262),#15266);
#15262 = LINE('',#15263,#15264);
#15263 = CARTESIAN_POINT('',(-0.,0.));
#15264 = VECTOR('',#15265,1.);
#15265 = DIRECTION('',(-0.,1.));
#15266 = ( GEOMETRIC_REPRESENTATION_CONTEXT(2) 
PARAMETRIC_REPRESENTATION_CONTEXT() REPRESENTATION_CONTEXT('2D SPACE',''
  ) );
#15267 = PCURVE('',#14269,#15268);
#15268 = DEFINITIONAL_REPRESENTATION('',(#15269),#15273);
#15269 = LINE('',#15270,#15271);
#15270 = CARTESIAN_POINT('',(1.4,0.));
#15271 = VECTOR('',#15272,1.);
#15272 = DIRECTION('',(0.,-1.));
#15273 = ( GEOMETRIC_REPRESENTATION_CONTEXT(2) 
PARAMETRIC_REPRESENTATION_CONTEXT() REPRESENTATION_CONTEXT('2D SPACE',''
  ) );
#15274 = ADVANCED_FACE('',(#15275),#14269,.T.);
#15275 = FACE_BOUND('',#15276,.T.);
#15276 = EDGE_LOOP('',(#15277,#15278,#15279,#15300));
#15277 = ORIENTED_EDGE('',*,*,#14253,.F.);
#15278 = ORIENTED_EDGE('',*,*,#15200,.T.);
#15279 = ORIENTED_EDGE('',*,*,#15280,.T.);
#15280 = EDGE_CURVE('',#15177,#15227,#15281,.T.);
#15281 = SURFACE_CURVE('',#15282,(#15286,#15293),.PCURVE_S1.);
#15282 = LINE('',#15283,#15284);
#15283 = CARTESIAN_POINT('',(15.5,-20.2,0.6));
#15284 = VECTOR('',#15285,1.);
#15285 = DIRECTION('',(0.,0.,1.));
#15286 = PCURVE('',#14269,#15287);
#15287 = DEFINITIONAL_REPRESENTATION('',(#15288),#15292);
#15288 = LINE('',#15289,#15290);
#15289 = CARTESIAN_POINT('',(0.,-5.));
#15290 = VECTOR('',#15291,1.);
#15291 = DIRECTION('',(1.,0.));
#15292 = ( GEOMETRIC_REPRESENTATION_CONTEXT(2) 
PARAMETRIC_REPRESENTATION_CONTEXT() REPRESENTATION_CONTEXT('2D SPACE',''
  ) );
#15293 = PCURVE('',#14936,#15294);
#15294 = DEFINITIONAL_REPRESENTATION('',(#15295),#15299);
#15295 = LINE('',#15296,#15297);
#15296 = CARTESIAN_POINT('',(0.,31.));
#15297 = VECTOR('',#15298,1.);
#15298 = DIRECTION('',(1.,0.));
#15299 = ( GEOMETRIC_REPRESENTATION_CONTEXT(2) 
PARAMETRIC_REPRESENTATION_CONTEXT() REPRESENTATION_CONTEXT('2D SPACE',''
  ) );
#15300 = ORIENTED_EDGE('',*,*,#15254,.F.);
#15301 = ADVANCED_FACE('',(#15302),#14527,.T.);
#15302 = FACE_BOUND('',#15303,.T.);
#15303 = EDGE_LOOP('',(#15304,#15305,#15306,#15307,#15308,#15309,#15310,
    #15311));
#15304 = ORIENTED_EDGE('',*,*,#14815,.F.);
#15305 = ORIENTED_EDGE('',*,*,#14866,.F.);
#15306 = ORIENTED_EDGE('',*,*,#14511,.T.);
#15307 = ORIENTED_EDGE('',*,*,#14587,.T.);
#15308 = ORIENTED_EDGE('',*,*,#14613,.T.);
#15309 = ORIENTED_EDGE('',*,*,#14664,.F.);
#15310 = ORIENTED_EDGE('',*,*,#14740,.F.);
#15311 = ORIENTED_EDGE('',*,*,#14789,.T.);
#15312 = ADVANCED_FACE('',(#15313),#14936,.T.);
#15313 = FACE_BOUND('',#15314,.T.);
#15314 = EDGE_LOOP('',(#15315,#15316,#15317,#15318,#15319,#15320,#15321,
    #15322));
#15315 = ORIENTED_EDGE('',*,*,#15076,.F.);
#15316 = ORIENTED_EDGE('',*,*,#14996,.F.);
#15317 = ORIENTED_EDGE('',*,*,#14920,.T.);
#15318 = ORIENTED_EDGE('',*,*,#15050,.T.);
#15319 = ORIENTED_EDGE('',*,*,#15125,.T.);
#15320 = ORIENTED_EDGE('',*,*,#15226,.F.);
#15321 = ORIENTED_EDGE('',*,*,#15280,.F.);
#15322 = ORIENTED_EDGE('',*,*,#15176,.T.);
#15323 = ( GEOMETRIC_REPRESENTATION_CONTEXT(3) 
GLOBAL_UNCERTAINTY_ASSIGNED_CONTEXT((#15327)) 
GLOBAL_UNIT_ASSIGNED_CONTEXT((#15324,#15325,#15326)) 
REPRESENTATION_CONTEXT('Context #1',
  '3D Context with UNIT and UNCERTAINTY') );
#15324 = ( LENGTH_UNIT() NAMED_UNIT(*) SI_UNIT(.MILLI.,.METRE.) );
#15325 = ( NAMED_UNIT(*) PLANE_ANGLE_UNIT() SI_UNIT($,.RADIAN.) );
#15326 = ( NAMED_UNIT(*) SI_UNIT($,.STERADIAN.) SOLID_ANGLE_UNIT() );
#15327 = UNCERTAINTY_MEASURE_WITH_UNIT(LENGTH_MEASURE(1.E-07),#15324,
  'distance_accuracy_value','confusion accuracy');
#15328 = CONTEXT_DEPENDENT_SHAPE_REPRESENTATION(#15329,#15331);
#15329 = ( REPRESENTATION_RELATIONSHIP('','',#13340,#10) 
REPRESENTATION_RELATIONSHIP_WITH_TRANSFORMATION(#15330) 
SHAPE_REPRESENTATION_RELATIONSHIP() );
#15330 = ITEM_DEFINED_TRANSFORMATION('','',#11,#23);
#15331 = PRODUCT_DEFINITION_SHAPE('Placement','Placement of an item',
  #15332);
#15332 = NEXT_ASSEMBLY_USAGE_OCCURRENCE('3','optional_stand','',#5,
  #13335,$);
#15333 = PRODUCT_RELATED_PRODUCT_CATEGORY('part',$,(#13337));
#15334 = MECHANICAL_DESIGN_GEOMETRIC_PRESENTATION_REPRESENTATION('',(
    #15335),#13322);
#15335 = STYLED_ITEM('color',(#15336),#7680);
#15336 = PRESENTATION_STYLE_ASSIGNMENT((#15337));
#15337 = SURFACE_STYLE_USAGE(.BOTH.,#15338);
#15338 = SURFACE_SIDE_STYLE('',(#15339));
#15339 = SURFACE_STYLE_FILL_AREA(#15340);
#15340 = FILL_AREA_STYLE('',(#15341));
#15341 = FILL_AREA_STYLE_COLOUR('',#15342);
#15342 = COLOUR_RGB('',0.139999997847,0.149999997808,0.170000001676);
#15343 = MECHANICAL_DESIGN_GEOMETRIC_PRESENTATION_REPRESENTATION('',(
    #15344),#7661);
#15344 = STYLED_ITEM('color',(#15345),#41);
#15345 = PRESENTATION_STYLE_ASSIGNMENT((#15346));
#15346 = SURFACE_STYLE_USAGE(.BOTH.,#15347);
#15347 = SURFACE_SIDE_STYLE('',(#15348));
#15348 = SURFACE_STYLE_FILL_AREA(#15349);
#15349 = FILL_AREA_STYLE('',(#15350));
#15350 = FILL_AREA_STYLE_COLOUR('',#15351);
#15351 = COLOUR_RGB('',0.120000001395,0.130000001093,0.149999997808);
#15352 = MECHANICAL_DESIGN_GEOMETRIC_PRESENTATION_REPRESENTATION('',(
    #15353),#15323);
#15353 = STYLED_ITEM('color',(#15354),#13341);
#15354 = PRESENTATION_STYLE_ASSIGNMENT((#15355));
#15355 = SURFACE_STYLE_USAGE(.BOTH.,#15356);
#15356 = SURFACE_SIDE_STYLE('',(#15357));
#15357 = SURFACE_STYLE_FILL_AREA(#15358);
#15358 = FILL_AREA_STYLE('',(#15359));
#15359 = FILL_AREA_STYLE_COLOUR('',#15360);
#15360 = COLOUR_RGB('',0.190000001765,0.199999998682,0.230000002338);
ENDSEC;
END-ISO-10303-21;
